ISO-10303-21;
HEADER;
FILE_DESCRIPTION(('Open CASCADE Model'),'2;1');
FILE_NAME('Open CASCADE Shape Model','2026-10-05T18:22:49',('Author'),(
    'Open CASCADE'),'Open CASCADE STEP processor 7.9','Open CASCADE 7.9'
  ,'Unknown');
FILE_SCHEMA(('AUTOMOTIVE_DESIGN { 1 0 10303 214 1 1 1 1 }'));
ENDSEC;
DATA;
#1 = APPLICATION_PROTOCOL_DEFINITION('international standard',
  'automotive_design',2000,#2);
#2 = APPLICATION_CONTEXT(
  'core data for automotive mechanical design processes');
#3 = SHAPE_DEFINITION_REPRESENTATION(#4,#10);
#4 = PRODUCT_DEFINITION_SHAPE('','',#5);
#5 = PRODUCT_DEFINITION('design','',#6,#9);
#6 = PRODUCT_DEFINITION_FORMATION('','',#7);
#7 = PRODUCT('Open CASCADE STEP translator 7.9 2',
  'Open CASCADE STEP translator 7.9 2','',(#8));
#8 = PRODUCT_CONTEXT('',#2,'mechanical');
#9 = PRODUCT_DEFINITION_CONTEXT('part definition',#2,'design');
#10 = ADVANCED_BREP_SHAPE_REPRESENTATION('',(#11,#15),#16789);
#11 = AXIS2_PLACEMENT_3D('',#12,#13,#14);
#12 = CARTESIAN_POINT('',(0.,0.,0.));
#13 = DIRECTION('',(0.,0.,1.));
#14 = DIRECTION('',(1.,0.,-0.));
#15 = MANIFOLD_SOLID_BREP('',#16);
#16 = CLOSED_SHELL('',(#17,#342,#666,#714,#762,#814,#4213,#4263,#5181,
    #5228,#5275,#5300,#5327,#5354,#5434,#5461,#5510,#5604,#5715,#5743,
    #5798,#5853,#5881,#5908,#5935,#5942,#6016,#6063,#6110,#6135,#6204,
    #6251,#6298,#6323,#6392,#6439,#6486,#6511,#6580,#6627,#6674,#6699,
    #6768,#6815,#6862,#6887,#6956,#7003,#7050,#7075,#7129,#7201,#7247,
    #7293,#7325,#7379,#7451,#7497,#7543,#7575,#7647,#7693,#7739,#7771,
    #7843,#7889,#7935,#7967,#8039,#8085,#8131,#8163,#8235,#8281,#8327,
    #8359,#8431,#8477,#8523,#8555,#8627,#8673,#8719,#8751,#8823,#8869,
    #8915,#8943,#9015,#9061,#9107,#9135,#9207,#9253,#9299,#9327,#9399,
    #9445,#9491,#9523,#9591,#9637,#9683,#9715,#9783,#9829,#9875,#9907,
    #9962,#10017,#10072,#10127,#10182,#10251,#10298,#10345,#10370,#10424
    ,#10492,#10538,#10584,#10616,#10682,#10734,#10786,#10812,#10866,
    #10921,#10976,#11031,#11086,#11141,#11631,#11677,#11725,#11771,
    #11819,#11865,#12327,#13122,#13192,#13240,#13289,#13316,#13371,
    #13649,#13697,#13745,#13944,#14018,#14065,#14110,#14138,#14193,
    #14248,#14303,#14310,#14317,#14321,#14325,#14832,#14925,#14929,
    #14981,#15120,#15213,#15217,#15269,#15362,#15455,#15594,#15622,
    #15630,#15635,#15663,#15671,#15676,#15704,#15736,#15742,#15770,
    #15777,#15783,#15811,#15818,#15824,#15852,#15884,#15890,#15895,
    #15923,#15931,#15936,#15964,#15972,#15977,#15982,#15989,#15993,
    #16021,#16049,#16077,#16109,#16137,#16165,#16193,#16225,#16232,
    #16239,#16243,#16247,#16251,#16306,#16356,#16411,#16466,#16516,
    #16571,#16578,#16585,#16589,#16628,#16632,#16671,#16726,#16781,
    #16785));
#17 = ADVANCED_FACE('',(#18),#32,.F.);
#18 = FACE_BOUND('',#19,.F.);
#19 = EDGE_LOOP('',(#20,#55,#83,#110,#136,#162,#188,#210,#238,#266,#292,
    #318));
#20 = ORIENTED_EDGE('',*,*,#21,.F.);
#21 = EDGE_CURVE('',#22,#24,#26,.T.);
#22 = VERTEX_POINT('',#23);
#23 = CARTESIAN_POINT('',(-93.,3.,38.2));
#24 = VERTEX_POINT('',#25);
#25 = CARTESIAN_POINT('',(-93.,33.464547187247,38.2));
#26 = SURFACE_CURVE('',#27,(#31,#43),.PCURVE_S1.);
#27 = LINE('',#28,#29);
#28 = CARTESIAN_POINT('',(-93.,0.,38.2));
#29 = VECTOR('',#30,1.);
#30 = DIRECTION('',(0.,1.,0.));
#31 = PCURVE('',#32,#37);
#32 = PLANE('',#33);
#33 = AXIS2_PLACEMENT_3D('',#34,#35,#36);
#34 = CARTESIAN_POINT('',(-93.,0.,0.));
#35 = DIRECTION('',(1.,0.,0.));
#36 = DIRECTION('',(0.,0.,1.));
#37 = DEFINITIONAL_REPRESENTATION('',(#38),#42);
#38 = LINE('',#39,#40);
#39 = CARTESIAN_POINT('',(38.2,0.));
#40 = VECTOR('',#41,1.);
#41 = DIRECTION('',(0.,-1.));
#42 = ( GEOMETRIC_REPRESENTATION_CONTEXT(2) 
PARAMETRIC_REPRESENTATION_CONTEXT() REPRESENTATION_CONTEXT('2D SPACE',''
  ) );
#43 = PCURVE('',#44,#49);
#44 = PLANE('',#45);
#45 = AXIS2_PLACEMENT_3D('',#46,#47,#48);
#46 = CARTESIAN_POINT('',(-93.,0.,38.2));
#47 = DIRECTION('',(0.,0.,1.));
#48 = DIRECTION('',(1.,0.,0.));
#49 = DEFINITIONAL_REPRESENTATION('',(#50),#54);
#50 = LINE('',#51,#52);
#51 = CARTESIAN_POINT('',(0.,0.));
#52 = VECTOR('',#53,1.);
#53 = DIRECTION('',(0.,1.));
#54 = ( GEOMETRIC_REPRESENTATION_CONTEXT(2) 
PARAMETRIC_REPRESENTATION_CONTEXT() REPRESENTATION_CONTEXT('2D SPACE',''
  ) );
#55 = ORIENTED_EDGE('',*,*,#56,.F.);
#56 = EDGE_CURVE('',#57,#22,#59,.T.);
#57 = VERTEX_POINT('',#58);
#58 = CARTESIAN_POINT('',(-93.,3.,22.5));
#59 = SURFACE_CURVE('',#60,(#64,#71),.PCURVE_S1.);
#60 = LINE('',#61,#62);
#61 = CARTESIAN_POINT('',(-93.,3.,0.));
#62 = VECTOR('',#63,1.);
#63 = DIRECTION('',(0.,0.,1.));
#64 = PCURVE('',#32,#65);
#65 = DEFINITIONAL_REPRESENTATION('',(#66),#70);
#66 = LINE('',#67,#68);
#67 = CARTESIAN_POINT('',(0.,-3.));
#68 = VECTOR('',#69,1.);
#69 = DIRECTION('',(1.,0.));
#70 = ( GEOMETRIC_REPRESENTATION_CONTEXT(2) 
PARAMETRIC_REPRESENTATION_CONTEXT() REPRESENTATION_CONTEXT('2D SPACE',''
  ) );
#71 = PCURVE('',#72,#77);
#72 = CYLINDRICAL_SURFACE('',#73,3.);
#73 = AXIS2_PLACEMENT_3D('',#74,#75,#76);
#74 = CARTESIAN_POINT('',(-90.,3.,0.));
#75 = DIRECTION('',(0.,0.,1.));
#76 = DIRECTION('',(-1.,-0.,0.));
#77 = DEFINITIONAL_REPRESENTATION('',(#78),#82);
#78 = LINE('',#79,#80);
#79 = CARTESIAN_POINT('',(0.,0.));
#80 = VECTOR('',#81,1.);
#81 = DIRECTION('',(0.,1.));
#82 = ( GEOMETRIC_REPRESENTATION_CONTEXT(2) 
PARAMETRIC_REPRESENTATION_CONTEXT() REPRESENTATION_CONTEXT('2D SPACE',''
  ) );
#83 = ORIENTED_EDGE('',*,*,#84,.F.);
#84 = EDGE_CURVE('',#85,#57,#87,.T.);
#85 = VERTEX_POINT('',#86);
#86 = CARTESIAN_POINT('',(-93.,79.1,22.5));
#87 = SURFACE_CURVE('',#88,(#92,#98),.PCURVE_S1.);
#88 = LINE('',#89,#90);
#89 = CARTESIAN_POINT('',(-93.,-0.5,22.5));
#90 = VECTOR('',#91,1.);
#91 = DIRECTION('',(0.,-1.,0.));
#92 = PCURVE('',#32,#93);
#93 = DEFINITIONAL_REPRESENTATION('',(#94),#97);
#94 = B_SPLINE_CURVE_WITH_KNOTS('',1,(#95,#96),.UNSPECIFIED.,.F.,.F.,(2,
    2),(-151.5,-3.5),.PIECEWISE_BEZIER_KNOTS.);
#95 = CARTESIAN_POINT('',(22.5,-151.));
#96 = CARTESIAN_POINT('',(22.5,-3.));
#97 = ( GEOMETRIC_REPRESENTATION_CONTEXT(2) 
PARAMETRIC_REPRESENTATION_CONTEXT() REPRESENTATION_CONTEXT('2D SPACE',''
  ) );
#98 = PCURVE('',#99,#104);
#99 = PLANE('',#100);
#100 = AXIS2_PLACEMENT_3D('',#101,#102,#103);
#101 = CARTESIAN_POINT('',(-186.,-1.,22.5));
#102 = DIRECTION('',(0.,0.,1.));
#103 = DIRECTION('',(1.,0.,0.));
#104 = DEFINITIONAL_REPRESENTATION('',(#105),#109);
#105 = LINE('',#106,#107);
#106 = CARTESIAN_POINT('',(93.,0.5));
#107 = VECTOR('',#108,1.);
#108 = DIRECTION('',(0.,-1.));
#109 = ( GEOMETRIC_REPRESENTATION_CONTEXT(2) 
PARAMETRIC_REPRESENTATION_CONTEXT() REPRESENTATION_CONTEXT('2D SPACE',''
  ) );
#110 = ORIENTED_EDGE('',*,*,#111,.T.);
#111 = EDGE_CURVE('',#85,#112,#114,.T.);
#112 = VERTEX_POINT('',#113);
#113 = CARTESIAN_POINT('',(-93.,79.1,31.1));
#114 = SURFACE_CURVE('',#115,(#119,#125),.PCURVE_S1.);
#115 = LINE('',#116,#117);
#116 = CARTESIAN_POINT('',(-93.,79.1,3.5));
#117 = VECTOR('',#118,1.);
#118 = DIRECTION('',(0.,0.,1.));
#119 = PCURVE('',#32,#120);
#120 = DEFINITIONAL_REPRESENTATION('',(#121),#124);
#121 = B_SPLINE_CURVE_WITH_KNOTS('',1,(#122,#123),.UNSPECIFIED.,.F.,.F.,
  (2,2),(19.,27.6),.PIECEWISE_BEZIER_KNOTS.);
#122 = CARTESIAN_POINT('',(22.5,-79.1));
#123 = CARTESIAN_POINT('',(31.1,-79.1));
#124 = ( GEOMETRIC_REPRESENTATION_CONTEXT(2) 
PARAMETRIC_REPRESENTATION_CONTEXT() REPRESENTATION_CONTEXT('2D SPACE',''
  ) );
#125 = PCURVE('',#126,#131);
#126 = PLANE('',#127);
#127 = AXIS2_PLACEMENT_3D('',#128,#129,#130);
#128 = CARTESIAN_POINT('',(-94.,79.1,7.));
#129 = DIRECTION('',(0.,1.,0.));
#130 = DIRECTION('',(0.,0.,1.));
#131 = DEFINITIONAL_REPRESENTATION('',(#132),#135);
#132 = B_SPLINE_CURVE_WITH_KNOTS('',1,(#133,#134),.UNSPECIFIED.,.F.,.F.,
  (2,2),(19.,27.6),.PIECEWISE_BEZIER_KNOTS.);
#133 = CARTESIAN_POINT('',(15.5,1.));
#134 = CARTESIAN_POINT('',(24.1,1.));
#135 = ( GEOMETRIC_REPRESENTATION_CONTEXT(2) 
PARAMETRIC_REPRESENTATION_CONTEXT() REPRESENTATION_CONTEXT('2D SPACE',''
  ) );
#136 = ORIENTED_EDGE('',*,*,#137,.F.);
#137 = EDGE_CURVE('',#138,#112,#140,.T.);
#138 = VERTEX_POINT('',#139);
#139 = CARTESIAN_POINT('',(-93.,134.8,31.1));
#140 = SURFACE_CURVE('',#141,(#145,#151),.PCURVE_S1.);
#141 = LINE('',#142,#143);
#142 = CARTESIAN_POINT('',(-93.,39.55,31.1));
#143 = VECTOR('',#144,1.);
#144 = DIRECTION('',(0.,-1.,0.));
#145 = PCURVE('',#32,#146);
#146 = DEFINITIONAL_REPRESENTATION('',(#147),#150);
#147 = B_SPLINE_CURVE_WITH_KNOTS('',1,(#148,#149),.UNSPECIFIED.,.F.,.F.,
  (2,2),(-95.25,-39.55),.PIECEWISE_BEZIER_KNOTS.);
#148 = CARTESIAN_POINT('',(31.1,-134.8));
#149 = CARTESIAN_POINT('',(31.1,-79.1));
#150 = ( GEOMETRIC_REPRESENTATION_CONTEXT(2) 
PARAMETRIC_REPRESENTATION_CONTEXT() REPRESENTATION_CONTEXT('2D SPACE',''
  ) );
#151 = PCURVE('',#152,#157);
#152 = PLANE('',#153);
#153 = AXIS2_PLACEMENT_3D('',#154,#155,#156);
#154 = CARTESIAN_POINT('',(-94.,79.1,31.1));
#155 = DIRECTION('',(0.,0.,1.));
#156 = DIRECTION('',(1.,0.,0.));
#157 = DEFINITIONAL_REPRESENTATION('',(#158),#161);
#158 = B_SPLINE_CURVE_WITH_KNOTS('',1,(#159,#160),.UNSPECIFIED.,.F.,.F.,
  (2,2),(-95.25,-39.55),.PIECEWISE_BEZIER_KNOTS.);
#159 = CARTESIAN_POINT('',(1.,55.7));
#160 = CARTESIAN_POINT('',(1.,0.));
#161 = ( GEOMETRIC_REPRESENTATION_CONTEXT(2) 
PARAMETRIC_REPRESENTATION_CONTEXT() REPRESENTATION_CONTEXT('2D SPACE',''
  ) );
#162 = ORIENTED_EDGE('',*,*,#163,.F.);
#163 = EDGE_CURVE('',#164,#138,#166,.T.);
#164 = VERTEX_POINT('',#165);
#165 = CARTESIAN_POINT('',(-93.,134.8,22.5));
#166 = SURFACE_CURVE('',#167,(#171,#177),.PCURVE_S1.);
#167 = LINE('',#168,#169);
#168 = CARTESIAN_POINT('',(-93.,134.8,3.5));
#169 = VECTOR('',#170,1.);
#170 = DIRECTION('',(0.,0.,1.));
#171 = PCURVE('',#32,#172);
#172 = DEFINITIONAL_REPRESENTATION('',(#173),#176);
#173 = B_SPLINE_CURVE_WITH_KNOTS('',1,(#174,#175),.UNSPECIFIED.,.F.,.F.,
  (2,2),(19.,27.6),.PIECEWISE_BEZIER_KNOTS.);
#174 = CARTESIAN_POINT('',(22.5,-134.8));
#175 = CARTESIAN_POINT('',(31.1,-134.8));
#176 = ( GEOMETRIC_REPRESENTATION_CONTEXT(2) 
PARAMETRIC_REPRESENTATION_CONTEXT() REPRESENTATION_CONTEXT('2D SPACE',''
  ) );
#177 = PCURVE('',#178,#183);
#178 = PLANE('',#179);
#179 = AXIS2_PLACEMENT_3D('',#180,#181,#182);
#180 = CARTESIAN_POINT('',(-94.,134.8,7.));
#181 = DIRECTION('',(0.,1.,0.));
#182 = DIRECTION('',(0.,0.,1.));
#183 = DEFINITIONAL_REPRESENTATION('',(#184),#187);
#184 = B_SPLINE_CURVE_WITH_KNOTS('',1,(#185,#186),.UNSPECIFIED.,.F.,.F.,
  (2,2),(19.,27.6),.PIECEWISE_BEZIER_KNOTS.);
#185 = CARTESIAN_POINT('',(15.5,1.));
#186 = CARTESIAN_POINT('',(24.1,1.));
#187 = ( GEOMETRIC_REPRESENTATION_CONTEXT(2) 
PARAMETRIC_REPRESENTATION_CONTEXT() REPRESENTATION_CONTEXT('2D SPACE',''
  ) );
#188 = ORIENTED_EDGE('',*,*,#189,.F.);
#189 = EDGE_CURVE('',#190,#164,#192,.T.);
#190 = VERTEX_POINT('',#191);
#191 = CARTESIAN_POINT('',(-93.,151.,22.5));
#192 = SURFACE_CURVE('',#193,(#197,#203),.PCURVE_S1.);
#193 = LINE('',#194,#195);
#194 = CARTESIAN_POINT('',(-93.,-0.5,22.5));
#195 = VECTOR('',#196,1.);
#196 = DIRECTION('',(0.,-1.,0.));
#197 = PCURVE('',#32,#198);
#198 = DEFINITIONAL_REPRESENTATION('',(#199),#202);
#199 = B_SPLINE_CURVE_WITH_KNOTS('',1,(#200,#201),.UNSPECIFIED.,.F.,.F.,
  (2,2),(-151.5,-3.5),.PIECEWISE_BEZIER_KNOTS.);
#200 = CARTESIAN_POINT('',(22.5,-151.));
#201 = CARTESIAN_POINT('',(22.5,-3.));
#202 = ( GEOMETRIC_REPRESENTATION_CONTEXT(2) 
PARAMETRIC_REPRESENTATION_CONTEXT() REPRESENTATION_CONTEXT('2D SPACE',''
  ) );
#203 = PCURVE('',#99,#204);
#204 = DEFINITIONAL_REPRESENTATION('',(#205),#209);
#205 = LINE('',#206,#207);
#206 = CARTESIAN_POINT('',(93.,0.5));
#207 = VECTOR('',#208,1.);
#208 = DIRECTION('',(0.,-1.));
#209 = ( GEOMETRIC_REPRESENTATION_CONTEXT(2) 
PARAMETRIC_REPRESENTATION_CONTEXT() REPRESENTATION_CONTEXT('2D SPACE',''
  ) );
#210 = ORIENTED_EDGE('',*,*,#211,.T.);
#211 = EDGE_CURVE('',#190,#212,#214,.T.);
#212 = VERTEX_POINT('',#213);
#213 = CARTESIAN_POINT('',(-93.,151.,38.2));
#214 = SURFACE_CURVE('',#215,(#219,#226),.PCURVE_S1.);
#215 = LINE('',#216,#217);
#216 = CARTESIAN_POINT('',(-93.,151.,0.));
#217 = VECTOR('',#218,1.);
#218 = DIRECTION('',(0.,0.,1.));
#219 = PCURVE('',#32,#220);
#220 = DEFINITIONAL_REPRESENTATION('',(#221),#225);
#221 = LINE('',#222,#223);
#222 = CARTESIAN_POINT('',(0.,-151.));
#223 = VECTOR('',#224,1.);
#224 = DIRECTION('',(1.,0.));
#225 = ( GEOMETRIC_REPRESENTATION_CONTEXT(2) 
PARAMETRIC_REPRESENTATION_CONTEXT() REPRESENTATION_CONTEXT('2D SPACE',''
  ) );
#226 = PCURVE('',#227,#232);
#227 = CYLINDRICAL_SURFACE('',#228,3.);
#228 = AXIS2_PLACEMENT_3D('',#229,#230,#231);
#229 = CARTESIAN_POINT('',(-90.,151.,0.));
#230 = DIRECTION('',(0.,0.,1.));
#231 = DIRECTION('',(-1.,-0.,0.));
#232 = DEFINITIONAL_REPRESENTATION('',(#233),#237);
#233 = LINE('',#234,#235);
#234 = CARTESIAN_POINT('',(-0.,0.));
#235 = VECTOR('',#236,1.);
#236 = DIRECTION('',(-0.,1.));
#237 = ( GEOMETRIC_REPRESENTATION_CONTEXT(2) 
PARAMETRIC_REPRESENTATION_CONTEXT() REPRESENTATION_CONTEXT('2D SPACE',''
  ) );
#238 = ORIENTED_EDGE('',*,*,#239,.F.);
#239 = EDGE_CURVE('',#240,#212,#242,.T.);
#240 = VERTEX_POINT('',#241);
#241 = CARTESIAN_POINT('',(-93.,50.635452812753,38.2));
#242 = SURFACE_CURVE('',#243,(#247,#254),.PCURVE_S1.);
#243 = LINE('',#244,#245);
#244 = CARTESIAN_POINT('',(-93.,0.,38.2));
#245 = VECTOR('',#246,1.);
#246 = DIRECTION('',(0.,1.,0.));
#247 = PCURVE('',#32,#248);
#248 = DEFINITIONAL_REPRESENTATION('',(#249),#253);
#249 = LINE('',#250,#251);
#250 = CARTESIAN_POINT('',(38.2,0.));
#251 = VECTOR('',#252,1.);
#252 = DIRECTION('',(0.,-1.));
#253 = ( GEOMETRIC_REPRESENTATION_CONTEXT(2) 
PARAMETRIC_REPRESENTATION_CONTEXT() REPRESENTATION_CONTEXT('2D SPACE',''
  ) );
#254 = PCURVE('',#255,#260);
#255 = PLANE('',#256);
#256 = AXIS2_PLACEMENT_3D('',#257,#258,#259);
#257 = CARTESIAN_POINT('',(-93.,0.,38.2));
#258 = DIRECTION('',(0.,0.,1.));
#259 = DIRECTION('',(1.,0.,0.));
#260 = DEFINITIONAL_REPRESENTATION('',(#261),#265);
#261 = LINE('',#262,#263);
#262 = CARTESIAN_POINT('',(0.,0.));
#263 = VECTOR('',#264,1.);
#264 = DIRECTION('',(0.,1.));
#265 = ( GEOMETRIC_REPRESENTATION_CONTEXT(2) 
PARAMETRIC_REPRESENTATION_CONTEXT() REPRESENTATION_CONTEXT('2D SPACE',''
  ) );
#266 = ORIENTED_EDGE('',*,*,#267,.T.);
#267 = EDGE_CURVE('',#240,#268,#270,.T.);
#268 = VERTEX_POINT('',#269);
#269 = CARTESIAN_POINT('',(-93.,50.635452812753,28.));
#270 = SURFACE_CURVE('',#271,(#275,#281),.PCURVE_S1.);
#271 = LINE('',#272,#273);
#272 = CARTESIAN_POINT('',(-93.,50.635452812753,28.));
#273 = VECTOR('',#274,1.);
#274 = DIRECTION('',(-0.,-0.,-1.));
#275 = PCURVE('',#32,#276);
#276 = DEFINITIONAL_REPRESENTATION('',(#277),#280);
#277 = B_SPLINE_CURVE_WITH_KNOTS('',1,(#278,#279),.UNSPECIFIED.,.F.,.F.,
  (2,2),(-11.2000006,5.999999999062E-07),.PIECEWISE_BEZIER_KNOTS.);
#278 = CARTESIAN_POINT('',(39.2000006,-50.63545281275));
#279 = CARTESIAN_POINT('',(27.9999994,-50.63545281275));
#280 = ( GEOMETRIC_REPRESENTATION_CONTEXT(2) 
PARAMETRIC_REPRESENTATION_CONTEXT() REPRESENTATION_CONTEXT('2D SPACE',''
  ) );
#281 = PCURVE('',#282,#287);
#282 = CYLINDRICAL_SURFACE('',#283,9.);
#283 = AXIS2_PLACEMENT_3D('',#284,#285,#286);
#284 = CARTESIAN_POINT('',(-90.3,42.05,28.));
#285 = DIRECTION('',(-0.,-0.,-1.));
#286 = DIRECTION('',(1.,0.,0.));
#287 = DEFINITIONAL_REPRESENTATION('',(#288),#291);
#288 = B_SPLINE_CURVE_WITH_KNOTS('',1,(#289,#290),.UNSPECIFIED.,.F.,.F.,
  (2,2),(-11.2000006,5.999999999062E-07),.PIECEWISE_BEZIER_KNOTS.);
#289 = CARTESIAN_POINT('',(-1.87548898081,-11.2000006));
#290 = CARTESIAN_POINT('',(-1.87548898081,5.999999999062E-07));
#291 = ( GEOMETRIC_REPRESENTATION_CONTEXT(2) 
PARAMETRIC_REPRESENTATION_CONTEXT() REPRESENTATION_CONTEXT('2D SPACE',''
  ) );
#292 = ORIENTED_EDGE('',*,*,#293,.T.);
#293 = EDGE_CURVE('',#268,#294,#296,.T.);
#294 = VERTEX_POINT('',#295);
#295 = CARTESIAN_POINT('',(-93.,33.464547187247,28.));
#296 = SURFACE_CURVE('',#297,(#301,#307),.PCURVE_S1.);
#297 = LINE('',#298,#299);
#298 = CARTESIAN_POINT('',(-93.,21.025,28.));
#299 = VECTOR('',#300,1.);
#300 = DIRECTION('',(0.,-1.,0.));
#301 = PCURVE('',#32,#302);
#302 = DEFINITIONAL_REPRESENTATION('',(#303),#306);
#303 = B_SPLINE_CURVE_WITH_KNOTS('',1,(#304,#305),.UNSPECIFIED.,.F.,.F.,
  (2,2),(-30.025,-12.025),.PIECEWISE_BEZIER_KNOTS.);
#304 = CARTESIAN_POINT('',(28.,-51.05));
#305 = CARTESIAN_POINT('',(28.,-33.05));
#306 = ( GEOMETRIC_REPRESENTATION_CONTEXT(2) 
PARAMETRIC_REPRESENTATION_CONTEXT() REPRESENTATION_CONTEXT('2D SPACE',''
  ) );
#307 = PCURVE('',#308,#313);
#308 = PLANE('',#309);
#309 = AXIS2_PLACEMENT_3D('',#310,#311,#312);
#310 = CARTESIAN_POINT('',(-90.3,42.05,28.));
#311 = DIRECTION('',(0.,0.,1.));
#312 = DIRECTION('',(1.,0.,-0.));
#313 = DEFINITIONAL_REPRESENTATION('',(#314),#317);
#314 = B_SPLINE_CURVE_WITH_KNOTS('',1,(#315,#316),.UNSPECIFIED.,.F.,.F.,
  (2,2),(-30.025,-12.025),.PIECEWISE_BEZIER_KNOTS.);
#315 = CARTESIAN_POINT('',(-2.7,9.));
#316 = CARTESIAN_POINT('',(-2.7,-9.));
#317 = ( GEOMETRIC_REPRESENTATION_CONTEXT(2) 
PARAMETRIC_REPRESENTATION_CONTEXT() REPRESENTATION_CONTEXT('2D SPACE',''
  ) );
#318 = ORIENTED_EDGE('',*,*,#319,.F.);
#319 = EDGE_CURVE('',#24,#294,#320,.T.);
#320 = SURFACE_CURVE('',#321,(#325,#331),.PCURVE_S1.);
#321 = LINE('',#322,#323);
#322 = CARTESIAN_POINT('',(-93.,33.464547187247,28.));
#323 = VECTOR('',#324,1.);
#324 = DIRECTION('',(-0.,-0.,-1.));
#325 = PCURVE('',#32,#326);
#326 = DEFINITIONAL_REPRESENTATION('',(#327),#330);
#327 = B_SPLINE_CURVE_WITH_KNOTS('',1,(#328,#329),.UNSPECIFIED.,.F.,.F.,
  (2,2),(-11.2000006,5.999999999062E-07),.PIECEWISE_BEZIER_KNOTS.);
#328 = CARTESIAN_POINT('',(39.2000006,-33.46454718724));
#329 = CARTESIAN_POINT('',(27.9999994,-33.46454718724));
#330 = ( GEOMETRIC_REPRESENTATION_CONTEXT(2) 
PARAMETRIC_REPRESENTATION_CONTEXT() REPRESENTATION_CONTEXT('2D SPACE',''
  ) );
#331 = PCURVE('',#332,#337);
#332 = CYLINDRICAL_SURFACE('',#333,9.);
#333 = AXIS2_PLACEMENT_3D('',#334,#335,#336);
#334 = CARTESIAN_POINT('',(-90.3,42.05,28.));
#335 = DIRECTION('',(-0.,-0.,-1.));
#336 = DIRECTION('',(1.,0.,0.));
#337 = DEFINITIONAL_REPRESENTATION('',(#338),#341);
#338 = B_SPLINE_CURVE_WITH_KNOTS('',1,(#339,#340),.UNSPECIFIED.,.F.,.F.,
  (2,2),(-11.2000006,5.999999999062E-07),.PIECEWISE_BEZIER_KNOTS.);
#339 = CARTESIAN_POINT('',(-4.407696326369,-11.2000006));
#340 = CARTESIAN_POINT('',(-4.407696326369,5.999999999062E-07));
#341 = ( GEOMETRIC_REPRESENTATION_CONTEXT(2) 
PARAMETRIC_REPRESENTATION_CONTEXT() REPRESENTATION_CONTEXT('2D SPACE',''
  ) );
#342 = ADVANCED_FACE('',(#343,#596,#631),#44,.T.);
#343 = FACE_BOUND('',#344,.T.);
#344 = EDGE_LOOP('',(#345,#346,#370,#398,#431,#459,#492,#518,#544,#570)
  );
#345 = ORIENTED_EDGE('',*,*,#21,.F.);
#346 = ORIENTED_EDGE('',*,*,#347,.T.);
#347 = EDGE_CURVE('',#22,#348,#350,.T.);
#348 = VERTEX_POINT('',#349);
#349 = CARTESIAN_POINT('',(-90.,-4.440892098501E-16,38.2));
#350 = SURFACE_CURVE('',#351,(#356,#363),.PCURVE_S1.);
#351 = CIRCLE('',#352,3.);
#352 = AXIS2_PLACEMENT_3D('',#353,#354,#355);
#353 = CARTESIAN_POINT('',(-90.,3.,38.2));
#354 = DIRECTION('',(0.,0.,1.));
#355 = DIRECTION('',(0.,-1.,0.));
#356 = PCURVE('',#44,#357);
#357 = DEFINITIONAL_REPRESENTATION('',(#358),#362);
#358 = CIRCLE('',#359,3.);
#359 = AXIS2_PLACEMENT_2D('',#360,#361);
#360 = CARTESIAN_POINT('',(3.,3.));
#361 = DIRECTION('',(0.,-1.));
#362 = ( GEOMETRIC_REPRESENTATION_CONTEXT(2) 
PARAMETRIC_REPRESENTATION_CONTEXT() REPRESENTATION_CONTEXT('2D SPACE',''
  ) );
#363 = PCURVE('',#72,#364);
#364 = DEFINITIONAL_REPRESENTATION('',(#365),#369);
#365 = LINE('',#366,#367);
#366 = CARTESIAN_POINT('',(-4.712388980385,38.2));
#367 = VECTOR('',#368,1.);
#368 = DIRECTION('',(1.,0.));
#369 = ( GEOMETRIC_REPRESENTATION_CONTEXT(2) 
PARAMETRIC_REPRESENTATION_CONTEXT() REPRESENTATION_CONTEXT('2D SPACE',''
  ) );
#370 = ORIENTED_EDGE('',*,*,#371,.T.);
#371 = EDGE_CURVE('',#348,#372,#374,.T.);
#372 = VERTEX_POINT('',#373);
#373 = CARTESIAN_POINT('',(90.,-4.440892098501E-16,38.2));
#374 = SURFACE_CURVE('',#375,(#379,#386),.PCURVE_S1.);
#375 = LINE('',#376,#377);
#376 = CARTESIAN_POINT('',(-93.,0.,38.2));
#377 = VECTOR('',#378,1.);
#378 = DIRECTION('',(1.,0.,0.));
#379 = PCURVE('',#44,#380);
#380 = DEFINITIONAL_REPRESENTATION('',(#381),#385);
#381 = LINE('',#382,#383);
#382 = CARTESIAN_POINT('',(0.,0.));
#383 = VECTOR('',#384,1.);
#384 = DIRECTION('',(1.,0.));
#385 = ( GEOMETRIC_REPRESENTATION_CONTEXT(2) 
PARAMETRIC_REPRESENTATION_CONTEXT() REPRESENTATION_CONTEXT('2D SPACE',''
  ) );
#386 = PCURVE('',#387,#392);
#387 = PLANE('',#388);
#388 = AXIS2_PLACEMENT_3D('',#389,#390,#391);
#389 = CARTESIAN_POINT('',(-93.,0.,0.));
#390 = DIRECTION('',(0.,1.,0.));
#391 = DIRECTION('',(0.,0.,1.));
#392 = DEFINITIONAL_REPRESENTATION('',(#393),#397);
#393 = LINE('',#394,#395);
#394 = CARTESIAN_POINT('',(38.2,0.));
#395 = VECTOR('',#396,1.);
#396 = DIRECTION('',(0.,1.));
#397 = ( GEOMETRIC_REPRESENTATION_CONTEXT(2) 
PARAMETRIC_REPRESENTATION_CONTEXT() REPRESENTATION_CONTEXT('2D SPACE',''
  ) );
#398 = ORIENTED_EDGE('',*,*,#399,.F.);
#399 = EDGE_CURVE('',#400,#372,#402,.T.);
#400 = VERTEX_POINT('',#401);
#401 = CARTESIAN_POINT('',(93.,3.,38.2));
#402 = SURFACE_CURVE('',#403,(#408,#419),.PCURVE_S1.);
#403 = CIRCLE('',#404,3.);
#404 = AXIS2_PLACEMENT_3D('',#405,#406,#407);
#405 = CARTESIAN_POINT('',(90.,3.,38.2));
#406 = DIRECTION('',(-0.,-0.,-1.));
#407 = DIRECTION('',(0.,-1.,0.));
#408 = PCURVE('',#44,#409);
#409 = DEFINITIONAL_REPRESENTATION('',(#410),#418);
#410 = ( BOUNDED_CURVE() B_SPLINE_CURVE(2,(#411,#412,#413,#414,#415,#416
,#417),.UNSPECIFIED.,.T.,.F.) B_SPLINE_CURVE_WITH_KNOTS((1,2,2,2,2,1),(
    -2.094395102393,0.,2.094395102393,4.188790204786,6.28318530718,
8.377580409573),.UNSPECIFIED.) CURVE() GEOMETRIC_REPRESENTATION_ITEM() 
RATIONAL_B_SPLINE_CURVE((1.,0.5,1.,0.5,1.,0.5,1.)) REPRESENTATION_ITEM(
  '') );
#411 = CARTESIAN_POINT('',(183.,-4.440892098501E-16));
#412 = CARTESIAN_POINT('',(177.80384757729,-4.440892098501E-16));
#413 = CARTESIAN_POINT('',(180.40192378864,4.5));
#414 = CARTESIAN_POINT('',(183.,9.));
#415 = CARTESIAN_POINT('',(185.59807621135,4.5));
#416 = CARTESIAN_POINT('',(188.1961524227,3.996802888651E-15));
#417 = CARTESIAN_POINT('',(183.,-4.440892098501E-16));
#418 = ( GEOMETRIC_REPRESENTATION_CONTEXT(2) 
PARAMETRIC_REPRESENTATION_CONTEXT() REPRESENTATION_CONTEXT('2D SPACE',''
  ) );
#419 = PCURVE('',#420,#425);
#420 = CYLINDRICAL_SURFACE('',#421,3.);
#421 = AXIS2_PLACEMENT_3D('',#422,#423,#424);
#422 = CARTESIAN_POINT('',(90.,3.,0.));
#423 = DIRECTION('',(0.,0.,1.));
#424 = DIRECTION('',(1.,0.,-0.));
#425 = DEFINITIONAL_REPRESENTATION('',(#426),#430);
#426 = LINE('',#427,#428);
#427 = CARTESIAN_POINT('',(4.712388980385,38.2));
#428 = VECTOR('',#429,1.);
#429 = DIRECTION('',(-1.,0.));
#430 = ( GEOMETRIC_REPRESENTATION_CONTEXT(2) 
PARAMETRIC_REPRESENTATION_CONTEXT() REPRESENTATION_CONTEXT('2D SPACE',''
  ) );
#431 = ORIENTED_EDGE('',*,*,#432,.T.);
#432 = EDGE_CURVE('',#400,#433,#435,.T.);
#433 = VERTEX_POINT('',#434);
#434 = CARTESIAN_POINT('',(93.,33.464547187247,38.2));
#435 = SURFACE_CURVE('',#436,(#440,#447),.PCURVE_S1.);
#436 = LINE('',#437,#438);
#437 = CARTESIAN_POINT('',(93.,0.,38.2));
#438 = VECTOR('',#439,1.);
#439 = DIRECTION('',(0.,1.,0.));
#440 = PCURVE('',#44,#441);
#441 = DEFINITIONAL_REPRESENTATION('',(#442),#446);
#442 = LINE('',#443,#444);
#443 = CARTESIAN_POINT('',(186.,0.));
#444 = VECTOR('',#445,1.);
#445 = DIRECTION('',(0.,1.));
#446 = ( GEOMETRIC_REPRESENTATION_CONTEXT(2) 
PARAMETRIC_REPRESENTATION_CONTEXT() REPRESENTATION_CONTEXT('2D SPACE',''
  ) );
#447 = PCURVE('',#448,#453);
#448 = PLANE('',#449);
#449 = AXIS2_PLACEMENT_3D('',#450,#451,#452);
#450 = CARTESIAN_POINT('',(93.,0.,0.));
#451 = DIRECTION('',(1.,0.,0.));
#452 = DIRECTION('',(0.,0.,1.));
#453 = DEFINITIONAL_REPRESENTATION('',(#454),#458);
#454 = LINE('',#455,#456);
#455 = CARTESIAN_POINT('',(38.2,0.));
#456 = VECTOR('',#457,1.);
#457 = DIRECTION('',(0.,-1.));
#458 = ( GEOMETRIC_REPRESENTATION_CONTEXT(2) 
PARAMETRIC_REPRESENTATION_CONTEXT() REPRESENTATION_CONTEXT('2D SPACE',''
  ) );
#459 = ORIENTED_EDGE('',*,*,#460,.T.);
#460 = EDGE_CURVE('',#433,#461,#463,.T.);
#461 = VERTEX_POINT('',#462);
#462 = CARTESIAN_POINT('',(90.3,33.05,38.2));
#463 = SURFACE_CURVE('',#464,(#469,#480),.PCURVE_S1.);
#464 = CIRCLE('',#465,9.);
#465 = AXIS2_PLACEMENT_3D('',#466,#467,#468);
#466 = CARTESIAN_POINT('',(90.3,42.05,38.2));
#467 = DIRECTION('',(0.,0.,-1.));
#468 = DIRECTION('',(1.,0.,0.));
#469 = PCURVE('',#44,#470);
#470 = DEFINITIONAL_REPRESENTATION('',(#471),#479);
#471 = ( BOUNDED_CURVE() B_SPLINE_CURVE(2,(#472,#473,#474,#475,#476,#477
,#478),.UNSPECIFIED.,.T.,.F.) B_SPLINE_CURVE_WITH_KNOTS((1,2,2,2,2,1),(
    -2.094395102393,0.,2.094395102393,4.188790204786,6.28318530718,
8.377580409573),.UNSPECIFIED.) CURVE() GEOMETRIC_REPRESENTATION_ITEM() 
RATIONAL_B_SPLINE_CURVE((1.,0.5,1.,0.5,1.,0.5,1.)) REPRESENTATION_ITEM(
  '') );
#472 = CARTESIAN_POINT('',(192.3,42.05));
#473 = CARTESIAN_POINT('',(192.3,26.46154273188));
#474 = CARTESIAN_POINT('',(178.8,34.25577136594));
#475 = CARTESIAN_POINT('',(165.3,42.05));
#476 = CARTESIAN_POINT('',(178.8,49.84422863406));
#477 = CARTESIAN_POINT('',(192.3,57.63845726812));
#478 = CARTESIAN_POINT('',(192.3,42.05));
#479 = ( GEOMETRIC_REPRESENTATION_CONTEXT(2) 
PARAMETRIC_REPRESENTATION_CONTEXT() REPRESENTATION_CONTEXT('2D SPACE',''
  ) );
#480 = PCURVE('',#481,#486);
#481 = CYLINDRICAL_SURFACE('',#482,9.);
#482 = AXIS2_PLACEMENT_3D('',#483,#484,#485);
#483 = CARTESIAN_POINT('',(90.3,42.05,28.));
#484 = DIRECTION('',(-0.,-0.,-1.));
#485 = DIRECTION('',(1.,0.,0.));
#486 = DEFINITIONAL_REPRESENTATION('',(#487),#491);
#487 = LINE('',#488,#489);
#488 = CARTESIAN_POINT('',(-6.28318530718,-10.2));
#489 = VECTOR('',#490,1.);
#490 = DIRECTION('',(1.,-0.));
#491 = ( GEOMETRIC_REPRESENTATION_CONTEXT(2) 
PARAMETRIC_REPRESENTATION_CONTEXT() REPRESENTATION_CONTEXT('2D SPACE',''
  ) );
#492 = ORIENTED_EDGE('',*,*,#493,.F.);
#493 = EDGE_CURVE('',#494,#461,#496,.T.);
#494 = VERTEX_POINT('',#495);
#495 = CARTESIAN_POINT('',(90.3,9.,38.2));
#496 = SURFACE_CURVE('',#497,(#501,#507),.PCURVE_S1.);
#497 = LINE('',#498,#499);
#498 = CARTESIAN_POINT('',(90.3,4.5,38.2));
#499 = VECTOR('',#500,1.);
#500 = DIRECTION('',(0.,1.,0.));
#501 = PCURVE('',#44,#502);
#502 = DEFINITIONAL_REPRESENTATION('',(#503),#506);
#503 = B_SPLINE_CURVE_WITH_KNOTS('',1,(#504,#505),.UNSPECIFIED.,.F.,.F.,
  (2,2),(4.5,70.6),.PIECEWISE_BEZIER_KNOTS.);
#504 = CARTESIAN_POINT('',(183.3,9.));
#505 = CARTESIAN_POINT('',(183.3,75.1));
#506 = ( GEOMETRIC_REPRESENTATION_CONTEXT(2) 
PARAMETRIC_REPRESENTATION_CONTEXT() REPRESENTATION_CONTEXT('2D SPACE',''
  ) );
#507 = PCURVE('',#508,#513);
#508 = PLANE('',#509);
#509 = AXIS2_PLACEMENT_3D('',#510,#511,#512);
#510 = CARTESIAN_POINT('',(90.3,9.,24.));
#511 = DIRECTION('',(1.,0.,0.));
#512 = DIRECTION('',(0.,0.,1.));
#513 = DEFINITIONAL_REPRESENTATION('',(#514),#517);
#514 = B_SPLINE_CURVE_WITH_KNOTS('',1,(#515,#516),.UNSPECIFIED.,.F.,.F.,
  (2,2),(4.5,70.6),.PIECEWISE_BEZIER_KNOTS.);
#515 = CARTESIAN_POINT('',(14.2,0.));
#516 = CARTESIAN_POINT('',(14.2,-66.1));
#517 = ( GEOMETRIC_REPRESENTATION_CONTEXT(2) 
PARAMETRIC_REPRESENTATION_CONTEXT() REPRESENTATION_CONTEXT('2D SPACE',''
  ) );
#518 = ORIENTED_EDGE('',*,*,#519,.T.);
#519 = EDGE_CURVE('',#494,#520,#522,.T.);
#520 = VERTEX_POINT('',#521);
#521 = CARTESIAN_POINT('',(-90.3,9.,38.2));
#522 = SURFACE_CURVE('',#523,(#527,#533),.PCURVE_S1.);
#523 = LINE('',#524,#525);
#524 = CARTESIAN_POINT('',(-91.65,9.,38.2));
#525 = VECTOR('',#526,1.);
#526 = DIRECTION('',(-1.,0.,0.));
#527 = PCURVE('',#44,#528);
#528 = DEFINITIONAL_REPRESENTATION('',(#529),#532);
#529 = B_SPLINE_CURVE_WITH_KNOTS('',1,(#530,#531),.UNSPECIFIED.,.F.,.F.,
  (2,2),(-181.95,-1.35),.PIECEWISE_BEZIER_KNOTS.);
#530 = CARTESIAN_POINT('',(183.3,9.));
#531 = CARTESIAN_POINT('',(2.7,9.));
#532 = ( GEOMETRIC_REPRESENTATION_CONTEXT(2) 
PARAMETRIC_REPRESENTATION_CONTEXT() REPRESENTATION_CONTEXT('2D SPACE',''
  ) );
#533 = PCURVE('',#534,#539);
#534 = PLANE('',#535);
#535 = AXIS2_PLACEMENT_3D('',#536,#537,#538);
#536 = CARTESIAN_POINT('',(-90.3,9.,24.));
#537 = DIRECTION('',(0.,1.,0.));
#538 = DIRECTION('',(0.,0.,1.));
#539 = DEFINITIONAL_REPRESENTATION('',(#540),#543);
#540 = B_SPLINE_CURVE_WITH_KNOTS('',1,(#541,#542),.UNSPECIFIED.,.F.,.F.,
  (2,2),(-181.95,-1.35),.PIECEWISE_BEZIER_KNOTS.);
#541 = CARTESIAN_POINT('',(14.2,180.6));
#542 = CARTESIAN_POINT('',(14.2,0.));
#543 = ( GEOMETRIC_REPRESENTATION_CONTEXT(2) 
PARAMETRIC_REPRESENTATION_CONTEXT() REPRESENTATION_CONTEXT('2D SPACE',''
  ) );
#544 = ORIENTED_EDGE('',*,*,#545,.T.);
#545 = EDGE_CURVE('',#520,#546,#548,.T.);
#546 = VERTEX_POINT('',#547);
#547 = CARTESIAN_POINT('',(-90.3,33.05,38.2));
#548 = SURFACE_CURVE('',#549,(#553,#559),.PCURVE_S1.);
#549 = LINE('',#550,#551);
#550 = CARTESIAN_POINT('',(-90.3,4.5,38.2));
#551 = VECTOR('',#552,1.);
#552 = DIRECTION('',(0.,1.,0.));
#553 = PCURVE('',#44,#554);
#554 = DEFINITIONAL_REPRESENTATION('',(#555),#558);
#555 = B_SPLINE_CURVE_WITH_KNOTS('',1,(#556,#557),.UNSPECIFIED.,.F.,.F.,
  (2,2),(4.5,70.6),.PIECEWISE_BEZIER_KNOTS.);
#556 = CARTESIAN_POINT('',(2.7,9.));
#557 = CARTESIAN_POINT('',(2.7,75.1));
#558 = ( GEOMETRIC_REPRESENTATION_CONTEXT(2) 
PARAMETRIC_REPRESENTATION_CONTEXT() REPRESENTATION_CONTEXT('2D SPACE',''
  ) );
#559 = PCURVE('',#560,#565);
#560 = PLANE('',#561);
#561 = AXIS2_PLACEMENT_3D('',#562,#563,#564);
#562 = CARTESIAN_POINT('',(-90.3,9.,24.));
#563 = DIRECTION('',(1.,0.,0.));
#564 = DIRECTION('',(0.,0.,1.));
#565 = DEFINITIONAL_REPRESENTATION('',(#566),#569);
#566 = B_SPLINE_CURVE_WITH_KNOTS('',1,(#567,#568),.UNSPECIFIED.,.F.,.F.,
  (2,2),(4.5,70.6),.PIECEWISE_BEZIER_KNOTS.);
#567 = CARTESIAN_POINT('',(14.2,0.));
#568 = CARTESIAN_POINT('',(14.2,-66.1));
#569 = ( GEOMETRIC_REPRESENTATION_CONTEXT(2) 
PARAMETRIC_REPRESENTATION_CONTEXT() REPRESENTATION_CONTEXT('2D SPACE',''
  ) );
#570 = ORIENTED_EDGE('',*,*,#571,.T.);
#571 = EDGE_CURVE('',#546,#24,#572,.T.);
#572 = SURFACE_CURVE('',#573,(#578,#589),.PCURVE_S1.);
#573 = CIRCLE('',#574,9.);
#574 = AXIS2_PLACEMENT_3D('',#575,#576,#577);
#575 = CARTESIAN_POINT('',(-90.3,42.05,38.2));
#576 = DIRECTION('',(0.,0.,-1.));
#577 = DIRECTION('',(1.,0.,0.));
#578 = PCURVE('',#44,#579);
#579 = DEFINITIONAL_REPRESENTATION('',(#580),#588);
#580 = ( BOUNDED_CURVE() B_SPLINE_CURVE(2,(#581,#582,#583,#584,#585,#586
,#587),.UNSPECIFIED.,.T.,.F.) B_SPLINE_CURVE_WITH_KNOTS((1,2,2,2,2,1),(
    -2.094395102393,0.,2.094395102393,4.188790204786,6.28318530718,
8.377580409573),.UNSPECIFIED.) CURVE() GEOMETRIC_REPRESENTATION_ITEM() 
RATIONAL_B_SPLINE_CURVE((1.,0.5,1.,0.5,1.,0.5,1.)) REPRESENTATION_ITEM(
  '') );
#581 = CARTESIAN_POINT('',(11.7,42.05));
#582 = CARTESIAN_POINT('',(11.7,26.46154273188));
#583 = CARTESIAN_POINT('',(-1.8,34.25577136594));
#584 = CARTESIAN_POINT('',(-15.3,42.05));
#585 = CARTESIAN_POINT('',(-1.8,49.84422863406));
#586 = CARTESIAN_POINT('',(11.7,57.63845726812));
#587 = CARTESIAN_POINT('',(11.7,42.05));
#588 = ( GEOMETRIC_REPRESENTATION_CONTEXT(2) 
PARAMETRIC_REPRESENTATION_CONTEXT() REPRESENTATION_CONTEXT('2D SPACE',''
  ) );
#589 = PCURVE('',#332,#590);
#590 = DEFINITIONAL_REPRESENTATION('',(#591),#595);
#591 = LINE('',#592,#593);
#592 = CARTESIAN_POINT('',(-6.28318530718,-10.2));
#593 = VECTOR('',#594,1.);
#594 = DIRECTION('',(1.,-0.));
#595 = ( GEOMETRIC_REPRESENTATION_CONTEXT(2) 
PARAMETRIC_REPRESENTATION_CONTEXT() REPRESENTATION_CONTEXT('2D SPACE',''
  ) );
#596 = FACE_BOUND('',#597,.T.);
#597 = EDGE_LOOP('',(#598));
#598 = ORIENTED_EDGE('',*,*,#599,.T.);
#599 = EDGE_CURVE('',#600,#600,#602,.T.);
#600 = VERTEX_POINT('',#601);
#601 = CARTESIAN_POINT('',(-27.4,4.5,38.2));
#602 = SURFACE_CURVE('',#603,(#608,#619),.PCURVE_S1.);
#603 = CIRCLE('',#604,2.6);
#604 = AXIS2_PLACEMENT_3D('',#605,#606,#607);
#605 = CARTESIAN_POINT('',(-30.,4.5,38.2));
#606 = DIRECTION('',(0.,0.,-1.));
#607 = DIRECTION('',(1.,0.,0.));
#608 = PCURVE('',#44,#609);
#609 = DEFINITIONAL_REPRESENTATION('',(#610),#618);
#610 = ( BOUNDED_CURVE() B_SPLINE_CURVE(2,(#611,#612,#613,#614,#615,#616
,#617),.UNSPECIFIED.,.T.,.F.) B_SPLINE_CURVE_WITH_KNOTS((1,2,2,2,2,1),(
    -2.094395102393,0.,2.094395102393,4.188790204786,6.28318530718,
8.377580409573),.UNSPECIFIED.) CURVE() GEOMETRIC_REPRESENTATION_ITEM() 
RATIONAL_B_SPLINE_CURVE((1.,0.5,1.,0.5,1.,0.5,1.)) REPRESENTATION_ITEM(
  '') );
#611 = CARTESIAN_POINT('',(65.6,4.5));
#612 = CARTESIAN_POINT('',(65.6,-3.33209967908E-03));
#613 = CARTESIAN_POINT('',(61.7,2.24833395016));
#614 = CARTESIAN_POINT('',(57.8,4.5));
#615 = CARTESIAN_POINT('',(61.7,6.75166604984));
#616 = CARTESIAN_POINT('',(65.6,9.003332099679));
#617 = CARTESIAN_POINT('',(65.6,4.5));
#618 = ( GEOMETRIC_REPRESENTATION_CONTEXT(2) 
PARAMETRIC_REPRESENTATION_CONTEXT() REPRESENTATION_CONTEXT('2D SPACE',''
  ) );
#619 = PCURVE('',#620,#625);
#620 = CYLINDRICAL_SURFACE('',#621,2.6);
#621 = AXIS2_PLACEMENT_3D('',#622,#623,#624);
#622 = CARTESIAN_POINT('',(-30.,4.5,36.));
#623 = DIRECTION('',(-0.,-0.,-1.));
#624 = DIRECTION('',(1.,0.,0.));
#625 = DEFINITIONAL_REPRESENTATION('',(#626),#630);
#626 = LINE('',#627,#628);
#627 = CARTESIAN_POINT('',(-6.28318530718,-2.2));
#628 = VECTOR('',#629,1.);
#629 = DIRECTION('',(1.,-0.));
#630 = ( GEOMETRIC_REPRESENTATION_CONTEXT(2) 
PARAMETRIC_REPRESENTATION_CONTEXT() REPRESENTATION_CONTEXT('2D SPACE',''
  ) );
#631 = FACE_BOUND('',#632,.T.);
#632 = EDGE_LOOP('',(#633));
#633 = ORIENTED_EDGE('',*,*,#634,.T.);
#634 = EDGE_CURVE('',#635,#635,#637,.T.);
#635 = VERTEX_POINT('',#636);
#636 = CARTESIAN_POINT('',(32.6,4.5,38.2));
#637 = SURFACE_CURVE('',#638,(#643,#654),.PCURVE_S1.);
#638 = CIRCLE('',#639,2.6);
#639 = AXIS2_PLACEMENT_3D('',#640,#641,#642);
#640 = CARTESIAN_POINT('',(30.,4.5,38.2));
#641 = DIRECTION('',(0.,0.,-1.));
#642 = DIRECTION('',(1.,0.,0.));
#643 = PCURVE('',#44,#644);
#644 = DEFINITIONAL_REPRESENTATION('',(#645),#653);
#645 = ( BOUNDED_CURVE() B_SPLINE_CURVE(2,(#646,#647,#648,#649,#650,#651
,#652),.UNSPECIFIED.,.T.,.F.) B_SPLINE_CURVE_WITH_KNOTS((1,2,2,2,2,1),(
    -2.094395102393,0.,2.094395102393,4.188790204786,6.28318530718,
8.377580409573),.UNSPECIFIED.) CURVE() GEOMETRIC_REPRESENTATION_ITEM() 
RATIONAL_B_SPLINE_CURVE((1.,0.5,1.,0.5,1.,0.5,1.)) REPRESENTATION_ITEM(
  '') );
#646 = CARTESIAN_POINT('',(125.6,4.5));
#647 = CARTESIAN_POINT('',(125.6,-3.33209967908E-03));
#648 = CARTESIAN_POINT('',(121.7,2.24833395016));
#649 = CARTESIAN_POINT('',(117.8,4.5));
#650 = CARTESIAN_POINT('',(121.7,6.75166604984));
#651 = CARTESIAN_POINT('',(125.6,9.003332099679));
#652 = CARTESIAN_POINT('',(125.6,4.5));
#653 = ( GEOMETRIC_REPRESENTATION_CONTEXT(2) 
PARAMETRIC_REPRESENTATION_CONTEXT() REPRESENTATION_CONTEXT('2D SPACE',''
  ) );
#654 = PCURVE('',#655,#660);
#655 = CYLINDRICAL_SURFACE('',#656,2.6);
#656 = AXIS2_PLACEMENT_3D('',#657,#658,#659);
#657 = CARTESIAN_POINT('',(30.,4.5,36.));
#658 = DIRECTION('',(-0.,-0.,-1.));
#659 = DIRECTION('',(1.,0.,0.));
#660 = DEFINITIONAL_REPRESENTATION('',(#661),#665);
#661 = LINE('',#662,#663);
#662 = CARTESIAN_POINT('',(-6.28318530718,-2.2));
#663 = VECTOR('',#664,1.);
#664 = DIRECTION('',(1.,-0.));
#665 = ( GEOMETRIC_REPRESENTATION_CONTEXT(2) 
PARAMETRIC_REPRESENTATION_CONTEXT() REPRESENTATION_CONTEXT('2D SPACE',''
  ) );
#666 = ADVANCED_FACE('',(#667),#332,.F.);
#667 = FACE_BOUND('',#668,.T.);
#668 = EDGE_LOOP('',(#669,#690,#712,#713));
#669 = ORIENTED_EDGE('',*,*,#670,.T.);
#670 = EDGE_CURVE('',#546,#671,#673,.T.);
#671 = VERTEX_POINT('',#672);
#672 = CARTESIAN_POINT('',(-90.3,33.05,28.));
#673 = SURFACE_CURVE('',#674,(#678,#684),.PCURVE_S1.);
#674 = LINE('',#675,#676);
#675 = CARTESIAN_POINT('',(-90.3,33.05,28.));
#676 = VECTOR('',#677,1.);
#677 = DIRECTION('',(-0.,-0.,-1.));
#678 = PCURVE('',#332,#679);
#679 = DEFINITIONAL_REPRESENTATION('',(#680),#683);
#680 = B_SPLINE_CURVE_WITH_KNOTS('',1,(#681,#682),.UNSPECIFIED.,.F.,.F.,
  (2,2),(-11.2000006,5.999999999062E-07),.PIECEWISE_BEZIER_KNOTS.);
#681 = CARTESIAN_POINT('',(-4.712388980385,-11.2000006));
#682 = CARTESIAN_POINT('',(-4.712388980385,5.999999999062E-07));
#683 = ( GEOMETRIC_REPRESENTATION_CONTEXT(2) 
PARAMETRIC_REPRESENTATION_CONTEXT() REPRESENTATION_CONTEXT('2D SPACE',''
  ) );
#684 = PCURVE('',#560,#685);
#685 = DEFINITIONAL_REPRESENTATION('',(#686),#689);
#686 = B_SPLINE_CURVE_WITH_KNOTS('',1,(#687,#688),.UNSPECIFIED.,.F.,.F.,
  (2,2),(-11.2000006,5.999999999062E-07),.PIECEWISE_BEZIER_KNOTS.);
#687 = CARTESIAN_POINT('',(15.2000006,-24.05));
#688 = CARTESIAN_POINT('',(3.9999994,-24.05));
#689 = ( GEOMETRIC_REPRESENTATION_CONTEXT(2) 
PARAMETRIC_REPRESENTATION_CONTEXT() REPRESENTATION_CONTEXT('2D SPACE',''
  ) );
#690 = ORIENTED_EDGE('',*,*,#691,.F.);
#691 = EDGE_CURVE('',#294,#671,#692,.T.);
#692 = SURFACE_CURVE('',#693,(#698,#705),.PCURVE_S1.);
#693 = CIRCLE('',#694,9.);
#694 = AXIS2_PLACEMENT_3D('',#695,#696,#697);
#695 = CARTESIAN_POINT('',(-90.3,42.05,28.));
#696 = DIRECTION('',(0.,0.,1.));
#697 = DIRECTION('',(1.,0.,0.));
#698 = PCURVE('',#332,#699);
#699 = DEFINITIONAL_REPRESENTATION('',(#700),#704);
#700 = LINE('',#701,#702);
#701 = CARTESIAN_POINT('',(-0.,0.));
#702 = VECTOR('',#703,1.);
#703 = DIRECTION('',(-1.,0.));
#704 = ( GEOMETRIC_REPRESENTATION_CONTEXT(2) 
PARAMETRIC_REPRESENTATION_CONTEXT() REPRESENTATION_CONTEXT('2D SPACE',''
  ) );
#705 = PCURVE('',#308,#706);
#706 = DEFINITIONAL_REPRESENTATION('',(#707),#711);
#707 = CIRCLE('',#708,9.);
#708 = AXIS2_PLACEMENT_2D('',#709,#710);
#709 = CARTESIAN_POINT('',(0.,0.));
#710 = DIRECTION('',(1.,0.));
#711 = ( GEOMETRIC_REPRESENTATION_CONTEXT(2) 
PARAMETRIC_REPRESENTATION_CONTEXT() REPRESENTATION_CONTEXT('2D SPACE',''
  ) );
#712 = ORIENTED_EDGE('',*,*,#319,.F.);
#713 = ORIENTED_EDGE('',*,*,#571,.F.);
#714 = ADVANCED_FACE('',(#715),#308,.T.);
#715 = FACE_BOUND('',#716,.T.);
#716 = EDGE_LOOP('',(#717,#738,#760,#761));
#717 = ORIENTED_EDGE('',*,*,#718,.F.);
#718 = EDGE_CURVE('',#719,#671,#721,.T.);
#719 = VERTEX_POINT('',#720);
#720 = CARTESIAN_POINT('',(-90.3,51.05,28.));
#721 = SURFACE_CURVE('',#722,(#726,#732),.PCURVE_S1.);
#722 = LINE('',#723,#724);
#723 = CARTESIAN_POINT('',(-90.3,25.525,28.));
#724 = VECTOR('',#725,1.);
#725 = DIRECTION('',(0.,-1.,0.));
#726 = PCURVE('',#308,#727);
#727 = DEFINITIONAL_REPRESENTATION('',(#728),#731);
#728 = B_SPLINE_CURVE_WITH_KNOTS('',1,(#729,#730),.UNSPECIFIED.,.F.,.F.,
  (2,2),(-25.525,-7.525),.PIECEWISE_BEZIER_KNOTS.);
#729 = CARTESIAN_POINT('',(0.,9.));
#730 = CARTESIAN_POINT('',(0.,-9.));
#731 = ( GEOMETRIC_REPRESENTATION_CONTEXT(2) 
PARAMETRIC_REPRESENTATION_CONTEXT() REPRESENTATION_CONTEXT('2D SPACE',''
  ) );
#732 = PCURVE('',#560,#733);
#733 = DEFINITIONAL_REPRESENTATION('',(#734),#737);
#734 = B_SPLINE_CURVE_WITH_KNOTS('',1,(#735,#736),.UNSPECIFIED.,.F.,.F.,
  (2,2),(-25.525,-7.525),.PIECEWISE_BEZIER_KNOTS.);
#735 = CARTESIAN_POINT('',(4.,-42.05));
#736 = CARTESIAN_POINT('',(4.,-24.05));
#737 = ( GEOMETRIC_REPRESENTATION_CONTEXT(2) 
PARAMETRIC_REPRESENTATION_CONTEXT() REPRESENTATION_CONTEXT('2D SPACE',''
  ) );
#738 = ORIENTED_EDGE('',*,*,#739,.T.);
#739 = EDGE_CURVE('',#719,#268,#740,.T.);
#740 = SURFACE_CURVE('',#741,(#746,#753),.PCURVE_S1.);
#741 = CIRCLE('',#742,9.);
#742 = AXIS2_PLACEMENT_3D('',#743,#744,#745);
#743 = CARTESIAN_POINT('',(-90.3,42.05,28.));
#744 = DIRECTION('',(0.,0.,1.));
#745 = DIRECTION('',(1.,0.,0.));
#746 = PCURVE('',#308,#747);
#747 = DEFINITIONAL_REPRESENTATION('',(#748),#752);
#748 = CIRCLE('',#749,9.);
#749 = AXIS2_PLACEMENT_2D('',#750,#751);
#750 = CARTESIAN_POINT('',(0.,0.));
#751 = DIRECTION('',(1.,0.));
#752 = ( GEOMETRIC_REPRESENTATION_CONTEXT(2) 
PARAMETRIC_REPRESENTATION_CONTEXT() REPRESENTATION_CONTEXT('2D SPACE',''
  ) );
#753 = PCURVE('',#282,#754);
#754 = DEFINITIONAL_REPRESENTATION('',(#755),#759);
#755 = LINE('',#756,#757);
#756 = CARTESIAN_POINT('',(-0.,0.));
#757 = VECTOR('',#758,1.);
#758 = DIRECTION('',(-1.,0.));
#759 = ( GEOMETRIC_REPRESENTATION_CONTEXT(2) 
PARAMETRIC_REPRESENTATION_CONTEXT() REPRESENTATION_CONTEXT('2D SPACE',''
  ) );
#760 = ORIENTED_EDGE('',*,*,#293,.T.);
#761 = ORIENTED_EDGE('',*,*,#691,.T.);
#762 = ADVANCED_FACE('',(#763),#282,.F.);
#763 = FACE_BOUND('',#764,.T.);
#764 = EDGE_LOOP('',(#765,#766,#787,#813));
#765 = ORIENTED_EDGE('',*,*,#739,.F.);
#766 = ORIENTED_EDGE('',*,*,#767,.F.);
#767 = EDGE_CURVE('',#768,#719,#770,.T.);
#768 = VERTEX_POINT('',#769);
#769 = CARTESIAN_POINT('',(-90.3,51.05,38.2));
#770 = SURFACE_CURVE('',#771,(#775,#781),.PCURVE_S1.);
#771 = LINE('',#772,#773);
#772 = CARTESIAN_POINT('',(-90.3,51.05,28.));
#773 = VECTOR('',#774,1.);
#774 = DIRECTION('',(-0.,-0.,-1.));
#775 = PCURVE('',#282,#776);
#776 = DEFINITIONAL_REPRESENTATION('',(#777),#780);
#777 = B_SPLINE_CURVE_WITH_KNOTS('',1,(#778,#779),.UNSPECIFIED.,.F.,.F.,
  (2,2),(-11.2000006,5.999999999062E-07),.PIECEWISE_BEZIER_KNOTS.);
#778 = CARTESIAN_POINT('',(-1.570796326795,-11.2000006));
#779 = CARTESIAN_POINT('',(-1.570796326795,5.999999999062E-07));
#780 = ( GEOMETRIC_REPRESENTATION_CONTEXT(2) 
PARAMETRIC_REPRESENTATION_CONTEXT() REPRESENTATION_CONTEXT('2D SPACE',''
  ) );
#781 = PCURVE('',#560,#782);
#782 = DEFINITIONAL_REPRESENTATION('',(#783),#786);
#783 = B_SPLINE_CURVE_WITH_KNOTS('',1,(#784,#785),.UNSPECIFIED.,.F.,.F.,
  (2,2),(-11.2000006,5.999999999062E-07),.PIECEWISE_BEZIER_KNOTS.);
#784 = CARTESIAN_POINT('',(15.2000006,-42.05));
#785 = CARTESIAN_POINT('',(3.9999994,-42.05));
#786 = ( GEOMETRIC_REPRESENTATION_CONTEXT(2) 
PARAMETRIC_REPRESENTATION_CONTEXT() REPRESENTATION_CONTEXT('2D SPACE',''
  ) );
#787 = ORIENTED_EDGE('',*,*,#788,.F.);
#788 = EDGE_CURVE('',#240,#768,#789,.T.);
#789 = SURFACE_CURVE('',#790,(#795,#802),.PCURVE_S1.);
#790 = CIRCLE('',#791,9.);
#791 = AXIS2_PLACEMENT_3D('',#792,#793,#794);
#792 = CARTESIAN_POINT('',(-90.3,42.05,38.2));
#793 = DIRECTION('',(0.,0.,-1.));
#794 = DIRECTION('',(1.,0.,0.));
#795 = PCURVE('',#282,#796);
#796 = DEFINITIONAL_REPRESENTATION('',(#797),#801);
#797 = LINE('',#798,#799);
#798 = CARTESIAN_POINT('',(-6.28318530718,-10.2));
#799 = VECTOR('',#800,1.);
#800 = DIRECTION('',(1.,-0.));
#801 = ( GEOMETRIC_REPRESENTATION_CONTEXT(2) 
PARAMETRIC_REPRESENTATION_CONTEXT() REPRESENTATION_CONTEXT('2D SPACE',''
  ) );
#802 = PCURVE('',#255,#803);
#803 = DEFINITIONAL_REPRESENTATION('',(#804),#812);
#804 = ( BOUNDED_CURVE() B_SPLINE_CURVE(2,(#805,#806,#807,#808,#809,#810
,#811),.UNSPECIFIED.,.T.,.F.) B_SPLINE_CURVE_WITH_KNOTS((1,2,2,2,2,1),(
    -2.094395102393,0.,2.094395102393,4.188790204786,6.28318530718,
8.377580409573),.UNSPECIFIED.) CURVE() GEOMETRIC_REPRESENTATION_ITEM() 
RATIONAL_B_SPLINE_CURVE((1.,0.5,1.,0.5,1.,0.5,1.)) REPRESENTATION_ITEM(
  '') );
#805 = CARTESIAN_POINT('',(11.7,42.05));
#806 = CARTESIAN_POINT('',(11.7,26.46154273188));
#807 = CARTESIAN_POINT('',(-1.8,34.25577136594));
#808 = CARTESIAN_POINT('',(-15.3,42.05));
#809 = CARTESIAN_POINT('',(-1.8,49.84422863406));
#810 = CARTESIAN_POINT('',(11.7,57.63845726812));
#811 = CARTESIAN_POINT('',(11.7,42.05));
#812 = ( GEOMETRIC_REPRESENTATION_CONTEXT(2) 
PARAMETRIC_REPRESENTATION_CONTEXT() REPRESENTATION_CONTEXT('2D SPACE',''
  ) );
#813 = ORIENTED_EDGE('',*,*,#267,.T.);
#814 = ADVANCED_FACE('',(#815,#1029,#1135,#1241,#1347,#1453,#1559,#1665,
    #1700,#1824,#1859,#1983,#2107,#2231,#2355,#2479,#2603,#2727,#2847,
    #2967,#3087,#3207,#3327,#3447,#3482,#3517,#3552,#3587,#3622,#3728,
    #3763,#3883,#4003,#4038,#4073,#4108,#4143,#4178),#255,.T.);
#815 = FACE_BOUND('',#816,.T.);
#816 = EDGE_LOOP('',(#817,#852,#875,#904,#932,#958,#959,#960,#982,#1009)
  );
#817 = ORIENTED_EDGE('',*,*,#818,.T.);
#818 = EDGE_CURVE('',#819,#821,#823,.T.);
#819 = VERTEX_POINT('',#820);
#820 = CARTESIAN_POINT('',(90.3,51.05,38.2));
#821 = VERTEX_POINT('',#822);
#822 = CARTESIAN_POINT('',(93.,50.635452812753,38.2));
#823 = SURFACE_CURVE('',#824,(#829,#840),.PCURVE_S1.);
#824 = CIRCLE('',#825,9.);
#825 = AXIS2_PLACEMENT_3D('',#826,#827,#828);
#826 = CARTESIAN_POINT('',(90.3,42.05,38.2));
#827 = DIRECTION('',(0.,0.,-1.));
#828 = DIRECTION('',(1.,0.,0.));
#829 = PCURVE('',#255,#830);
#830 = DEFINITIONAL_REPRESENTATION('',(#831),#839);
#831 = ( BOUNDED_CURVE() B_SPLINE_CURVE(2,(#832,#833,#834,#835,#836,#837
,#838),.UNSPECIFIED.,.T.,.F.) B_SPLINE_CURVE_WITH_KNOTS((1,2,2,2,2,1),(
    -2.094395102393,0.,2.094395102393,4.188790204786,6.28318530718,
8.377580409573),.UNSPECIFIED.) CURVE() GEOMETRIC_REPRESENTATION_ITEM() 
RATIONAL_B_SPLINE_CURVE((1.,0.5,1.,0.5,1.,0.5,1.)) REPRESENTATION_ITEM(
  '') );
#832 = CARTESIAN_POINT('',(192.3,42.05));
#833 = CARTESIAN_POINT('',(192.3,26.46154273188));
#834 = CARTESIAN_POINT('',(178.8,34.25577136594));
#835 = CARTESIAN_POINT('',(165.3,42.05));
#836 = CARTESIAN_POINT('',(178.8,49.84422863406));
#837 = CARTESIAN_POINT('',(192.3,57.63845726812));
#838 = CARTESIAN_POINT('',(192.3,42.05));
#839 = ( GEOMETRIC_REPRESENTATION_CONTEXT(2) 
PARAMETRIC_REPRESENTATION_CONTEXT() REPRESENTATION_CONTEXT('2D SPACE',''
  ) );
#840 = PCURVE('',#841,#846);
#841 = CYLINDRICAL_SURFACE('',#842,9.);
#842 = AXIS2_PLACEMENT_3D('',#843,#844,#845);
#843 = CARTESIAN_POINT('',(90.3,42.05,28.));
#844 = DIRECTION('',(-0.,-0.,-1.));
#845 = DIRECTION('',(1.,0.,0.));
#846 = DEFINITIONAL_REPRESENTATION('',(#847),#851);
#847 = LINE('',#848,#849);
#848 = CARTESIAN_POINT('',(-6.28318530718,-10.2));
#849 = VECTOR('',#850,1.);
#850 = DIRECTION('',(1.,-0.));
#851 = ( GEOMETRIC_REPRESENTATION_CONTEXT(2) 
PARAMETRIC_REPRESENTATION_CONTEXT() REPRESENTATION_CONTEXT('2D SPACE',''
  ) );
#852 = ORIENTED_EDGE('',*,*,#853,.T.);
#853 = EDGE_CURVE('',#821,#854,#856,.T.);
#854 = VERTEX_POINT('',#855);
#855 = CARTESIAN_POINT('',(93.,151.,38.2));
#856 = SURFACE_CURVE('',#857,(#861,#868),.PCURVE_S1.);
#857 = LINE('',#858,#859);
#858 = CARTESIAN_POINT('',(93.,0.,38.2));
#859 = VECTOR('',#860,1.);
#860 = DIRECTION('',(0.,1.,0.));
#861 = PCURVE('',#255,#862);
#862 = DEFINITIONAL_REPRESENTATION('',(#863),#867);
#863 = LINE('',#864,#865);
#864 = CARTESIAN_POINT('',(186.,0.));
#865 = VECTOR('',#866,1.);
#866 = DIRECTION('',(0.,1.));
#867 = ( GEOMETRIC_REPRESENTATION_CONTEXT(2) 
PARAMETRIC_REPRESENTATION_CONTEXT() REPRESENTATION_CONTEXT('2D SPACE',''
  ) );
#868 = PCURVE('',#448,#869);
#869 = DEFINITIONAL_REPRESENTATION('',(#870),#874);
#870 = LINE('',#871,#872);
#871 = CARTESIAN_POINT('',(38.2,0.));
#872 = VECTOR('',#873,1.);
#873 = DIRECTION('',(0.,-1.));
#874 = ( GEOMETRIC_REPRESENTATION_CONTEXT(2) 
PARAMETRIC_REPRESENTATION_CONTEXT() REPRESENTATION_CONTEXT('2D SPACE',''
  ) );
#875 = ORIENTED_EDGE('',*,*,#876,.T.);
#876 = EDGE_CURVE('',#854,#877,#879,.T.);
#877 = VERTEX_POINT('',#878);
#878 = CARTESIAN_POINT('',(90.,154.,38.2));
#879 = SURFACE_CURVE('',#880,(#885,#892),.PCURVE_S1.);
#880 = CIRCLE('',#881,3.);
#881 = AXIS2_PLACEMENT_3D('',#882,#883,#884);
#882 = CARTESIAN_POINT('',(90.,151.,38.2));
#883 = DIRECTION('',(0.,0.,1.));
#884 = DIRECTION('',(0.,-1.,0.));
#885 = PCURVE('',#255,#886);
#886 = DEFINITIONAL_REPRESENTATION('',(#887),#891);
#887 = CIRCLE('',#888,3.);
#888 = AXIS2_PLACEMENT_2D('',#889,#890);
#889 = CARTESIAN_POINT('',(183.,151.));
#890 = DIRECTION('',(0.,-1.));
#891 = ( GEOMETRIC_REPRESENTATION_CONTEXT(2) 
PARAMETRIC_REPRESENTATION_CONTEXT() REPRESENTATION_CONTEXT('2D SPACE',''
  ) );
#892 = PCURVE('',#893,#898);
#893 = CYLINDRICAL_SURFACE('',#894,3.);
#894 = AXIS2_PLACEMENT_3D('',#895,#896,#897);
#895 = CARTESIAN_POINT('',(90.,151.,0.));
#896 = DIRECTION('',(0.,0.,1.));
#897 = DIRECTION('',(1.,0.,-0.));
#898 = DEFINITIONAL_REPRESENTATION('',(#899),#903);
#899 = LINE('',#900,#901);
#900 = CARTESIAN_POINT('',(-1.570796326795,38.2));
#901 = VECTOR('',#902,1.);
#902 = DIRECTION('',(1.,0.));
#903 = ( GEOMETRIC_REPRESENTATION_CONTEXT(2) 
PARAMETRIC_REPRESENTATION_CONTEXT() REPRESENTATION_CONTEXT('2D SPACE',''
  ) );
#904 = ORIENTED_EDGE('',*,*,#905,.F.);
#905 = EDGE_CURVE('',#906,#877,#908,.T.);
#906 = VERTEX_POINT('',#907);
#907 = CARTESIAN_POINT('',(-90.,154.,38.2));
#908 = SURFACE_CURVE('',#909,(#913,#920),.PCURVE_S1.);
#909 = LINE('',#910,#911);
#910 = CARTESIAN_POINT('',(-93.,154.,38.2));
#911 = VECTOR('',#912,1.);
#912 = DIRECTION('',(1.,0.,0.));
#913 = PCURVE('',#255,#914);
#914 = DEFINITIONAL_REPRESENTATION('',(#915),#919);
#915 = LINE('',#916,#917);
#916 = CARTESIAN_POINT('',(0.,154.));
#917 = VECTOR('',#918,1.);
#918 = DIRECTION('',(1.,0.));
#919 = ( GEOMETRIC_REPRESENTATION_CONTEXT(2) 
PARAMETRIC_REPRESENTATION_CONTEXT() REPRESENTATION_CONTEXT('2D SPACE',''
  ) );
#920 = PCURVE('',#921,#926);
#921 = PLANE('',#922);
#922 = AXIS2_PLACEMENT_3D('',#923,#924,#925);
#923 = CARTESIAN_POINT('',(-93.,154.,0.));
#924 = DIRECTION('',(0.,1.,0.));
#925 = DIRECTION('',(0.,0.,1.));
#926 = DEFINITIONAL_REPRESENTATION('',(#927),#931);
#927 = LINE('',#928,#929);
#928 = CARTESIAN_POINT('',(38.2,0.));
#929 = VECTOR('',#930,1.);
#930 = DIRECTION('',(0.,1.));
#931 = ( GEOMETRIC_REPRESENTATION_CONTEXT(2) 
PARAMETRIC_REPRESENTATION_CONTEXT() REPRESENTATION_CONTEXT('2D SPACE',''
  ) );
#932 = ORIENTED_EDGE('',*,*,#933,.F.);
#933 = EDGE_CURVE('',#212,#906,#934,.T.);
#934 = SURFACE_CURVE('',#935,(#940,#951),.PCURVE_S1.);
#935 = CIRCLE('',#936,3.);
#936 = AXIS2_PLACEMENT_3D('',#937,#938,#939);
#937 = CARTESIAN_POINT('',(-90.,151.,38.2));
#938 = DIRECTION('',(-0.,-0.,-1.));
#939 = DIRECTION('',(0.,-1.,0.));
#940 = PCURVE('',#255,#941);
#941 = DEFINITIONAL_REPRESENTATION('',(#942),#950);
#942 = ( BOUNDED_CURVE() B_SPLINE_CURVE(2,(#943,#944,#945,#946,#947,#948
,#949),.UNSPECIFIED.,.T.,.F.) B_SPLINE_CURVE_WITH_KNOTS((1,2,2,2,2,1),(
    -2.094395102393,0.,2.094395102393,4.188790204786,6.28318530718,
8.377580409573),.UNSPECIFIED.) CURVE() GEOMETRIC_REPRESENTATION_ITEM() 
RATIONAL_B_SPLINE_CURVE((1.,0.5,1.,0.5,1.,0.5,1.)) REPRESENTATION_ITEM(
  '') );
#943 = CARTESIAN_POINT('',(3.,148.));
#944 = CARTESIAN_POINT('',(-2.196152422707,148.));
#945 = CARTESIAN_POINT('',(0.401923788647,152.5));
#946 = CARTESIAN_POINT('',(3.,157.));
#947 = CARTESIAN_POINT('',(5.598076211353,152.5));
#948 = CARTESIAN_POINT('',(8.196152422707,148.));
#949 = CARTESIAN_POINT('',(3.,148.));
#950 = ( GEOMETRIC_REPRESENTATION_CONTEXT(2) 
PARAMETRIC_REPRESENTATION_CONTEXT() REPRESENTATION_CONTEXT('2D SPACE',''
  ) );
#951 = PCURVE('',#227,#952);
#952 = DEFINITIONAL_REPRESENTATION('',(#953),#957);
#953 = LINE('',#954,#955);
#954 = CARTESIAN_POINT('',(1.570796326795,38.2));
#955 = VECTOR('',#956,1.);
#956 = DIRECTION('',(-1.,0.));
#957 = ( GEOMETRIC_REPRESENTATION_CONTEXT(2) 
PARAMETRIC_REPRESENTATION_CONTEXT() REPRESENTATION_CONTEXT('2D SPACE',''
  ) );
#958 = ORIENTED_EDGE('',*,*,#239,.F.);
#959 = ORIENTED_EDGE('',*,*,#788,.T.);
#960 = ORIENTED_EDGE('',*,*,#961,.T.);
#961 = EDGE_CURVE('',#768,#962,#964,.T.);
#962 = VERTEX_POINT('',#963);
#963 = CARTESIAN_POINT('',(-90.3,75.1,38.2));
#964 = SURFACE_CURVE('',#965,(#969,#976),.PCURVE_S1.);
#965 = LINE('',#966,#967);
#966 = CARTESIAN_POINT('',(-90.3,4.5,38.2));
#967 = VECTOR('',#968,1.);
#968 = DIRECTION('',(0.,1.,0.));
#969 = PCURVE('',#255,#970);
#970 = DEFINITIONAL_REPRESENTATION('',(#971),#975);
#971 = LINE('',#972,#973);
#972 = CARTESIAN_POINT('',(2.7,4.5));
#973 = VECTOR('',#974,1.);
#974 = DIRECTION('',(0.,1.));
#975 = ( GEOMETRIC_REPRESENTATION_CONTEXT(2) 
PARAMETRIC_REPRESENTATION_CONTEXT() REPRESENTATION_CONTEXT('2D SPACE',''
  ) );
#976 = PCURVE('',#560,#977);
#977 = DEFINITIONAL_REPRESENTATION('',(#978),#981);
#978 = B_SPLINE_CURVE_WITH_KNOTS('',1,(#979,#980),.UNSPECIFIED.,.F.,.F.,
  (2,2),(4.5,70.6),.PIECEWISE_BEZIER_KNOTS.);
#979 = CARTESIAN_POINT('',(14.2,0.));
#980 = CARTESIAN_POINT('',(14.2,-66.1));
#981 = ( GEOMETRIC_REPRESENTATION_CONTEXT(2) 
PARAMETRIC_REPRESENTATION_CONTEXT() REPRESENTATION_CONTEXT('2D SPACE',''
  ) );
#982 = ORIENTED_EDGE('',*,*,#983,.F.);
#983 = EDGE_CURVE('',#984,#962,#986,.T.);
#984 = VERTEX_POINT('',#985);
#985 = CARTESIAN_POINT('',(90.3,75.1,38.2));
#986 = SURFACE_CURVE('',#987,(#991,#998),.PCURVE_S1.);
#987 = LINE('',#988,#989);
#988 = CARTESIAN_POINT('',(-91.65,75.1,38.2));
#989 = VECTOR('',#990,1.);
#990 = DIRECTION('',(-1.,0.,0.));
#991 = PCURVE('',#255,#992);
#992 = DEFINITIONAL_REPRESENTATION('',(#993),#997);
#993 = LINE('',#994,#995);
#994 = CARTESIAN_POINT('',(1.35,75.1));
#995 = VECTOR('',#996,1.);
#996 = DIRECTION('',(-1.,0.));
#997 = ( GEOMETRIC_REPRESENTATION_CONTEXT(2) 
PARAMETRIC_REPRESENTATION_CONTEXT() REPRESENTATION_CONTEXT('2D SPACE',''
  ) );
#998 = PCURVE('',#999,#1004);
#999 = PLANE('',#1000);
#1000 = AXIS2_PLACEMENT_3D('',#1001,#1002,#1003);
#1001 = CARTESIAN_POINT('',(-90.3,75.1,24.));
#1002 = DIRECTION('',(0.,1.,0.));
#1003 = DIRECTION('',(0.,0.,1.));
#1004 = DEFINITIONAL_REPRESENTATION('',(#1005),#1008);
#1005 = B_SPLINE_CURVE_WITH_KNOTS('',1,(#1006,#1007),.UNSPECIFIED.,.F.,
  .F.,(2,2),(-181.95,-1.35),.PIECEWISE_BEZIER_KNOTS.);
#1006 = CARTESIAN_POINT('',(14.2,180.6));
#1007 = CARTESIAN_POINT('',(14.2,0.));
#1008 = ( GEOMETRIC_REPRESENTATION_CONTEXT(2) 
PARAMETRIC_REPRESENTATION_CONTEXT() REPRESENTATION_CONTEXT('2D SPACE',''
  ) );
#1009 = ORIENTED_EDGE('',*,*,#1010,.F.);
#1010 = EDGE_CURVE('',#819,#984,#1011,.T.);
#1011 = SURFACE_CURVE('',#1012,(#1016,#1023),.PCURVE_S1.);
#1012 = LINE('',#1013,#1014);
#1013 = CARTESIAN_POINT('',(90.3,4.5,38.2));
#1014 = VECTOR('',#1015,1.);
#1015 = DIRECTION('',(0.,1.,0.));
#1016 = PCURVE('',#255,#1017);
#1017 = DEFINITIONAL_REPRESENTATION('',(#1018),#1022);
#1018 = LINE('',#1019,#1020);
#1019 = CARTESIAN_POINT('',(183.3,4.5));
#1020 = VECTOR('',#1021,1.);
#1021 = DIRECTION('',(0.,1.));
#1022 = ( GEOMETRIC_REPRESENTATION_CONTEXT(2) 
PARAMETRIC_REPRESENTATION_CONTEXT() REPRESENTATION_CONTEXT('2D SPACE',''
  ) );
#1023 = PCURVE('',#508,#1024);
#1024 = DEFINITIONAL_REPRESENTATION('',(#1025),#1028);
#1025 = B_SPLINE_CURVE_WITH_KNOTS('',1,(#1026,#1027),.UNSPECIFIED.,.F.,
  .F.,(2,2),(4.5,70.6),.PIECEWISE_BEZIER_KNOTS.);
#1026 = CARTESIAN_POINT('',(14.2,0.));
#1027 = CARTESIAN_POINT('',(14.2,-66.1));
#1028 = ( GEOMETRIC_REPRESENTATION_CONTEXT(2) 
PARAMETRIC_REPRESENTATION_CONTEXT() REPRESENTATION_CONTEXT('2D SPACE',''
  ) );
#1029 = FACE_BOUND('',#1030,.T.);
#1030 = EDGE_LOOP('',(#1031,#1059,#1085,#1111));
#1031 = ORIENTED_EDGE('',*,*,#1032,.T.);
#1032 = EDGE_CURVE('',#1033,#1035,#1037,.T.);
#1033 = VERTEX_POINT('',#1034);
#1034 = CARTESIAN_POINT('',(-55.,86.1,38.2));
#1035 = VERTEX_POINT('',#1036);
#1036 = CARTESIAN_POINT('',(-58.5,86.1,38.2));
#1037 = SURFACE_CURVE('',#1038,(#1042,#1048),.PCURVE_S1.);
#1038 = LINE('',#1039,#1040);
#1039 = CARTESIAN_POINT('',(-75.75,86.1,38.2));
#1040 = VECTOR('',#1041,1.);
#1041 = DIRECTION('',(-1.,0.,0.));
#1042 = PCURVE('',#255,#1043);
#1043 = DEFINITIONAL_REPRESENTATION('',(#1044),#1047);
#1044 = B_SPLINE_CURVE_WITH_KNOTS('',1,(#1045,#1046),.UNSPECIFIED.,.F.,
  .F.,(2,2),(-20.75,-17.25),.PIECEWISE_BEZIER_KNOTS.);
#1045 = CARTESIAN_POINT('',(38.,86.1));
#1046 = CARTESIAN_POINT('',(34.5,86.1));
#1047 = ( GEOMETRIC_REPRESENTATION_CONTEXT(2) 
PARAMETRIC_REPRESENTATION_CONTEXT() REPRESENTATION_CONTEXT('2D SPACE',''
  ) );
#1048 = PCURVE('',#1049,#1054);
#1049 = PLANE('',#1050);
#1050 = AXIS2_PLACEMENT_3D('',#1051,#1052,#1053);
#1051 = CARTESIAN_POINT('',(-58.5,86.1,35.2));
#1052 = DIRECTION('',(0.,1.,0.));
#1053 = DIRECTION('',(0.,0.,1.));
#1054 = DEFINITIONAL_REPRESENTATION('',(#1055),#1058);
#1055 = B_SPLINE_CURVE_WITH_KNOTS('',1,(#1056,#1057),.UNSPECIFIED.,.F.,
  .F.,(2,2),(-20.75,-17.25),.PIECEWISE_BEZIER_KNOTS.);
#1056 = CARTESIAN_POINT('',(3.,3.5));
#1057 = CARTESIAN_POINT('',(3.,0.));
#1058 = ( GEOMETRIC_REPRESENTATION_CONTEXT(2) 
PARAMETRIC_REPRESENTATION_CONTEXT() REPRESENTATION_CONTEXT('2D SPACE',''
  ) );
#1059 = ORIENTED_EDGE('',*,*,#1060,.T.);
#1060 = EDGE_CURVE('',#1035,#1061,#1063,.T.);
#1061 = VERTEX_POINT('',#1062);
#1062 = CARTESIAN_POINT('',(-58.5,123.8,38.2));
#1063 = SURFACE_CURVE('',#1064,(#1068,#1074),.PCURVE_S1.);
#1064 = LINE('',#1065,#1066);
#1065 = CARTESIAN_POINT('',(-58.5,43.05,38.2));
#1066 = VECTOR('',#1067,1.);
#1067 = DIRECTION('',(0.,1.,0.));
#1068 = PCURVE('',#255,#1069);
#1069 = DEFINITIONAL_REPRESENTATION('',(#1070),#1073);
#1070 = B_SPLINE_CURVE_WITH_KNOTS('',1,(#1071,#1072),.UNSPECIFIED.,.F.,
  .F.,(2,2),(43.05,80.75),.PIECEWISE_BEZIER_KNOTS.);
#1071 = CARTESIAN_POINT('',(34.5,86.1));
#1072 = CARTESIAN_POINT('',(34.5,123.8));
#1073 = ( GEOMETRIC_REPRESENTATION_CONTEXT(2) 
PARAMETRIC_REPRESENTATION_CONTEXT() REPRESENTATION_CONTEXT('2D SPACE',''
  ) );
#1074 = PCURVE('',#1075,#1080);
#1075 = PLANE('',#1076);
#1076 = AXIS2_PLACEMENT_3D('',#1077,#1078,#1079);
#1077 = CARTESIAN_POINT('',(-58.5,86.1,35.2));
#1078 = DIRECTION('',(1.,0.,0.));
#1079 = DIRECTION('',(0.,0.,1.));
#1080 = DEFINITIONAL_REPRESENTATION('',(#1081),#1084);
#1081 = B_SPLINE_CURVE_WITH_KNOTS('',1,(#1082,#1083),.UNSPECIFIED.,.F.,
  .F.,(2,2),(43.05,80.75),.PIECEWISE_BEZIER_KNOTS.);
#1082 = CARTESIAN_POINT('',(3.,0.));
#1083 = CARTESIAN_POINT('',(3.,-37.7));
#1084 = ( GEOMETRIC_REPRESENTATION_CONTEXT(2) 
PARAMETRIC_REPRESENTATION_CONTEXT() REPRESENTATION_CONTEXT('2D SPACE',''
  ) );
#1085 = ORIENTED_EDGE('',*,*,#1086,.F.);
#1086 = EDGE_CURVE('',#1087,#1061,#1089,.T.);
#1087 = VERTEX_POINT('',#1088);
#1088 = CARTESIAN_POINT('',(-55.,123.8,38.2));
#1089 = SURFACE_CURVE('',#1090,(#1094,#1100),.PCURVE_S1.);
#1090 = LINE('',#1091,#1092);
#1091 = CARTESIAN_POINT('',(-75.75,123.8,38.2));
#1092 = VECTOR('',#1093,1.);
#1093 = DIRECTION('',(-1.,0.,0.));
#1094 = PCURVE('',#255,#1095);
#1095 = DEFINITIONAL_REPRESENTATION('',(#1096),#1099);
#1096 = B_SPLINE_CURVE_WITH_KNOTS('',1,(#1097,#1098),.UNSPECIFIED.,.F.,
  .F.,(2,2),(-20.75,-17.25),.PIECEWISE_BEZIER_KNOTS.);
#1097 = CARTESIAN_POINT('',(38.,123.8));
#1098 = CARTESIAN_POINT('',(34.5,123.8));
#1099 = ( GEOMETRIC_REPRESENTATION_CONTEXT(2) 
PARAMETRIC_REPRESENTATION_CONTEXT() REPRESENTATION_CONTEXT('2D SPACE',''
  ) );
#1100 = PCURVE('',#1101,#1106);
#1101 = PLANE('',#1102);
#1102 = AXIS2_PLACEMENT_3D('',#1103,#1104,#1105);
#1103 = CARTESIAN_POINT('',(-58.5,123.8,35.2));
#1104 = DIRECTION('',(0.,1.,0.));
#1105 = DIRECTION('',(0.,0.,1.));
#1106 = DEFINITIONAL_REPRESENTATION('',(#1107),#1110);
#1107 = B_SPLINE_CURVE_WITH_KNOTS('',1,(#1108,#1109),.UNSPECIFIED.,.F.,
  .F.,(2,2),(-20.75,-17.25),.PIECEWISE_BEZIER_KNOTS.);
#1108 = CARTESIAN_POINT('',(3.,3.5));
#1109 = CARTESIAN_POINT('',(3.,0.));
#1110 = ( GEOMETRIC_REPRESENTATION_CONTEXT(2) 
PARAMETRIC_REPRESENTATION_CONTEXT() REPRESENTATION_CONTEXT('2D SPACE',''
  ) );
#1111 = ORIENTED_EDGE('',*,*,#1112,.F.);
#1112 = EDGE_CURVE('',#1033,#1087,#1113,.T.);
#1113 = SURFACE_CURVE('',#1114,(#1118,#1124),.PCURVE_S1.);
#1114 = LINE('',#1115,#1116);
#1115 = CARTESIAN_POINT('',(-55.,43.05,38.2));
#1116 = VECTOR('',#1117,1.);
#1117 = DIRECTION('',(0.,1.,0.));
#1118 = PCURVE('',#255,#1119);
#1119 = DEFINITIONAL_REPRESENTATION('',(#1120),#1123);
#1120 = B_SPLINE_CURVE_WITH_KNOTS('',1,(#1121,#1122),.UNSPECIFIED.,.F.,
  .F.,(2,2),(43.05,80.75),.PIECEWISE_BEZIER_KNOTS.);
#1121 = CARTESIAN_POINT('',(38.,86.1));
#1122 = CARTESIAN_POINT('',(38.,123.8));
#1123 = ( GEOMETRIC_REPRESENTATION_CONTEXT(2) 
PARAMETRIC_REPRESENTATION_CONTEXT() REPRESENTATION_CONTEXT('2D SPACE',''
  ) );
#1124 = PCURVE('',#1125,#1130);
#1125 = PLANE('',#1126);
#1126 = AXIS2_PLACEMENT_3D('',#1127,#1128,#1129);
#1127 = CARTESIAN_POINT('',(-55.,86.1,35.2));
#1128 = DIRECTION('',(1.,0.,0.));
#1129 = DIRECTION('',(0.,0.,1.));
#1130 = DEFINITIONAL_REPRESENTATION('',(#1131),#1134);
#1131 = B_SPLINE_CURVE_WITH_KNOTS('',1,(#1132,#1133),.UNSPECIFIED.,.F.,
  .F.,(2,2),(43.05,80.75),.PIECEWISE_BEZIER_KNOTS.);
#1132 = CARTESIAN_POINT('',(3.,0.));
#1133 = CARTESIAN_POINT('',(3.,-37.7));
#1134 = ( GEOMETRIC_REPRESENTATION_CONTEXT(2) 
PARAMETRIC_REPRESENTATION_CONTEXT() REPRESENTATION_CONTEXT('2D SPACE',''
  ) );
#1135 = FACE_BOUND('',#1136,.T.);
#1136 = EDGE_LOOP('',(#1137,#1165,#1191,#1217));
#1137 = ORIENTED_EDGE('',*,*,#1138,.T.);
#1138 = EDGE_CURVE('',#1139,#1141,#1143,.T.);
#1139 = VERTEX_POINT('',#1140);
#1140 = CARTESIAN_POINT('',(-46.,86.1,38.2));
#1141 = VERTEX_POINT('',#1142);
#1142 = CARTESIAN_POINT('',(-49.5,86.1,38.2));
#1143 = SURFACE_CURVE('',#1144,(#1148,#1154),.PCURVE_S1.);
#1144 = LINE('',#1145,#1146);
#1145 = CARTESIAN_POINT('',(-71.25,86.1,38.2));
#1146 = VECTOR('',#1147,1.);
#1147 = DIRECTION('',(-1.,0.,0.));
#1148 = PCURVE('',#255,#1149);
#1149 = DEFINITIONAL_REPRESENTATION('',(#1150),#1153);
#1150 = B_SPLINE_CURVE_WITH_KNOTS('',1,(#1151,#1152),.UNSPECIFIED.,.F.,
  .F.,(2,2),(-25.25,-21.75),.PIECEWISE_BEZIER_KNOTS.);
#1151 = CARTESIAN_POINT('',(47.,86.1));
#1152 = CARTESIAN_POINT('',(43.5,86.1));
#1153 = ( GEOMETRIC_REPRESENTATION_CONTEXT(2) 
PARAMETRIC_REPRESENTATION_CONTEXT() REPRESENTATION_CONTEXT('2D SPACE',''
  ) );
#1154 = PCURVE('',#1155,#1160);
#1155 = PLANE('',#1156);
#1156 = AXIS2_PLACEMENT_3D('',#1157,#1158,#1159);
#1157 = CARTESIAN_POINT('',(-49.5,86.1,35.2));
#1158 = DIRECTION('',(0.,1.,0.));
#1159 = DIRECTION('',(0.,0.,1.));
#1160 = DEFINITIONAL_REPRESENTATION('',(#1161),#1164);
#1161 = B_SPLINE_CURVE_WITH_KNOTS('',1,(#1162,#1163),.UNSPECIFIED.,.F.,
  .F.,(2,2),(-25.25,-21.75),.PIECEWISE_BEZIER_KNOTS.);
#1162 = CARTESIAN_POINT('',(3.,3.5));
#1163 = CARTESIAN_POINT('',(3.,0.));
#1164 = ( GEOMETRIC_REPRESENTATION_CONTEXT(2) 
PARAMETRIC_REPRESENTATION_CONTEXT() REPRESENTATION_CONTEXT('2D SPACE',''
  ) );
#1165 = ORIENTED_EDGE('',*,*,#1166,.T.);
#1166 = EDGE_CURVE('',#1141,#1167,#1169,.T.);
#1167 = VERTEX_POINT('',#1168);
#1168 = CARTESIAN_POINT('',(-49.5,123.8,38.2));
#1169 = SURFACE_CURVE('',#1170,(#1174,#1180),.PCURVE_S1.);
#1170 = LINE('',#1171,#1172);
#1171 = CARTESIAN_POINT('',(-49.5,43.05,38.2));
#1172 = VECTOR('',#1173,1.);
#1173 = DIRECTION('',(0.,1.,0.));
#1174 = PCURVE('',#255,#1175);
#1175 = DEFINITIONAL_REPRESENTATION('',(#1176),#1179);
#1176 = B_SPLINE_CURVE_WITH_KNOTS('',1,(#1177,#1178),.UNSPECIFIED.,.F.,
  .F.,(2,2),(43.05,80.75),.PIECEWISE_BEZIER_KNOTS.);
#1177 = CARTESIAN_POINT('',(43.5,86.1));
#1178 = CARTESIAN_POINT('',(43.5,123.8));
#1179 = ( GEOMETRIC_REPRESENTATION_CONTEXT(2) 
PARAMETRIC_REPRESENTATION_CONTEXT() REPRESENTATION_CONTEXT('2D SPACE',''
  ) );
#1180 = PCURVE('',#1181,#1186);
#1181 = PLANE('',#1182);
#1182 = AXIS2_PLACEMENT_3D('',#1183,#1184,#1185);
#1183 = CARTESIAN_POINT('',(-49.5,86.1,35.2));
#1184 = DIRECTION('',(1.,0.,0.));
#1185 = DIRECTION('',(0.,0.,1.));
#1186 = DEFINITIONAL_REPRESENTATION('',(#1187),#1190);
#1187 = B_SPLINE_CURVE_WITH_KNOTS('',1,(#1188,#1189),.UNSPECIFIED.,.F.,
  .F.,(2,2),(43.05,80.75),.PIECEWISE_BEZIER_KNOTS.);
#1188 = CARTESIAN_POINT('',(3.,0.));
#1189 = CARTESIAN_POINT('',(3.,-37.7));
#1190 = ( GEOMETRIC_REPRESENTATION_CONTEXT(2) 
PARAMETRIC_REPRESENTATION_CONTEXT() REPRESENTATION_CONTEXT('2D SPACE',''
  ) );
#1191 = ORIENTED_EDGE('',*,*,#1192,.F.);
#1192 = EDGE_CURVE('',#1193,#1167,#1195,.T.);
#1193 = VERTEX_POINT('',#1194);
#1194 = CARTESIAN_POINT('',(-46.,123.8,38.2));
#1195 = SURFACE_CURVE('',#1196,(#1200,#1206),.PCURVE_S1.);
#1196 = LINE('',#1197,#1198);
#1197 = CARTESIAN_POINT('',(-71.25,123.8,38.2));
#1198 = VECTOR('',#1199,1.);
#1199 = DIRECTION('',(-1.,0.,0.));
#1200 = PCURVE('',#255,#1201);
#1201 = DEFINITIONAL_REPRESENTATION('',(#1202),#1205);
#1202 = B_SPLINE_CURVE_WITH_KNOTS('',1,(#1203,#1204),.UNSPECIFIED.,.F.,
  .F.,(2,2),(-25.25,-21.75),.PIECEWISE_BEZIER_KNOTS.);
#1203 = CARTESIAN_POINT('',(47.,123.8));
#1204 = CARTESIAN_POINT('',(43.5,123.8));
#1205 = ( GEOMETRIC_REPRESENTATION_CONTEXT(2) 
PARAMETRIC_REPRESENTATION_CONTEXT() REPRESENTATION_CONTEXT('2D SPACE',''
  ) );
#1206 = PCURVE('',#1207,#1212);
#1207 = PLANE('',#1208);
#1208 = AXIS2_PLACEMENT_3D('',#1209,#1210,#1211);
#1209 = CARTESIAN_POINT('',(-49.5,123.8,35.2));
#1210 = DIRECTION('',(0.,1.,0.));
#1211 = DIRECTION('',(0.,0.,1.));
#1212 = DEFINITIONAL_REPRESENTATION('',(#1213),#1216);
#1213 = B_SPLINE_CURVE_WITH_KNOTS('',1,(#1214,#1215),.UNSPECIFIED.,.F.,
  .F.,(2,2),(-25.25,-21.75),.PIECEWISE_BEZIER_KNOTS.);
#1214 = CARTESIAN_POINT('',(3.,3.5));
#1215 = CARTESIAN_POINT('',(3.,0.));
#1216 = ( GEOMETRIC_REPRESENTATION_CONTEXT(2) 
PARAMETRIC_REPRESENTATION_CONTEXT() REPRESENTATION_CONTEXT('2D SPACE',''
  ) );
#1217 = ORIENTED_EDGE('',*,*,#1218,.F.);
#1218 = EDGE_CURVE('',#1139,#1193,#1219,.T.);
#1219 = SURFACE_CURVE('',#1220,(#1224,#1230),.PCURVE_S1.);
#1220 = LINE('',#1221,#1222);
#1221 = CARTESIAN_POINT('',(-46.,43.05,38.2));
#1222 = VECTOR('',#1223,1.);
#1223 = DIRECTION('',(0.,1.,0.));
#1224 = PCURVE('',#255,#1225);
#1225 = DEFINITIONAL_REPRESENTATION('',(#1226),#1229);
#1226 = B_SPLINE_CURVE_WITH_KNOTS('',1,(#1227,#1228),.UNSPECIFIED.,.F.,
  .F.,(2,2),(43.05,80.75),.PIECEWISE_BEZIER_KNOTS.);
#1227 = CARTESIAN_POINT('',(47.,86.1));
#1228 = CARTESIAN_POINT('',(47.,123.8));
#1229 = ( GEOMETRIC_REPRESENTATION_CONTEXT(2) 
PARAMETRIC_REPRESENTATION_CONTEXT() REPRESENTATION_CONTEXT('2D SPACE',''
  ) );
#1230 = PCURVE('',#1231,#1236);
#1231 = PLANE('',#1232);
#1232 = AXIS2_PLACEMENT_3D('',#1233,#1234,#1235);
#1233 = CARTESIAN_POINT('',(-46.,86.1,35.2));
#1234 = DIRECTION('',(1.,0.,0.));
#1235 = DIRECTION('',(0.,0.,1.));
#1236 = DEFINITIONAL_REPRESENTATION('',(#1237),#1240);
#1237 = B_SPLINE_CURVE_WITH_KNOTS('',1,(#1238,#1239),.UNSPECIFIED.,.F.,
  .F.,(2,2),(43.05,80.75),.PIECEWISE_BEZIER_KNOTS.);
#1238 = CARTESIAN_POINT('',(3.,0.));
#1239 = CARTESIAN_POINT('',(3.,-37.7));
#1240 = ( GEOMETRIC_REPRESENTATION_CONTEXT(2) 
PARAMETRIC_REPRESENTATION_CONTEXT() REPRESENTATION_CONTEXT('2D SPACE',''
  ) );
#1241 = FACE_BOUND('',#1242,.T.);
#1242 = EDGE_LOOP('',(#1243,#1271,#1297,#1323));
#1243 = ORIENTED_EDGE('',*,*,#1244,.T.);
#1244 = EDGE_CURVE('',#1245,#1247,#1249,.T.);
#1245 = VERTEX_POINT('',#1246);
#1246 = CARTESIAN_POINT('',(-37.,86.1,38.2));
#1247 = VERTEX_POINT('',#1248);
#1248 = CARTESIAN_POINT('',(-40.5,86.1,38.2));
#1249 = SURFACE_CURVE('',#1250,(#1254,#1260),.PCURVE_S1.);
#1250 = LINE('',#1251,#1252);
#1251 = CARTESIAN_POINT('',(-66.75,86.1,38.2));
#1252 = VECTOR('',#1253,1.);
#1253 = DIRECTION('',(-1.,0.,0.));
#1254 = PCURVE('',#255,#1255);
#1255 = DEFINITIONAL_REPRESENTATION('',(#1256),#1259);
#1256 = B_SPLINE_CURVE_WITH_KNOTS('',1,(#1257,#1258),.UNSPECIFIED.,.F.,
  .F.,(2,2),(-29.75,-26.25),.PIECEWISE_BEZIER_KNOTS.);
#1257 = CARTESIAN_POINT('',(56.,86.1));
#1258 = CARTESIAN_POINT('',(52.5,86.1));
#1259 = ( GEOMETRIC_REPRESENTATION_CONTEXT(2) 
PARAMETRIC_REPRESENTATION_CONTEXT() REPRESENTATION_CONTEXT('2D SPACE',''
  ) );
#1260 = PCURVE('',#1261,#1266);
#1261 = PLANE('',#1262);
#1262 = AXIS2_PLACEMENT_3D('',#1263,#1264,#1265);
#1263 = CARTESIAN_POINT('',(-40.5,86.1,35.2));
#1264 = DIRECTION('',(0.,1.,0.));
#1265 = DIRECTION('',(0.,0.,1.));
#1266 = DEFINITIONAL_REPRESENTATION('',(#1267),#1270);
#1267 = B_SPLINE_CURVE_WITH_KNOTS('',1,(#1268,#1269),.UNSPECIFIED.,.F.,
  .F.,(2,2),(-29.75,-26.25),.PIECEWISE_BEZIER_KNOTS.);
#1268 = CARTESIAN_POINT('',(3.,3.5));
#1269 = CARTESIAN_POINT('',(3.,0.));
#1270 = ( GEOMETRIC_REPRESENTATION_CONTEXT(2) 
PARAMETRIC_REPRESENTATION_CONTEXT() REPRESENTATION_CONTEXT('2D SPACE',''
  ) );
#1271 = ORIENTED_EDGE('',*,*,#1272,.T.);
#1272 = EDGE_CURVE('',#1247,#1273,#1275,.T.);
#1273 = VERTEX_POINT('',#1274);
#1274 = CARTESIAN_POINT('',(-40.5,123.8,38.2));
#1275 = SURFACE_CURVE('',#1276,(#1280,#1286),.PCURVE_S1.);
#1276 = LINE('',#1277,#1278);
#1277 = CARTESIAN_POINT('',(-40.5,43.05,38.2));
#1278 = VECTOR('',#1279,1.);
#1279 = DIRECTION('',(0.,1.,0.));
#1280 = PCURVE('',#255,#1281);
#1281 = DEFINITIONAL_REPRESENTATION('',(#1282),#1285);
#1282 = B_SPLINE_CURVE_WITH_KNOTS('',1,(#1283,#1284),.UNSPECIFIED.,.F.,
  .F.,(2,2),(43.05,80.75),.PIECEWISE_BEZIER_KNOTS.);
#1283 = CARTESIAN_POINT('',(52.5,86.1));
#1284 = CARTESIAN_POINT('',(52.5,123.8));
#1285 = ( GEOMETRIC_REPRESENTATION_CONTEXT(2) 
PARAMETRIC_REPRESENTATION_CONTEXT() REPRESENTATION_CONTEXT('2D SPACE',''
  ) );
#1286 = PCURVE('',#1287,#1292);
#1287 = PLANE('',#1288);
#1288 = AXIS2_PLACEMENT_3D('',#1289,#1290,#1291);
#1289 = CARTESIAN_POINT('',(-40.5,86.1,35.2));
#1290 = DIRECTION('',(1.,0.,0.));
#1291 = DIRECTION('',(0.,0.,1.));
#1292 = DEFINITIONAL_REPRESENTATION('',(#1293),#1296);
#1293 = B_SPLINE_CURVE_WITH_KNOTS('',1,(#1294,#1295),.UNSPECIFIED.,.F.,
  .F.,(2,2),(43.05,80.75),.PIECEWISE_BEZIER_KNOTS.);
#1294 = CARTESIAN_POINT('',(3.,0.));
#1295 = CARTESIAN_POINT('',(3.,-37.7));
#1296 = ( GEOMETRIC_REPRESENTATION_CONTEXT(2) 
PARAMETRIC_REPRESENTATION_CONTEXT() REPRESENTATION_CONTEXT('2D SPACE',''
  ) );
#1297 = ORIENTED_EDGE('',*,*,#1298,.F.);
#1298 = EDGE_CURVE('',#1299,#1273,#1301,.T.);
#1299 = VERTEX_POINT('',#1300);
#1300 = CARTESIAN_POINT('',(-37.,123.8,38.2));
#1301 = SURFACE_CURVE('',#1302,(#1306,#1312),.PCURVE_S1.);
#1302 = LINE('',#1303,#1304);
#1303 = CARTESIAN_POINT('',(-66.75,123.8,38.2));
#1304 = VECTOR('',#1305,1.);
#1305 = DIRECTION('',(-1.,0.,0.));
#1306 = PCURVE('',#255,#1307);
#1307 = DEFINITIONAL_REPRESENTATION('',(#1308),#1311);
#1308 = B_SPLINE_CURVE_WITH_KNOTS('',1,(#1309,#1310),.UNSPECIFIED.,.F.,
  .F.,(2,2),(-29.75,-26.25),.PIECEWISE_BEZIER_KNOTS.);
#1309 = CARTESIAN_POINT('',(56.,123.8));
#1310 = CARTESIAN_POINT('',(52.5,123.8));
#1311 = ( GEOMETRIC_REPRESENTATION_CONTEXT(2) 
PARAMETRIC_REPRESENTATION_CONTEXT() REPRESENTATION_CONTEXT('2D SPACE',''
  ) );
#1312 = PCURVE('',#1313,#1318);
#1313 = PLANE('',#1314);
#1314 = AXIS2_PLACEMENT_3D('',#1315,#1316,#1317);
#1315 = CARTESIAN_POINT('',(-40.5,123.8,35.2));
#1316 = DIRECTION('',(0.,1.,0.));
#1317 = DIRECTION('',(0.,0.,1.));
#1318 = DEFINITIONAL_REPRESENTATION('',(#1319),#1322);
#1319 = B_SPLINE_CURVE_WITH_KNOTS('',1,(#1320,#1321),.UNSPECIFIED.,.F.,
  .F.,(2,2),(-29.75,-26.25),.PIECEWISE_BEZIER_KNOTS.);
#1320 = CARTESIAN_POINT('',(3.,3.5));
#1321 = CARTESIAN_POINT('',(3.,0.));
#1322 = ( GEOMETRIC_REPRESENTATION_CONTEXT(2) 
PARAMETRIC_REPRESENTATION_CONTEXT() REPRESENTATION_CONTEXT('2D SPACE',''
  ) );
#1323 = ORIENTED_EDGE('',*,*,#1324,.F.);
#1324 = EDGE_CURVE('',#1245,#1299,#1325,.T.);
#1325 = SURFACE_CURVE('',#1326,(#1330,#1336),.PCURVE_S1.);
#1326 = LINE('',#1327,#1328);
#1327 = CARTESIAN_POINT('',(-37.,43.05,38.2));
#1328 = VECTOR('',#1329,1.);
#1329 = DIRECTION('',(0.,1.,0.));
#1330 = PCURVE('',#255,#1331);
#1331 = DEFINITIONAL_REPRESENTATION('',(#1332),#1335);
#1332 = B_SPLINE_CURVE_WITH_KNOTS('',1,(#1333,#1334),.UNSPECIFIED.,.F.,
  .F.,(2,2),(43.05,80.75),.PIECEWISE_BEZIER_KNOTS.);
#1333 = CARTESIAN_POINT('',(56.,86.1));
#1334 = CARTESIAN_POINT('',(56.,123.8));
#1335 = ( GEOMETRIC_REPRESENTATION_CONTEXT(2) 
PARAMETRIC_REPRESENTATION_CONTEXT() REPRESENTATION_CONTEXT('2D SPACE',''
  ) );
#1336 = PCURVE('',#1337,#1342);
#1337 = PLANE('',#1338);
#1338 = AXIS2_PLACEMENT_3D('',#1339,#1340,#1341);
#1339 = CARTESIAN_POINT('',(-37.,86.1,35.2));
#1340 = DIRECTION('',(1.,0.,0.));
#1341 = DIRECTION('',(0.,0.,1.));
#1342 = DEFINITIONAL_REPRESENTATION('',(#1343),#1346);
#1343 = B_SPLINE_CURVE_WITH_KNOTS('',1,(#1344,#1345),.UNSPECIFIED.,.F.,
  .F.,(2,2),(43.05,80.75),.PIECEWISE_BEZIER_KNOTS.);
#1344 = CARTESIAN_POINT('',(3.,0.));
#1345 = CARTESIAN_POINT('',(3.,-37.7));
#1346 = ( GEOMETRIC_REPRESENTATION_CONTEXT(2) 
PARAMETRIC_REPRESENTATION_CONTEXT() REPRESENTATION_CONTEXT('2D SPACE',''
  ) );
#1347 = FACE_BOUND('',#1348,.T.);
#1348 = EDGE_LOOP('',(#1349,#1377,#1403,#1429));
#1349 = ORIENTED_EDGE('',*,*,#1350,.T.);
#1350 = EDGE_CURVE('',#1351,#1353,#1355,.T.);
#1351 = VERTEX_POINT('',#1352);
#1352 = CARTESIAN_POINT('',(-28.,86.1,38.2));
#1353 = VERTEX_POINT('',#1354);
#1354 = CARTESIAN_POINT('',(-31.5,86.1,38.2));
#1355 = SURFACE_CURVE('',#1356,(#1360,#1366),.PCURVE_S1.);
#1356 = LINE('',#1357,#1358);
#1357 = CARTESIAN_POINT('',(-62.25,86.1,38.2));
#1358 = VECTOR('',#1359,1.);
#1359 = DIRECTION('',(-1.,0.,0.));
#1360 = PCURVE('',#255,#1361);
#1361 = DEFINITIONAL_REPRESENTATION('',(#1362),#1365);
#1362 = B_SPLINE_CURVE_WITH_KNOTS('',1,(#1363,#1364),.UNSPECIFIED.,.F.,
  .F.,(2,2),(-34.25,-30.75),.PIECEWISE_BEZIER_KNOTS.);
#1363 = CARTESIAN_POINT('',(65.,86.1));
#1364 = CARTESIAN_POINT('',(61.5,86.1));
#1365 = ( GEOMETRIC_REPRESENTATION_CONTEXT(2) 
PARAMETRIC_REPRESENTATION_CONTEXT() REPRESENTATION_CONTEXT('2D SPACE',''
  ) );
#1366 = PCURVE('',#1367,#1372);
#1367 = PLANE('',#1368);
#1368 = AXIS2_PLACEMENT_3D('',#1369,#1370,#1371);
#1369 = CARTESIAN_POINT('',(-31.5,86.1,35.2));
#1370 = DIRECTION('',(0.,1.,0.));
#1371 = DIRECTION('',(0.,0.,1.));
#1372 = DEFINITIONAL_REPRESENTATION('',(#1373),#1376);
#1373 = B_SPLINE_CURVE_WITH_KNOTS('',1,(#1374,#1375),.UNSPECIFIED.,.F.,
  .F.,(2,2),(-34.25,-30.75),.PIECEWISE_BEZIER_KNOTS.);
#1374 = CARTESIAN_POINT('',(3.,3.5));
#1375 = CARTESIAN_POINT('',(3.,0.));
#1376 = ( GEOMETRIC_REPRESENTATION_CONTEXT(2) 
PARAMETRIC_REPRESENTATION_CONTEXT() REPRESENTATION_CONTEXT('2D SPACE',''
  ) );
#1377 = ORIENTED_EDGE('',*,*,#1378,.T.);
#1378 = EDGE_CURVE('',#1353,#1379,#1381,.T.);
#1379 = VERTEX_POINT('',#1380);
#1380 = CARTESIAN_POINT('',(-31.5,123.8,38.2));
#1381 = SURFACE_CURVE('',#1382,(#1386,#1392),.PCURVE_S1.);
#1382 = LINE('',#1383,#1384);
#1383 = CARTESIAN_POINT('',(-31.5,43.05,38.2));
#1384 = VECTOR('',#1385,1.);
#1385 = DIRECTION('',(0.,1.,0.));
#1386 = PCURVE('',#255,#1387);
#1387 = DEFINITIONAL_REPRESENTATION('',(#1388),#1391);
#1388 = B_SPLINE_CURVE_WITH_KNOTS('',1,(#1389,#1390),.UNSPECIFIED.,.F.,
  .F.,(2,2),(43.05,80.75),.PIECEWISE_BEZIER_KNOTS.);
#1389 = CARTESIAN_POINT('',(61.5,86.1));
#1390 = CARTESIAN_POINT('',(61.5,123.8));
#1391 = ( GEOMETRIC_REPRESENTATION_CONTEXT(2) 
PARAMETRIC_REPRESENTATION_CONTEXT() REPRESENTATION_CONTEXT('2D SPACE',''
  ) );
#1392 = PCURVE('',#1393,#1398);
#1393 = PLANE('',#1394);
#1394 = AXIS2_PLACEMENT_3D('',#1395,#1396,#1397);
#1395 = CARTESIAN_POINT('',(-31.5,86.1,35.2));
#1396 = DIRECTION('',(1.,0.,0.));
#1397 = DIRECTION('',(0.,0.,1.));
#1398 = DEFINITIONAL_REPRESENTATION('',(#1399),#1402);
#1399 = B_SPLINE_CURVE_WITH_KNOTS('',1,(#1400,#1401),.UNSPECIFIED.,.F.,
  .F.,(2,2),(43.05,80.75),.PIECEWISE_BEZIER_KNOTS.);
#1400 = CARTESIAN_POINT('',(3.,0.));
#1401 = CARTESIAN_POINT('',(3.,-37.7));
#1402 = ( GEOMETRIC_REPRESENTATION_CONTEXT(2) 
PARAMETRIC_REPRESENTATION_CONTEXT() REPRESENTATION_CONTEXT('2D SPACE',''
  ) );
#1403 = ORIENTED_EDGE('',*,*,#1404,.F.);
#1404 = EDGE_CURVE('',#1405,#1379,#1407,.T.);
#1405 = VERTEX_POINT('',#1406);
#1406 = CARTESIAN_POINT('',(-28.,123.8,38.2));
#1407 = SURFACE_CURVE('',#1408,(#1412,#1418),.PCURVE_S1.);
#1408 = LINE('',#1409,#1410);
#1409 = CARTESIAN_POINT('',(-62.25,123.8,38.2));
#1410 = VECTOR('',#1411,1.);
#1411 = DIRECTION('',(-1.,0.,0.));
#1412 = PCURVE('',#255,#1413);
#1413 = DEFINITIONAL_REPRESENTATION('',(#1414),#1417);
#1414 = B_SPLINE_CURVE_WITH_KNOTS('',1,(#1415,#1416),.UNSPECIFIED.,.F.,
  .F.,(2,2),(-34.25,-30.75),.PIECEWISE_BEZIER_KNOTS.);
#1415 = CARTESIAN_POINT('',(65.,123.8));
#1416 = CARTESIAN_POINT('',(61.5,123.8));
#1417 = ( GEOMETRIC_REPRESENTATION_CONTEXT(2) 
PARAMETRIC_REPRESENTATION_CONTEXT() REPRESENTATION_CONTEXT('2D SPACE',''
  ) );
#1418 = PCURVE('',#1419,#1424);
#1419 = PLANE('',#1420);
#1420 = AXIS2_PLACEMENT_3D('',#1421,#1422,#1423);
#1421 = CARTESIAN_POINT('',(-31.5,123.8,35.2));
#1422 = DIRECTION('',(0.,1.,0.));
#1423 = DIRECTION('',(0.,0.,1.));
#1424 = DEFINITIONAL_REPRESENTATION('',(#1425),#1428);
#1425 = B_SPLINE_CURVE_WITH_KNOTS('',1,(#1426,#1427),.UNSPECIFIED.,.F.,
  .F.,(2,2),(-34.25,-30.75),.PIECEWISE_BEZIER_KNOTS.);
#1426 = CARTESIAN_POINT('',(3.,3.5));
#1427 = CARTESIAN_POINT('',(3.,0.));
#1428 = ( GEOMETRIC_REPRESENTATION_CONTEXT(2) 
PARAMETRIC_REPRESENTATION_CONTEXT() REPRESENTATION_CONTEXT('2D SPACE',''
  ) );
#1429 = ORIENTED_EDGE('',*,*,#1430,.F.);
#1430 = EDGE_CURVE('',#1351,#1405,#1431,.T.);
#1431 = SURFACE_CURVE('',#1432,(#1436,#1442),.PCURVE_S1.);
#1432 = LINE('',#1433,#1434);
#1433 = CARTESIAN_POINT('',(-28.,43.05,38.2));
#1434 = VECTOR('',#1435,1.);
#1435 = DIRECTION('',(0.,1.,0.));
#1436 = PCURVE('',#255,#1437);
#1437 = DEFINITIONAL_REPRESENTATION('',(#1438),#1441);
#1438 = B_SPLINE_CURVE_WITH_KNOTS('',1,(#1439,#1440),.UNSPECIFIED.,.F.,
  .F.,(2,2),(43.05,80.75),.PIECEWISE_BEZIER_KNOTS.);
#1439 = CARTESIAN_POINT('',(65.,86.1));
#1440 = CARTESIAN_POINT('',(65.,123.8));
#1441 = ( GEOMETRIC_REPRESENTATION_CONTEXT(2) 
PARAMETRIC_REPRESENTATION_CONTEXT() REPRESENTATION_CONTEXT('2D SPACE',''
  ) );
#1442 = PCURVE('',#1443,#1448);
#1443 = PLANE('',#1444);
#1444 = AXIS2_PLACEMENT_3D('',#1445,#1446,#1447);
#1445 = CARTESIAN_POINT('',(-28.,86.1,35.2));
#1446 = DIRECTION('',(1.,0.,0.));
#1447 = DIRECTION('',(0.,0.,1.));
#1448 = DEFINITIONAL_REPRESENTATION('',(#1449),#1452);
#1449 = B_SPLINE_CURVE_WITH_KNOTS('',1,(#1450,#1451),.UNSPECIFIED.,.F.,
  .F.,(2,2),(43.05,80.75),.PIECEWISE_BEZIER_KNOTS.);
#1450 = CARTESIAN_POINT('',(3.,0.));
#1451 = CARTESIAN_POINT('',(3.,-37.7));
#1452 = ( GEOMETRIC_REPRESENTATION_CONTEXT(2) 
PARAMETRIC_REPRESENTATION_CONTEXT() REPRESENTATION_CONTEXT('2D SPACE',''
  ) );
#1453 = FACE_BOUND('',#1454,.T.);
#1454 = EDGE_LOOP('',(#1455,#1483,#1509,#1535));
#1455 = ORIENTED_EDGE('',*,*,#1456,.T.);
#1456 = EDGE_CURVE('',#1457,#1459,#1461,.T.);
#1457 = VERTEX_POINT('',#1458);
#1458 = CARTESIAN_POINT('',(-19.,86.1,38.2));
#1459 = VERTEX_POINT('',#1460);
#1460 = CARTESIAN_POINT('',(-22.5,86.1,38.2));
#1461 = SURFACE_CURVE('',#1462,(#1466,#1472),.PCURVE_S1.);
#1462 = LINE('',#1463,#1464);
#1463 = CARTESIAN_POINT('',(-57.75,86.1,38.2));
#1464 = VECTOR('',#1465,1.);
#1465 = DIRECTION('',(-1.,0.,0.));
#1466 = PCURVE('',#255,#1467);
#1467 = DEFINITIONAL_REPRESENTATION('',(#1468),#1471);
#1468 = B_SPLINE_CURVE_WITH_KNOTS('',1,(#1469,#1470),.UNSPECIFIED.,.F.,
  .F.,(2,2),(-38.75,-35.25),.PIECEWISE_BEZIER_KNOTS.);
#1469 = CARTESIAN_POINT('',(74.,86.1));
#1470 = CARTESIAN_POINT('',(70.5,86.1));
#1471 = ( GEOMETRIC_REPRESENTATION_CONTEXT(2) 
PARAMETRIC_REPRESENTATION_CONTEXT() REPRESENTATION_CONTEXT('2D SPACE',''
  ) );
#1472 = PCURVE('',#1473,#1478);
#1473 = PLANE('',#1474);
#1474 = AXIS2_PLACEMENT_3D('',#1475,#1476,#1477);
#1475 = CARTESIAN_POINT('',(-22.5,86.1,35.2));
#1476 = DIRECTION('',(0.,1.,0.));
#1477 = DIRECTION('',(0.,0.,1.));
#1478 = DEFINITIONAL_REPRESENTATION('',(#1479),#1482);
#1479 = B_SPLINE_CURVE_WITH_KNOTS('',1,(#1480,#1481),.UNSPECIFIED.,.F.,
  .F.,(2,2),(-38.75,-35.25),.PIECEWISE_BEZIER_KNOTS.);
#1480 = CARTESIAN_POINT('',(3.,3.5));
#1481 = CARTESIAN_POINT('',(3.,0.));
#1482 = ( GEOMETRIC_REPRESENTATION_CONTEXT(2) 
PARAMETRIC_REPRESENTATION_CONTEXT() REPRESENTATION_CONTEXT('2D SPACE',''
  ) );
#1483 = ORIENTED_EDGE('',*,*,#1484,.T.);
#1484 = EDGE_CURVE('',#1459,#1485,#1487,.T.);
#1485 = VERTEX_POINT('',#1486);
#1486 = CARTESIAN_POINT('',(-22.5,123.8,38.2));
#1487 = SURFACE_CURVE('',#1488,(#1492,#1498),.PCURVE_S1.);
#1488 = LINE('',#1489,#1490);
#1489 = CARTESIAN_POINT('',(-22.5,43.05,38.2));
#1490 = VECTOR('',#1491,1.);
#1491 = DIRECTION('',(0.,1.,0.));
#1492 = PCURVE('',#255,#1493);
#1493 = DEFINITIONAL_REPRESENTATION('',(#1494),#1497);
#1494 = B_SPLINE_CURVE_WITH_KNOTS('',1,(#1495,#1496),.UNSPECIFIED.,.F.,
  .F.,(2,2),(43.05,80.75),.PIECEWISE_BEZIER_KNOTS.);
#1495 = CARTESIAN_POINT('',(70.5,86.1));
#1496 = CARTESIAN_POINT('',(70.5,123.8));
#1497 = ( GEOMETRIC_REPRESENTATION_CONTEXT(2) 
PARAMETRIC_REPRESENTATION_CONTEXT() REPRESENTATION_CONTEXT('2D SPACE',''
  ) );
#1498 = PCURVE('',#1499,#1504);
#1499 = PLANE('',#1500);
#1500 = AXIS2_PLACEMENT_3D('',#1501,#1502,#1503);
#1501 = CARTESIAN_POINT('',(-22.5,86.1,35.2));
#1502 = DIRECTION('',(1.,0.,0.));
#1503 = DIRECTION('',(0.,0.,1.));
#1504 = DEFINITIONAL_REPRESENTATION('',(#1505),#1508);
#1505 = B_SPLINE_CURVE_WITH_KNOTS('',1,(#1506,#1507),.UNSPECIFIED.,.F.,
  .F.,(2,2),(43.05,80.75),.PIECEWISE_BEZIER_KNOTS.);
#1506 = CARTESIAN_POINT('',(3.,0.));
#1507 = CARTESIAN_POINT('',(3.,-37.7));
#1508 = ( GEOMETRIC_REPRESENTATION_CONTEXT(2) 
PARAMETRIC_REPRESENTATION_CONTEXT() REPRESENTATION_CONTEXT('2D SPACE',''
  ) );
#1509 = ORIENTED_EDGE('',*,*,#1510,.F.);
#1510 = EDGE_CURVE('',#1511,#1485,#1513,.T.);
#1511 = VERTEX_POINT('',#1512);
#1512 = CARTESIAN_POINT('',(-19.,123.8,38.2));
#1513 = SURFACE_CURVE('',#1514,(#1518,#1524),.PCURVE_S1.);
#1514 = LINE('',#1515,#1516);
#1515 = CARTESIAN_POINT('',(-57.75,123.8,38.2));
#1516 = VECTOR('',#1517,1.);
#1517 = DIRECTION('',(-1.,0.,0.));
#1518 = PCURVE('',#255,#1519);
#1519 = DEFINITIONAL_REPRESENTATION('',(#1520),#1523);
#1520 = B_SPLINE_CURVE_WITH_KNOTS('',1,(#1521,#1522),.UNSPECIFIED.,.F.,
  .F.,(2,2),(-38.75,-35.25),.PIECEWISE_BEZIER_KNOTS.);
#1521 = CARTESIAN_POINT('',(74.,123.8));
#1522 = CARTESIAN_POINT('',(70.5,123.8));
#1523 = ( GEOMETRIC_REPRESENTATION_CONTEXT(2) 
PARAMETRIC_REPRESENTATION_CONTEXT() REPRESENTATION_CONTEXT('2D SPACE',''
  ) );
#1524 = PCURVE('',#1525,#1530);
#1525 = PLANE('',#1526);
#1526 = AXIS2_PLACEMENT_3D('',#1527,#1528,#1529);
#1527 = CARTESIAN_POINT('',(-22.5,123.8,35.2));
#1528 = DIRECTION('',(0.,1.,0.));
#1529 = DIRECTION('',(0.,0.,1.));
#1530 = DEFINITIONAL_REPRESENTATION('',(#1531),#1534);
#1531 = B_SPLINE_CURVE_WITH_KNOTS('',1,(#1532,#1533),.UNSPECIFIED.,.F.,
  .F.,(2,2),(-38.75,-35.25),.PIECEWISE_BEZIER_KNOTS.);
#1532 = CARTESIAN_POINT('',(3.,3.5));
#1533 = CARTESIAN_POINT('',(3.,0.));
#1534 = ( GEOMETRIC_REPRESENTATION_CONTEXT(2) 
PARAMETRIC_REPRESENTATION_CONTEXT() REPRESENTATION_CONTEXT('2D SPACE',''
  ) );
#1535 = ORIENTED_EDGE('',*,*,#1536,.F.);
#1536 = EDGE_CURVE('',#1457,#1511,#1537,.T.);
#1537 = SURFACE_CURVE('',#1538,(#1542,#1548),.PCURVE_S1.);
#1538 = LINE('',#1539,#1540);
#1539 = CARTESIAN_POINT('',(-19.,43.05,38.2));
#1540 = VECTOR('',#1541,1.);
#1541 = DIRECTION('',(0.,1.,0.));
#1542 = PCURVE('',#255,#1543);
#1543 = DEFINITIONAL_REPRESENTATION('',(#1544),#1547);
#1544 = B_SPLINE_CURVE_WITH_KNOTS('',1,(#1545,#1546),.UNSPECIFIED.,.F.,
  .F.,(2,2),(43.05,80.75),.PIECEWISE_BEZIER_KNOTS.);
#1545 = CARTESIAN_POINT('',(74.,86.1));
#1546 = CARTESIAN_POINT('',(74.,123.8));
#1547 = ( GEOMETRIC_REPRESENTATION_CONTEXT(2) 
PARAMETRIC_REPRESENTATION_CONTEXT() REPRESENTATION_CONTEXT('2D SPACE',''
  ) );
#1548 = PCURVE('',#1549,#1554);
#1549 = PLANE('',#1550);
#1550 = AXIS2_PLACEMENT_3D('',#1551,#1552,#1553);
#1551 = CARTESIAN_POINT('',(-19.,86.1,35.2));
#1552 = DIRECTION('',(1.,0.,0.));
#1553 = DIRECTION('',(0.,0.,1.));
#1554 = DEFINITIONAL_REPRESENTATION('',(#1555),#1558);
#1555 = B_SPLINE_CURVE_WITH_KNOTS('',1,(#1556,#1557),.UNSPECIFIED.,.F.,
  .F.,(2,2),(43.05,80.75),.PIECEWISE_BEZIER_KNOTS.);
#1556 = CARTESIAN_POINT('',(3.,0.));
#1557 = CARTESIAN_POINT('',(3.,-37.7));
#1558 = ( GEOMETRIC_REPRESENTATION_CONTEXT(2) 
PARAMETRIC_REPRESENTATION_CONTEXT() REPRESENTATION_CONTEXT('2D SPACE',''
  ) );
#1559 = FACE_BOUND('',#1560,.T.);
#1560 = EDGE_LOOP('',(#1561,#1589,#1615,#1641));
#1561 = ORIENTED_EDGE('',*,*,#1562,.T.);
#1562 = EDGE_CURVE('',#1563,#1565,#1567,.T.);
#1563 = VERTEX_POINT('',#1564);
#1564 = CARTESIAN_POINT('',(-10.,86.1,38.2));
#1565 = VERTEX_POINT('',#1566);
#1566 = CARTESIAN_POINT('',(-13.5,86.1,38.2));
#1567 = SURFACE_CURVE('',#1568,(#1572,#1578),.PCURVE_S1.);
#1568 = LINE('',#1569,#1570);
#1569 = CARTESIAN_POINT('',(-53.25,86.1,38.2));
#1570 = VECTOR('',#1571,1.);
#1571 = DIRECTION('',(-1.,0.,0.));
#1572 = PCURVE('',#255,#1573);
#1573 = DEFINITIONAL_REPRESENTATION('',(#1574),#1577);
#1574 = B_SPLINE_CURVE_WITH_KNOTS('',1,(#1575,#1576),.UNSPECIFIED.,.F.,
  .F.,(2,2),(-43.25,-39.75),.PIECEWISE_BEZIER_KNOTS.);
#1575 = CARTESIAN_POINT('',(83.,86.1));
#1576 = CARTESIAN_POINT('',(79.5,86.1));
#1577 = ( GEOMETRIC_REPRESENTATION_CONTEXT(2) 
PARAMETRIC_REPRESENTATION_CONTEXT() REPRESENTATION_CONTEXT('2D SPACE',''
  ) );
#1578 = PCURVE('',#1579,#1584);
#1579 = PLANE('',#1580);
#1580 = AXIS2_PLACEMENT_3D('',#1581,#1582,#1583);
#1581 = CARTESIAN_POINT('',(-13.5,86.1,35.2));
#1582 = DIRECTION('',(0.,1.,0.));
#1583 = DIRECTION('',(0.,0.,1.));
#1584 = DEFINITIONAL_REPRESENTATION('',(#1585),#1588);
#1585 = B_SPLINE_CURVE_WITH_KNOTS('',1,(#1586,#1587),.UNSPECIFIED.,.F.,
  .F.,(2,2),(-43.25,-39.75),.PIECEWISE_BEZIER_KNOTS.);
#1586 = CARTESIAN_POINT('',(3.,3.5));
#1587 = CARTESIAN_POINT('',(3.,0.));
#1588 = ( GEOMETRIC_REPRESENTATION_CONTEXT(2) 
PARAMETRIC_REPRESENTATION_CONTEXT() REPRESENTATION_CONTEXT('2D SPACE',''
  ) );
#1589 = ORIENTED_EDGE('',*,*,#1590,.T.);
#1590 = EDGE_CURVE('',#1565,#1591,#1593,.T.);
#1591 = VERTEX_POINT('',#1592);
#1592 = CARTESIAN_POINT('',(-13.5,123.8,38.2));
#1593 = SURFACE_CURVE('',#1594,(#1598,#1604),.PCURVE_S1.);
#1594 = LINE('',#1595,#1596);
#1595 = CARTESIAN_POINT('',(-13.5,43.05,38.2));
#1596 = VECTOR('',#1597,1.);
#1597 = DIRECTION('',(0.,1.,0.));
#1598 = PCURVE('',#255,#1599);
#1599 = DEFINITIONAL_REPRESENTATION('',(#1600),#1603);
#1600 = B_SPLINE_CURVE_WITH_KNOTS('',1,(#1601,#1602),.UNSPECIFIED.,.F.,
  .F.,(2,2),(43.05,80.75),.PIECEWISE_BEZIER_KNOTS.);
#1601 = CARTESIAN_POINT('',(79.5,86.1));
#1602 = CARTESIAN_POINT('',(79.5,123.8));
#1603 = ( GEOMETRIC_REPRESENTATION_CONTEXT(2) 
PARAMETRIC_REPRESENTATION_CONTEXT() REPRESENTATION_CONTEXT('2D SPACE',''
  ) );
#1604 = PCURVE('',#1605,#1610);
#1605 = PLANE('',#1606);
#1606 = AXIS2_PLACEMENT_3D('',#1607,#1608,#1609);
#1607 = CARTESIAN_POINT('',(-13.5,86.1,35.2));
#1608 = DIRECTION('',(1.,0.,0.));
#1609 = DIRECTION('',(0.,0.,1.));
#1610 = DEFINITIONAL_REPRESENTATION('',(#1611),#1614);
#1611 = B_SPLINE_CURVE_WITH_KNOTS('',1,(#1612,#1613),.UNSPECIFIED.,.F.,
  .F.,(2,2),(43.05,80.75),.PIECEWISE_BEZIER_KNOTS.);
#1612 = CARTESIAN_POINT('',(3.,0.));
#1613 = CARTESIAN_POINT('',(3.,-37.7));
#1614 = ( GEOMETRIC_REPRESENTATION_CONTEXT(2) 
PARAMETRIC_REPRESENTATION_CONTEXT() REPRESENTATION_CONTEXT('2D SPACE',''
  ) );
#1615 = ORIENTED_EDGE('',*,*,#1616,.F.);
#1616 = EDGE_CURVE('',#1617,#1591,#1619,.T.);
#1617 = VERTEX_POINT('',#1618);
#1618 = CARTESIAN_POINT('',(-10.,123.8,38.2));
#1619 = SURFACE_CURVE('',#1620,(#1624,#1630),.PCURVE_S1.);
#1620 = LINE('',#1621,#1622);
#1621 = CARTESIAN_POINT('',(-53.25,123.8,38.2));
#1622 = VECTOR('',#1623,1.);
#1623 = DIRECTION('',(-1.,0.,0.));
#1624 = PCURVE('',#255,#1625);
#1625 = DEFINITIONAL_REPRESENTATION('',(#1626),#1629);
#1626 = B_SPLINE_CURVE_WITH_KNOTS('',1,(#1627,#1628),.UNSPECIFIED.,.F.,
  .F.,(2,2),(-43.25,-39.75),.PIECEWISE_BEZIER_KNOTS.);
#1627 = CARTESIAN_POINT('',(83.,123.8));
#1628 = CARTESIAN_POINT('',(79.5,123.8));
#1629 = ( GEOMETRIC_REPRESENTATION_CONTEXT(2) 
PARAMETRIC_REPRESENTATION_CONTEXT() REPRESENTATION_CONTEXT('2D SPACE',''
  ) );
#1630 = PCURVE('',#1631,#1636);
#1631 = PLANE('',#1632);
#1632 = AXIS2_PLACEMENT_3D('',#1633,#1634,#1635);
#1633 = CARTESIAN_POINT('',(-13.5,123.8,35.2));
#1634 = DIRECTION('',(0.,1.,0.));
#1635 = DIRECTION('',(0.,0.,1.));
#1636 = DEFINITIONAL_REPRESENTATION('',(#1637),#1640);
#1637 = B_SPLINE_CURVE_WITH_KNOTS('',1,(#1638,#1639),.UNSPECIFIED.,.F.,
  .F.,(2,2),(-43.25,-39.75),.PIECEWISE_BEZIER_KNOTS.);
#1638 = CARTESIAN_POINT('',(3.,3.5));
#1639 = CARTESIAN_POINT('',(3.,0.));
#1640 = ( GEOMETRIC_REPRESENTATION_CONTEXT(2) 
PARAMETRIC_REPRESENTATION_CONTEXT() REPRESENTATION_CONTEXT('2D SPACE',''
  ) );
#1641 = ORIENTED_EDGE('',*,*,#1642,.F.);
#1642 = EDGE_CURVE('',#1563,#1617,#1643,.T.);
#1643 = SURFACE_CURVE('',#1644,(#1648,#1654),.PCURVE_S1.);
#1644 = LINE('',#1645,#1646);
#1645 = CARTESIAN_POINT('',(-10.,43.05,38.2));
#1646 = VECTOR('',#1647,1.);
#1647 = DIRECTION('',(0.,1.,0.));
#1648 = PCURVE('',#255,#1649);
#1649 = DEFINITIONAL_REPRESENTATION('',(#1650),#1653);
#1650 = B_SPLINE_CURVE_WITH_KNOTS('',1,(#1651,#1652),.UNSPECIFIED.,.F.,
  .F.,(2,2),(43.05,80.75),.PIECEWISE_BEZIER_KNOTS.);
#1651 = CARTESIAN_POINT('',(83.,86.1));
#1652 = CARTESIAN_POINT('',(83.,123.8));
#1653 = ( GEOMETRIC_REPRESENTATION_CONTEXT(2) 
PARAMETRIC_REPRESENTATION_CONTEXT() REPRESENTATION_CONTEXT('2D SPACE',''
  ) );
#1654 = PCURVE('',#1655,#1660);
#1655 = PLANE('',#1656);
#1656 = AXIS2_PLACEMENT_3D('',#1657,#1658,#1659);
#1657 = CARTESIAN_POINT('',(-10.,86.1,35.2));
#1658 = DIRECTION('',(1.,0.,0.));
#1659 = DIRECTION('',(0.,0.,1.));
#1660 = DEFINITIONAL_REPRESENTATION('',(#1661),#1664);
#1661 = B_SPLINE_CURVE_WITH_KNOTS('',1,(#1662,#1663),.UNSPECIFIED.,.F.,
  .F.,(2,2),(43.05,80.75),.PIECEWISE_BEZIER_KNOTS.);
#1662 = CARTESIAN_POINT('',(3.,0.));
#1663 = CARTESIAN_POINT('',(3.,-37.7));
#1664 = ( GEOMETRIC_REPRESENTATION_CONTEXT(2) 
PARAMETRIC_REPRESENTATION_CONTEXT() REPRESENTATION_CONTEXT('2D SPACE',''
  ) );
#1665 = FACE_BOUND('',#1666,.T.);
#1666 = EDGE_LOOP('',(#1667));
#1667 = ORIENTED_EDGE('',*,*,#1668,.T.);
#1668 = EDGE_CURVE('',#1669,#1669,#1671,.T.);
#1669 = VERTEX_POINT('',#1670);
#1670 = CARTESIAN_POINT('',(45.85,92.1,38.2));
#1671 = SURFACE_CURVE('',#1672,(#1677,#1688),.PCURVE_S1.);
#1672 = CIRCLE('',#1673,1.35);
#1673 = AXIS2_PLACEMENT_3D('',#1674,#1675,#1676);
#1674 = CARTESIAN_POINT('',(44.5,92.1,38.2));
#1675 = DIRECTION('',(0.,0.,-1.));
#1676 = DIRECTION('',(1.,0.,0.));
#1677 = PCURVE('',#255,#1678);
#1678 = DEFINITIONAL_REPRESENTATION('',(#1679),#1687);
#1679 = ( BOUNDED_CURVE() B_SPLINE_CURVE(2,(#1680,#1681,#1682,#1683,
#1684,#1685,#1686),.UNSPECIFIED.,.T.,.F.) B_SPLINE_CURVE_WITH_KNOTS((1,2
    ,2,2,2,1),(-2.094395102393,0.,2.094395102393,4.188790204786,
6.28318530718,8.377580409573),.UNSPECIFIED.) CURVE() 
GEOMETRIC_REPRESENTATION_ITEM() RATIONAL_B_SPLINE_CURVE((1.,0.5,1.,0.5,
1.,0.5,1.)) REPRESENTATION_ITEM('') );
#1680 = CARTESIAN_POINT('',(138.85,92.1));
#1681 = CARTESIAN_POINT('',(138.85,89.761731409782));
#1682 = CARTESIAN_POINT('',(136.825,90.930865704891));
#1683 = CARTESIAN_POINT('',(134.8,92.1));
#1684 = CARTESIAN_POINT('',(136.825,93.269134295109));
#1685 = CARTESIAN_POINT('',(138.85,94.438268590218));
#1686 = CARTESIAN_POINT('',(138.85,92.1));
#1687 = ( GEOMETRIC_REPRESENTATION_CONTEXT(2) 
PARAMETRIC_REPRESENTATION_CONTEXT() REPRESENTATION_CONTEXT('2D SPACE',''
  ) );
#1688 = PCURVE('',#1689,#1694);
#1689 = CYLINDRICAL_SURFACE('',#1690,1.35);
#1690 = AXIS2_PLACEMENT_3D('',#1691,#1692,#1693);
#1691 = CARTESIAN_POINT('',(44.5,92.1,35.2));
#1692 = DIRECTION('',(-0.,-0.,-1.));
#1693 = DIRECTION('',(1.,0.,0.));
#1694 = DEFINITIONAL_REPRESENTATION('',(#1695),#1699);
#1695 = LINE('',#1696,#1697);
#1696 = CARTESIAN_POINT('',(-6.28318530718,-3.));
#1697 = VECTOR('',#1698,1.);
#1698 = DIRECTION('',(1.,-0.));
#1699 = ( GEOMETRIC_REPRESENTATION_CONTEXT(2) 
PARAMETRIC_REPRESENTATION_CONTEXT() REPRESENTATION_CONTEXT('2D SPACE',''
  ) );
#1700 = FACE_BOUND('',#1701,.T.);
#1701 = EDGE_LOOP('',(#1702,#1737,#1765,#1798));
#1702 = ORIENTED_EDGE('',*,*,#1703,.T.);
#1703 = EDGE_CURVE('',#1704,#1706,#1708,.T.);
#1704 = VERTEX_POINT('',#1705);
#1705 = CARTESIAN_POINT('',(74.476450783303,92.426492941849,38.2));
#1706 = VERTEX_POINT('',#1707);
#1707 = CARTESIAN_POINT('',(46.523549216697,92.426492941849,38.2));
#1708 = SURFACE_CURVE('',#1709,(#1714,#1725),.PCURVE_S1.);
#1709 = CIRCLE('',#1710,21.);
#1710 = AXIS2_PLACEMENT_3D('',#1711,#1712,#1713);
#1711 = CARTESIAN_POINT('',(60.5,108.1,38.2));
#1712 = DIRECTION('',(0.,0.,-1.));
#1713 = DIRECTION('',(1.,0.,0.));
#1714 = PCURVE('',#255,#1715);
#1715 = DEFINITIONAL_REPRESENTATION('',(#1716),#1724);
#1716 = ( BOUNDED_CURVE() B_SPLINE_CURVE(2,(#1717,#1718,#1719,#1720,
#1721,#1722,#1723),.UNSPECIFIED.,.T.,.F.) B_SPLINE_CURVE_WITH_KNOTS((1,2
    ,2,2,2,1),(-2.094395102393,0.,2.094395102393,4.188790204786,
6.28318530718,8.377580409573),.UNSPECIFIED.) CURVE() 
GEOMETRIC_REPRESENTATION_ITEM() RATIONAL_B_SPLINE_CURVE((1.,0.5,1.,0.5,
1.,0.5,1.)) REPRESENTATION_ITEM('') );
#1717 = CARTESIAN_POINT('',(174.5,108.1));
#1718 = CARTESIAN_POINT('',(174.5,71.726933041054));
#1719 = CARTESIAN_POINT('',(143.,89.913466520527));
#1720 = CARTESIAN_POINT('',(111.5,108.1));
#1721 = CARTESIAN_POINT('',(143.,126.28653347947));
#1722 = CARTESIAN_POINT('',(174.5,144.47306695894));
#1723 = CARTESIAN_POINT('',(174.5,108.1));
#1724 = ( GEOMETRIC_REPRESENTATION_CONTEXT(2) 
PARAMETRIC_REPRESENTATION_CONTEXT() REPRESENTATION_CONTEXT('2D SPACE',''
  ) );
#1725 = PCURVE('',#1726,#1731);
#1726 = CYLINDRICAL_SURFACE('',#1727,21.);
#1727 = AXIS2_PLACEMENT_3D('',#1728,#1729,#1730);
#1728 = CARTESIAN_POINT('',(60.5,108.1,35.2));
#1729 = DIRECTION('',(-0.,-0.,-1.));
#1730 = DIRECTION('',(1.,0.,0.));
#1731 = DEFINITIONAL_REPRESENTATION('',(#1732),#1736);
#1732 = LINE('',#1733,#1734);
#1733 = CARTESIAN_POINT('',(-6.28318530718,-3.));
#1734 = VECTOR('',#1735,1.);
#1735 = DIRECTION('',(1.,-0.));
#1736 = ( GEOMETRIC_REPRESENTATION_CONTEXT(2) 
PARAMETRIC_REPRESENTATION_CONTEXT() REPRESENTATION_CONTEXT('2D SPACE',''
  ) );
#1737 = ORIENTED_EDGE('',*,*,#1738,.F.);
#1738 = EDGE_CURVE('',#1739,#1706,#1741,.T.);
#1739 = VERTEX_POINT('',#1740);
#1740 = CARTESIAN_POINT('',(47.940321695099,93.843265420251,38.2));
#1741 = SURFACE_CURVE('',#1742,(#1746,#1753),.PCURVE_S1.);
#1742 = LINE('',#1743,#1744);
#1743 = CARTESIAN_POINT('',(78.319090885901,124.22203461105,38.2));
#1744 = VECTOR('',#1745,1.);
#1745 = DIRECTION('',(-0.707106781187,-0.707106781187,0.));
#1746 = PCURVE('',#255,#1747);
#1747 = DEFINITIONAL_REPRESENTATION('',(#1748),#1752);
#1748 = LINE('',#1749,#1750);
#1749 = CARTESIAN_POINT('',(171.3190908859,124.22203461105));
#1750 = VECTOR('',#1751,1.);
#1751 = DIRECTION('',(-0.707106781187,-0.707106781187));
#1752 = ( GEOMETRIC_REPRESENTATION_CONTEXT(2) 
PARAMETRIC_REPRESENTATION_CONTEXT() REPRESENTATION_CONTEXT('2D SPACE',''
  ) );
#1753 = PCURVE('',#1754,#1759);
#1754 = PLANE('',#1755);
#1755 = AXIS2_PLACEMENT_3D('',#1756,#1757,#1758);
#1756 = CARTESIAN_POINT('',(78.319090885901,124.22203461105,35.2));
#1757 = DIRECTION('',(-0.707106781187,0.707106781187,0.));
#1758 = DIRECTION('',(0.,0.,1.));
#1759 = DEFINITIONAL_REPRESENTATION('',(#1760),#1764);
#1760 = LINE('',#1761,#1762);
#1761 = CARTESIAN_POINT('',(3.,0.));
#1762 = VECTOR('',#1763,1.);
#1763 = DIRECTION('',(0.,-1.));
#1764 = ( GEOMETRIC_REPRESENTATION_CONTEXT(2) 
PARAMETRIC_REPRESENTATION_CONTEXT() REPRESENTATION_CONTEXT('2D SPACE',''
  ) );
#1765 = ORIENTED_EDGE('',*,*,#1766,.F.);
#1766 = EDGE_CURVE('',#1767,#1739,#1769,.T.);
#1767 = VERTEX_POINT('',#1768);
#1768 = CARTESIAN_POINT('',(73.059678304901,93.843265420251,38.2));
#1769 = SURFACE_CURVE('',#1770,(#1775,#1786),.PCURVE_S1.);
#1770 = CIRCLE('',#1771,19.);
#1771 = AXIS2_PLACEMENT_3D('',#1772,#1773,#1774);
#1772 = CARTESIAN_POINT('',(60.5,108.1,38.2));
#1773 = DIRECTION('',(0.,0.,-1.));
#1774 = DIRECTION('',(1.,0.,0.));
#1775 = PCURVE('',#255,#1776);
#1776 = DEFINITIONAL_REPRESENTATION('',(#1777),#1785);
#1777 = ( BOUNDED_CURVE() B_SPLINE_CURVE(2,(#1778,#1779,#1780,#1781,
#1782,#1783,#1784),.UNSPECIFIED.,.T.,.F.) B_SPLINE_CURVE_WITH_KNOTS((1,2
    ,2,2,2,1),(-2.094395102393,0.,2.094395102393,4.188790204786,
6.28318530718,8.377580409573),.UNSPECIFIED.) CURVE() 
GEOMETRIC_REPRESENTATION_ITEM() RATIONAL_B_SPLINE_CURVE((1.,0.5,1.,0.5,
1.,0.5,1.)) REPRESENTATION_ITEM('') );
#1778 = CARTESIAN_POINT('',(172.5,108.1));
#1779 = CARTESIAN_POINT('',(172.5,75.191034656191));
#1780 = CARTESIAN_POINT('',(144.,91.645517328096));
#1781 = CARTESIAN_POINT('',(115.5,108.1));
#1782 = CARTESIAN_POINT('',(144.,124.5544826719));
#1783 = CARTESIAN_POINT('',(172.5,141.0089653438));
#1784 = CARTESIAN_POINT('',(172.5,108.1));
#1785 = ( GEOMETRIC_REPRESENTATION_CONTEXT(2) 
PARAMETRIC_REPRESENTATION_CONTEXT() REPRESENTATION_CONTEXT('2D SPACE',''
  ) );
#1786 = PCURVE('',#1787,#1792);
#1787 = CYLINDRICAL_SURFACE('',#1788,19.);
#1788 = AXIS2_PLACEMENT_3D('',#1789,#1790,#1791);
#1789 = CARTESIAN_POINT('',(60.5,108.1,34.2));
#1790 = DIRECTION('',(-0.,-0.,-1.));
#1791 = DIRECTION('',(1.,0.,0.));
#1792 = DEFINITIONAL_REPRESENTATION('',(#1793),#1797);
#1793 = LINE('',#1794,#1795);
#1794 = CARTESIAN_POINT('',(-6.28318530718,-4.));
#1795 = VECTOR('',#1796,1.);
#1796 = DIRECTION('',(1.,-0.));
#1797 = ( GEOMETRIC_REPRESENTATION_CONTEXT(2) 
PARAMETRIC_REPRESENTATION_CONTEXT() REPRESENTATION_CONTEXT('2D SPACE',''
  ) );
#1798 = ORIENTED_EDGE('',*,*,#1799,.F.);
#1799 = EDGE_CURVE('',#1704,#1767,#1800,.T.);
#1800 = SURFACE_CURVE('',#1801,(#1805,#1812),.PCURVE_S1.);
#1801 = LINE('',#1802,#1803);
#1802 = CARTESIAN_POINT('',(76.622034611053,90.280909114099,38.2));
#1803 = VECTOR('',#1804,1.);
#1804 = DIRECTION('',(-0.707106781187,0.707106781187,0.));
#1805 = PCURVE('',#255,#1806);
#1806 = DEFINITIONAL_REPRESENTATION('',(#1807),#1811);
#1807 = LINE('',#1808,#1809);
#1808 = CARTESIAN_POINT('',(169.62203461105,90.280909114099));
#1809 = VECTOR('',#1810,1.);
#1810 = DIRECTION('',(-0.707106781187,0.707106781187));
#1811 = ( GEOMETRIC_REPRESENTATION_CONTEXT(2) 
PARAMETRIC_REPRESENTATION_CONTEXT() REPRESENTATION_CONTEXT('2D SPACE',''
  ) );
#1812 = PCURVE('',#1813,#1818);
#1813 = PLANE('',#1814);
#1814 = AXIS2_PLACEMENT_3D('',#1815,#1816,#1817);
#1815 = CARTESIAN_POINT('',(76.622034611053,90.280909114099,35.2));
#1816 = DIRECTION('',(0.707106781187,0.707106781187,0.));
#1817 = DIRECTION('',(0.,0.,1.));
#1818 = DEFINITIONAL_REPRESENTATION('',(#1819),#1823);
#1819 = LINE('',#1820,#1821);
#1820 = CARTESIAN_POINT('',(3.,0.));
#1821 = VECTOR('',#1822,1.);
#1822 = DIRECTION('',(0.,-1.));
#1823 = ( GEOMETRIC_REPRESENTATION_CONTEXT(2) 
PARAMETRIC_REPRESENTATION_CONTEXT() REPRESENTATION_CONTEXT('2D SPACE',''
  ) );
#1824 = FACE_BOUND('',#1825,.T.);
#1825 = EDGE_LOOP('',(#1826));
#1826 = ORIENTED_EDGE('',*,*,#1827,.T.);
#1827 = EDGE_CURVE('',#1828,#1828,#1830,.T.);
#1828 = VERTEX_POINT('',#1829);
#1829 = CARTESIAN_POINT('',(77.85,92.1,38.2));
#1830 = SURFACE_CURVE('',#1831,(#1836,#1847),.PCURVE_S1.);
#1831 = CIRCLE('',#1832,1.35);
#1832 = AXIS2_PLACEMENT_3D('',#1833,#1834,#1835);
#1833 = CARTESIAN_POINT('',(76.5,92.1,38.2));
#1834 = DIRECTION('',(0.,0.,-1.));
#1835 = DIRECTION('',(1.,0.,0.));
#1836 = PCURVE('',#255,#1837);
#1837 = DEFINITIONAL_REPRESENTATION('',(#1838),#1846);
#1838 = ( BOUNDED_CURVE() B_SPLINE_CURVE(2,(#1839,#1840,#1841,#1842,
#1843,#1844,#1845),.UNSPECIFIED.,.T.,.F.) B_SPLINE_CURVE_WITH_KNOTS((1,2
    ,2,2,2,1),(-2.094395102393,0.,2.094395102393,4.188790204786,
6.28318530718,8.377580409573),.UNSPECIFIED.) CURVE() 
GEOMETRIC_REPRESENTATION_ITEM() RATIONAL_B_SPLINE_CURVE((1.,0.5,1.,0.5,
1.,0.5,1.)) REPRESENTATION_ITEM('') );
#1839 = CARTESIAN_POINT('',(170.85,92.1));
#1840 = CARTESIAN_POINT('',(170.85,89.761731409782));
#1841 = CARTESIAN_POINT('',(168.825,90.930865704891));
#1842 = CARTESIAN_POINT('',(166.8,92.1));
#1843 = CARTESIAN_POINT('',(168.825,93.269134295109));
#1844 = CARTESIAN_POINT('',(170.85,94.438268590218));
#1845 = CARTESIAN_POINT('',(170.85,92.1));
#1846 = ( GEOMETRIC_REPRESENTATION_CONTEXT(2) 
PARAMETRIC_REPRESENTATION_CONTEXT() REPRESENTATION_CONTEXT('2D SPACE',''
  ) );
#1847 = PCURVE('',#1848,#1853);
#1848 = CYLINDRICAL_SURFACE('',#1849,1.35);
#1849 = AXIS2_PLACEMENT_3D('',#1850,#1851,#1852);
#1850 = CARTESIAN_POINT('',(76.5,92.1,35.2));
#1851 = DIRECTION('',(-0.,-0.,-1.));
#1852 = DIRECTION('',(1.,0.,0.));
#1853 = DEFINITIONAL_REPRESENTATION('',(#1854),#1858);
#1854 = LINE('',#1855,#1856);
#1855 = CARTESIAN_POINT('',(-6.28318530718,-3.));
#1856 = VECTOR('',#1857,1.);
#1857 = DIRECTION('',(1.,-0.));
#1858 = ( GEOMETRIC_REPRESENTATION_CONTEXT(2) 
PARAMETRIC_REPRESENTATION_CONTEXT() REPRESENTATION_CONTEXT('2D SPACE',''
  ) );
#1859 = FACE_BOUND('',#1860,.T.);
#1860 = EDGE_LOOP('',(#1861,#1896,#1924,#1957));
#1861 = ORIENTED_EDGE('',*,*,#1862,.T.);
#1862 = EDGE_CURVE('',#1863,#1865,#1867,.T.);
#1863 = VERTEX_POINT('',#1864);
#1864 = CARTESIAN_POINT('',(70.933315683512,95.96962804164,38.2));
#1865 = VERTEX_POINT('',#1866);
#1866 = CARTESIAN_POINT('',(50.066684316488,95.96962804164,38.2));
#1867 = SURFACE_CURVE('',#1868,(#1873,#1884),.PCURVE_S1.);
#1868 = CIRCLE('',#1869,16.);
#1869 = AXIS2_PLACEMENT_3D('',#1870,#1871,#1872);
#1870 = CARTESIAN_POINT('',(60.5,108.1,38.2));
#1871 = DIRECTION('',(0.,0.,-1.));
#1872 = DIRECTION('',(1.,0.,0.));
#1873 = PCURVE('',#255,#1874);
#1874 = DEFINITIONAL_REPRESENTATION('',(#1875),#1883);
#1875 = ( BOUNDED_CURVE() B_SPLINE_CURVE(2,(#1876,#1877,#1878,#1879,
#1880,#1881,#1882),.UNSPECIFIED.,.T.,.F.) B_SPLINE_CURVE_WITH_KNOTS((1,2
    ,2,2,2,1),(-2.094395102393,0.,2.094395102393,4.188790204786,
6.28318530718,8.377580409573),.UNSPECIFIED.) CURVE() 
GEOMETRIC_REPRESENTATION_ITEM() RATIONAL_B_SPLINE_CURVE((1.,0.5,1.,0.5,
1.,0.5,1.)) REPRESENTATION_ITEM('') );
#1876 = CARTESIAN_POINT('',(169.5,108.1));
#1877 = CARTESIAN_POINT('',(169.5,80.387187078898));
#1878 = CARTESIAN_POINT('',(145.5,94.243593539449));
#1879 = CARTESIAN_POINT('',(121.5,108.1));
#1880 = CARTESIAN_POINT('',(145.5,121.95640646055));
#1881 = CARTESIAN_POINT('',(169.5,135.8128129211));
#1882 = CARTESIAN_POINT('',(169.5,108.1));
#1883 = ( GEOMETRIC_REPRESENTATION_CONTEXT(2) 
PARAMETRIC_REPRESENTATION_CONTEXT() REPRESENTATION_CONTEXT('2D SPACE',''
  ) );
#1884 = PCURVE('',#1885,#1890);
#1885 = CYLINDRICAL_SURFACE('',#1886,16.);
#1886 = AXIS2_PLACEMENT_3D('',#1887,#1888,#1889);
#1887 = CARTESIAN_POINT('',(60.5,108.1,35.2));
#1888 = DIRECTION('',(-0.,-0.,-1.));
#1889 = DIRECTION('',(1.,0.,0.));
#1890 = DEFINITIONAL_REPRESENTATION('',(#1891),#1895);
#1891 = LINE('',#1892,#1893);
#1892 = CARTESIAN_POINT('',(-6.28318530718,-3.));
#1893 = VECTOR('',#1894,1.);
#1894 = DIRECTION('',(1.,-0.));
#1895 = ( GEOMETRIC_REPRESENTATION_CONTEXT(2) 
PARAMETRIC_REPRESENTATION_CONTEXT() REPRESENTATION_CONTEXT('2D SPACE',''
  ) );
#1896 = ORIENTED_EDGE('',*,*,#1897,.F.);
#1897 = EDGE_CURVE('',#1898,#1865,#1900,.T.);
#1898 = VERTEX_POINT('',#1899);
#1899 = CARTESIAN_POINT('',(51.485465732673,97.388409457826,38.2));
#1900 = SURFACE_CURVE('',#1901,(#1905,#1912),.PCURVE_S1.);
#1901 = LINE('',#1902,#1903);
#1902 = CARTESIAN_POINT('',(78.319090885901,124.22203461105,38.2));
#1903 = VECTOR('',#1904,1.);
#1904 = DIRECTION('',(-0.707106781187,-0.707106781187,0.));
#1905 = PCURVE('',#255,#1906);
#1906 = DEFINITIONAL_REPRESENTATION('',(#1907),#1911);
#1907 = LINE('',#1908,#1909);
#1908 = CARTESIAN_POINT('',(171.3190908859,124.22203461105));
#1909 = VECTOR('',#1910,1.);
#1910 = DIRECTION('',(-0.707106781187,-0.707106781187));
#1911 = ( GEOMETRIC_REPRESENTATION_CONTEXT(2) 
PARAMETRIC_REPRESENTATION_CONTEXT() REPRESENTATION_CONTEXT('2D SPACE',''
  ) );
#1912 = PCURVE('',#1913,#1918);
#1913 = PLANE('',#1914);
#1914 = AXIS2_PLACEMENT_3D('',#1915,#1916,#1917);
#1915 = CARTESIAN_POINT('',(78.319090885901,124.22203461105,35.2));
#1916 = DIRECTION('',(-0.707106781187,0.707106781187,0.));
#1917 = DIRECTION('',(0.,0.,1.));
#1918 = DEFINITIONAL_REPRESENTATION('',(#1919),#1923);
#1919 = LINE('',#1920,#1921);
#1920 = CARTESIAN_POINT('',(3.,0.));
#1921 = VECTOR('',#1922,1.);
#1922 = DIRECTION('',(0.,-1.));
#1923 = ( GEOMETRIC_REPRESENTATION_CONTEXT(2) 
PARAMETRIC_REPRESENTATION_CONTEXT() REPRESENTATION_CONTEXT('2D SPACE',''
  ) );
#1924 = ORIENTED_EDGE('',*,*,#1925,.F.);
#1925 = EDGE_CURVE('',#1926,#1898,#1928,.T.);
#1926 = VERTEX_POINT('',#1927);
#1927 = CARTESIAN_POINT('',(69.514534267326,97.388409457826,38.2));
#1928 = SURFACE_CURVE('',#1929,(#1934,#1945),.PCURVE_S1.);
#1929 = CIRCLE('',#1930,14.);
#1930 = AXIS2_PLACEMENT_3D('',#1931,#1932,#1933);
#1931 = CARTESIAN_POINT('',(60.5,108.1,38.2));
#1932 = DIRECTION('',(0.,0.,-1.));
#1933 = DIRECTION('',(1.,0.,0.));
#1934 = PCURVE('',#255,#1935);
#1935 = DEFINITIONAL_REPRESENTATION('',(#1936),#1944);
#1936 = ( BOUNDED_CURVE() B_SPLINE_CURVE(2,(#1937,#1938,#1939,#1940,
#1941,#1942,#1943),.UNSPECIFIED.,.T.,.F.) B_SPLINE_CURVE_WITH_KNOTS((1,2
    ,2,2,2,1),(-2.094395102393,0.,2.094395102393,4.188790204786,
6.28318530718,8.377580409573),.UNSPECIFIED.) CURVE() 
GEOMETRIC_REPRESENTATION_ITEM() RATIONAL_B_SPLINE_CURVE((1.,0.5,1.,0.5,
1.,0.5,1.)) REPRESENTATION_ITEM('') );
#1937 = CARTESIAN_POINT('',(167.5,108.1));
#1938 = CARTESIAN_POINT('',(167.5,83.851288694036));
#1939 = CARTESIAN_POINT('',(146.5,95.975644347018));
#1940 = CARTESIAN_POINT('',(125.5,108.1));
#1941 = CARTESIAN_POINT('',(146.5,120.22435565298));
#1942 = CARTESIAN_POINT('',(167.5,132.34871130596));
#1943 = CARTESIAN_POINT('',(167.5,108.1));
#1944 = ( GEOMETRIC_REPRESENTATION_CONTEXT(2) 
PARAMETRIC_REPRESENTATION_CONTEXT() REPRESENTATION_CONTEXT('2D SPACE',''
  ) );
#1945 = PCURVE('',#1946,#1951);
#1946 = CYLINDRICAL_SURFACE('',#1947,14.);
#1947 = AXIS2_PLACEMENT_3D('',#1948,#1949,#1950);
#1948 = CARTESIAN_POINT('',(60.5,108.1,34.2));
#1949 = DIRECTION('',(-0.,-0.,-1.));
#1950 = DIRECTION('',(1.,0.,0.));
#1951 = DEFINITIONAL_REPRESENTATION('',(#1952),#1956);
#1952 = LINE('',#1953,#1954);
#1953 = CARTESIAN_POINT('',(-6.28318530718,-4.));
#1954 = VECTOR('',#1955,1.);
#1955 = DIRECTION('',(1.,-0.));
#1956 = ( GEOMETRIC_REPRESENTATION_CONTEXT(2) 
PARAMETRIC_REPRESENTATION_CONTEXT() REPRESENTATION_CONTEXT('2D SPACE',''
  ) );
#1957 = ORIENTED_EDGE('',*,*,#1958,.F.);
#1958 = EDGE_CURVE('',#1863,#1926,#1959,.T.);
#1959 = SURFACE_CURVE('',#1960,(#1964,#1971),.PCURVE_S1.);
#1960 = LINE('',#1961,#1962);
#1961 = CARTESIAN_POINT('',(76.622034611053,90.280909114099,38.2));
#1962 = VECTOR('',#1963,1.);
#1963 = DIRECTION('',(-0.707106781187,0.707106781187,0.));
#1964 = PCURVE('',#255,#1965);
#1965 = DEFINITIONAL_REPRESENTATION('',(#1966),#1970);
#1966 = LINE('',#1967,#1968);
#1967 = CARTESIAN_POINT('',(169.62203461105,90.280909114099));
#1968 = VECTOR('',#1969,1.);
#1969 = DIRECTION('',(-0.707106781187,0.707106781187));
#1970 = ( GEOMETRIC_REPRESENTATION_CONTEXT(2) 
PARAMETRIC_REPRESENTATION_CONTEXT() REPRESENTATION_CONTEXT('2D SPACE',''
  ) );
#1971 = PCURVE('',#1972,#1977);
#1972 = PLANE('',#1973);
#1973 = AXIS2_PLACEMENT_3D('',#1974,#1975,#1976);
#1974 = CARTESIAN_POINT('',(76.622034611053,90.280909114099,35.2));
#1975 = DIRECTION('',(0.707106781187,0.707106781187,0.));
#1976 = DIRECTION('',(0.,0.,1.));
#1977 = DEFINITIONAL_REPRESENTATION('',(#1978),#1982);
#1978 = LINE('',#1979,#1980);
#1979 = CARTESIAN_POINT('',(3.,0.));
#1980 = VECTOR('',#1981,1.);
#1981 = DIRECTION('',(0.,-1.));
#1982 = ( GEOMETRIC_REPRESENTATION_CONTEXT(2) 
PARAMETRIC_REPRESENTATION_CONTEXT() REPRESENTATION_CONTEXT('2D SPACE',''
  ) );
#1983 = FACE_BOUND('',#1984,.T.);
#1984 = EDGE_LOOP('',(#1985,#2020,#2048,#2081));
#1985 = ORIENTED_EDGE('',*,*,#1986,.T.);
#1986 = EDGE_CURVE('',#1987,#1989,#1991,.T.);
#1987 = VERTEX_POINT('',#1988);
#1988 = CARTESIAN_POINT('',(67.383224574607,99.519719150545,38.2));
#1989 = VERTEX_POINT('',#1990);
#1990 = CARTESIAN_POINT('',(53.616775425393,99.519719150545,38.2));
#1991 = SURFACE_CURVE('',#1992,(#1997,#2008),.PCURVE_S1.);
#1992 = CIRCLE('',#1993,11.);
#1993 = AXIS2_PLACEMENT_3D('',#1994,#1995,#1996);
#1994 = CARTESIAN_POINT('',(60.5,108.1,38.2));
#1995 = DIRECTION('',(0.,0.,-1.));
#1996 = DIRECTION('',(1.,0.,0.));
#1997 = PCURVE('',#255,#1998);
#1998 = DEFINITIONAL_REPRESENTATION('',(#1999),#2007);
#1999 = ( BOUNDED_CURVE() B_SPLINE_CURVE(2,(#2000,#2001,#2002,#2003,
#2004,#2005,#2006),.UNSPECIFIED.,.T.,.F.) B_SPLINE_CURVE_WITH_KNOTS((1,2
    ,2,2,2,1),(-2.094395102393,0.,2.094395102393,4.188790204786,
6.28318530718,8.377580409573),.UNSPECIFIED.) CURVE() 
GEOMETRIC_REPRESENTATION_ITEM() RATIONAL_B_SPLINE_CURVE((1.,0.5,1.,0.5,
1.,0.5,1.)) REPRESENTATION_ITEM('') );
#2000 = CARTESIAN_POINT('',(164.5,108.1));
#2001 = CARTESIAN_POINT('',(164.5,89.047441116742));
#2002 = CARTESIAN_POINT('',(148.,98.573720558371));
#2003 = CARTESIAN_POINT('',(131.5,108.1));
#2004 = CARTESIAN_POINT('',(148.,117.62627944162));
#2005 = CARTESIAN_POINT('',(164.5,127.15255888325));
#2006 = CARTESIAN_POINT('',(164.5,108.1));
#2007 = ( GEOMETRIC_REPRESENTATION_CONTEXT(2) 
PARAMETRIC_REPRESENTATION_CONTEXT() REPRESENTATION_CONTEXT('2D SPACE',''
  ) );
#2008 = PCURVE('',#2009,#2014);
#2009 = CYLINDRICAL_SURFACE('',#2010,11.);
#2010 = AXIS2_PLACEMENT_3D('',#2011,#2012,#2013);
#2011 = CARTESIAN_POINT('',(60.5,108.1,35.2));
#2012 = DIRECTION('',(-0.,-0.,-1.));
#2013 = DIRECTION('',(1.,0.,0.));
#2014 = DEFINITIONAL_REPRESENTATION('',(#2015),#2019);
#2015 = LINE('',#2016,#2017);
#2016 = CARTESIAN_POINT('',(-6.28318530718,-3.));
#2017 = VECTOR('',#2018,1.);
#2018 = DIRECTION('',(1.,-0.));
#2019 = ( GEOMETRIC_REPRESENTATION_CONTEXT(2) 
PARAMETRIC_REPRESENTATION_CONTEXT() REPRESENTATION_CONTEXT('2D SPACE',''
  ) );
#2020 = ORIENTED_EDGE('',*,*,#2021,.F.);
#2021 = EDGE_CURVE('',#2022,#1989,#2024,.T.);
#2022 = VERTEX_POINT('',#2023);
#2023 = CARTESIAN_POINT('',(55.041389324936,100.94433305008,38.2));
#2024 = SURFACE_CURVE('',#2025,(#2029,#2036),.PCURVE_S1.);
#2025 = LINE('',#2026,#2027);
#2026 = CARTESIAN_POINT('',(78.319090885901,124.22203461105,38.2));
#2027 = VECTOR('',#2028,1.);
#2028 = DIRECTION('',(-0.707106781187,-0.707106781187,0.));
#2029 = PCURVE('',#255,#2030);
#2030 = DEFINITIONAL_REPRESENTATION('',(#2031),#2035);
#2031 = LINE('',#2032,#2033);
#2032 = CARTESIAN_POINT('',(171.3190908859,124.22203461105));
#2033 = VECTOR('',#2034,1.);
#2034 = DIRECTION('',(-0.707106781187,-0.707106781187));
#2035 = ( GEOMETRIC_REPRESENTATION_CONTEXT(2) 
PARAMETRIC_REPRESENTATION_CONTEXT() REPRESENTATION_CONTEXT('2D SPACE',''
  ) );
#2036 = PCURVE('',#2037,#2042);
#2037 = PLANE('',#2038);
#2038 = AXIS2_PLACEMENT_3D('',#2039,#2040,#2041);
#2039 = CARTESIAN_POINT('',(78.319090885901,124.22203461105,35.2));
#2040 = DIRECTION('',(-0.707106781187,0.707106781187,0.));
#2041 = DIRECTION('',(0.,0.,1.));
#2042 = DEFINITIONAL_REPRESENTATION('',(#2043),#2047);
#2043 = LINE('',#2044,#2045);
#2044 = CARTESIAN_POINT('',(3.,0.));
#2045 = VECTOR('',#2046,1.);
#2046 = DIRECTION('',(0.,-1.));
#2047 = ( GEOMETRIC_REPRESENTATION_CONTEXT(2) 
PARAMETRIC_REPRESENTATION_CONTEXT() REPRESENTATION_CONTEXT('2D SPACE',''
  ) );
#2048 = ORIENTED_EDGE('',*,*,#2049,.F.);
#2049 = EDGE_CURVE('',#2050,#2022,#2052,.T.);
#2050 = VERTEX_POINT('',#2051);
#2051 = CARTESIAN_POINT('',(65.958610675064,100.94433305008,38.2));
#2052 = SURFACE_CURVE('',#2053,(#2058,#2069),.PCURVE_S1.);
#2053 = CIRCLE('',#2054,9.);
#2054 = AXIS2_PLACEMENT_3D('',#2055,#2056,#2057);
#2055 = CARTESIAN_POINT('',(60.5,108.1,38.2));
#2056 = DIRECTION('',(0.,0.,-1.));
#2057 = DIRECTION('',(1.,0.,0.));
#2058 = PCURVE('',#255,#2059);
#2059 = DEFINITIONAL_REPRESENTATION('',(#2060),#2068);
#2060 = ( BOUNDED_CURVE() B_SPLINE_CURVE(2,(#2061,#2062,#2063,#2064,
#2065,#2066,#2067),.UNSPECIFIED.,.T.,.F.) B_SPLINE_CURVE_WITH_KNOTS((1,2
    ,2,2,2,1),(-2.094395102393,0.,2.094395102393,4.188790204786,
6.28318530718,8.377580409573),.UNSPECIFIED.) CURVE() 
GEOMETRIC_REPRESENTATION_ITEM() RATIONAL_B_SPLINE_CURVE((1.,0.5,1.,0.5,
1.,0.5,1.)) REPRESENTATION_ITEM('') );
#2061 = CARTESIAN_POINT('',(162.5,108.1));
#2062 = CARTESIAN_POINT('',(162.5,92.51154273188));
#2063 = CARTESIAN_POINT('',(149.,100.30577136594));
#2064 = CARTESIAN_POINT('',(135.5,108.1));
#2065 = CARTESIAN_POINT('',(149.,115.89422863406));
#2066 = CARTESIAN_POINT('',(162.5,123.68845726812));
#2067 = CARTESIAN_POINT('',(162.5,108.1));
#2068 = ( GEOMETRIC_REPRESENTATION_CONTEXT(2) 
PARAMETRIC_REPRESENTATION_CONTEXT() REPRESENTATION_CONTEXT('2D SPACE',''
  ) );
#2069 = PCURVE('',#2070,#2075);
#2070 = CYLINDRICAL_SURFACE('',#2071,9.);
#2071 = AXIS2_PLACEMENT_3D('',#2072,#2073,#2074);
#2072 = CARTESIAN_POINT('',(60.5,108.1,34.2));
#2073 = DIRECTION('',(-0.,-0.,-1.));
#2074 = DIRECTION('',(1.,0.,0.));
#2075 = DEFINITIONAL_REPRESENTATION('',(#2076),#2080);
#2076 = LINE('',#2077,#2078);
#2077 = CARTESIAN_POINT('',(-6.28318530718,-4.));
#2078 = VECTOR('',#2079,1.);
#2079 = DIRECTION('',(1.,-0.));
#2080 = ( GEOMETRIC_REPRESENTATION_CONTEXT(2) 
PARAMETRIC_REPRESENTATION_CONTEXT() REPRESENTATION_CONTEXT('2D SPACE',''
  ) );
#2081 = ORIENTED_EDGE('',*,*,#2082,.F.);
#2082 = EDGE_CURVE('',#1987,#2050,#2083,.T.);
#2083 = SURFACE_CURVE('',#2084,(#2088,#2095),.PCURVE_S1.);
#2084 = LINE('',#2085,#2086);
#2085 = CARTESIAN_POINT('',(76.622034611053,90.280909114099,38.2));
#2086 = VECTOR('',#2087,1.);
#2087 = DIRECTION('',(-0.707106781187,0.707106781187,0.));
#2088 = PCURVE('',#255,#2089);
#2089 = DEFINITIONAL_REPRESENTATION('',(#2090),#2094);
#2090 = LINE('',#2091,#2092);
#2091 = CARTESIAN_POINT('',(169.62203461105,90.280909114099));
#2092 = VECTOR('',#2093,1.);
#2093 = DIRECTION('',(-0.707106781187,0.707106781187));
#2094 = ( GEOMETRIC_REPRESENTATION_CONTEXT(2) 
PARAMETRIC_REPRESENTATION_CONTEXT() REPRESENTATION_CONTEXT('2D SPACE',''
  ) );
#2095 = PCURVE('',#2096,#2101);
#2096 = PLANE('',#2097);
#2097 = AXIS2_PLACEMENT_3D('',#2098,#2099,#2100);
#2098 = CARTESIAN_POINT('',(76.622034611053,90.280909114099,35.2));
#2099 = DIRECTION('',(0.707106781187,0.707106781187,0.));
#2100 = DIRECTION('',(0.,0.,1.));
#2101 = DEFINITIONAL_REPRESENTATION('',(#2102),#2106);
#2102 = LINE('',#2103,#2104);
#2103 = CARTESIAN_POINT('',(3.,0.));
#2104 = VECTOR('',#2105,1.);
#2105 = DIRECTION('',(0.,-1.));
#2106 = ( GEOMETRIC_REPRESENTATION_CONTEXT(2) 
PARAMETRIC_REPRESENTATION_CONTEXT() REPRESENTATION_CONTEXT('2D SPACE',''
  ) );
#2107 = FACE_BOUND('',#2108,.T.);
#2108 = EDGE_LOOP('',(#2109,#2144,#2172,#2205));
#2109 = ORIENTED_EDGE('',*,*,#2110,.F.);
#2110 = EDGE_CURVE('',#2111,#2113,#2115,.T.);
#2111 = VERTEX_POINT('',#2112);
#2112 = CARTESIAN_POINT('',(46.243265420251,95.540321695099,38.2));
#2113 = VERTEX_POINT('',#2114);
#2114 = CARTESIAN_POINT('',(46.243265420251,120.6596783049,38.2));
#2115 = SURFACE_CURVE('',#2116,(#2121,#2132),.PCURVE_S1.);
#2116 = CIRCLE('',#2117,19.);
#2117 = AXIS2_PLACEMENT_3D('',#2118,#2119,#2120);
#2118 = CARTESIAN_POINT('',(60.5,108.1,38.2));
#2119 = DIRECTION('',(0.,0.,-1.));
#2120 = DIRECTION('',(1.,0.,0.));
#2121 = PCURVE('',#255,#2122);
#2122 = DEFINITIONAL_REPRESENTATION('',(#2123),#2131);
#2123 = ( BOUNDED_CURVE() B_SPLINE_CURVE(2,(#2124,#2125,#2126,#2127,
#2128,#2129,#2130),.UNSPECIFIED.,.T.,.F.) B_SPLINE_CURVE_WITH_KNOTS((1,2
    ,2,2,2,1),(-2.094395102393,0.,2.094395102393,4.188790204786,
6.28318530718,8.377580409573),.UNSPECIFIED.) CURVE() 
GEOMETRIC_REPRESENTATION_ITEM() RATIONAL_B_SPLINE_CURVE((1.,0.5,1.,0.5,
1.,0.5,1.)) REPRESENTATION_ITEM('') );
#2124 = CARTESIAN_POINT('',(172.5,108.1));
#2125 = CARTESIAN_POINT('',(172.5,75.191034656191));
#2126 = CARTESIAN_POINT('',(144.,91.645517328096));
#2127 = CARTESIAN_POINT('',(115.5,108.1));
#2128 = CARTESIAN_POINT('',(144.,124.5544826719));
#2129 = CARTESIAN_POINT('',(172.5,141.0089653438));
#2130 = CARTESIAN_POINT('',(172.5,108.1));
#2131 = ( GEOMETRIC_REPRESENTATION_CONTEXT(2) 
PARAMETRIC_REPRESENTATION_CONTEXT() REPRESENTATION_CONTEXT('2D SPACE',''
  ) );
#2132 = PCURVE('',#2133,#2138);
#2133 = CYLINDRICAL_SURFACE('',#2134,19.);
#2134 = AXIS2_PLACEMENT_3D('',#2135,#2136,#2137);
#2135 = CARTESIAN_POINT('',(60.5,108.1,34.2));
#2136 = DIRECTION('',(-0.,-0.,-1.));
#2137 = DIRECTION('',(1.,0.,0.));
#2138 = DEFINITIONAL_REPRESENTATION('',(#2139),#2143);
#2139 = LINE('',#2140,#2141);
#2140 = CARTESIAN_POINT('',(-6.28318530718,-4.));
#2141 = VECTOR('',#2142,1.);
#2142 = DIRECTION('',(1.,-0.));
#2143 = ( GEOMETRIC_REPRESENTATION_CONTEXT(2) 
PARAMETRIC_REPRESENTATION_CONTEXT() REPRESENTATION_CONTEXT('2D SPACE',''
  ) );
#2144 = ORIENTED_EDGE('',*,*,#2145,.T.);
#2145 = EDGE_CURVE('',#2111,#2146,#2148,.T.);
#2146 = VERTEX_POINT('',#2147);
#2147 = CARTESIAN_POINT('',(44.826492941849,94.123549216697,38.2));
#2148 = SURFACE_CURVE('',#2149,(#2153,#2160),.PCURVE_S1.);
#2149 = LINE('',#2150,#2151);
#2150 = CARTESIAN_POINT('',(76.622034611053,125.9190908859,38.2));
#2151 = VECTOR('',#2152,1.);
#2152 = DIRECTION('',(-0.707106781187,-0.707106781187,0.));
#2153 = PCURVE('',#255,#2154);
#2154 = DEFINITIONAL_REPRESENTATION('',(#2155),#2159);
#2155 = LINE('',#2156,#2157);
#2156 = CARTESIAN_POINT('',(169.62203461105,125.9190908859));
#2157 = VECTOR('',#2158,1.);
#2158 = DIRECTION('',(-0.707106781187,-0.707106781187));
#2159 = ( GEOMETRIC_REPRESENTATION_CONTEXT(2) 
PARAMETRIC_REPRESENTATION_CONTEXT() REPRESENTATION_CONTEXT('2D SPACE',''
  ) );
#2160 = PCURVE('',#2161,#2166);
#2161 = PLANE('',#2162);
#2162 = AXIS2_PLACEMENT_3D('',#2163,#2164,#2165);
#2163 = CARTESIAN_POINT('',(76.622034611053,125.9190908859,35.2));
#2164 = DIRECTION('',(-0.707106781187,0.707106781187,0.));
#2165 = DIRECTION('',(0.,0.,1.));
#2166 = DEFINITIONAL_REPRESENTATION('',(#2167),#2171);
#2167 = LINE('',#2168,#2169);
#2168 = CARTESIAN_POINT('',(3.,0.));
#2169 = VECTOR('',#2170,1.);
#2170 = DIRECTION('',(0.,-1.));
#2171 = ( GEOMETRIC_REPRESENTATION_CONTEXT(2) 
PARAMETRIC_REPRESENTATION_CONTEXT() REPRESENTATION_CONTEXT('2D SPACE',''
  ) );
#2172 = ORIENTED_EDGE('',*,*,#2173,.T.);
#2173 = EDGE_CURVE('',#2146,#2174,#2176,.T.);
#2174 = VERTEX_POINT('',#2175);
#2175 = CARTESIAN_POINT('',(44.826492941849,122.0764507833,38.2));
#2176 = SURFACE_CURVE('',#2177,(#2182,#2193),.PCURVE_S1.);
#2177 = CIRCLE('',#2178,21.);
#2178 = AXIS2_PLACEMENT_3D('',#2179,#2180,#2181);
#2179 = CARTESIAN_POINT('',(60.5,108.1,38.2));
#2180 = DIRECTION('',(0.,0.,-1.));
#2181 = DIRECTION('',(1.,0.,0.));
#2182 = PCURVE('',#255,#2183);
#2183 = DEFINITIONAL_REPRESENTATION('',(#2184),#2192);
#2184 = ( BOUNDED_CURVE() B_SPLINE_CURVE(2,(#2185,#2186,#2187,#2188,
#2189,#2190,#2191),.UNSPECIFIED.,.T.,.F.) B_SPLINE_CURVE_WITH_KNOTS((1,2
    ,2,2,2,1),(-2.094395102393,0.,2.094395102393,4.188790204786,
6.28318530718,8.377580409573),.UNSPECIFIED.) CURVE() 
GEOMETRIC_REPRESENTATION_ITEM() RATIONAL_B_SPLINE_CURVE((1.,0.5,1.,0.5,
1.,0.5,1.)) REPRESENTATION_ITEM('') );
#2185 = CARTESIAN_POINT('',(174.5,108.1));
#2186 = CARTESIAN_POINT('',(174.5,71.726933041054));
#2187 = CARTESIAN_POINT('',(143.,89.913466520527));
#2188 = CARTESIAN_POINT('',(111.5,108.1));
#2189 = CARTESIAN_POINT('',(143.,126.28653347947));
#2190 = CARTESIAN_POINT('',(174.5,144.47306695894));
#2191 = CARTESIAN_POINT('',(174.5,108.1));
#2192 = ( GEOMETRIC_REPRESENTATION_CONTEXT(2) 
PARAMETRIC_REPRESENTATION_CONTEXT() REPRESENTATION_CONTEXT('2D SPACE',''
  ) );
#2193 = PCURVE('',#2194,#2199);
#2194 = CYLINDRICAL_SURFACE('',#2195,21.);
#2195 = AXIS2_PLACEMENT_3D('',#2196,#2197,#2198);
#2196 = CARTESIAN_POINT('',(60.5,108.1,35.2));
#2197 = DIRECTION('',(-0.,-0.,-1.));
#2198 = DIRECTION('',(1.,0.,0.));
#2199 = DEFINITIONAL_REPRESENTATION('',(#2200),#2204);
#2200 = LINE('',#2201,#2202);
#2201 = CARTESIAN_POINT('',(-6.28318530718,-3.));
#2202 = VECTOR('',#2203,1.);
#2203 = DIRECTION('',(1.,-0.));
#2204 = ( GEOMETRIC_REPRESENTATION_CONTEXT(2) 
PARAMETRIC_REPRESENTATION_CONTEXT() REPRESENTATION_CONTEXT('2D SPACE',''
  ) );
#2205 = ORIENTED_EDGE('',*,*,#2206,.F.);
#2206 = EDGE_CURVE('',#2113,#2174,#2207,.T.);
#2207 = SURFACE_CURVE('',#2208,(#2212,#2219),.PCURVE_S1.);
#2208 = LINE('',#2209,#2210);
#2209 = CARTESIAN_POINT('',(76.622034611053,90.280909114099,38.2));
#2210 = VECTOR('',#2211,1.);
#2211 = DIRECTION('',(-0.707106781187,0.707106781187,0.));
#2212 = PCURVE('',#255,#2213);
#2213 = DEFINITIONAL_REPRESENTATION('',(#2214),#2218);
#2214 = LINE('',#2215,#2216);
#2215 = CARTESIAN_POINT('',(169.62203461105,90.280909114099));
#2216 = VECTOR('',#2217,1.);
#2217 = DIRECTION('',(-0.707106781187,0.707106781187));
#2218 = ( GEOMETRIC_REPRESENTATION_CONTEXT(2) 
PARAMETRIC_REPRESENTATION_CONTEXT() REPRESENTATION_CONTEXT('2D SPACE',''
  ) );
#2219 = PCURVE('',#2220,#2225);
#2220 = PLANE('',#2221);
#2221 = AXIS2_PLACEMENT_3D('',#2222,#2223,#2224);
#2222 = CARTESIAN_POINT('',(76.622034611053,90.280909114099,35.2));
#2223 = DIRECTION('',(0.707106781187,0.707106781187,0.));
#2224 = DIRECTION('',(0.,0.,1.));
#2225 = DEFINITIONAL_REPRESENTATION('',(#2226),#2230);
#2226 = LINE('',#2227,#2228);
#2227 = CARTESIAN_POINT('',(3.,0.));
#2228 = VECTOR('',#2229,1.);
#2229 = DIRECTION('',(0.,-1.));
#2230 = ( GEOMETRIC_REPRESENTATION_CONTEXT(2) 
PARAMETRIC_REPRESENTATION_CONTEXT() REPRESENTATION_CONTEXT('2D SPACE',''
  ) );
#2231 = FACE_BOUND('',#2232,.T.);
#2232 = EDGE_LOOP('',(#2233,#2268,#2296,#2329));
#2233 = ORIENTED_EDGE('',*,*,#2234,.T.);
#2234 = EDGE_CURVE('',#2235,#2237,#2239,.T.);
#2235 = VERTEX_POINT('',#2236);
#2236 = CARTESIAN_POINT('',(63.808393800741,103.09454992441,38.2));
#2237 = VERTEX_POINT('',#2238);
#2238 = CARTESIAN_POINT('',(57.191606199259,103.09454992441,38.2));
#2239 = SURFACE_CURVE('',#2240,(#2245,#2256),.PCURVE_S1.);
#2240 = CIRCLE('',#2241,6.);
#2241 = AXIS2_PLACEMENT_3D('',#2242,#2243,#2244);
#2242 = CARTESIAN_POINT('',(60.5,108.1,38.2));
#2243 = DIRECTION('',(0.,0.,-1.));
#2244 = DIRECTION('',(1.,0.,0.));
#2245 = PCURVE('',#255,#2246);
#2246 = DEFINITIONAL_REPRESENTATION('',(#2247),#2255);
#2247 = ( BOUNDED_CURVE() B_SPLINE_CURVE(2,(#2248,#2249,#2250,#2251,
#2252,#2253,#2254),.UNSPECIFIED.,.T.,.F.) B_SPLINE_CURVE_WITH_KNOTS((1,2
    ,2,2,2,1),(-2.094395102393,0.,2.094395102393,4.188790204786,
6.28318530718,8.377580409573),.UNSPECIFIED.) CURVE() 
GEOMETRIC_REPRESENTATION_ITEM() RATIONAL_B_SPLINE_CURVE((1.,0.5,1.,0.5,
1.,0.5,1.)) REPRESENTATION_ITEM('') );
#2248 = CARTESIAN_POINT('',(159.5,108.1));
#2249 = CARTESIAN_POINT('',(159.5,97.707695154587));
#2250 = CARTESIAN_POINT('',(150.5,102.90384757729));
#2251 = CARTESIAN_POINT('',(141.5,108.1));
#2252 = CARTESIAN_POINT('',(150.5,113.2961524227));
#2253 = CARTESIAN_POINT('',(159.5,118.49230484541));
#2254 = CARTESIAN_POINT('',(159.5,108.1));
#2255 = ( GEOMETRIC_REPRESENTATION_CONTEXT(2) 
PARAMETRIC_REPRESENTATION_CONTEXT() REPRESENTATION_CONTEXT('2D SPACE',''
  ) );
#2256 = PCURVE('',#2257,#2262);
#2257 = CYLINDRICAL_SURFACE('',#2258,6.);
#2258 = AXIS2_PLACEMENT_3D('',#2259,#2260,#2261);
#2259 = CARTESIAN_POINT('',(60.5,108.1,35.2));
#2260 = DIRECTION('',(-0.,-0.,-1.));
#2261 = DIRECTION('',(1.,0.,0.));
#2262 = DEFINITIONAL_REPRESENTATION('',(#2263),#2267);
#2263 = LINE('',#2264,#2265);
#2264 = CARTESIAN_POINT('',(-6.28318530718,-3.));
#2265 = VECTOR('',#2266,1.);
#2266 = DIRECTION('',(1.,-0.));
#2267 = ( GEOMETRIC_REPRESENTATION_CONTEXT(2) 
PARAMETRIC_REPRESENTATION_CONTEXT() REPRESENTATION_CONTEXT('2D SPACE',''
  ) );
#2268 = ORIENTED_EDGE('',*,*,#2269,.F.);
#2269 = EDGE_CURVE('',#2270,#2237,#2272,.T.);
#2270 = VERTEX_POINT('',#2271);
#2271 = CARTESIAN_POINT('',(58.650380624778,104.55332434993,38.2));
#2272 = SURFACE_CURVE('',#2273,(#2277,#2284),.PCURVE_S1.);
#2273 = LINE('',#2274,#2275);
#2274 = CARTESIAN_POINT('',(78.319090885901,124.22203461105,38.2));
#2275 = VECTOR('',#2276,1.);
#2276 = DIRECTION('',(-0.707106781187,-0.707106781187,0.));
#2277 = PCURVE('',#255,#2278);
#2278 = DEFINITIONAL_REPRESENTATION('',(#2279),#2283);
#2279 = LINE('',#2280,#2281);
#2280 = CARTESIAN_POINT('',(171.3190908859,124.22203461105));
#2281 = VECTOR('',#2282,1.);
#2282 = DIRECTION('',(-0.707106781187,-0.707106781187));
#2283 = ( GEOMETRIC_REPRESENTATION_CONTEXT(2) 
PARAMETRIC_REPRESENTATION_CONTEXT() REPRESENTATION_CONTEXT('2D SPACE',''
  ) );
#2284 = PCURVE('',#2285,#2290);
#2285 = PLANE('',#2286);
#2286 = AXIS2_PLACEMENT_3D('',#2287,#2288,#2289);
#2287 = CARTESIAN_POINT('',(78.319090885901,124.22203461105,35.2));
#2288 = DIRECTION('',(-0.707106781187,0.707106781187,0.));
#2289 = DIRECTION('',(0.,0.,1.));
#2290 = DEFINITIONAL_REPRESENTATION('',(#2291),#2295);
#2291 = LINE('',#2292,#2293);
#2292 = CARTESIAN_POINT('',(3.,0.));
#2293 = VECTOR('',#2294,1.);
#2294 = DIRECTION('',(0.,-1.));
#2295 = ( GEOMETRIC_REPRESENTATION_CONTEXT(2) 
PARAMETRIC_REPRESENTATION_CONTEXT() REPRESENTATION_CONTEXT('2D SPACE',''
  ) );
#2296 = ORIENTED_EDGE('',*,*,#2297,.F.);
#2297 = EDGE_CURVE('',#2298,#2270,#2300,.T.);
#2298 = VERTEX_POINT('',#2299);
#2299 = CARTESIAN_POINT('',(62.349619375223,104.55332434993,38.2));
#2300 = SURFACE_CURVE('',#2301,(#2306,#2317),.PCURVE_S1.);
#2301 = CIRCLE('',#2302,4.);
#2302 = AXIS2_PLACEMENT_3D('',#2303,#2304,#2305);
#2303 = CARTESIAN_POINT('',(60.5,108.1,38.2));
#2304 = DIRECTION('',(0.,0.,-1.));
#2305 = DIRECTION('',(1.,0.,0.));
#2306 = PCURVE('',#255,#2307);
#2307 = DEFINITIONAL_REPRESENTATION('',(#2308),#2316);
#2308 = ( BOUNDED_CURVE() B_SPLINE_CURVE(2,(#2309,#2310,#2311,#2312,
#2313,#2314,#2315),.UNSPECIFIED.,.T.,.F.) B_SPLINE_CURVE_WITH_KNOTS((1,2
    ,2,2,2,1),(-2.094395102393,0.,2.094395102393,4.188790204786,
6.28318530718,8.377580409573),.UNSPECIFIED.) CURVE() 
GEOMETRIC_REPRESENTATION_ITEM() RATIONAL_B_SPLINE_CURVE((1.,0.5,1.,0.5,
1.,0.5,1.)) REPRESENTATION_ITEM('') );
#2309 = CARTESIAN_POINT('',(157.5,108.1));
#2310 = CARTESIAN_POINT('',(157.5,101.17179676972));
#2311 = CARTESIAN_POINT('',(151.5,104.63589838486));
#2312 = CARTESIAN_POINT('',(145.5,108.1));
#2313 = CARTESIAN_POINT('',(151.5,111.56410161513));
#2314 = CARTESIAN_POINT('',(157.5,115.02820323027));
#2315 = CARTESIAN_POINT('',(157.5,108.1));
#2316 = ( GEOMETRIC_REPRESENTATION_CONTEXT(2) 
PARAMETRIC_REPRESENTATION_CONTEXT() REPRESENTATION_CONTEXT('2D SPACE',''
  ) );
#2317 = PCURVE('',#2318,#2323);
#2318 = CYLINDRICAL_SURFACE('',#2319,4.);
#2319 = AXIS2_PLACEMENT_3D('',#2320,#2321,#2322);
#2320 = CARTESIAN_POINT('',(60.5,108.1,34.2));
#2321 = DIRECTION('',(-0.,-0.,-1.));
#2322 = DIRECTION('',(1.,0.,0.));
#2323 = DEFINITIONAL_REPRESENTATION('',(#2324),#2328);
#2324 = LINE('',#2325,#2326);
#2325 = CARTESIAN_POINT('',(-6.28318530718,-4.));
#2326 = VECTOR('',#2327,1.);
#2327 = DIRECTION('',(1.,-0.));
#2328 = ( GEOMETRIC_REPRESENTATION_CONTEXT(2) 
PARAMETRIC_REPRESENTATION_CONTEXT() REPRESENTATION_CONTEXT('2D SPACE',''
  ) );
#2329 = ORIENTED_EDGE('',*,*,#2330,.F.);
#2330 = EDGE_CURVE('',#2235,#2298,#2331,.T.);
#2331 = SURFACE_CURVE('',#2332,(#2336,#2343),.PCURVE_S1.);
#2332 = LINE('',#2333,#2334);
#2333 = CARTESIAN_POINT('',(76.622034611053,90.280909114099,38.2));
#2334 = VECTOR('',#2335,1.);
#2335 = DIRECTION('',(-0.707106781187,0.707106781187,0.));
#2336 = PCURVE('',#255,#2337);
#2337 = DEFINITIONAL_REPRESENTATION('',(#2338),#2342);
#2338 = LINE('',#2339,#2340);
#2339 = CARTESIAN_POINT('',(169.62203461105,90.280909114099));
#2340 = VECTOR('',#2341,1.);
#2341 = DIRECTION('',(-0.707106781187,0.707106781187));
#2342 = ( GEOMETRIC_REPRESENTATION_CONTEXT(2) 
PARAMETRIC_REPRESENTATION_CONTEXT() REPRESENTATION_CONTEXT('2D SPACE',''
  ) );
#2343 = PCURVE('',#2344,#2349);
#2344 = PLANE('',#2345);
#2345 = AXIS2_PLACEMENT_3D('',#2346,#2347,#2348);
#2346 = CARTESIAN_POINT('',(76.622034611053,90.280909114099,35.2));
#2347 = DIRECTION('',(0.707106781187,0.707106781187,0.));
#2348 = DIRECTION('',(0.,0.,1.));
#2349 = DEFINITIONAL_REPRESENTATION('',(#2350),#2354);
#2350 = LINE('',#2351,#2352);
#2351 = CARTESIAN_POINT('',(3.,0.));
#2352 = VECTOR('',#2353,1.);
#2353 = DIRECTION('',(0.,-1.));
#2354 = ( GEOMETRIC_REPRESENTATION_CONTEXT(2) 
PARAMETRIC_REPRESENTATION_CONTEXT() REPRESENTATION_CONTEXT('2D SPACE',''
  ) );
#2355 = FACE_BOUND('',#2356,.T.);
#2356 = EDGE_LOOP('',(#2357,#2392,#2420,#2453));
#2357 = ORIENTED_EDGE('',*,*,#2358,.F.);
#2358 = EDGE_CURVE('',#2359,#2361,#2363,.T.);
#2359 = VERTEX_POINT('',#2360);
#2360 = CARTESIAN_POINT('',(49.788409457826,99.085465732673,38.2));
#2361 = VERTEX_POINT('',#2362);
#2362 = CARTESIAN_POINT('',(49.788409457826,117.11453426732,38.2));
#2363 = SURFACE_CURVE('',#2364,(#2369,#2380),.PCURVE_S1.);
#2364 = CIRCLE('',#2365,14.);
#2365 = AXIS2_PLACEMENT_3D('',#2366,#2367,#2368);
#2366 = CARTESIAN_POINT('',(60.5,108.1,38.2));
#2367 = DIRECTION('',(0.,0.,-1.));
#2368 = DIRECTION('',(1.,0.,0.));
#2369 = PCURVE('',#255,#2370);
#2370 = DEFINITIONAL_REPRESENTATION('',(#2371),#2379);
#2371 = ( BOUNDED_CURVE() B_SPLINE_CURVE(2,(#2372,#2373,#2374,#2375,
#2376,#2377,#2378),.UNSPECIFIED.,.T.,.F.) B_SPLINE_CURVE_WITH_KNOTS((1,2
    ,2,2,2,1),(-2.094395102393,0.,2.094395102393,4.188790204786,
6.28318530718,8.377580409573),.UNSPECIFIED.) CURVE() 
GEOMETRIC_REPRESENTATION_ITEM() RATIONAL_B_SPLINE_CURVE((1.,0.5,1.,0.5,
1.,0.5,1.)) REPRESENTATION_ITEM('') );
#2372 = CARTESIAN_POINT('',(167.5,108.1));
#2373 = CARTESIAN_POINT('',(167.5,83.851288694036));
#2374 = CARTESIAN_POINT('',(146.5,95.975644347018));
#2375 = CARTESIAN_POINT('',(125.5,108.1));
#2376 = CARTESIAN_POINT('',(146.5,120.22435565298));
#2377 = CARTESIAN_POINT('',(167.5,132.34871130596));
#2378 = CARTESIAN_POINT('',(167.5,108.1));
#2379 = ( GEOMETRIC_REPRESENTATION_CONTEXT(2) 
PARAMETRIC_REPRESENTATION_CONTEXT() REPRESENTATION_CONTEXT('2D SPACE',''
  ) );
#2380 = PCURVE('',#2381,#2386);
#2381 = CYLINDRICAL_SURFACE('',#2382,14.);
#2382 = AXIS2_PLACEMENT_3D('',#2383,#2384,#2385);
#2383 = CARTESIAN_POINT('',(60.5,108.1,34.2));
#2384 = DIRECTION('',(-0.,-0.,-1.));
#2385 = DIRECTION('',(1.,0.,0.));
#2386 = DEFINITIONAL_REPRESENTATION('',(#2387),#2391);
#2387 = LINE('',#2388,#2389);
#2388 = CARTESIAN_POINT('',(-6.28318530718,-4.));
#2389 = VECTOR('',#2390,1.);
#2390 = DIRECTION('',(1.,-0.));
#2391 = ( GEOMETRIC_REPRESENTATION_CONTEXT(2) 
PARAMETRIC_REPRESENTATION_CONTEXT() REPRESENTATION_CONTEXT('2D SPACE',''
  ) );
#2392 = ORIENTED_EDGE('',*,*,#2393,.T.);
#2393 = EDGE_CURVE('',#2359,#2394,#2396,.T.);
#2394 = VERTEX_POINT('',#2395);
#2395 = CARTESIAN_POINT('',(48.36962804164,97.666684316488,38.2));
#2396 = SURFACE_CURVE('',#2397,(#2401,#2408),.PCURVE_S1.);
#2397 = LINE('',#2398,#2399);
#2398 = CARTESIAN_POINT('',(76.622034611053,125.9190908859,38.2));
#2399 = VECTOR('',#2400,1.);
#2400 = DIRECTION('',(-0.707106781187,-0.707106781187,0.));
#2401 = PCURVE('',#255,#2402);
#2402 = DEFINITIONAL_REPRESENTATION('',(#2403),#2407);
#2403 = LINE('',#2404,#2405);
#2404 = CARTESIAN_POINT('',(169.62203461105,125.9190908859));
#2405 = VECTOR('',#2406,1.);
#2406 = DIRECTION('',(-0.707106781187,-0.707106781187));
#2407 = ( GEOMETRIC_REPRESENTATION_CONTEXT(2) 
PARAMETRIC_REPRESENTATION_CONTEXT() REPRESENTATION_CONTEXT('2D SPACE',''
  ) );
#2408 = PCURVE('',#2409,#2414);
#2409 = PLANE('',#2410);
#2410 = AXIS2_PLACEMENT_3D('',#2411,#2412,#2413);
#2411 = CARTESIAN_POINT('',(76.622034611053,125.9190908859,35.2));
#2412 = DIRECTION('',(-0.707106781187,0.707106781187,0.));
#2413 = DIRECTION('',(0.,0.,1.));
#2414 = DEFINITIONAL_REPRESENTATION('',(#2415),#2419);
#2415 = LINE('',#2416,#2417);
#2416 = CARTESIAN_POINT('',(3.,0.));
#2417 = VECTOR('',#2418,1.);
#2418 = DIRECTION('',(0.,-1.));
#2419 = ( GEOMETRIC_REPRESENTATION_CONTEXT(2) 
PARAMETRIC_REPRESENTATION_CONTEXT() REPRESENTATION_CONTEXT('2D SPACE',''
  ) );
#2420 = ORIENTED_EDGE('',*,*,#2421,.T.);
#2421 = EDGE_CURVE('',#2394,#2422,#2424,.T.);
#2422 = VERTEX_POINT('',#2423);
#2423 = CARTESIAN_POINT('',(48.36962804164,118.53331568351,38.2));
#2424 = SURFACE_CURVE('',#2425,(#2430,#2441),.PCURVE_S1.);
#2425 = CIRCLE('',#2426,16.);
#2426 = AXIS2_PLACEMENT_3D('',#2427,#2428,#2429);
#2427 = CARTESIAN_POINT('',(60.5,108.1,38.2));
#2428 = DIRECTION('',(0.,0.,-1.));
#2429 = DIRECTION('',(1.,0.,0.));
#2430 = PCURVE('',#255,#2431);
#2431 = DEFINITIONAL_REPRESENTATION('',(#2432),#2440);
#2432 = ( BOUNDED_CURVE() B_SPLINE_CURVE(2,(#2433,#2434,#2435,#2436,
#2437,#2438,#2439),.UNSPECIFIED.,.T.,.F.) B_SPLINE_CURVE_WITH_KNOTS((1,2
    ,2,2,2,1),(-2.094395102393,0.,2.094395102393,4.188790204786,
6.28318530718,8.377580409573),.UNSPECIFIED.) CURVE() 
GEOMETRIC_REPRESENTATION_ITEM() RATIONAL_B_SPLINE_CURVE((1.,0.5,1.,0.5,
1.,0.5,1.)) REPRESENTATION_ITEM('') );
#2433 = CARTESIAN_POINT('',(169.5,108.1));
#2434 = CARTESIAN_POINT('',(169.5,80.387187078898));
#2435 = CARTESIAN_POINT('',(145.5,94.243593539449));
#2436 = CARTESIAN_POINT('',(121.5,108.1));
#2437 = CARTESIAN_POINT('',(145.5,121.95640646055));
#2438 = CARTESIAN_POINT('',(169.5,135.8128129211));
#2439 = CARTESIAN_POINT('',(169.5,108.1));
#2440 = ( GEOMETRIC_REPRESENTATION_CONTEXT(2) 
PARAMETRIC_REPRESENTATION_CONTEXT() REPRESENTATION_CONTEXT('2D SPACE',''
  ) );
#2441 = PCURVE('',#2442,#2447);
#2442 = CYLINDRICAL_SURFACE('',#2443,16.);
#2443 = AXIS2_PLACEMENT_3D('',#2444,#2445,#2446);
#2444 = CARTESIAN_POINT('',(60.5,108.1,35.2));
#2445 = DIRECTION('',(-0.,-0.,-1.));
#2446 = DIRECTION('',(1.,0.,0.));
#2447 = DEFINITIONAL_REPRESENTATION('',(#2448),#2452);
#2448 = LINE('',#2449,#2450);
#2449 = CARTESIAN_POINT('',(-6.28318530718,-3.));
#2450 = VECTOR('',#2451,1.);
#2451 = DIRECTION('',(1.,-0.));
#2452 = ( GEOMETRIC_REPRESENTATION_CONTEXT(2) 
PARAMETRIC_REPRESENTATION_CONTEXT() REPRESENTATION_CONTEXT('2D SPACE',''
  ) );
#2453 = ORIENTED_EDGE('',*,*,#2454,.F.);
#2454 = EDGE_CURVE('',#2361,#2422,#2455,.T.);
#2455 = SURFACE_CURVE('',#2456,(#2460,#2467),.PCURVE_S1.);
#2456 = LINE('',#2457,#2458);
#2457 = CARTESIAN_POINT('',(76.622034611053,90.280909114099,38.2));
#2458 = VECTOR('',#2459,1.);
#2459 = DIRECTION('',(-0.707106781187,0.707106781187,0.));
#2460 = PCURVE('',#255,#2461);
#2461 = DEFINITIONAL_REPRESENTATION('',(#2462),#2466);
#2462 = LINE('',#2463,#2464);
#2463 = CARTESIAN_POINT('',(169.62203461105,90.280909114099));
#2464 = VECTOR('',#2465,1.);
#2465 = DIRECTION('',(-0.707106781187,0.707106781187));
#2466 = ( GEOMETRIC_REPRESENTATION_CONTEXT(2) 
PARAMETRIC_REPRESENTATION_CONTEXT() REPRESENTATION_CONTEXT('2D SPACE',''
  ) );
#2467 = PCURVE('',#2468,#2473);
#2468 = PLANE('',#2469);
#2469 = AXIS2_PLACEMENT_3D('',#2470,#2471,#2472);
#2470 = CARTESIAN_POINT('',(76.622034611053,90.280909114099,35.2));
#2471 = DIRECTION('',(0.707106781187,0.707106781187,0.));
#2472 = DIRECTION('',(0.,0.,1.));
#2473 = DEFINITIONAL_REPRESENTATION('',(#2474),#2478);
#2474 = LINE('',#2475,#2476);
#2475 = CARTESIAN_POINT('',(3.,0.));
#2476 = VECTOR('',#2477,1.);
#2477 = DIRECTION('',(0.,-1.));
#2478 = ( GEOMETRIC_REPRESENTATION_CONTEXT(2) 
PARAMETRIC_REPRESENTATION_CONTEXT() REPRESENTATION_CONTEXT('2D SPACE',''
  ) );
#2479 = FACE_BOUND('',#2480,.T.);
#2480 = EDGE_LOOP('',(#2481,#2516,#2544,#2577));
#2481 = ORIENTED_EDGE('',*,*,#2482,.F.);
#2482 = EDGE_CURVE('',#2483,#2485,#2487,.T.);
#2483 = VERTEX_POINT('',#2484);
#2484 = CARTESIAN_POINT('',(53.344333050087,102.64138932493,38.2));
#2485 = VERTEX_POINT('',#2486);
#2486 = CARTESIAN_POINT('',(53.344333050088,113.55861067506,38.2));
#2487 = SURFACE_CURVE('',#2488,(#2493,#2504),.PCURVE_S1.);
#2488 = CIRCLE('',#2489,9.);
#2489 = AXIS2_PLACEMENT_3D('',#2490,#2491,#2492);
#2490 = CARTESIAN_POINT('',(60.5,108.1,38.2));
#2491 = DIRECTION('',(0.,0.,-1.));
#2492 = DIRECTION('',(1.,0.,0.));
#2493 = PCURVE('',#255,#2494);
#2494 = DEFINITIONAL_REPRESENTATION('',(#2495),#2503);
#2495 = ( BOUNDED_CURVE() B_SPLINE_CURVE(2,(#2496,#2497,#2498,#2499,
#2500,#2501,#2502),.UNSPECIFIED.,.T.,.F.) B_SPLINE_CURVE_WITH_KNOTS((1,2
    ,2,2,2,1),(-2.094395102393,0.,2.094395102393,4.188790204786,
6.28318530718,8.377580409573),.UNSPECIFIED.) CURVE() 
GEOMETRIC_REPRESENTATION_ITEM() RATIONAL_B_SPLINE_CURVE((1.,0.5,1.,0.5,
1.,0.5,1.)) REPRESENTATION_ITEM('') );
#2496 = CARTESIAN_POINT('',(162.5,108.1));
#2497 = CARTESIAN_POINT('',(162.5,92.51154273188));
#2498 = CARTESIAN_POINT('',(149.,100.30577136594));
#2499 = CARTESIAN_POINT('',(135.5,108.1));
#2500 = CARTESIAN_POINT('',(149.,115.89422863406));
#2501 = CARTESIAN_POINT('',(162.5,123.68845726812));
#2502 = CARTESIAN_POINT('',(162.5,108.1));
#2503 = ( GEOMETRIC_REPRESENTATION_CONTEXT(2) 
PARAMETRIC_REPRESENTATION_CONTEXT() REPRESENTATION_CONTEXT('2D SPACE',''
  ) );
#2504 = PCURVE('',#2505,#2510);
#2505 = CYLINDRICAL_SURFACE('',#2506,9.);
#2506 = AXIS2_PLACEMENT_3D('',#2507,#2508,#2509);
#2507 = CARTESIAN_POINT('',(60.5,108.1,34.2));
#2508 = DIRECTION('',(-0.,-0.,-1.));
#2509 = DIRECTION('',(1.,0.,0.));
#2510 = DEFINITIONAL_REPRESENTATION('',(#2511),#2515);
#2511 = LINE('',#2512,#2513);
#2512 = CARTESIAN_POINT('',(-6.28318530718,-4.));
#2513 = VECTOR('',#2514,1.);
#2514 = DIRECTION('',(1.,-0.));
#2515 = ( GEOMETRIC_REPRESENTATION_CONTEXT(2) 
PARAMETRIC_REPRESENTATION_CONTEXT() REPRESENTATION_CONTEXT('2D SPACE',''
  ) );
#2516 = ORIENTED_EDGE('',*,*,#2517,.T.);
#2517 = EDGE_CURVE('',#2483,#2518,#2520,.T.);
#2518 = VERTEX_POINT('',#2519);
#2519 = CARTESIAN_POINT('',(51.919719150545,101.21677542539,38.2));
#2520 = SURFACE_CURVE('',#2521,(#2525,#2532),.PCURVE_S1.);
#2521 = LINE('',#2522,#2523);
#2522 = CARTESIAN_POINT('',(76.622034611053,125.9190908859,38.2));
#2523 = VECTOR('',#2524,1.);
#2524 = DIRECTION('',(-0.707106781187,-0.707106781187,0.));
#2525 = PCURVE('',#255,#2526);
#2526 = DEFINITIONAL_REPRESENTATION('',(#2527),#2531);
#2527 = LINE('',#2528,#2529);
#2528 = CARTESIAN_POINT('',(169.62203461105,125.9190908859));
#2529 = VECTOR('',#2530,1.);
#2530 = DIRECTION('',(-0.707106781187,-0.707106781187));
#2531 = ( GEOMETRIC_REPRESENTATION_CONTEXT(2) 
PARAMETRIC_REPRESENTATION_CONTEXT() REPRESENTATION_CONTEXT('2D SPACE',''
  ) );
#2532 = PCURVE('',#2533,#2538);
#2533 = PLANE('',#2534);
#2534 = AXIS2_PLACEMENT_3D('',#2535,#2536,#2537);
#2535 = CARTESIAN_POINT('',(76.622034611053,125.9190908859,35.2));
#2536 = DIRECTION('',(-0.707106781187,0.707106781187,0.));
#2537 = DIRECTION('',(0.,0.,1.));
#2538 = DEFINITIONAL_REPRESENTATION('',(#2539),#2543);
#2539 = LINE('',#2540,#2541);
#2540 = CARTESIAN_POINT('',(3.,0.));
#2541 = VECTOR('',#2542,1.);
#2542 = DIRECTION('',(0.,-1.));
#2543 = ( GEOMETRIC_REPRESENTATION_CONTEXT(2) 
PARAMETRIC_REPRESENTATION_CONTEXT() REPRESENTATION_CONTEXT('2D SPACE',''
  ) );
#2544 = ORIENTED_EDGE('',*,*,#2545,.T.);
#2545 = EDGE_CURVE('',#2518,#2546,#2548,.T.);
#2546 = VERTEX_POINT('',#2547);
#2547 = CARTESIAN_POINT('',(51.919719150545,114.9832245746,38.2));
#2548 = SURFACE_CURVE('',#2549,(#2554,#2565),.PCURVE_S1.);
#2549 = CIRCLE('',#2550,11.);
#2550 = AXIS2_PLACEMENT_3D('',#2551,#2552,#2553);
#2551 = CARTESIAN_POINT('',(60.5,108.1,38.2));
#2552 = DIRECTION('',(0.,0.,-1.));
#2553 = DIRECTION('',(1.,0.,0.));
#2554 = PCURVE('',#255,#2555);
#2555 = DEFINITIONAL_REPRESENTATION('',(#2556),#2564);
#2556 = ( BOUNDED_CURVE() B_SPLINE_CURVE(2,(#2557,#2558,#2559,#2560,
#2561,#2562,#2563),.UNSPECIFIED.,.T.,.F.) B_SPLINE_CURVE_WITH_KNOTS((1,2
    ,2,2,2,1),(-2.094395102393,0.,2.094395102393,4.188790204786,
6.28318530718,8.377580409573),.UNSPECIFIED.) CURVE() 
GEOMETRIC_REPRESENTATION_ITEM() RATIONAL_B_SPLINE_CURVE((1.,0.5,1.,0.5,
1.,0.5,1.)) REPRESENTATION_ITEM('') );
#2557 = CARTESIAN_POINT('',(164.5,108.1));
#2558 = CARTESIAN_POINT('',(164.5,89.047441116742));
#2559 = CARTESIAN_POINT('',(148.,98.573720558371));
#2560 = CARTESIAN_POINT('',(131.5,108.1));
#2561 = CARTESIAN_POINT('',(148.,117.62627944162));
#2562 = CARTESIAN_POINT('',(164.5,127.15255888325));
#2563 = CARTESIAN_POINT('',(164.5,108.1));
#2564 = ( GEOMETRIC_REPRESENTATION_CONTEXT(2) 
PARAMETRIC_REPRESENTATION_CONTEXT() REPRESENTATION_CONTEXT('2D SPACE',''
  ) );
#2565 = PCURVE('',#2566,#2571);
#2566 = CYLINDRICAL_SURFACE('',#2567,11.);
#2567 = AXIS2_PLACEMENT_3D('',#2568,#2569,#2570);
#2568 = CARTESIAN_POINT('',(60.5,108.1,35.2));
#2569 = DIRECTION('',(-0.,-0.,-1.));
#2570 = DIRECTION('',(1.,0.,0.));
#2571 = DEFINITIONAL_REPRESENTATION('',(#2572),#2576);
#2572 = LINE('',#2573,#2574);
#2573 = CARTESIAN_POINT('',(-6.28318530718,-3.));
#2574 = VECTOR('',#2575,1.);
#2575 = DIRECTION('',(1.,-0.));
#2576 = ( GEOMETRIC_REPRESENTATION_CONTEXT(2) 
PARAMETRIC_REPRESENTATION_CONTEXT() REPRESENTATION_CONTEXT('2D SPACE',''
  ) );
#2577 = ORIENTED_EDGE('',*,*,#2578,.F.);
#2578 = EDGE_CURVE('',#2485,#2546,#2579,.T.);
#2579 = SURFACE_CURVE('',#2580,(#2584,#2591),.PCURVE_S1.);
#2580 = LINE('',#2581,#2582);
#2581 = CARTESIAN_POINT('',(76.622034611053,90.280909114099,38.2));
#2582 = VECTOR('',#2583,1.);
#2583 = DIRECTION('',(-0.707106781187,0.707106781187,0.));
#2584 = PCURVE('',#255,#2585);
#2585 = DEFINITIONAL_REPRESENTATION('',(#2586),#2590);
#2586 = LINE('',#2587,#2588);
#2587 = CARTESIAN_POINT('',(169.62203461105,90.280909114099));
#2588 = VECTOR('',#2589,1.);
#2589 = DIRECTION('',(-0.707106781187,0.707106781187));
#2590 = ( GEOMETRIC_REPRESENTATION_CONTEXT(2) 
PARAMETRIC_REPRESENTATION_CONTEXT() REPRESENTATION_CONTEXT('2D SPACE',''
  ) );
#2591 = PCURVE('',#2592,#2597);
#2592 = PLANE('',#2593);
#2593 = AXIS2_PLACEMENT_3D('',#2594,#2595,#2596);
#2594 = CARTESIAN_POINT('',(76.622034611053,90.280909114099,35.2));
#2595 = DIRECTION('',(0.707106781187,0.707106781187,0.));
#2596 = DIRECTION('',(0.,0.,1.));
#2597 = DEFINITIONAL_REPRESENTATION('',(#2598),#2602);
#2598 = LINE('',#2599,#2600);
#2599 = CARTESIAN_POINT('',(3.,0.));
#2600 = VECTOR('',#2601,1.);
#2601 = DIRECTION('',(0.,-1.));
#2602 = ( GEOMETRIC_REPRESENTATION_CONTEXT(2) 
PARAMETRIC_REPRESENTATION_CONTEXT() REPRESENTATION_CONTEXT('2D SPACE',''
  ) );
#2603 = FACE_BOUND('',#2604,.T.);
#2604 = EDGE_LOOP('',(#2605,#2640,#2668,#2701));
#2605 = ORIENTED_EDGE('',*,*,#2606,.F.);
#2606 = EDGE_CURVE('',#2607,#2609,#2611,.T.);
#2607 = VERTEX_POINT('',#2608);
#2608 = CARTESIAN_POINT('',(56.95332434993,106.25038062477,38.2));
#2609 = VERTEX_POINT('',#2610);
#2610 = CARTESIAN_POINT('',(56.95332434993,109.94961937522,38.2));
#2611 = SURFACE_CURVE('',#2612,(#2617,#2628),.PCURVE_S1.);
#2612 = CIRCLE('',#2613,4.);
#2613 = AXIS2_PLACEMENT_3D('',#2614,#2615,#2616);
#2614 = CARTESIAN_POINT('',(60.5,108.1,38.2));
#2615 = DIRECTION('',(0.,0.,-1.));
#2616 = DIRECTION('',(1.,0.,0.));
#2617 = PCURVE('',#255,#2618);
#2618 = DEFINITIONAL_REPRESENTATION('',(#2619),#2627);
#2619 = ( BOUNDED_CURVE() B_SPLINE_CURVE(2,(#2620,#2621,#2622,#2623,
#2624,#2625,#2626),.UNSPECIFIED.,.T.,.F.) B_SPLINE_CURVE_WITH_KNOTS((1,2
    ,2,2,2,1),(-2.094395102393,0.,2.094395102393,4.188790204786,
6.28318530718,8.377580409573),.UNSPECIFIED.) CURVE() 
GEOMETRIC_REPRESENTATION_ITEM() RATIONAL_B_SPLINE_CURVE((1.,0.5,1.,0.5,
1.,0.5,1.)) REPRESENTATION_ITEM('') );
#2620 = CARTESIAN_POINT('',(157.5,108.1));
#2621 = CARTESIAN_POINT('',(157.5,101.17179676972));
#2622 = CARTESIAN_POINT('',(151.5,104.63589838486));
#2623 = CARTESIAN_POINT('',(145.5,108.1));
#2624 = CARTESIAN_POINT('',(151.5,111.56410161513));
#2625 = CARTESIAN_POINT('',(157.5,115.02820323027));
#2626 = CARTESIAN_POINT('',(157.5,108.1));
#2627 = ( GEOMETRIC_REPRESENTATION_CONTEXT(2) 
PARAMETRIC_REPRESENTATION_CONTEXT() REPRESENTATION_CONTEXT('2D SPACE',''
  ) );
#2628 = PCURVE('',#2629,#2634);
#2629 = CYLINDRICAL_SURFACE('',#2630,4.);
#2630 = AXIS2_PLACEMENT_3D('',#2631,#2632,#2633);
#2631 = CARTESIAN_POINT('',(60.5,108.1,34.2));
#2632 = DIRECTION('',(-0.,-0.,-1.));
#2633 = DIRECTION('',(1.,0.,0.));
#2634 = DEFINITIONAL_REPRESENTATION('',(#2635),#2639);
#2635 = LINE('',#2636,#2637);
#2636 = CARTESIAN_POINT('',(-6.28318530718,-4.));
#2637 = VECTOR('',#2638,1.);
#2638 = DIRECTION('',(1.,-0.));
#2639 = ( GEOMETRIC_REPRESENTATION_CONTEXT(2) 
PARAMETRIC_REPRESENTATION_CONTEXT() REPRESENTATION_CONTEXT('2D SPACE',''
  ) );
#2640 = ORIENTED_EDGE('',*,*,#2641,.T.);
#2641 = EDGE_CURVE('',#2607,#2642,#2644,.T.);
#2642 = VERTEX_POINT('',#2643);
#2643 = CARTESIAN_POINT('',(55.494549924411,104.79160619925,38.2));
#2644 = SURFACE_CURVE('',#2645,(#2649,#2656),.PCURVE_S1.);
#2645 = LINE('',#2646,#2647);
#2646 = CARTESIAN_POINT('',(76.622034611053,125.9190908859,38.2));
#2647 = VECTOR('',#2648,1.);
#2648 = DIRECTION('',(-0.707106781187,-0.707106781187,0.));
#2649 = PCURVE('',#255,#2650);
#2650 = DEFINITIONAL_REPRESENTATION('',(#2651),#2655);
#2651 = LINE('',#2652,#2653);
#2652 = CARTESIAN_POINT('',(169.62203461105,125.9190908859));
#2653 = VECTOR('',#2654,1.);
#2654 = DIRECTION('',(-0.707106781187,-0.707106781187));
#2655 = ( GEOMETRIC_REPRESENTATION_CONTEXT(2) 
PARAMETRIC_REPRESENTATION_CONTEXT() REPRESENTATION_CONTEXT('2D SPACE',''
  ) );
#2656 = PCURVE('',#2657,#2662);
#2657 = PLANE('',#2658);
#2658 = AXIS2_PLACEMENT_3D('',#2659,#2660,#2661);
#2659 = CARTESIAN_POINT('',(76.622034611053,125.9190908859,35.2));
#2660 = DIRECTION('',(-0.707106781187,0.707106781187,0.));
#2661 = DIRECTION('',(0.,0.,1.));
#2662 = DEFINITIONAL_REPRESENTATION('',(#2663),#2667);
#2663 = LINE('',#2664,#2665);
#2664 = CARTESIAN_POINT('',(3.,0.));
#2665 = VECTOR('',#2666,1.);
#2666 = DIRECTION('',(0.,-1.));
#2667 = ( GEOMETRIC_REPRESENTATION_CONTEXT(2) 
PARAMETRIC_REPRESENTATION_CONTEXT() REPRESENTATION_CONTEXT('2D SPACE',''
  ) );
#2668 = ORIENTED_EDGE('',*,*,#2669,.T.);
#2669 = EDGE_CURVE('',#2642,#2670,#2672,.T.);
#2670 = VERTEX_POINT('',#2671);
#2671 = CARTESIAN_POINT('',(55.494549924411,111.40839380074,38.2));
#2672 = SURFACE_CURVE('',#2673,(#2678,#2689),.PCURVE_S1.);
#2673 = CIRCLE('',#2674,6.);
#2674 = AXIS2_PLACEMENT_3D('',#2675,#2676,#2677);
#2675 = CARTESIAN_POINT('',(60.5,108.1,38.2));
#2676 = DIRECTION('',(0.,0.,-1.));
#2677 = DIRECTION('',(1.,0.,0.));
#2678 = PCURVE('',#255,#2679);
#2679 = DEFINITIONAL_REPRESENTATION('',(#2680),#2688);
#2680 = ( BOUNDED_CURVE() B_SPLINE_CURVE(2,(#2681,#2682,#2683,#2684,
#2685,#2686,#2687),.UNSPECIFIED.,.T.,.F.) B_SPLINE_CURVE_WITH_KNOTS((1,2
    ,2,2,2,1),(-2.094395102393,0.,2.094395102393,4.188790204786,
6.28318530718,8.377580409573),.UNSPECIFIED.) CURVE() 
GEOMETRIC_REPRESENTATION_ITEM() RATIONAL_B_SPLINE_CURVE((1.,0.5,1.,0.5,
1.,0.5,1.)) REPRESENTATION_ITEM('') );
#2681 = CARTESIAN_POINT('',(159.5,108.1));
#2682 = CARTESIAN_POINT('',(159.5,97.707695154587));
#2683 = CARTESIAN_POINT('',(150.5,102.90384757729));
#2684 = CARTESIAN_POINT('',(141.5,108.1));
#2685 = CARTESIAN_POINT('',(150.5,113.2961524227));
#2686 = CARTESIAN_POINT('',(159.5,118.49230484541));
#2687 = CARTESIAN_POINT('',(159.5,108.1));
#2688 = ( GEOMETRIC_REPRESENTATION_CONTEXT(2) 
PARAMETRIC_REPRESENTATION_CONTEXT() REPRESENTATION_CONTEXT('2D SPACE',''
  ) );
#2689 = PCURVE('',#2690,#2695);
#2690 = CYLINDRICAL_SURFACE('',#2691,6.);
#2691 = AXIS2_PLACEMENT_3D('',#2692,#2693,#2694);
#2692 = CARTESIAN_POINT('',(60.5,108.1,35.2));
#2693 = DIRECTION('',(-0.,-0.,-1.));
#2694 = DIRECTION('',(1.,0.,0.));
#2695 = DEFINITIONAL_REPRESENTATION('',(#2696),#2700);
#2696 = LINE('',#2697,#2698);
#2697 = CARTESIAN_POINT('',(-6.28318530718,-3.));
#2698 = VECTOR('',#2699,1.);
#2699 = DIRECTION('',(1.,-0.));
#2700 = ( GEOMETRIC_REPRESENTATION_CONTEXT(2) 
PARAMETRIC_REPRESENTATION_CONTEXT() REPRESENTATION_CONTEXT('2D SPACE',''
  ) );
#2701 = ORIENTED_EDGE('',*,*,#2702,.F.);
#2702 = EDGE_CURVE('',#2609,#2670,#2703,.T.);
#2703 = SURFACE_CURVE('',#2704,(#2708,#2715),.PCURVE_S1.);
#2704 = LINE('',#2705,#2706);
#2705 = CARTESIAN_POINT('',(76.622034611053,90.280909114099,38.2));
#2706 = VECTOR('',#2707,1.);
#2707 = DIRECTION('',(-0.707106781187,0.707106781187,0.));
#2708 = PCURVE('',#255,#2709);
#2709 = DEFINITIONAL_REPRESENTATION('',(#2710),#2714);
#2710 = LINE('',#2711,#2712);
#2711 = CARTESIAN_POINT('',(169.62203461105,90.280909114099));
#2712 = VECTOR('',#2713,1.);
#2713 = DIRECTION('',(-0.707106781187,0.707106781187));
#2714 = ( GEOMETRIC_REPRESENTATION_CONTEXT(2) 
PARAMETRIC_REPRESENTATION_CONTEXT() REPRESENTATION_CONTEXT('2D SPACE',''
  ) );
#2715 = PCURVE('',#2716,#2721);
#2716 = PLANE('',#2717);
#2717 = AXIS2_PLACEMENT_3D('',#2718,#2719,#2720);
#2718 = CARTESIAN_POINT('',(76.622034611053,90.280909114099,35.2));
#2719 = DIRECTION('',(0.707106781187,0.707106781187,0.));
#2720 = DIRECTION('',(0.,0.,1.));
#2721 = DEFINITIONAL_REPRESENTATION('',(#2722),#2726);
#2722 = LINE('',#2723,#2724);
#2723 = CARTESIAN_POINT('',(3.,0.));
#2724 = VECTOR('',#2725,1.);
#2725 = DIRECTION('',(0.,-1.));
#2726 = ( GEOMETRIC_REPRESENTATION_CONTEXT(2) 
PARAMETRIC_REPRESENTATION_CONTEXT() REPRESENTATION_CONTEXT('2D SPACE',''
  ) );
#2727 = FACE_BOUND('',#2728,.T.);
#2728 = EDGE_LOOP('',(#2729,#2760,#2788,#2821));
#2729 = ORIENTED_EDGE('',*,*,#2730,.T.);
#2730 = EDGE_CURVE('',#2731,#2733,#2735,.T.);
#2731 = VERTEX_POINT('',#2732);
#2732 = CARTESIAN_POINT('',(64.04667565007,106.25038062477,38.2));
#2733 = VERTEX_POINT('',#2734);
#2734 = CARTESIAN_POINT('',(64.04667565007,109.94961937522,38.2));
#2735 = SURFACE_CURVE('',#2736,(#2741,#2748),.PCURVE_S1.);
#2736 = CIRCLE('',#2737,4.);
#2737 = AXIS2_PLACEMENT_3D('',#2738,#2739,#2740);
#2738 = CARTESIAN_POINT('',(60.5,108.1,38.2));
#2739 = DIRECTION('',(-0.,0.,1.));
#2740 = DIRECTION('',(0.886668912518,-0.462404843806,0.));
#2741 = PCURVE('',#255,#2742);
#2742 = DEFINITIONAL_REPRESENTATION('',(#2743),#2747);
#2743 = CIRCLE('',#2744,4.);
#2744 = AXIS2_PLACEMENT_2D('',#2745,#2746);
#2745 = CARTESIAN_POINT('',(153.5,108.1));
#2746 = DIRECTION('',(0.886668912518,-0.462404843806));
#2747 = ( GEOMETRIC_REPRESENTATION_CONTEXT(2) 
PARAMETRIC_REPRESENTATION_CONTEXT() REPRESENTATION_CONTEXT('2D SPACE',''
  ) );
#2748 = PCURVE('',#2749,#2754);
#2749 = CYLINDRICAL_SURFACE('',#2750,4.);
#2750 = AXIS2_PLACEMENT_3D('',#2751,#2752,#2753);
#2751 = CARTESIAN_POINT('',(60.5,108.1,34.2));
#2752 = DIRECTION('',(-0.,-0.,-1.));
#2753 = DIRECTION('',(1.,0.,0.));
#2754 = DEFINITIONAL_REPRESENTATION('',(#2755),#2759);
#2755 = LINE('',#2756,#2757);
#2756 = CARTESIAN_POINT('',(-5.802479797798,-4.));
#2757 = VECTOR('',#2758,1.);
#2758 = DIRECTION('',(-1.,-0.));
#2759 = ( GEOMETRIC_REPRESENTATION_CONTEXT(2) 
PARAMETRIC_REPRESENTATION_CONTEXT() REPRESENTATION_CONTEXT('2D SPACE',''
  ) );
#2760 = ORIENTED_EDGE('',*,*,#2761,.F.);
#2761 = EDGE_CURVE('',#2762,#2733,#2764,.T.);
#2762 = VERTEX_POINT('',#2763);
#2763 = CARTESIAN_POINT('',(65.505450075589,111.40839380074,38.2));
#2764 = SURFACE_CURVE('',#2765,(#2769,#2776),.PCURVE_S1.);
#2765 = LINE('',#2766,#2767);
#2766 = CARTESIAN_POINT('',(78.319090885901,124.22203461105,38.2));
#2767 = VECTOR('',#2768,1.);
#2768 = DIRECTION('',(-0.707106781187,-0.707106781187,0.));
#2769 = PCURVE('',#255,#2770);
#2770 = DEFINITIONAL_REPRESENTATION('',(#2771),#2775);
#2771 = LINE('',#2772,#2773);
#2772 = CARTESIAN_POINT('',(171.3190908859,124.22203461105));
#2773 = VECTOR('',#2774,1.);
#2774 = DIRECTION('',(-0.707106781187,-0.707106781187));
#2775 = ( GEOMETRIC_REPRESENTATION_CONTEXT(2) 
PARAMETRIC_REPRESENTATION_CONTEXT() REPRESENTATION_CONTEXT('2D SPACE',''
  ) );
#2776 = PCURVE('',#2777,#2782);
#2777 = PLANE('',#2778);
#2778 = AXIS2_PLACEMENT_3D('',#2779,#2780,#2781);
#2779 = CARTESIAN_POINT('',(78.319090885901,124.22203461105,35.2));
#2780 = DIRECTION('',(-0.707106781187,0.707106781187,0.));
#2781 = DIRECTION('',(0.,0.,1.));
#2782 = DEFINITIONAL_REPRESENTATION('',(#2783),#2787);
#2783 = LINE('',#2784,#2785);
#2784 = CARTESIAN_POINT('',(3.,0.));
#2785 = VECTOR('',#2786,1.);
#2786 = DIRECTION('',(0.,-1.));
#2787 = ( GEOMETRIC_REPRESENTATION_CONTEXT(2) 
PARAMETRIC_REPRESENTATION_CONTEXT() REPRESENTATION_CONTEXT('2D SPACE',''
  ) );
#2788 = ORIENTED_EDGE('',*,*,#2789,.T.);
#2789 = EDGE_CURVE('',#2762,#2790,#2792,.T.);
#2790 = VERTEX_POINT('',#2791);
#2791 = CARTESIAN_POINT('',(65.505450075589,104.79160619925,38.2));
#2792 = SURFACE_CURVE('',#2793,(#2798,#2809),.PCURVE_S1.);
#2793 = CIRCLE('',#2794,6.);
#2794 = AXIS2_PLACEMENT_3D('',#2795,#2796,#2797);
#2795 = CARTESIAN_POINT('',(60.5,108.1,38.2));
#2796 = DIRECTION('',(0.,0.,-1.));
#2797 = DIRECTION('',(-0.55139896679,0.834241679265,0.));
#2798 = PCURVE('',#255,#2799);
#2799 = DEFINITIONAL_REPRESENTATION('',(#2800),#2808);
#2800 = ( BOUNDED_CURVE() B_SPLINE_CURVE(2,(#2801,#2802,#2803,#2804,
#2805,#2806,#2807),.UNSPECIFIED.,.T.,.F.) B_SPLINE_CURVE_WITH_KNOTS((1,2
    ,2,2,2,1),(-2.094395102393,0.,2.094395102393,4.188790204786,
6.28318530718,8.377580409573),.UNSPECIFIED.) CURVE() 
GEOMETRIC_REPRESENTATION_ITEM() RATIONAL_B_SPLINE_CURVE((1.,0.5,1.,0.5,
1.,0.5,1.)) REPRESENTATION_ITEM('') );
#2801 = CARTESIAN_POINT('',(150.19160619925,113.10545007558));
#2802 = CARTESIAN_POINT('',(158.86130004492,118.83575622991));
#2803 = CARTESIAN_POINT('',(159.4890438232,108.46242803937));
#2804 = CARTESIAN_POINT('',(160.11678760148,98.089099848822));
#2805 = CARTESIAN_POINT('',(150.81934997753,102.73212188504));
#2806 = CARTESIAN_POINT('',(141.52191235358,107.37514392125));
#2807 = CARTESIAN_POINT('',(150.19160619925,113.10545007558));
#2808 = ( GEOMETRIC_REPRESENTATION_CONTEXT(2) 
PARAMETRIC_REPRESENTATION_CONTEXT() REPRESENTATION_CONTEXT('2D SPACE',''
  ) );
#2809 = PCURVE('',#2810,#2815);
#2810 = CYLINDRICAL_SURFACE('',#2811,6.);
#2811 = AXIS2_PLACEMENT_3D('',#2812,#2813,#2814);
#2812 = CARTESIAN_POINT('',(60.5,108.1,35.2));
#2813 = DIRECTION('',(-0.,-0.,-1.));
#2814 = DIRECTION('',(1.,0.,0.));
#2815 = DEFINITIONAL_REPRESENTATION('',(#2816),#2820);
#2816 = LINE('',#2817,#2818);
#2817 = CARTESIAN_POINT('',(-8.438021876582,-3.));
#2818 = VECTOR('',#2819,1.);
#2819 = DIRECTION('',(1.,-0.));
#2820 = ( GEOMETRIC_REPRESENTATION_CONTEXT(2) 
PARAMETRIC_REPRESENTATION_CONTEXT() REPRESENTATION_CONTEXT('2D SPACE',''
  ) );
#2821 = ORIENTED_EDGE('',*,*,#2822,.T.);
#2822 = EDGE_CURVE('',#2790,#2731,#2823,.T.);
#2823 = SURFACE_CURVE('',#2824,(#2828,#2835),.PCURVE_S1.);
#2824 = LINE('',#2825,#2826);
#2825 = CARTESIAN_POINT('',(78.319090885901,91.977965388947,38.2));
#2826 = VECTOR('',#2827,1.);
#2827 = DIRECTION('',(-0.707106781187,0.707106781187,0.));
#2828 = PCURVE('',#255,#2829);
#2829 = DEFINITIONAL_REPRESENTATION('',(#2830),#2834);
#2830 = LINE('',#2831,#2832);
#2831 = CARTESIAN_POINT('',(171.3190908859,91.977965388947));
#2832 = VECTOR('',#2833,1.);
#2833 = DIRECTION('',(-0.707106781187,0.707106781187));
#2834 = ( GEOMETRIC_REPRESENTATION_CONTEXT(2) 
PARAMETRIC_REPRESENTATION_CONTEXT() REPRESENTATION_CONTEXT('2D SPACE',''
  ) );
#2835 = PCURVE('',#2836,#2841);
#2836 = PLANE('',#2837);
#2837 = AXIS2_PLACEMENT_3D('',#2838,#2839,#2840);
#2838 = CARTESIAN_POINT('',(78.319090885901,91.977965388947,35.2));
#2839 = DIRECTION('',(0.707106781187,0.707106781187,0.));
#2840 = DIRECTION('',(0.,0.,1.));
#2841 = DEFINITIONAL_REPRESENTATION('',(#2842),#2846);
#2842 = LINE('',#2843,#2844);
#2843 = CARTESIAN_POINT('',(3.,0.));
#2844 = VECTOR('',#2845,1.);
#2845 = DIRECTION('',(0.,-1.));
#2846 = ( GEOMETRIC_REPRESENTATION_CONTEXT(2) 
PARAMETRIC_REPRESENTATION_CONTEXT() REPRESENTATION_CONTEXT('2D SPACE',''
  ) );
#2847 = FACE_BOUND('',#2848,.T.);
#2848 = EDGE_LOOP('',(#2849,#2880,#2908,#2941));
#2849 = ORIENTED_EDGE('',*,*,#2850,.T.);
#2850 = EDGE_CURVE('',#2851,#2853,#2855,.T.);
#2851 = VERTEX_POINT('',#2852);
#2852 = CARTESIAN_POINT('',(67.655666949913,102.64138932493,38.2));
#2853 = VERTEX_POINT('',#2854);
#2854 = CARTESIAN_POINT('',(67.655666949913,113.55861067506,38.2));
#2855 = SURFACE_CURVE('',#2856,(#2861,#2868),.PCURVE_S1.);
#2856 = CIRCLE('',#2857,9.);
#2857 = AXIS2_PLACEMENT_3D('',#2858,#2859,#2860);
#2858 = CARTESIAN_POINT('',(60.5,108.1,38.2));
#2859 = DIRECTION('',(-0.,0.,1.));
#2860 = DIRECTION('',(0.795074105546,-0.606512297229,0.));
#2861 = PCURVE('',#255,#2862);
#2862 = DEFINITIONAL_REPRESENTATION('',(#2863),#2867);
#2863 = CIRCLE('',#2864,9.);
#2864 = AXIS2_PLACEMENT_2D('',#2865,#2866);
#2865 = CARTESIAN_POINT('',(153.5,108.1));
#2866 = DIRECTION('',(0.795074105546,-0.606512297229));
#2867 = ( GEOMETRIC_REPRESENTATION_CONTEXT(2) 
PARAMETRIC_REPRESENTATION_CONTEXT() REPRESENTATION_CONTEXT('2D SPACE',''
  ) );
#2868 = PCURVE('',#2869,#2874);
#2869 = CYLINDRICAL_SURFACE('',#2870,9.);
#2870 = AXIS2_PLACEMENT_3D('',#2871,#2872,#2873);
#2871 = CARTESIAN_POINT('',(60.5,108.1,34.2));
#2872 = DIRECTION('',(-0.,-0.,-1.));
#2873 = DIRECTION('',(1.,0.,0.));
#2874 = DEFINITIONAL_REPRESENTATION('',(#2875),#2879);
#2875 = LINE('',#2876,#2877);
#2876 = CARTESIAN_POINT('',(-5.631518733192,-4.));
#2877 = VECTOR('',#2878,1.);
#2878 = DIRECTION('',(-1.,-0.));
#2879 = ( GEOMETRIC_REPRESENTATION_CONTEXT(2) 
PARAMETRIC_REPRESENTATION_CONTEXT() REPRESENTATION_CONTEXT('2D SPACE',''
  ) );
#2880 = ORIENTED_EDGE('',*,*,#2881,.F.);
#2881 = EDGE_CURVE('',#2882,#2853,#2884,.T.);
#2882 = VERTEX_POINT('',#2883);
#2883 = CARTESIAN_POINT('',(69.080280849455,114.9832245746,38.2));
#2884 = SURFACE_CURVE('',#2885,(#2889,#2896),.PCURVE_S1.);
#2885 = LINE('',#2886,#2887);
#2886 = CARTESIAN_POINT('',(78.319090885901,124.22203461105,38.2));
#2887 = VECTOR('',#2888,1.);
#2888 = DIRECTION('',(-0.707106781187,-0.707106781187,0.));
#2889 = PCURVE('',#255,#2890);
#2890 = DEFINITIONAL_REPRESENTATION('',(#2891),#2895);
#2891 = LINE('',#2892,#2893);
#2892 = CARTESIAN_POINT('',(171.3190908859,124.22203461105));
#2893 = VECTOR('',#2894,1.);
#2894 = DIRECTION('',(-0.707106781187,-0.707106781187));
#2895 = ( GEOMETRIC_REPRESENTATION_CONTEXT(2) 
PARAMETRIC_REPRESENTATION_CONTEXT() REPRESENTATION_CONTEXT('2D SPACE',''
  ) );
#2896 = PCURVE('',#2897,#2902);
#2897 = PLANE('',#2898);
#2898 = AXIS2_PLACEMENT_3D('',#2899,#2900,#2901);
#2899 = CARTESIAN_POINT('',(78.319090885901,124.22203461105,35.2));
#2900 = DIRECTION('',(-0.707106781187,0.707106781187,0.));
#2901 = DIRECTION('',(0.,0.,1.));
#2902 = DEFINITIONAL_REPRESENTATION('',(#2903),#2907);
#2903 = LINE('',#2904,#2905);
#2904 = CARTESIAN_POINT('',(3.,0.));
#2905 = VECTOR('',#2906,1.);
#2906 = DIRECTION('',(0.,-1.));
#2907 = ( GEOMETRIC_REPRESENTATION_CONTEXT(2) 
PARAMETRIC_REPRESENTATION_CONTEXT() REPRESENTATION_CONTEXT('2D SPACE',''
  ) );
#2908 = ORIENTED_EDGE('',*,*,#2909,.T.);
#2909 = EDGE_CURVE('',#2882,#2910,#2912,.T.);
#2910 = VERTEX_POINT('',#2911);
#2911 = CARTESIAN_POINT('',(69.080280849455,101.21677542539,38.2));
#2912 = SURFACE_CURVE('',#2913,(#2918,#2929),.PCURVE_S1.);
#2913 = CIRCLE('',#2914,11.);
#2914 = AXIS2_PLACEMENT_3D('',#2915,#2916,#2917);
#2915 = CARTESIAN_POINT('',(60.5,108.1,38.2));
#2916 = DIRECTION('',(0.,0.,-1.));
#2917 = DIRECTION('',(-0.625747688601,0.780025531769,0.));
#2918 = PCURVE('',#255,#2919);
#2919 = DEFINITIONAL_REPRESENTATION('',(#2920),#2928);
#2920 = ( BOUNDED_CURVE() B_SPLINE_CURVE(2,(#2921,#2922,#2923,#2924,
#2925,#2926,#2927),.UNSPECIFIED.,.T.,.F.) B_SPLINE_CURVE_WITH_KNOTS((1,2
    ,2,2,2,1),(-2.094395102393,0.,2.094395102393,4.188790204786,
6.28318530718,8.377580409573),.UNSPECIFIED.) CURVE() 
GEOMETRIC_REPRESENTATION_ITEM() RATIONAL_B_SPLINE_CURVE((1.,0.5,1.,0.5,
1.,0.5,1.)) REPRESENTATION_ITEM('') );
#2921 = CARTESIAN_POINT('',(146.61677542539,116.68028084945));
#2922 = CARTESIAN_POINT('',(161.47825779985,128.60237553258));
#2923 = CARTESIAN_POINT('',(164.37235347453,109.77090691683));
#2924 = CARTESIAN_POINT('',(167.26644914921,90.93943830109));
#2925 = CARTESIAN_POINT('',(149.51087110007,97.848812233709));
#2926 = CARTESIAN_POINT('',(131.75529305092,104.75818616632));
#2927 = CARTESIAN_POINT('',(146.61677542539,116.68028084945));
#2928 = ( GEOMETRIC_REPRESENTATION_CONTEXT(2) 
PARAMETRIC_REPRESENTATION_CONTEXT() REPRESENTATION_CONTEXT('2D SPACE',''
  ) );
#2929 = PCURVE('',#2930,#2935);
#2930 = CYLINDRICAL_SURFACE('',#2931,11.);
#2931 = AXIS2_PLACEMENT_3D('',#2932,#2933,#2934);
#2932 = CARTESIAN_POINT('',(60.5,108.1,35.2));
#2933 = DIRECTION('',(-0.,-0.,-1.));
#2934 = DIRECTION('',(1.,0.,0.));
#2935 = DEFINITIONAL_REPRESENTATION('',(#2936),#2940);
#2936 = LINE('',#2937,#2938);
#2937 = CARTESIAN_POINT('',(-8.530071342554,-3.));
#2938 = VECTOR('',#2939,1.);
#2939 = DIRECTION('',(1.,-0.));
#2940 = ( GEOMETRIC_REPRESENTATION_CONTEXT(2) 
PARAMETRIC_REPRESENTATION_CONTEXT() REPRESENTATION_CONTEXT('2D SPACE',''
  ) );
#2941 = ORIENTED_EDGE('',*,*,#2942,.T.);
#2942 = EDGE_CURVE('',#2910,#2851,#2943,.T.);
#2943 = SURFACE_CURVE('',#2944,(#2948,#2955),.PCURVE_S1.);
#2944 = LINE('',#2945,#2946);
#2945 = CARTESIAN_POINT('',(78.319090885901,91.977965388947,38.2));
#2946 = VECTOR('',#2947,1.);
#2947 = DIRECTION('',(-0.707106781187,0.707106781187,0.));
#2948 = PCURVE('',#255,#2949);
#2949 = DEFINITIONAL_REPRESENTATION('',(#2950),#2954);
#2950 = LINE('',#2951,#2952);
#2951 = CARTESIAN_POINT('',(171.3190908859,91.977965388947));
#2952 = VECTOR('',#2953,1.);
#2953 = DIRECTION('',(-0.707106781187,0.707106781187));
#2954 = ( GEOMETRIC_REPRESENTATION_CONTEXT(2) 
PARAMETRIC_REPRESENTATION_CONTEXT() REPRESENTATION_CONTEXT('2D SPACE',''
  ) );
#2955 = PCURVE('',#2956,#2961);
#2956 = PLANE('',#2957);
#2957 = AXIS2_PLACEMENT_3D('',#2958,#2959,#2960);
#2958 = CARTESIAN_POINT('',(78.319090885901,91.977965388947,35.2));
#2959 = DIRECTION('',(0.707106781187,0.707106781187,0.));
#2960 = DIRECTION('',(0.,0.,1.));
#2961 = DEFINITIONAL_REPRESENTATION('',(#2962),#2966);
#2962 = LINE('',#2963,#2964);
#2963 = CARTESIAN_POINT('',(3.,0.));
#2964 = VECTOR('',#2965,1.);
#2965 = DIRECTION('',(0.,-1.));
#2966 = ( GEOMETRIC_REPRESENTATION_CONTEXT(2) 
PARAMETRIC_REPRESENTATION_CONTEXT() REPRESENTATION_CONTEXT('2D SPACE',''
  ) );
#2967 = FACE_BOUND('',#2968,.T.);
#2968 = EDGE_LOOP('',(#2969,#3000,#3028,#3061));
#2969 = ORIENTED_EDGE('',*,*,#2970,.T.);
#2970 = EDGE_CURVE('',#2971,#2973,#2975,.T.);
#2971 = VERTEX_POINT('',#2972);
#2972 = CARTESIAN_POINT('',(71.211590542174,99.085465732674,38.2));
#2973 = VERTEX_POINT('',#2974);
#2974 = CARTESIAN_POINT('',(71.211590542174,117.11453426732,38.2));
#2975 = SURFACE_CURVE('',#2976,(#2981,#2988),.PCURVE_S1.);
#2976 = CIRCLE('',#2977,14.);
#2977 = AXIS2_PLACEMENT_3D('',#2978,#2979,#2980);
#2978 = CARTESIAN_POINT('',(60.5,108.1,38.2));
#2979 = DIRECTION('',(-0.,0.,1.));
#2980 = DIRECTION('',(0.765113610155,-0.643895304809,0.));
#2981 = PCURVE('',#255,#2982);
#2982 = DEFINITIONAL_REPRESENTATION('',(#2983),#2987);
#2983 = CIRCLE('',#2984,14.);
#2984 = AXIS2_PLACEMENT_2D('',#2985,#2986);
#2985 = CARTESIAN_POINT('',(153.5,108.1));
#2986 = DIRECTION('',(0.765113610155,-0.643895304809));
#2987 = ( GEOMETRIC_REPRESENTATION_CONTEXT(2) 
PARAMETRIC_REPRESENTATION_CONTEXT() REPRESENTATION_CONTEXT('2D SPACE',''
  ) );
#2988 = PCURVE('',#2989,#2994);
#2989 = CYLINDRICAL_SURFACE('',#2990,14.);
#2990 = AXIS2_PLACEMENT_3D('',#2991,#2992,#2993);
#2991 = CARTESIAN_POINT('',(60.5,108.1,34.2));
#2992 = DIRECTION('',(-0.,-0.,-1.));
#2993 = DIRECTION('',(1.,0.,0.));
#2994 = DEFINITIONAL_REPRESENTATION('',(#2995),#2999);
#2995 = LINE('',#2996,#2997);
#2996 = CARTESIAN_POINT('',(-5.583606734288,-4.));
#2997 = VECTOR('',#2998,1.);
#2998 = DIRECTION('',(-1.,-0.));
#2999 = ( GEOMETRIC_REPRESENTATION_CONTEXT(2) 
PARAMETRIC_REPRESENTATION_CONTEXT() REPRESENTATION_CONTEXT('2D SPACE',''
  ) );
#3000 = ORIENTED_EDGE('',*,*,#3001,.F.);
#3001 = EDGE_CURVE('',#3002,#2973,#3004,.T.);
#3002 = VERTEX_POINT('',#3003);
#3003 = CARTESIAN_POINT('',(72.63037195836,118.53331568351,38.2));
#3004 = SURFACE_CURVE('',#3005,(#3009,#3016),.PCURVE_S1.);
#3005 = LINE('',#3006,#3007);
#3006 = CARTESIAN_POINT('',(78.319090885901,124.22203461105,38.2));
#3007 = VECTOR('',#3008,1.);
#3008 = DIRECTION('',(-0.707106781187,-0.707106781187,0.));
#3009 = PCURVE('',#255,#3010);
#3010 = DEFINITIONAL_REPRESENTATION('',(#3011),#3015);
#3011 = LINE('',#3012,#3013);
#3012 = CARTESIAN_POINT('',(171.3190908859,124.22203461105));
#3013 = VECTOR('',#3014,1.);
#3014 = DIRECTION('',(-0.707106781187,-0.707106781187));
#3015 = ( GEOMETRIC_REPRESENTATION_CONTEXT(2) 
PARAMETRIC_REPRESENTATION_CONTEXT() REPRESENTATION_CONTEXT('2D SPACE',''
  ) );
#3016 = PCURVE('',#3017,#3022);
#3017 = PLANE('',#3018);
#3018 = AXIS2_PLACEMENT_3D('',#3019,#3020,#3021);
#3019 = CARTESIAN_POINT('',(78.319090885901,124.22203461105,35.2));
#3020 = DIRECTION('',(-0.707106781187,0.707106781187,0.));
#3021 = DIRECTION('',(0.,0.,1.));
#3022 = DEFINITIONAL_REPRESENTATION('',(#3023),#3027);
#3023 = LINE('',#3024,#3025);
#3024 = CARTESIAN_POINT('',(3.,0.));
#3025 = VECTOR('',#3026,1.);
#3026 = DIRECTION('',(0.,-1.));
#3027 = ( GEOMETRIC_REPRESENTATION_CONTEXT(2) 
PARAMETRIC_REPRESENTATION_CONTEXT() REPRESENTATION_CONTEXT('2D SPACE',''
  ) );
#3028 = ORIENTED_EDGE('',*,*,#3029,.T.);
#3029 = EDGE_CURVE('',#3002,#3030,#3032,.T.);
#3030 = VERTEX_POINT('',#3031);
#3031 = CARTESIAN_POINT('',(72.63037195836,97.666684316488,38.2));
#3032 = SURFACE_CURVE('',#3033,(#3038,#3049),.PCURVE_S1.);
#3033 = CIRCLE('',#3034,16.);
#3034 = AXIS2_PLACEMENT_3D('',#3035,#3036,#3037);
#3035 = CARTESIAN_POINT('',(60.5,108.1,38.2));
#3036 = DIRECTION('',(0.,0.,-1.));
#3037 = DIRECTION('',(-0.65208223022,0.758148247398,0.));
#3038 = PCURVE('',#255,#3039);
#3039 = DEFINITIONAL_REPRESENTATION('',(#3040),#3048);
#3040 = ( BOUNDED_CURVE() B_SPLINE_CURVE(2,(#3041,#3042,#3043,#3044,
#3045,#3046,#3047),.UNSPECIFIED.,.T.,.F.) B_SPLINE_CURVE_WITH_KNOTS((1,2
    ,2,2,2,1),(-2.094395102393,0.,2.094395102393,4.188790204786,
6.28318530718,8.377580409573),.UNSPECIFIED.) CURVE() 
GEOMETRIC_REPRESENTATION_ITEM() RATIONAL_B_SPLINE_CURVE((1.,0.5,1.,0.5,
1.,0.5,1.)) REPRESENTATION_ITEM('') );
#3041 = CARTESIAN_POINT('',(143.06668431648,120.23037195836));
#3042 = CARTESIAN_POINT('',(164.07710486307,138.3014048136));
#3043 = CARTESIAN_POINT('',(169.22186811505,111.07033044844));
#3044 = CARTESIAN_POINT('',(174.36663136702,83.839256083279));
#3045 = CARTESIAN_POINT('',(148.21144756846,92.999297593196));
#3046 = CARTESIAN_POINT('',(122.05626376989,102.15933910311));
#3047 = CARTESIAN_POINT('',(143.06668431648,120.23037195836));
#3048 = ( GEOMETRIC_REPRESENTATION_CONTEXT(2) 
PARAMETRIC_REPRESENTATION_CONTEXT() REPRESENTATION_CONTEXT('2D SPACE',''
  ) );
#3049 = PCURVE('',#3050,#3055);
#3050 = CYLINDRICAL_SURFACE('',#3051,16.);
#3051 = AXIS2_PLACEMENT_3D('',#3052,#3053,#3054);
#3052 = CARTESIAN_POINT('',(60.5,108.1,35.2));
#3053 = DIRECTION('',(-0.,-0.,-1.));
#3054 = DIRECTION('',(1.,0.,0.));
#3055 = DEFINITIONAL_REPRESENTATION('',(#3056),#3060);
#3056 = LINE('',#3057,#3058);
#3057 = CARTESIAN_POINT('',(-8.564309306295,-3.));
#3058 = VECTOR('',#3059,1.);
#3059 = DIRECTION('',(1.,-0.));
#3060 = ( GEOMETRIC_REPRESENTATION_CONTEXT(2) 
PARAMETRIC_REPRESENTATION_CONTEXT() REPRESENTATION_CONTEXT('2D SPACE',''
  ) );
#3061 = ORIENTED_EDGE('',*,*,#3062,.T.);
#3062 = EDGE_CURVE('',#3030,#2971,#3063,.T.);
#3063 = SURFACE_CURVE('',#3064,(#3068,#3075),.PCURVE_S1.);
#3064 = LINE('',#3065,#3066);
#3065 = CARTESIAN_POINT('',(78.319090885901,91.977965388947,38.2));
#3066 = VECTOR('',#3067,1.);
#3067 = DIRECTION('',(-0.707106781187,0.707106781187,0.));
#3068 = PCURVE('',#255,#3069);
#3069 = DEFINITIONAL_REPRESENTATION('',(#3070),#3074);
#3070 = LINE('',#3071,#3072);
#3071 = CARTESIAN_POINT('',(171.3190908859,91.977965388947));
#3072 = VECTOR('',#3073,1.);
#3073 = DIRECTION('',(-0.707106781187,0.707106781187));
#3074 = ( GEOMETRIC_REPRESENTATION_CONTEXT(2) 
PARAMETRIC_REPRESENTATION_CONTEXT() REPRESENTATION_CONTEXT('2D SPACE',''
  ) );
#3075 = PCURVE('',#3076,#3081);
#3076 = PLANE('',#3077);
#3077 = AXIS2_PLACEMENT_3D('',#3078,#3079,#3080);
#3078 = CARTESIAN_POINT('',(78.319090885901,91.977965388947,35.2));
#3079 = DIRECTION('',(0.707106781187,0.707106781187,0.));
#3080 = DIRECTION('',(0.,0.,1.));
#3081 = DEFINITIONAL_REPRESENTATION('',(#3082),#3086);
#3082 = LINE('',#3083,#3084);
#3083 = CARTESIAN_POINT('',(3.,0.));
#3084 = VECTOR('',#3085,1.);
#3085 = DIRECTION('',(0.,-1.));
#3086 = ( GEOMETRIC_REPRESENTATION_CONTEXT(2) 
PARAMETRIC_REPRESENTATION_CONTEXT() REPRESENTATION_CONTEXT('2D SPACE',''
  ) );
#3087 = FACE_BOUND('',#3088,.T.);
#3088 = EDGE_LOOP('',(#3089,#3120,#3148,#3181));
#3089 = ORIENTED_EDGE('',*,*,#3090,.T.);
#3090 = EDGE_CURVE('',#3091,#3093,#3095,.T.);
#3091 = VERTEX_POINT('',#3092);
#3092 = CARTESIAN_POINT('',(74.756734579749,95.540321695099,38.2));
#3093 = VERTEX_POINT('',#3094);
#3094 = CARTESIAN_POINT('',(74.756734579749,120.6596783049,38.2));
#3095 = SURFACE_CURVE('',#3096,(#3101,#3108),.PCURVE_S1.);
#3096 = CIRCLE('',#3097,19.);
#3097 = AXIS2_PLACEMENT_3D('',#3098,#3099,#3100);
#3098 = CARTESIAN_POINT('',(60.5,108.1,38.2));
#3099 = DIRECTION('',(-0.,0.,1.));
#3100 = DIRECTION('',(0.750354451566,-0.661035700258,0.));
#3101 = PCURVE('',#255,#3102);
#3102 = DEFINITIONAL_REPRESENTATION('',(#3103),#3107);
#3103 = CIRCLE('',#3104,19.);
#3104 = AXIS2_PLACEMENT_2D('',#3105,#3106);
#3105 = CARTESIAN_POINT('',(153.5,108.1));
#3106 = DIRECTION('',(0.750354451566,-0.661035700258));
#3107 = ( GEOMETRIC_REPRESENTATION_CONTEXT(2) 
PARAMETRIC_REPRESENTATION_CONTEXT() REPRESENTATION_CONTEXT('2D SPACE',''
  ) );
#3108 = PCURVE('',#3109,#3114);
#3109 = CYLINDRICAL_SURFACE('',#3110,19.);
#3110 = AXIS2_PLACEMENT_3D('',#3111,#3112,#3113);
#3111 = CARTESIAN_POINT('',(60.5,108.1,34.2));
#3112 = DIRECTION('',(-0.,-0.,-1.));
#3113 = DIRECTION('',(1.,0.,0.));
#3114 = DEFINITIONAL_REPRESENTATION('',(#3115),#3119);
#3115 = LINE('',#3116,#3117);
#3116 = CARTESIAN_POINT('',(-5.560987102697,-4.));
#3117 = VECTOR('',#3118,1.);
#3118 = DIRECTION('',(-1.,-0.));
#3119 = ( GEOMETRIC_REPRESENTATION_CONTEXT(2) 
PARAMETRIC_REPRESENTATION_CONTEXT() REPRESENTATION_CONTEXT('2D SPACE',''
  ) );
#3120 = ORIENTED_EDGE('',*,*,#3121,.F.);
#3121 = EDGE_CURVE('',#3122,#3093,#3124,.T.);
#3122 = VERTEX_POINT('',#3123);
#3123 = CARTESIAN_POINT('',(76.173507058151,122.0764507833,38.2));
#3124 = SURFACE_CURVE('',#3125,(#3129,#3136),.PCURVE_S1.);
#3125 = LINE('',#3126,#3127);
#3126 = CARTESIAN_POINT('',(78.319090885901,124.22203461105,38.2));
#3127 = VECTOR('',#3128,1.);
#3128 = DIRECTION('',(-0.707106781187,-0.707106781187,0.));
#3129 = PCURVE('',#255,#3130);
#3130 = DEFINITIONAL_REPRESENTATION('',(#3131),#3135);
#3131 = LINE('',#3132,#3133);
#3132 = CARTESIAN_POINT('',(171.3190908859,124.22203461105));
#3133 = VECTOR('',#3134,1.);
#3134 = DIRECTION('',(-0.707106781187,-0.707106781187));
#3135 = ( GEOMETRIC_REPRESENTATION_CONTEXT(2) 
PARAMETRIC_REPRESENTATION_CONTEXT() REPRESENTATION_CONTEXT('2D SPACE',''
  ) );
#3136 = PCURVE('',#3137,#3142);
#3137 = PLANE('',#3138);
#3138 = AXIS2_PLACEMENT_3D('',#3139,#3140,#3141);
#3139 = CARTESIAN_POINT('',(78.319090885901,124.22203461105,35.2));
#3140 = DIRECTION('',(-0.707106781187,0.707106781187,0.));
#3141 = DIRECTION('',(0.,0.,1.));
#3142 = DEFINITIONAL_REPRESENTATION('',(#3143),#3147);
#3143 = LINE('',#3144,#3145);
#3144 = CARTESIAN_POINT('',(3.,0.));
#3145 = VECTOR('',#3146,1.);
#3146 = DIRECTION('',(0.,-1.));
#3147 = ( GEOMETRIC_REPRESENTATION_CONTEXT(2) 
PARAMETRIC_REPRESENTATION_CONTEXT() REPRESENTATION_CONTEXT('2D SPACE',''
  ) );
#3148 = ORIENTED_EDGE('',*,*,#3149,.T.);
#3149 = EDGE_CURVE('',#3122,#3150,#3152,.T.);
#3150 = VERTEX_POINT('',#3151);
#3151 = CARTESIAN_POINT('',(76.173507058151,94.123549216697,38.2));
#3152 = SURFACE_CURVE('',#3153,(#3158,#3169),.PCURVE_S1.);
#3153 = CIRCLE('',#3154,21.);
#3154 = AXIS2_PLACEMENT_3D('',#3155,#3156,#3157);
#3155 = CARTESIAN_POINT('',(60.5,108.1,38.2));
#3156 = DIRECTION('',(0.,0.,-1.));
#3157 = DIRECTION('',(-0.665545275395,0.74635747896,0.));
#3158 = PCURVE('',#255,#3159);
#3159 = DEFINITIONAL_REPRESENTATION('',(#3160),#3168);
#3160 = ( BOUNDED_CURVE() B_SPLINE_CURVE(2,(#3161,#3162,#3163,#3164,
#3165,#3166,#3167),.UNSPECIFIED.,.T.,.F.) B_SPLINE_CURVE_WITH_KNOTS((1,2
    ,2,2,2,1),(-2.094395102393,0.,2.094395102393,4.188790204786,
6.28318530718,8.377580409573),.UNSPECIFIED.) CURVE() 
GEOMETRIC_REPRESENTATION_ITEM() RATIONAL_B_SPLINE_CURVE((1.,0.5,1.,0.5,
1.,0.5,1.)) REPRESENTATION_ITEM('') );
#3161 = CARTESIAN_POINT('',(139.52354921669,123.77350705815));
#3162 = CARTESIAN_POINT('',(166.6708597742,147.98142992431));
#3163 = CARTESIAN_POINT('',(174.0618806704,112.367207904));
#3164 = CARTESIAN_POINT('',(181.4529015666,76.752985883699));
#3165 = CARTESIAN_POINT('',(146.91457011289,88.159285037841));
#3166 = CARTESIAN_POINT('',(112.37623865919,99.565584191983));
#3167 = CARTESIAN_POINT('',(139.52354921669,123.77350705815));
#3168 = ( GEOMETRIC_REPRESENTATION_CONTEXT(2) 
PARAMETRIC_REPRESENTATION_CONTEXT() REPRESENTATION_CONTEXT('2D SPACE',''
  ) );
#3169 = PCURVE('',#3170,#3175);
#3170 = CYLINDRICAL_SURFACE('',#3171,21.);
#3171 = AXIS2_PLACEMENT_3D('',#3172,#3173,#3174);
#3172 = CARTESIAN_POINT('',(60.5,108.1,35.2));
#3173 = DIRECTION('',(-0.,-0.,-1.));
#3174 = DIRECTION('',(1.,0.,0.));
#3175 = DEFINITIONAL_REPRESENTATION('',(#3176),#3180);
#3176 = LINE('',#3177,#3178);
#3177 = CARTESIAN_POINT('',(-8.582205796291,-3.));
#3178 = VECTOR('',#3179,1.);
#3179 = DIRECTION('',(1.,-0.));
#3180 = ( GEOMETRIC_REPRESENTATION_CONTEXT(2) 
PARAMETRIC_REPRESENTATION_CONTEXT() REPRESENTATION_CONTEXT('2D SPACE',''
  ) );
#3181 = ORIENTED_EDGE('',*,*,#3182,.T.);
#3182 = EDGE_CURVE('',#3150,#3091,#3183,.T.);
#3183 = SURFACE_CURVE('',#3184,(#3188,#3195),.PCURVE_S1.);
#3184 = LINE('',#3185,#3186);
#3185 = CARTESIAN_POINT('',(78.319090885901,91.977965388947,38.2));
#3186 = VECTOR('',#3187,1.);
#3187 = DIRECTION('',(-0.707106781187,0.707106781187,0.));
#3188 = PCURVE('',#255,#3189);
#3189 = DEFINITIONAL_REPRESENTATION('',(#3190),#3194);
#3190 = LINE('',#3191,#3192);
#3191 = CARTESIAN_POINT('',(171.3190908859,91.977965388947));
#3192 = VECTOR('',#3193,1.);
#3193 = DIRECTION('',(-0.707106781187,0.707106781187));
#3194 = ( GEOMETRIC_REPRESENTATION_CONTEXT(2) 
PARAMETRIC_REPRESENTATION_CONTEXT() REPRESENTATION_CONTEXT('2D SPACE',''
  ) );
#3195 = PCURVE('',#3196,#3201);
#3196 = PLANE('',#3197);
#3197 = AXIS2_PLACEMENT_3D('',#3198,#3199,#3200);
#3198 = CARTESIAN_POINT('',(78.319090885901,91.977965388947,35.2));
#3199 = DIRECTION('',(0.707106781187,0.707106781187,0.));
#3200 = DIRECTION('',(0.,0.,1.));
#3201 = DEFINITIONAL_REPRESENTATION('',(#3202),#3206);
#3202 = LINE('',#3203,#3204);
#3203 = CARTESIAN_POINT('',(3.,0.));
#3204 = VECTOR('',#3205,1.);
#3205 = DIRECTION('',(0.,-1.));
#3206 = ( GEOMETRIC_REPRESENTATION_CONTEXT(2) 
PARAMETRIC_REPRESENTATION_CONTEXT() REPRESENTATION_CONTEXT('2D SPACE',''
  ) );
#3207 = FACE_BOUND('',#3208,.T.);
#3208 = EDGE_LOOP('',(#3209,#3244,#3272,#3301));
#3209 = ORIENTED_EDGE('',*,*,#3210,.T.);
#3210 = EDGE_CURVE('',#3211,#3213,#3215,.T.);
#3211 = VERTEX_POINT('',#3212);
#3212 = CARTESIAN_POINT('',(57.191606199259,113.10545007558,38.2));
#3213 = VERTEX_POINT('',#3214);
#3214 = CARTESIAN_POINT('',(63.808393800741,113.10545007558,38.2));
#3215 = SURFACE_CURVE('',#3216,(#3221,#3232),.PCURVE_S1.);
#3216 = CIRCLE('',#3217,6.);
#3217 = AXIS2_PLACEMENT_3D('',#3218,#3219,#3220);
#3218 = CARTESIAN_POINT('',(60.5,108.1,38.2));
#3219 = DIRECTION('',(0.,0.,-1.));
#3220 = DIRECTION('',(-0.55139896679,0.834241679265,0.));
#3221 = PCURVE('',#255,#3222);
#3222 = DEFINITIONAL_REPRESENTATION('',(#3223),#3231);
#3223 = ( BOUNDED_CURVE() B_SPLINE_CURVE(2,(#3224,#3225,#3226,#3227,
#3228,#3229,#3230),.UNSPECIFIED.,.T.,.F.) B_SPLINE_CURVE_WITH_KNOTS((1,2
    ,2,2,2,1),(-2.094395102393,0.,2.094395102393,4.188790204786,
6.28318530718,8.377580409573),.UNSPECIFIED.) CURVE() 
GEOMETRIC_REPRESENTATION_ITEM() RATIONAL_B_SPLINE_CURVE((1.,0.5,1.,0.5,
1.,0.5,1.)) REPRESENTATION_ITEM('') );
#3224 = CARTESIAN_POINT('',(150.19160619925,113.10545007558));
#3225 = CARTESIAN_POINT('',(158.86130004492,118.83575622991));
#3226 = CARTESIAN_POINT('',(159.4890438232,108.46242803937));
#3227 = CARTESIAN_POINT('',(160.11678760148,98.089099848822));
#3228 = CARTESIAN_POINT('',(150.81934997753,102.73212188504));
#3229 = CARTESIAN_POINT('',(141.52191235358,107.37514392125));
#3230 = CARTESIAN_POINT('',(150.19160619925,113.10545007558));
#3231 = ( GEOMETRIC_REPRESENTATION_CONTEXT(2) 
PARAMETRIC_REPRESENTATION_CONTEXT() REPRESENTATION_CONTEXT('2D SPACE',''
  ) );
#3232 = PCURVE('',#3233,#3238);
#3233 = CYLINDRICAL_SURFACE('',#3234,6.);
#3234 = AXIS2_PLACEMENT_3D('',#3235,#3236,#3237);
#3235 = CARTESIAN_POINT('',(60.5,108.1,35.2));
#3236 = DIRECTION('',(-0.,-0.,-1.));
#3237 = DIRECTION('',(1.,0.,0.));
#3238 = DEFINITIONAL_REPRESENTATION('',(#3239),#3243);
#3239 = LINE('',#3240,#3241);
#3240 = CARTESIAN_POINT('',(-8.438021876582,-3.));
#3241 = VECTOR('',#3242,1.);
#3242 = DIRECTION('',(1.,-0.));
#3243 = ( GEOMETRIC_REPRESENTATION_CONTEXT(2) 
PARAMETRIC_REPRESENTATION_CONTEXT() REPRESENTATION_CONTEXT('2D SPACE',''
  ) );
#3244 = ORIENTED_EDGE('',*,*,#3245,.T.);
#3245 = EDGE_CURVE('',#3213,#3246,#3248,.T.);
#3246 = VERTEX_POINT('',#3247);
#3247 = CARTESIAN_POINT('',(62.349619375223,111.64667565007,38.2));
#3248 = SURFACE_CURVE('',#3249,(#3253,#3260),.PCURVE_S1.);
#3249 = LINE('',#3250,#3251);
#3250 = CARTESIAN_POINT('',(76.622034611053,125.9190908859,38.2));
#3251 = VECTOR('',#3252,1.);
#3252 = DIRECTION('',(-0.707106781187,-0.707106781187,0.));
#3253 = PCURVE('',#255,#3254);
#3254 = DEFINITIONAL_REPRESENTATION('',(#3255),#3259);
#3255 = LINE('',#3256,#3257);
#3256 = CARTESIAN_POINT('',(169.62203461105,125.9190908859));
#3257 = VECTOR('',#3258,1.);
#3258 = DIRECTION('',(-0.707106781187,-0.707106781187));
#3259 = ( GEOMETRIC_REPRESENTATION_CONTEXT(2) 
PARAMETRIC_REPRESENTATION_CONTEXT() REPRESENTATION_CONTEXT('2D SPACE',''
  ) );
#3260 = PCURVE('',#3261,#3266);
#3261 = PLANE('',#3262);
#3262 = AXIS2_PLACEMENT_3D('',#3263,#3264,#3265);
#3263 = CARTESIAN_POINT('',(76.622034611053,125.9190908859,35.2));
#3264 = DIRECTION('',(-0.707106781187,0.707106781187,0.));
#3265 = DIRECTION('',(0.,0.,1.));
#3266 = DEFINITIONAL_REPRESENTATION('',(#3267),#3271);
#3267 = LINE('',#3268,#3269);
#3268 = CARTESIAN_POINT('',(3.,0.));
#3269 = VECTOR('',#3270,1.);
#3270 = DIRECTION('',(0.,-1.));
#3271 = ( GEOMETRIC_REPRESENTATION_CONTEXT(2) 
PARAMETRIC_REPRESENTATION_CONTEXT() REPRESENTATION_CONTEXT('2D SPACE',''
  ) );
#3272 = ORIENTED_EDGE('',*,*,#3273,.T.);
#3273 = EDGE_CURVE('',#3246,#3274,#3276,.T.);
#3274 = VERTEX_POINT('',#3275);
#3275 = CARTESIAN_POINT('',(58.650380624778,111.64667565007,38.2));
#3276 = SURFACE_CURVE('',#3277,(#3282,#3289),.PCURVE_S1.);
#3277 = CIRCLE('',#3278,4.);
#3278 = AXIS2_PLACEMENT_3D('',#3279,#3280,#3281);
#3279 = CARTESIAN_POINT('',(60.5,108.1,38.2));
#3280 = DIRECTION('',(-0.,0.,1.));
#3281 = DIRECTION('',(0.886668912518,-0.462404843806,0.));
#3282 = PCURVE('',#255,#3283);
#3283 = DEFINITIONAL_REPRESENTATION('',(#3284),#3288);
#3284 = CIRCLE('',#3285,4.);
#3285 = AXIS2_PLACEMENT_2D('',#3286,#3287);
#3286 = CARTESIAN_POINT('',(153.5,108.1));
#3287 = DIRECTION('',(0.886668912518,-0.462404843806));
#3288 = ( GEOMETRIC_REPRESENTATION_CONTEXT(2) 
PARAMETRIC_REPRESENTATION_CONTEXT() REPRESENTATION_CONTEXT('2D SPACE',''
  ) );
#3289 = PCURVE('',#3290,#3295);
#3290 = CYLINDRICAL_SURFACE('',#3291,4.);
#3291 = AXIS2_PLACEMENT_3D('',#3292,#3293,#3294);
#3292 = CARTESIAN_POINT('',(60.5,108.1,34.2));
#3293 = DIRECTION('',(-0.,-0.,-1.));
#3294 = DIRECTION('',(1.,0.,0.));
#3295 = DEFINITIONAL_REPRESENTATION('',(#3296),#3300);
#3296 = LINE('',#3297,#3298);
#3297 = CARTESIAN_POINT('',(-5.802479797798,-4.));
#3298 = VECTOR('',#3299,1.);
#3299 = DIRECTION('',(-1.,-0.));
#3300 = ( GEOMETRIC_REPRESENTATION_CONTEXT(2) 
PARAMETRIC_REPRESENTATION_CONTEXT() REPRESENTATION_CONTEXT('2D SPACE',''
  ) );
#3301 = ORIENTED_EDGE('',*,*,#3302,.T.);
#3302 = EDGE_CURVE('',#3274,#3211,#3303,.T.);
#3303 = SURFACE_CURVE('',#3304,(#3308,#3315),.PCURVE_S1.);
#3304 = LINE('',#3305,#3306);
#3305 = CARTESIAN_POINT('',(78.319090885901,91.977965388947,38.2));
#3306 = VECTOR('',#3307,1.);
#3307 = DIRECTION('',(-0.707106781187,0.707106781187,0.));
#3308 = PCURVE('',#255,#3309);
#3309 = DEFINITIONAL_REPRESENTATION('',(#3310),#3314);
#3310 = LINE('',#3311,#3312);
#3311 = CARTESIAN_POINT('',(171.3190908859,91.977965388947));
#3312 = VECTOR('',#3313,1.);
#3313 = DIRECTION('',(-0.707106781187,0.707106781187));
#3314 = ( GEOMETRIC_REPRESENTATION_CONTEXT(2) 
PARAMETRIC_REPRESENTATION_CONTEXT() REPRESENTATION_CONTEXT('2D SPACE',''
  ) );
#3315 = PCURVE('',#3316,#3321);
#3316 = PLANE('',#3317);
#3317 = AXIS2_PLACEMENT_3D('',#3318,#3319,#3320);
#3318 = CARTESIAN_POINT('',(78.319090885901,91.977965388947,35.2));
#3319 = DIRECTION('',(0.707106781187,0.707106781187,0.));
#3320 = DIRECTION('',(0.,0.,1.));
#3321 = DEFINITIONAL_REPRESENTATION('',(#3322),#3326);
#3322 = LINE('',#3323,#3324);
#3323 = CARTESIAN_POINT('',(3.,0.));
#3324 = VECTOR('',#3325,1.);
#3325 = DIRECTION('',(0.,-1.));
#3326 = ( GEOMETRIC_REPRESENTATION_CONTEXT(2) 
PARAMETRIC_REPRESENTATION_CONTEXT() REPRESENTATION_CONTEXT('2D SPACE',''
  ) );
#3327 = FACE_BOUND('',#3328,.T.);
#3328 = EDGE_LOOP('',(#3329,#3364,#3392,#3421));
#3329 = ORIENTED_EDGE('',*,*,#3330,.T.);
#3330 = EDGE_CURVE('',#3331,#3333,#3335,.T.);
#3331 = VERTEX_POINT('',#3332);
#3332 = CARTESIAN_POINT('',(53.616775425393,116.68028084945,38.2));
#3333 = VERTEX_POINT('',#3334);
#3334 = CARTESIAN_POINT('',(67.383224574607,116.68028084945,38.2));
#3335 = SURFACE_CURVE('',#3336,(#3341,#3352),.PCURVE_S1.);
#3336 = CIRCLE('',#3337,11.);
#3337 = AXIS2_PLACEMENT_3D('',#3338,#3339,#3340);
#3338 = CARTESIAN_POINT('',(60.5,108.1,38.2));
#3339 = DIRECTION('',(0.,0.,-1.));
#3340 = DIRECTION('',(-0.625747688601,0.780025531769,0.));
#3341 = PCURVE('',#255,#3342);
#3342 = DEFINITIONAL_REPRESENTATION('',(#3343),#3351);
#3343 = ( BOUNDED_CURVE() B_SPLINE_CURVE(2,(#3344,#3345,#3346,#3347,
#3348,#3349,#3350),.UNSPECIFIED.,.T.,.F.) B_SPLINE_CURVE_WITH_KNOTS((1,2
    ,2,2,2,1),(-2.094395102393,0.,2.094395102393,4.188790204786,
6.28318530718,8.377580409573),.UNSPECIFIED.) CURVE() 
GEOMETRIC_REPRESENTATION_ITEM() RATIONAL_B_SPLINE_CURVE((1.,0.5,1.,0.5,
1.,0.5,1.)) REPRESENTATION_ITEM('') );
#3344 = CARTESIAN_POINT('',(146.61677542539,116.68028084945));
#3345 = CARTESIAN_POINT('',(161.47825779985,128.60237553258));
#3346 = CARTESIAN_POINT('',(164.37235347453,109.77090691683));
#3347 = CARTESIAN_POINT('',(167.26644914921,90.93943830109));
#3348 = CARTESIAN_POINT('',(149.51087110007,97.848812233709));
#3349 = CARTESIAN_POINT('',(131.75529305092,104.75818616632));
#3350 = CARTESIAN_POINT('',(146.61677542539,116.68028084945));
#3351 = ( GEOMETRIC_REPRESENTATION_CONTEXT(2) 
PARAMETRIC_REPRESENTATION_CONTEXT() REPRESENTATION_CONTEXT('2D SPACE',''
  ) );
#3352 = PCURVE('',#3353,#3358);
#3353 = CYLINDRICAL_SURFACE('',#3354,11.);
#3354 = AXIS2_PLACEMENT_3D('',#3355,#3356,#3357);
#3355 = CARTESIAN_POINT('',(60.5,108.1,35.2));
#3356 = DIRECTION('',(-0.,-0.,-1.));
#3357 = DIRECTION('',(1.,0.,0.));
#3358 = DEFINITIONAL_REPRESENTATION('',(#3359),#3363);
#3359 = LINE('',#3360,#3361);
#3360 = CARTESIAN_POINT('',(-8.530071342554,-3.));
#3361 = VECTOR('',#3362,1.);
#3362 = DIRECTION('',(1.,-0.));
#3363 = ( GEOMETRIC_REPRESENTATION_CONTEXT(2) 
PARAMETRIC_REPRESENTATION_CONTEXT() REPRESENTATION_CONTEXT('2D SPACE',''
  ) );
#3364 = ORIENTED_EDGE('',*,*,#3365,.T.);
#3365 = EDGE_CURVE('',#3333,#3366,#3368,.T.);
#3366 = VERTEX_POINT('',#3367);
#3367 = CARTESIAN_POINT('',(65.958610675064,115.25566694991,38.2));
#3368 = SURFACE_CURVE('',#3369,(#3373,#3380),.PCURVE_S1.);
#3369 = LINE('',#3370,#3371);
#3370 = CARTESIAN_POINT('',(76.622034611053,125.9190908859,38.2));
#3371 = VECTOR('',#3372,1.);
#3372 = DIRECTION('',(-0.707106781187,-0.707106781187,0.));
#3373 = PCURVE('',#255,#3374);
#3374 = DEFINITIONAL_REPRESENTATION('',(#3375),#3379);
#3375 = LINE('',#3376,#3377);
#3376 = CARTESIAN_POINT('',(169.62203461105,125.9190908859));
#3377 = VECTOR('',#3378,1.);
#3378 = DIRECTION('',(-0.707106781187,-0.707106781187));
#3379 = ( GEOMETRIC_REPRESENTATION_CONTEXT(2) 
PARAMETRIC_REPRESENTATION_CONTEXT() REPRESENTATION_CONTEXT('2D SPACE',''
  ) );
#3380 = PCURVE('',#3381,#3386);
#3381 = PLANE('',#3382);
#3382 = AXIS2_PLACEMENT_3D('',#3383,#3384,#3385);
#3383 = CARTESIAN_POINT('',(76.622034611053,125.9190908859,35.2));
#3384 = DIRECTION('',(-0.707106781187,0.707106781187,0.));
#3385 = DIRECTION('',(0.,0.,1.));
#3386 = DEFINITIONAL_REPRESENTATION('',(#3387),#3391);
#3387 = LINE('',#3388,#3389);
#3388 = CARTESIAN_POINT('',(3.,0.));
#3389 = VECTOR('',#3390,1.);
#3390 = DIRECTION('',(0.,-1.));
#3391 = ( GEOMETRIC_REPRESENTATION_CONTEXT(2) 
PARAMETRIC_REPRESENTATION_CONTEXT() REPRESENTATION_CONTEXT('2D SPACE',''
  ) );
#3392 = ORIENTED_EDGE('',*,*,#3393,.T.);
#3393 = EDGE_CURVE('',#3366,#3394,#3396,.T.);
#3394 = VERTEX_POINT('',#3395);
#3395 = CARTESIAN_POINT('',(55.041389324935,115.25566694991,38.2));
#3396 = SURFACE_CURVE('',#3397,(#3402,#3409),.PCURVE_S1.);
#3397 = CIRCLE('',#3398,9.);
#3398 = AXIS2_PLACEMENT_3D('',#3399,#3400,#3401);
#3399 = CARTESIAN_POINT('',(60.5,108.1,38.2));
#3400 = DIRECTION('',(-0.,0.,1.));
#3401 = DIRECTION('',(0.795074105546,-0.606512297229,0.));
#3402 = PCURVE('',#255,#3403);
#3403 = DEFINITIONAL_REPRESENTATION('',(#3404),#3408);
#3404 = CIRCLE('',#3405,9.);
#3405 = AXIS2_PLACEMENT_2D('',#3406,#3407);
#3406 = CARTESIAN_POINT('',(153.5,108.1));
#3407 = DIRECTION('',(0.795074105546,-0.606512297229));
#3408 = ( GEOMETRIC_REPRESENTATION_CONTEXT(2) 
PARAMETRIC_REPRESENTATION_CONTEXT() REPRESENTATION_CONTEXT('2D SPACE',''
  ) );
#3409 = PCURVE('',#3410,#3415);
#3410 = CYLINDRICAL_SURFACE('',#3411,9.);
#3411 = AXIS2_PLACEMENT_3D('',#3412,#3413,#3414);
#3412 = CARTESIAN_POINT('',(60.5,108.1,34.2));
#3413 = DIRECTION('',(-0.,-0.,-1.));
#3414 = DIRECTION('',(1.,0.,0.));
#3415 = DEFINITIONAL_REPRESENTATION('',(#3416),#3420);
#3416 = LINE('',#3417,#3418);
#3417 = CARTESIAN_POINT('',(-5.631518733192,-4.));
#3418 = VECTOR('',#3419,1.);
#3419 = DIRECTION('',(-1.,-0.));
#3420 = ( GEOMETRIC_REPRESENTATION_CONTEXT(2) 
PARAMETRIC_REPRESENTATION_CONTEXT() REPRESENTATION_CONTEXT('2D SPACE',''
  ) );
#3421 = ORIENTED_EDGE('',*,*,#3422,.T.);
#3422 = EDGE_CURVE('',#3394,#3331,#3423,.T.);
#3423 = SURFACE_CURVE('',#3424,(#3428,#3435),.PCURVE_S1.);
#3424 = LINE('',#3425,#3426);
#3425 = CARTESIAN_POINT('',(78.319090885901,91.977965388947,38.2));
#3426 = VECTOR('',#3427,1.);
#3427 = DIRECTION('',(-0.707106781187,0.707106781187,0.));
#3428 = PCURVE('',#255,#3429);
#3429 = DEFINITIONAL_REPRESENTATION('',(#3430),#3434);
#3430 = LINE('',#3431,#3432);
#3431 = CARTESIAN_POINT('',(171.3190908859,91.977965388947));
#3432 = VECTOR('',#3433,1.);
#3433 = DIRECTION('',(-0.707106781187,0.707106781187));
#3434 = ( GEOMETRIC_REPRESENTATION_CONTEXT(2) 
PARAMETRIC_REPRESENTATION_CONTEXT() REPRESENTATION_CONTEXT('2D SPACE',''
  ) );
#3435 = PCURVE('',#3436,#3441);
#3436 = PLANE('',#3437);
#3437 = AXIS2_PLACEMENT_3D('',#3438,#3439,#3440);
#3438 = CARTESIAN_POINT('',(78.319090885901,91.977965388947,35.2));
#3439 = DIRECTION('',(0.707106781187,0.707106781187,0.));
#3440 = DIRECTION('',(0.,0.,1.));
#3441 = DEFINITIONAL_REPRESENTATION('',(#3442),#3446);
#3442 = LINE('',#3443,#3444);
#3443 = CARTESIAN_POINT('',(3.,0.));
#3444 = VECTOR('',#3445,1.);
#3445 = DIRECTION('',(0.,-1.));
#3446 = ( GEOMETRIC_REPRESENTATION_CONTEXT(2) 
PARAMETRIC_REPRESENTATION_CONTEXT() REPRESENTATION_CONTEXT('2D SPACE',''
  ) );
#3447 = FACE_BOUND('',#3448,.T.);
#3448 = EDGE_LOOP('',(#3449));
#3449 = ORIENTED_EDGE('',*,*,#3450,.T.);
#3450 = EDGE_CURVE('',#3451,#3451,#3453,.T.);
#3451 = VERTEX_POINT('',#3452);
#3452 = CARTESIAN_POINT('',(-86.6,140.05,38.2));
#3453 = SURFACE_CURVE('',#3454,(#3459,#3470),.PCURVE_S1.);
#3454 = CIRCLE('',#3455,1.4);
#3455 = AXIS2_PLACEMENT_3D('',#3456,#3457,#3458);
#3456 = CARTESIAN_POINT('',(-88.,140.05,38.2));
#3457 = DIRECTION('',(0.,0.,-1.));
#3458 = DIRECTION('',(1.,0.,0.));
#3459 = PCURVE('',#255,#3460);
#3460 = DEFINITIONAL_REPRESENTATION('',(#3461),#3469);
#3461 = ( BOUNDED_CURVE() B_SPLINE_CURVE(2,(#3462,#3463,#3464,#3465,
#3466,#3467,#3468),.UNSPECIFIED.,.T.,.F.) B_SPLINE_CURVE_WITH_KNOTS((1,2
    ,2,2,2,1),(-2.094395102393,0.,2.094395102393,4.188790204786,
6.28318530718,8.377580409573),.UNSPECIFIED.) CURVE() 
GEOMETRIC_REPRESENTATION_ITEM() RATIONAL_B_SPLINE_CURVE((1.,0.5,1.,0.5,
1.,0.5,1.)) REPRESENTATION_ITEM('') );
#3462 = CARTESIAN_POINT('',(6.4,140.05));
#3463 = CARTESIAN_POINT('',(6.4,137.6251288694));
#3464 = CARTESIAN_POINT('',(4.3,138.8375644347));
#3465 = CARTESIAN_POINT('',(2.2,140.05));
#3466 = CARTESIAN_POINT('',(4.3,141.26243556529));
#3467 = CARTESIAN_POINT('',(6.4,142.47487113059));
#3468 = CARTESIAN_POINT('',(6.4,140.05));
#3469 = ( GEOMETRIC_REPRESENTATION_CONTEXT(2) 
PARAMETRIC_REPRESENTATION_CONTEXT() REPRESENTATION_CONTEXT('2D SPACE',''
  ) );
#3470 = PCURVE('',#3471,#3476);
#3471 = CYLINDRICAL_SURFACE('',#3472,1.4);
#3472 = AXIS2_PLACEMENT_3D('',#3473,#3474,#3475);
#3473 = CARTESIAN_POINT('',(-88.,140.05,35.2));
#3474 = DIRECTION('',(-0.,-0.,-1.));
#3475 = DIRECTION('',(1.,0.,0.));
#3476 = DEFINITIONAL_REPRESENTATION('',(#3477),#3481);
#3477 = LINE('',#3478,#3479);
#3478 = CARTESIAN_POINT('',(-6.28318530718,-3.));
#3479 = VECTOR('',#3480,1.);
#3480 = DIRECTION('',(1.,-0.));
#3481 = ( GEOMETRIC_REPRESENTATION_CONTEXT(2) 
PARAMETRIC_REPRESENTATION_CONTEXT() REPRESENTATION_CONTEXT('2D SPACE',''
  ) );
#3482 = FACE_BOUND('',#3483,.T.);
#3483 = EDGE_LOOP('',(#3484));
#3484 = ORIENTED_EDGE('',*,*,#3485,.T.);
#3485 = EDGE_CURVE('',#3486,#3486,#3488,.T.);
#3486 = VERTEX_POINT('',#3487);
#3487 = CARTESIAN_POINT('',(-49.4,138.,38.2));
#3488 = SURFACE_CURVE('',#3489,(#3494,#3505),.PCURVE_S1.);
#3489 = CIRCLE('',#3490,2.6);
#3490 = AXIS2_PLACEMENT_3D('',#3491,#3492,#3493);
#3491 = CARTESIAN_POINT('',(-52.,138.,38.2));
#3492 = DIRECTION('',(0.,0.,-1.));
#3493 = DIRECTION('',(1.,0.,0.));
#3494 = PCURVE('',#255,#3495);
#3495 = DEFINITIONAL_REPRESENTATION('',(#3496),#3504);
#3496 = ( BOUNDED_CURVE() B_SPLINE_CURVE(2,(#3497,#3498,#3499,#3500,
#3501,#3502,#3503),.UNSPECIFIED.,.T.,.F.) B_SPLINE_CURVE_WITH_KNOTS((1,2
    ,2,2,2,1),(-2.094395102393,0.,2.094395102393,4.188790204786,
6.28318530718,8.377580409573),.UNSPECIFIED.) CURVE() 
GEOMETRIC_REPRESENTATION_ITEM() RATIONAL_B_SPLINE_CURVE((1.,0.5,1.,0.5,
1.,0.5,1.)) REPRESENTATION_ITEM('') );
#3497 = CARTESIAN_POINT('',(43.6,138.));
#3498 = CARTESIAN_POINT('',(43.6,133.49666790032));
#3499 = CARTESIAN_POINT('',(39.7,135.74833395016));
#3500 = CARTESIAN_POINT('',(35.8,138.));
#3501 = CARTESIAN_POINT('',(39.7,140.25166604984));
#3502 = CARTESIAN_POINT('',(43.6,142.50333209967));
#3503 = CARTESIAN_POINT('',(43.6,138.));
#3504 = ( GEOMETRIC_REPRESENTATION_CONTEXT(2) 
PARAMETRIC_REPRESENTATION_CONTEXT() REPRESENTATION_CONTEXT('2D SPACE',''
  ) );
#3505 = PCURVE('',#3506,#3511);
#3506 = CYLINDRICAL_SURFACE('',#3507,2.6);
#3507 = AXIS2_PLACEMENT_3D('',#3508,#3509,#3510);
#3508 = CARTESIAN_POINT('',(-52.,138.,36.));
#3509 = DIRECTION('',(-0.,-0.,-1.));
#3510 = DIRECTION('',(1.,0.,0.));
#3511 = DEFINITIONAL_REPRESENTATION('',(#3512),#3516);
#3512 = LINE('',#3513,#3514);
#3513 = CARTESIAN_POINT('',(-6.28318530718,-2.2));
#3514 = VECTOR('',#3515,1.);
#3515 = DIRECTION('',(1.,-0.));
#3516 = ( GEOMETRIC_REPRESENTATION_CONTEXT(2) 
PARAMETRIC_REPRESENTATION_CONTEXT() REPRESENTATION_CONTEXT('2D SPACE',''
  ) );
#3517 = FACE_BOUND('',#3518,.T.);
#3518 = EDGE_LOOP('',(#3519));
#3519 = ORIENTED_EDGE('',*,*,#3520,.T.);
#3520 = EDGE_CURVE('',#3521,#3521,#3523,.T.);
#3521 = VERTEX_POINT('',#3522);
#3522 = CARTESIAN_POINT('',(-63.8,140.05,38.2));
#3523 = SURFACE_CURVE('',#3524,(#3529,#3540),.PCURVE_S1.);
#3524 = CIRCLE('',#3525,1.4);
#3525 = AXIS2_PLACEMENT_3D('',#3526,#3527,#3528);
#3526 = CARTESIAN_POINT('',(-65.2,140.05,38.2));
#3527 = DIRECTION('',(0.,0.,-1.));
#3528 = DIRECTION('',(1.,0.,0.));
#3529 = PCURVE('',#255,#3530);
#3530 = DEFINITIONAL_REPRESENTATION('',(#3531),#3539);
#3531 = ( BOUNDED_CURVE() B_SPLINE_CURVE(2,(#3532,#3533,#3534,#3535,
#3536,#3537,#3538),.UNSPECIFIED.,.T.,.F.) B_SPLINE_CURVE_WITH_KNOTS((1,2
    ,2,2,2,1),(-2.094395102393,0.,2.094395102393,4.188790204786,
6.28318530718,8.377580409573),.UNSPECIFIED.) CURVE() 
GEOMETRIC_REPRESENTATION_ITEM() RATIONAL_B_SPLINE_CURVE((1.,0.5,1.,0.5,
1.,0.5,1.)) REPRESENTATION_ITEM('') );
#3532 = CARTESIAN_POINT('',(29.2,140.05));
#3533 = CARTESIAN_POINT('',(29.2,137.6251288694));
#3534 = CARTESIAN_POINT('',(27.1,138.8375644347));
#3535 = CARTESIAN_POINT('',(25.,140.05));
#3536 = CARTESIAN_POINT('',(27.1,141.26243556529));
#3537 = CARTESIAN_POINT('',(29.2,142.47487113059));
#3538 = CARTESIAN_POINT('',(29.2,140.05));
#3539 = ( GEOMETRIC_REPRESENTATION_CONTEXT(2) 
PARAMETRIC_REPRESENTATION_CONTEXT() REPRESENTATION_CONTEXT('2D SPACE',''
  ) );
#3540 = PCURVE('',#3541,#3546);
#3541 = CYLINDRICAL_SURFACE('',#3542,1.4);
#3542 = AXIS2_PLACEMENT_3D('',#3543,#3544,#3545);
#3543 = CARTESIAN_POINT('',(-65.2,140.05,35.2));
#3544 = DIRECTION('',(-0.,-0.,-1.));
#3545 = DIRECTION('',(1.,0.,0.));
#3546 = DEFINITIONAL_REPRESENTATION('',(#3547),#3551);
#3547 = LINE('',#3548,#3549);
#3548 = CARTESIAN_POINT('',(-6.28318530718,-3.));
#3549 = VECTOR('',#3550,1.);
#3550 = DIRECTION('',(1.,-0.));
#3551 = ( GEOMETRIC_REPRESENTATION_CONTEXT(2) 
PARAMETRIC_REPRESENTATION_CONTEXT() REPRESENTATION_CONTEXT('2D SPACE',''
  ) );
#3552 = FACE_BOUND('',#3553,.T.);
#3553 = EDGE_LOOP('',(#3554));
#3554 = ORIENTED_EDGE('',*,*,#3555,.T.);
#3555 = EDGE_CURVE('',#3556,#3556,#3558,.T.);
#3556 = VERTEX_POINT('',#3557);
#3557 = CARTESIAN_POINT('',(-86.6,148.85,38.2));
#3558 = SURFACE_CURVE('',#3559,(#3564,#3575),.PCURVE_S1.);
#3559 = CIRCLE('',#3560,1.4);
#3560 = AXIS2_PLACEMENT_3D('',#3561,#3562,#3563);
#3561 = CARTESIAN_POINT('',(-88.,148.85,38.2));
#3562 = DIRECTION('',(0.,0.,-1.));
#3563 = DIRECTION('',(1.,0.,0.));
#3564 = PCURVE('',#255,#3565);
#3565 = DEFINITIONAL_REPRESENTATION('',(#3566),#3574);
#3566 = ( BOUNDED_CURVE() B_SPLINE_CURVE(2,(#3567,#3568,#3569,#3570,
#3571,#3572,#3573),.UNSPECIFIED.,.T.,.F.) B_SPLINE_CURVE_WITH_KNOTS((1,2
    ,2,2,2,1),(-2.094395102393,0.,2.094395102393,4.188790204786,
6.28318530718,8.377580409573),.UNSPECIFIED.) CURVE() 
GEOMETRIC_REPRESENTATION_ITEM() RATIONAL_B_SPLINE_CURVE((1.,0.5,1.,0.5,
1.,0.5,1.)) REPRESENTATION_ITEM('') );
#3567 = CARTESIAN_POINT('',(6.4,148.85));
#3568 = CARTESIAN_POINT('',(6.4,146.4251288694));
#3569 = CARTESIAN_POINT('',(4.3,147.6375644347));
#3570 = CARTESIAN_POINT('',(2.2,148.85));
#3571 = CARTESIAN_POINT('',(4.3,150.06243556529));
#3572 = CARTESIAN_POINT('',(6.4,151.27487113059));
#3573 = CARTESIAN_POINT('',(6.4,148.85));
#3574 = ( GEOMETRIC_REPRESENTATION_CONTEXT(2) 
PARAMETRIC_REPRESENTATION_CONTEXT() REPRESENTATION_CONTEXT('2D SPACE',''
  ) );
#3575 = PCURVE('',#3576,#3581);
#3576 = CYLINDRICAL_SURFACE('',#3577,1.4);
#3577 = AXIS2_PLACEMENT_3D('',#3578,#3579,#3580);
#3578 = CARTESIAN_POINT('',(-88.,148.85,35.2));
#3579 = DIRECTION('',(-0.,-0.,-1.));
#3580 = DIRECTION('',(1.,0.,0.));
#3581 = DEFINITIONAL_REPRESENTATION('',(#3582),#3586);
#3582 = LINE('',#3583,#3584);
#3583 = CARTESIAN_POINT('',(-6.28318530718,-3.));
#3584 = VECTOR('',#3585,1.);
#3585 = DIRECTION('',(1.,-0.));
#3586 = ( GEOMETRIC_REPRESENTATION_CONTEXT(2) 
PARAMETRIC_REPRESENTATION_CONTEXT() REPRESENTATION_CONTEXT('2D SPACE',''
  ) );
#3587 = FACE_BOUND('',#3588,.T.);
#3588 = EDGE_LOOP('',(#3589));
#3589 = ORIENTED_EDGE('',*,*,#3590,.T.);
#3590 = EDGE_CURVE('',#3591,#3591,#3593,.T.);
#3591 = VERTEX_POINT('',#3592);
#3592 = CARTESIAN_POINT('',(-63.8,148.85,38.2));
#3593 = SURFACE_CURVE('',#3594,(#3599,#3610),.PCURVE_S1.);
#3594 = CIRCLE('',#3595,1.4);
#3595 = AXIS2_PLACEMENT_3D('',#3596,#3597,#3598);
#3596 = CARTESIAN_POINT('',(-65.2,148.85,38.2));
#3597 = DIRECTION('',(0.,0.,-1.));
#3598 = DIRECTION('',(1.,0.,0.));
#3599 = PCURVE('',#255,#3600);
#3600 = DEFINITIONAL_REPRESENTATION('',(#3601),#3609);
#3601 = ( BOUNDED_CURVE() B_SPLINE_CURVE(2,(#3602,#3603,#3604,#3605,
#3606,#3607,#3608),.UNSPECIFIED.,.T.,.F.) B_SPLINE_CURVE_WITH_KNOTS((1,2
    ,2,2,2,1),(-2.094395102393,0.,2.094395102393,4.188790204786,
6.28318530718,8.377580409573),.UNSPECIFIED.) CURVE() 
GEOMETRIC_REPRESENTATION_ITEM() RATIONAL_B_SPLINE_CURVE((1.,0.5,1.,0.5,
1.,0.5,1.)) REPRESENTATION_ITEM('') );
#3602 = CARTESIAN_POINT('',(29.2,148.85));
#3603 = CARTESIAN_POINT('',(29.2,146.4251288694));
#3604 = CARTESIAN_POINT('',(27.1,147.6375644347));
#3605 = CARTESIAN_POINT('',(25.,148.85));
#3606 = CARTESIAN_POINT('',(27.1,150.06243556529));
#3607 = CARTESIAN_POINT('',(29.2,151.27487113059));
#3608 = CARTESIAN_POINT('',(29.2,148.85));
#3609 = ( GEOMETRIC_REPRESENTATION_CONTEXT(2) 
PARAMETRIC_REPRESENTATION_CONTEXT() REPRESENTATION_CONTEXT('2D SPACE',''
  ) );
#3610 = PCURVE('',#3611,#3616);
#3611 = CYLINDRICAL_SURFACE('',#3612,1.4);
#3612 = AXIS2_PLACEMENT_3D('',#3613,#3614,#3615);
#3613 = CARTESIAN_POINT('',(-65.2,148.85,35.2));
#3614 = DIRECTION('',(-0.,-0.,-1.));
#3615 = DIRECTION('',(1.,0.,0.));
#3616 = DEFINITIONAL_REPRESENTATION('',(#3617),#3621);
#3617 = LINE('',#3618,#3619);
#3618 = CARTESIAN_POINT('',(-6.28318530718,-3.));
#3619 = VECTOR('',#3620,1.);
#3620 = DIRECTION('',(1.,-0.));
#3621 = ( GEOMETRIC_REPRESENTATION_CONTEXT(2) 
PARAMETRIC_REPRESENTATION_CONTEXT() REPRESENTATION_CONTEXT('2D SPACE',''
  ) );
#3622 = FACE_BOUND('',#3623,.T.);
#3623 = EDGE_LOOP('',(#3624,#3652,#3678,#3704));
#3624 = ORIENTED_EDGE('',*,*,#3625,.T.);
#3625 = EDGE_CURVE('',#3626,#3628,#3630,.T.);
#3626 = VERTEX_POINT('',#3627);
#3627 = CARTESIAN_POINT('',(3.,139.7,38.2));
#3628 = VERTEX_POINT('',#3629);
#3629 = CARTESIAN_POINT('',(-23.,139.7,38.2));
#3630 = SURFACE_CURVE('',#3631,(#3635,#3641),.PCURVE_S1.);
#3631 = LINE('',#3632,#3633);
#3632 = CARTESIAN_POINT('',(-58.,139.7,38.2));
#3633 = VECTOR('',#3634,1.);
#3634 = DIRECTION('',(-1.,0.,0.));
#3635 = PCURVE('',#255,#3636);
#3636 = DEFINITIONAL_REPRESENTATION('',(#3637),#3640);
#3637 = B_SPLINE_CURVE_WITH_KNOTS('',1,(#3638,#3639),.UNSPECIFIED.,.F.,
  .F.,(2,2),(-61.,-35.),.PIECEWISE_BEZIER_KNOTS.);
#3638 = CARTESIAN_POINT('',(96.,139.7));
#3639 = CARTESIAN_POINT('',(70.,139.7));
#3640 = ( GEOMETRIC_REPRESENTATION_CONTEXT(2) 
PARAMETRIC_REPRESENTATION_CONTEXT() REPRESENTATION_CONTEXT('2D SPACE',''
  ) );
#3641 = PCURVE('',#3642,#3647);
#3642 = PLANE('',#3643);
#3643 = AXIS2_PLACEMENT_3D('',#3644,#3645,#3646);
#3644 = CARTESIAN_POINT('',(-23.,139.7,35.2));
#3645 = DIRECTION('',(0.,1.,0.));
#3646 = DIRECTION('',(0.,0.,1.));
#3647 = DEFINITIONAL_REPRESENTATION('',(#3648),#3651);
#3648 = B_SPLINE_CURVE_WITH_KNOTS('',1,(#3649,#3650),.UNSPECIFIED.,.F.,
  .F.,(2,2),(-61.,-35.),.PIECEWISE_BEZIER_KNOTS.);
#3649 = CARTESIAN_POINT('',(3.,26.));
#3650 = CARTESIAN_POINT('',(3.,0.));
#3651 = ( GEOMETRIC_REPRESENTATION_CONTEXT(2) 
PARAMETRIC_REPRESENTATION_CONTEXT() REPRESENTATION_CONTEXT('2D SPACE',''
  ) );
#3652 = ORIENTED_EDGE('',*,*,#3653,.T.);
#3653 = EDGE_CURVE('',#3628,#3654,#3656,.T.);
#3654 = VERTEX_POINT('',#3655);
#3655 = CARTESIAN_POINT('',(-23.,147.7,38.2));
#3656 = SURFACE_CURVE('',#3657,(#3661,#3667),.PCURVE_S1.);
#3657 = LINE('',#3658,#3659);
#3658 = CARTESIAN_POINT('',(-23.,69.85,38.2));
#3659 = VECTOR('',#3660,1.);
#3660 = DIRECTION('',(0.,1.,0.));
#3661 = PCURVE('',#255,#3662);
#3662 = DEFINITIONAL_REPRESENTATION('',(#3663),#3666);
#3663 = B_SPLINE_CURVE_WITH_KNOTS('',1,(#3664,#3665),.UNSPECIFIED.,.F.,
  .F.,(2,2),(69.85,77.85),.PIECEWISE_BEZIER_KNOTS.);
#3664 = CARTESIAN_POINT('',(70.,139.7));
#3665 = CARTESIAN_POINT('',(70.,147.7));
#3666 = ( GEOMETRIC_REPRESENTATION_CONTEXT(2) 
PARAMETRIC_REPRESENTATION_CONTEXT() REPRESENTATION_CONTEXT('2D SPACE',''
  ) );
#3667 = PCURVE('',#3668,#3673);
#3668 = PLANE('',#3669);
#3669 = AXIS2_PLACEMENT_3D('',#3670,#3671,#3672);
#3670 = CARTESIAN_POINT('',(-23.,139.7,35.2));
#3671 = DIRECTION('',(1.,0.,0.));
#3672 = DIRECTION('',(0.,0.,1.));
#3673 = DEFINITIONAL_REPRESENTATION('',(#3674),#3677);
#3674 = B_SPLINE_CURVE_WITH_KNOTS('',1,(#3675,#3676),.UNSPECIFIED.,.F.,
  .F.,(2,2),(69.85,77.85),.PIECEWISE_BEZIER_KNOTS.);
#3675 = CARTESIAN_POINT('',(3.,0.));
#3676 = CARTESIAN_POINT('',(3.,-8.));
#3677 = ( GEOMETRIC_REPRESENTATION_CONTEXT(2) 
PARAMETRIC_REPRESENTATION_CONTEXT() REPRESENTATION_CONTEXT('2D SPACE',''
  ) );
#3678 = ORIENTED_EDGE('',*,*,#3679,.F.);
#3679 = EDGE_CURVE('',#3680,#3654,#3682,.T.);
#3680 = VERTEX_POINT('',#3681);
#3681 = CARTESIAN_POINT('',(3.,147.7,38.2));
#3682 = SURFACE_CURVE('',#3683,(#3687,#3693),.PCURVE_S1.);
#3683 = LINE('',#3684,#3685);
#3684 = CARTESIAN_POINT('',(-58.,147.7,38.2));
#3685 = VECTOR('',#3686,1.);
#3686 = DIRECTION('',(-1.,0.,0.));
#3687 = PCURVE('',#255,#3688);
#3688 = DEFINITIONAL_REPRESENTATION('',(#3689),#3692);
#3689 = B_SPLINE_CURVE_WITH_KNOTS('',1,(#3690,#3691),.UNSPECIFIED.,.F.,
  .F.,(2,2),(-61.,-35.),.PIECEWISE_BEZIER_KNOTS.);
#3690 = CARTESIAN_POINT('',(96.,147.7));
#3691 = CARTESIAN_POINT('',(70.,147.7));
#3692 = ( GEOMETRIC_REPRESENTATION_CONTEXT(2) 
PARAMETRIC_REPRESENTATION_CONTEXT() REPRESENTATION_CONTEXT('2D SPACE',''
  ) );
#3693 = PCURVE('',#3694,#3699);
#3694 = PLANE('',#3695);
#3695 = AXIS2_PLACEMENT_3D('',#3696,#3697,#3698);
#3696 = CARTESIAN_POINT('',(-23.,147.7,35.2));
#3697 = DIRECTION('',(0.,1.,0.));
#3698 = DIRECTION('',(0.,0.,1.));
#3699 = DEFINITIONAL_REPRESENTATION('',(#3700),#3703);
#3700 = B_SPLINE_CURVE_WITH_KNOTS('',1,(#3701,#3702),.UNSPECIFIED.,.F.,
  .F.,(2,2),(-61.,-35.),.PIECEWISE_BEZIER_KNOTS.);
#3701 = CARTESIAN_POINT('',(3.,26.));
#3702 = CARTESIAN_POINT('',(3.,0.));
#3703 = ( GEOMETRIC_REPRESENTATION_CONTEXT(2) 
PARAMETRIC_REPRESENTATION_CONTEXT() REPRESENTATION_CONTEXT('2D SPACE',''
  ) );
#3704 = ORIENTED_EDGE('',*,*,#3705,.F.);
#3705 = EDGE_CURVE('',#3626,#3680,#3706,.T.);
#3706 = SURFACE_CURVE('',#3707,(#3711,#3717),.PCURVE_S1.);
#3707 = LINE('',#3708,#3709);
#3708 = CARTESIAN_POINT('',(3.,69.85,38.2));
#3709 = VECTOR('',#3710,1.);
#3710 = DIRECTION('',(0.,1.,0.));
#3711 = PCURVE('',#255,#3712);
#3712 = DEFINITIONAL_REPRESENTATION('',(#3713),#3716);
#3713 = B_SPLINE_CURVE_WITH_KNOTS('',1,(#3714,#3715),.UNSPECIFIED.,.F.,
  .F.,(2,2),(69.85,77.85),.PIECEWISE_BEZIER_KNOTS.);
#3714 = CARTESIAN_POINT('',(96.,139.7));
#3715 = CARTESIAN_POINT('',(96.,147.7));
#3716 = ( GEOMETRIC_REPRESENTATION_CONTEXT(2) 
PARAMETRIC_REPRESENTATION_CONTEXT() REPRESENTATION_CONTEXT('2D SPACE',''
  ) );
#3717 = PCURVE('',#3718,#3723);
#3718 = PLANE('',#3719);
#3719 = AXIS2_PLACEMENT_3D('',#3720,#3721,#3722);
#3720 = CARTESIAN_POINT('',(3.,139.7,35.2));
#3721 = DIRECTION('',(1.,0.,0.));
#3722 = DIRECTION('',(0.,0.,1.));
#3723 = DEFINITIONAL_REPRESENTATION('',(#3724),#3727);
#3724 = B_SPLINE_CURVE_WITH_KNOTS('',1,(#3725,#3726),.UNSPECIFIED.,.F.,
  .F.,(2,2),(69.85,77.85),.PIECEWISE_BEZIER_KNOTS.);
#3725 = CARTESIAN_POINT('',(3.,0.));
#3726 = CARTESIAN_POINT('',(3.,-8.));
#3727 = ( GEOMETRIC_REPRESENTATION_CONTEXT(2) 
PARAMETRIC_REPRESENTATION_CONTEXT() REPRESENTATION_CONTEXT('2D SPACE',''
  ) );
#3728 = FACE_BOUND('',#3729,.T.);
#3729 = EDGE_LOOP('',(#3730));
#3730 = ORIENTED_EDGE('',*,*,#3731,.T.);
#3731 = EDGE_CURVE('',#3732,#3732,#3734,.T.);
#3732 = VERTEX_POINT('',#3733);
#3733 = CARTESIAN_POINT('',(45.85,124.1,38.2));
#3734 = SURFACE_CURVE('',#3735,(#3740,#3751),.PCURVE_S1.);
#3735 = CIRCLE('',#3736,1.35);
#3736 = AXIS2_PLACEMENT_3D('',#3737,#3738,#3739);
#3737 = CARTESIAN_POINT('',(44.5,124.1,38.2));
#3738 = DIRECTION('',(0.,0.,-1.));
#3739 = DIRECTION('',(1.,0.,0.));
#3740 = PCURVE('',#255,#3741);
#3741 = DEFINITIONAL_REPRESENTATION('',(#3742),#3750);
#3742 = ( BOUNDED_CURVE() B_SPLINE_CURVE(2,(#3743,#3744,#3745,#3746,
#3747,#3748,#3749),.UNSPECIFIED.,.T.,.F.) B_SPLINE_CURVE_WITH_KNOTS((1,2
    ,2,2,2,1),(-2.094395102393,0.,2.094395102393,4.188790204786,
6.28318530718,8.377580409573),.UNSPECIFIED.) CURVE() 
GEOMETRIC_REPRESENTATION_ITEM() RATIONAL_B_SPLINE_CURVE((1.,0.5,1.,0.5,
1.,0.5,1.)) REPRESENTATION_ITEM('') );
#3743 = CARTESIAN_POINT('',(138.85,124.1));
#3744 = CARTESIAN_POINT('',(138.85,121.76173140978));
#3745 = CARTESIAN_POINT('',(136.825,122.93086570489));
#3746 = CARTESIAN_POINT('',(134.8,124.1));
#3747 = CARTESIAN_POINT('',(136.825,125.2691342951));
#3748 = CARTESIAN_POINT('',(138.85,126.43826859021));
#3749 = CARTESIAN_POINT('',(138.85,124.1));
#3750 = ( GEOMETRIC_REPRESENTATION_CONTEXT(2) 
PARAMETRIC_REPRESENTATION_CONTEXT() REPRESENTATION_CONTEXT('2D SPACE',''
  ) );
#3751 = PCURVE('',#3752,#3757);
#3752 = CYLINDRICAL_SURFACE('',#3753,1.35);
#3753 = AXIS2_PLACEMENT_3D('',#3754,#3755,#3756);
#3754 = CARTESIAN_POINT('',(44.5,124.1,35.2));
#3755 = DIRECTION('',(-0.,-0.,-1.));
#3756 = DIRECTION('',(1.,0.,0.));
#3757 = DEFINITIONAL_REPRESENTATION('',(#3758),#3762);
#3758 = LINE('',#3759,#3760);
#3759 = CARTESIAN_POINT('',(-6.28318530718,-3.));
#3760 = VECTOR('',#3761,1.);
#3761 = DIRECTION('',(1.,-0.));
#3762 = ( GEOMETRIC_REPRESENTATION_CONTEXT(2) 
PARAMETRIC_REPRESENTATION_CONTEXT() REPRESENTATION_CONTEXT('2D SPACE',''
  ) );
#3763 = FACE_BOUND('',#3764,.T.);
#3764 = EDGE_LOOP('',(#3765,#3800,#3828,#3857));
#3765 = ORIENTED_EDGE('',*,*,#3766,.T.);
#3766 = EDGE_CURVE('',#3767,#3769,#3771,.T.);
#3767 = VERTEX_POINT('',#3768);
#3768 = CARTESIAN_POINT('',(50.066684316488,120.23037195836,38.2));
#3769 = VERTEX_POINT('',#3770);
#3770 = CARTESIAN_POINT('',(70.933315683512,120.23037195836,38.2));
#3771 = SURFACE_CURVE('',#3772,(#3777,#3788),.PCURVE_S1.);
#3772 = CIRCLE('',#3773,16.);
#3773 = AXIS2_PLACEMENT_3D('',#3774,#3775,#3776);
#3774 = CARTESIAN_POINT('',(60.5,108.1,38.2));
#3775 = DIRECTION('',(0.,0.,-1.));
#3776 = DIRECTION('',(-0.65208223022,0.758148247398,0.));
#3777 = PCURVE('',#255,#3778);
#3778 = DEFINITIONAL_REPRESENTATION('',(#3779),#3787);
#3779 = ( BOUNDED_CURVE() B_SPLINE_CURVE(2,(#3780,#3781,#3782,#3783,
#3784,#3785,#3786),.UNSPECIFIED.,.T.,.F.) B_SPLINE_CURVE_WITH_KNOTS((1,2
    ,2,2,2,1),(-2.094395102393,0.,2.094395102393,4.188790204786,
6.28318530718,8.377580409573),.UNSPECIFIED.) CURVE() 
GEOMETRIC_REPRESENTATION_ITEM() RATIONAL_B_SPLINE_CURVE((1.,0.5,1.,0.5,
1.,0.5,1.)) REPRESENTATION_ITEM('') );
#3780 = CARTESIAN_POINT('',(143.06668431648,120.23037195836));
#3781 = CARTESIAN_POINT('',(164.07710486307,138.3014048136));
#3782 = CARTESIAN_POINT('',(169.22186811505,111.07033044844));
#3783 = CARTESIAN_POINT('',(174.36663136702,83.839256083279));
#3784 = CARTESIAN_POINT('',(148.21144756846,92.999297593196));
#3785 = CARTESIAN_POINT('',(122.05626376989,102.15933910311));
#3786 = CARTESIAN_POINT('',(143.06668431648,120.23037195836));
#3787 = ( GEOMETRIC_REPRESENTATION_CONTEXT(2) 
PARAMETRIC_REPRESENTATION_CONTEXT() REPRESENTATION_CONTEXT('2D SPACE',''
  ) );
#3788 = PCURVE('',#3789,#3794);
#3789 = CYLINDRICAL_SURFACE('',#3790,16.);
#3790 = AXIS2_PLACEMENT_3D('',#3791,#3792,#3793);
#3791 = CARTESIAN_POINT('',(60.5,108.1,35.2));
#3792 = DIRECTION('',(-0.,-0.,-1.));
#3793 = DIRECTION('',(1.,0.,0.));
#3794 = DEFINITIONAL_REPRESENTATION('',(#3795),#3799);
#3795 = LINE('',#3796,#3797);
#3796 = CARTESIAN_POINT('',(-8.564309306295,-3.));
#3797 = VECTOR('',#3798,1.);
#3798 = DIRECTION('',(1.,-0.));
#3799 = ( GEOMETRIC_REPRESENTATION_CONTEXT(2) 
PARAMETRIC_REPRESENTATION_CONTEXT() REPRESENTATION_CONTEXT('2D SPACE',''
  ) );
#3800 = ORIENTED_EDGE('',*,*,#3801,.T.);
#3801 = EDGE_CURVE('',#3769,#3802,#3804,.T.);
#3802 = VERTEX_POINT('',#3803);
#3803 = CARTESIAN_POINT('',(69.514534267327,118.81159054217,38.2));
#3804 = SURFACE_CURVE('',#3805,(#3809,#3816),.PCURVE_S1.);
#3805 = LINE('',#3806,#3807);
#3806 = CARTESIAN_POINT('',(76.622034611053,125.9190908859,38.2));
#3807 = VECTOR('',#3808,1.);
#3808 = DIRECTION('',(-0.707106781187,-0.707106781187,0.));
#3809 = PCURVE('',#255,#3810);
#3810 = DEFINITIONAL_REPRESENTATION('',(#3811),#3815);
#3811 = LINE('',#3812,#3813);
#3812 = CARTESIAN_POINT('',(169.62203461105,125.9190908859));
#3813 = VECTOR('',#3814,1.);
#3814 = DIRECTION('',(-0.707106781187,-0.707106781187));
#3815 = ( GEOMETRIC_REPRESENTATION_CONTEXT(2) 
PARAMETRIC_REPRESENTATION_CONTEXT() REPRESENTATION_CONTEXT('2D SPACE',''
  ) );
#3816 = PCURVE('',#3817,#3822);
#3817 = PLANE('',#3818);
#3818 = AXIS2_PLACEMENT_3D('',#3819,#3820,#3821);
#3819 = CARTESIAN_POINT('',(76.622034611053,125.9190908859,35.2));
#3820 = DIRECTION('',(-0.707106781187,0.707106781187,0.));
#3821 = DIRECTION('',(0.,0.,1.));
#3822 = DEFINITIONAL_REPRESENTATION('',(#3823),#3827);
#3823 = LINE('',#3824,#3825);
#3824 = CARTESIAN_POINT('',(3.,0.));
#3825 = VECTOR('',#3826,1.);
#3826 = DIRECTION('',(0.,-1.));
#3827 = ( GEOMETRIC_REPRESENTATION_CONTEXT(2) 
PARAMETRIC_REPRESENTATION_CONTEXT() REPRESENTATION_CONTEXT('2D SPACE',''
  ) );
#3828 = ORIENTED_EDGE('',*,*,#3829,.T.);
#3829 = EDGE_CURVE('',#3802,#3830,#3832,.T.);
#3830 = VERTEX_POINT('',#3831);
#3831 = CARTESIAN_POINT('',(51.485465732673,118.81159054217,38.2));
#3832 = SURFACE_CURVE('',#3833,(#3838,#3845),.PCURVE_S1.);
#3833 = CIRCLE('',#3834,14.);
#3834 = AXIS2_PLACEMENT_3D('',#3835,#3836,#3837);
#3835 = CARTESIAN_POINT('',(60.5,108.1,38.2));
#3836 = DIRECTION('',(-0.,0.,1.));
#3837 = DIRECTION('',(0.765113610155,-0.643895304809,0.));
#3838 = PCURVE('',#255,#3839);
#3839 = DEFINITIONAL_REPRESENTATION('',(#3840),#3844);
#3840 = CIRCLE('',#3841,14.);
#3841 = AXIS2_PLACEMENT_2D('',#3842,#3843);
#3842 = CARTESIAN_POINT('',(153.5,108.1));
#3843 = DIRECTION('',(0.765113610155,-0.643895304809));
#3844 = ( GEOMETRIC_REPRESENTATION_CONTEXT(2) 
PARAMETRIC_REPRESENTATION_CONTEXT() REPRESENTATION_CONTEXT('2D SPACE',''
  ) );
#3845 = PCURVE('',#3846,#3851);
#3846 = CYLINDRICAL_SURFACE('',#3847,14.);
#3847 = AXIS2_PLACEMENT_3D('',#3848,#3849,#3850);
#3848 = CARTESIAN_POINT('',(60.5,108.1,34.2));
#3849 = DIRECTION('',(-0.,-0.,-1.));
#3850 = DIRECTION('',(1.,0.,0.));
#3851 = DEFINITIONAL_REPRESENTATION('',(#3852),#3856);
#3852 = LINE('',#3853,#3854);
#3853 = CARTESIAN_POINT('',(-5.583606734288,-4.));
#3854 = VECTOR('',#3855,1.);
#3855 = DIRECTION('',(-1.,-0.));
#3856 = ( GEOMETRIC_REPRESENTATION_CONTEXT(2) 
PARAMETRIC_REPRESENTATION_CONTEXT() REPRESENTATION_CONTEXT('2D SPACE',''
  ) );
#3857 = ORIENTED_EDGE('',*,*,#3858,.T.);
#3858 = EDGE_CURVE('',#3830,#3767,#3859,.T.);
#3859 = SURFACE_CURVE('',#3860,(#3864,#3871),.PCURVE_S1.);
#3860 = LINE('',#3861,#3862);
#3861 = CARTESIAN_POINT('',(78.319090885901,91.977965388947,38.2));
#3862 = VECTOR('',#3863,1.);
#3863 = DIRECTION('',(-0.707106781187,0.707106781187,0.));
#3864 = PCURVE('',#255,#3865);
#3865 = DEFINITIONAL_REPRESENTATION('',(#3866),#3870);
#3866 = LINE('',#3867,#3868);
#3867 = CARTESIAN_POINT('',(171.3190908859,91.977965388947));
#3868 = VECTOR('',#3869,1.);
#3869 = DIRECTION('',(-0.707106781187,0.707106781187));
#3870 = ( GEOMETRIC_REPRESENTATION_CONTEXT(2) 
PARAMETRIC_REPRESENTATION_CONTEXT() REPRESENTATION_CONTEXT('2D SPACE',''
  ) );
#3871 = PCURVE('',#3872,#3877);
#3872 = PLANE('',#3873);
#3873 = AXIS2_PLACEMENT_3D('',#3874,#3875,#3876);
#3874 = CARTESIAN_POINT('',(78.319090885901,91.977965388947,35.2));
#3875 = DIRECTION('',(0.707106781187,0.707106781187,0.));
#3876 = DIRECTION('',(0.,0.,1.));
#3877 = DEFINITIONAL_REPRESENTATION('',(#3878),#3882);
#3878 = LINE('',#3879,#3880);
#3879 = CARTESIAN_POINT('',(3.,0.));
#3880 = VECTOR('',#3881,1.);
#3881 = DIRECTION('',(0.,-1.));
#3882 = ( GEOMETRIC_REPRESENTATION_CONTEXT(2) 
PARAMETRIC_REPRESENTATION_CONTEXT() REPRESENTATION_CONTEXT('2D SPACE',''
  ) );
#3883 = FACE_BOUND('',#3884,.T.);
#3884 = EDGE_LOOP('',(#3885,#3915,#3948,#3976));
#3885 = ORIENTED_EDGE('',*,*,#3886,.T.);
#3886 = EDGE_CURVE('',#3887,#3889,#3891,.T.);
#3887 = VERTEX_POINT('',#3888);
#3888 = CARTESIAN_POINT('',(47.940321695099,122.35673457974,38.2));
#3889 = VERTEX_POINT('',#3890);
#3890 = CARTESIAN_POINT('',(46.523549216697,123.77350705815,38.2));
#3891 = SURFACE_CURVE('',#3892,(#3896,#3903),.PCURVE_S1.);
#3892 = LINE('',#3893,#3894);
#3893 = CARTESIAN_POINT('',(78.319090885901,91.977965388947,38.2));
#3894 = VECTOR('',#3895,1.);
#3895 = DIRECTION('',(-0.707106781187,0.707106781187,0.));
#3896 = PCURVE('',#255,#3897);
#3897 = DEFINITIONAL_REPRESENTATION('',(#3898),#3902);
#3898 = LINE('',#3899,#3900);
#3899 = CARTESIAN_POINT('',(171.3190908859,91.977965388947));
#3900 = VECTOR('',#3901,1.);
#3901 = DIRECTION('',(-0.707106781187,0.707106781187));
#3902 = ( GEOMETRIC_REPRESENTATION_CONTEXT(2) 
PARAMETRIC_REPRESENTATION_CONTEXT() REPRESENTATION_CONTEXT('2D SPACE',''
  ) );
#3903 = PCURVE('',#3904,#3909);
#3904 = PLANE('',#3905);
#3905 = AXIS2_PLACEMENT_3D('',#3906,#3907,#3908);
#3906 = CARTESIAN_POINT('',(78.319090885901,91.977965388947,35.2));
#3907 = DIRECTION('',(0.707106781187,0.707106781187,0.));
#3908 = DIRECTION('',(0.,0.,1.));
#3909 = DEFINITIONAL_REPRESENTATION('',(#3910),#3914);
#3910 = LINE('',#3911,#3912);
#3911 = CARTESIAN_POINT('',(3.,0.));
#3912 = VECTOR('',#3913,1.);
#3913 = DIRECTION('',(0.,-1.));
#3914 = ( GEOMETRIC_REPRESENTATION_CONTEXT(2) 
PARAMETRIC_REPRESENTATION_CONTEXT() REPRESENTATION_CONTEXT('2D SPACE',''
  ) );
#3915 = ORIENTED_EDGE('',*,*,#3916,.T.);
#3916 = EDGE_CURVE('',#3889,#3917,#3919,.T.);
#3917 = VERTEX_POINT('',#3918);
#3918 = CARTESIAN_POINT('',(74.476450783303,123.77350705815,38.2));
#3919 = SURFACE_CURVE('',#3920,(#3925,#3936),.PCURVE_S1.);
#3920 = CIRCLE('',#3921,21.);
#3921 = AXIS2_PLACEMENT_3D('',#3922,#3923,#3924);
#3922 = CARTESIAN_POINT('',(60.5,108.1,38.2));
#3923 = DIRECTION('',(0.,0.,-1.));
#3924 = DIRECTION('',(-0.665545275395,0.74635747896,0.));
#3925 = PCURVE('',#255,#3926);
#3926 = DEFINITIONAL_REPRESENTATION('',(#3927),#3935);
#3927 = ( BOUNDED_CURVE() B_SPLINE_CURVE(2,(#3928,#3929,#3930,#3931,
#3932,#3933,#3934),.UNSPECIFIED.,.T.,.F.) B_SPLINE_CURVE_WITH_KNOTS((1,2
    ,2,2,2,1),(-2.094395102393,0.,2.094395102393,4.188790204786,
6.28318530718,8.377580409573),.UNSPECIFIED.) CURVE() 
GEOMETRIC_REPRESENTATION_ITEM() RATIONAL_B_SPLINE_CURVE((1.,0.5,1.,0.5,
1.,0.5,1.)) REPRESENTATION_ITEM('') );
#3928 = CARTESIAN_POINT('',(139.52354921669,123.77350705815));
#3929 = CARTESIAN_POINT('',(166.6708597742,147.98142992431));
#3930 = CARTESIAN_POINT('',(174.0618806704,112.367207904));
#3931 = CARTESIAN_POINT('',(181.4529015666,76.752985883699));
#3932 = CARTESIAN_POINT('',(146.91457011289,88.159285037841));
#3933 = CARTESIAN_POINT('',(112.37623865919,99.565584191983));
#3934 = CARTESIAN_POINT('',(139.52354921669,123.77350705815));
#3935 = ( GEOMETRIC_REPRESENTATION_CONTEXT(2) 
PARAMETRIC_REPRESENTATION_CONTEXT() REPRESENTATION_CONTEXT('2D SPACE',''
  ) );
#3936 = PCURVE('',#3937,#3942);
#3937 = CYLINDRICAL_SURFACE('',#3938,21.);
#3938 = AXIS2_PLACEMENT_3D('',#3939,#3940,#3941);
#3939 = CARTESIAN_POINT('',(60.5,108.1,35.2));
#3940 = DIRECTION('',(-0.,-0.,-1.));
#3941 = DIRECTION('',(1.,0.,0.));
#3942 = DEFINITIONAL_REPRESENTATION('',(#3943),#3947);
#3943 = LINE('',#3944,#3945);
#3944 = CARTESIAN_POINT('',(-8.582205796291,-3.));
#3945 = VECTOR('',#3946,1.);
#3946 = DIRECTION('',(1.,-0.));
#3947 = ( GEOMETRIC_REPRESENTATION_CONTEXT(2) 
PARAMETRIC_REPRESENTATION_CONTEXT() REPRESENTATION_CONTEXT('2D SPACE',''
  ) );
#3948 = ORIENTED_EDGE('',*,*,#3949,.T.);
#3949 = EDGE_CURVE('',#3917,#3950,#3952,.T.);
#3950 = VERTEX_POINT('',#3951);
#3951 = CARTESIAN_POINT('',(73.059678304901,122.35673457974,38.2));
#3952 = SURFACE_CURVE('',#3953,(#3957,#3964),.PCURVE_S1.);
#3953 = LINE('',#3954,#3955);
#3954 = CARTESIAN_POINT('',(76.622034611053,125.9190908859,38.2));
#3955 = VECTOR('',#3956,1.);
#3956 = DIRECTION('',(-0.707106781187,-0.707106781187,0.));
#3957 = PCURVE('',#255,#3958);
#3958 = DEFINITIONAL_REPRESENTATION('',(#3959),#3963);
#3959 = LINE('',#3960,#3961);
#3960 = CARTESIAN_POINT('',(169.62203461105,125.9190908859));
#3961 = VECTOR('',#3962,1.);
#3962 = DIRECTION('',(-0.707106781187,-0.707106781187));
#3963 = ( GEOMETRIC_REPRESENTATION_CONTEXT(2) 
PARAMETRIC_REPRESENTATION_CONTEXT() REPRESENTATION_CONTEXT('2D SPACE',''
  ) );
#3964 = PCURVE('',#3965,#3970);
#3965 = PLANE('',#3966);
#3966 = AXIS2_PLACEMENT_3D('',#3967,#3968,#3969);
#3967 = CARTESIAN_POINT('',(76.622034611053,125.9190908859,35.2));
#3968 = DIRECTION('',(-0.707106781187,0.707106781187,0.));
#3969 = DIRECTION('',(0.,0.,1.));
#3970 = DEFINITIONAL_REPRESENTATION('',(#3971),#3975);
#3971 = LINE('',#3972,#3973);
#3972 = CARTESIAN_POINT('',(3.,0.));
#3973 = VECTOR('',#3974,1.);
#3974 = DIRECTION('',(0.,-1.));
#3975 = ( GEOMETRIC_REPRESENTATION_CONTEXT(2) 
PARAMETRIC_REPRESENTATION_CONTEXT() REPRESENTATION_CONTEXT('2D SPACE',''
  ) );
#3976 = ORIENTED_EDGE('',*,*,#3977,.T.);
#3977 = EDGE_CURVE('',#3950,#3887,#3978,.T.);
#3978 = SURFACE_CURVE('',#3979,(#3984,#3991),.PCURVE_S1.);
#3979 = CIRCLE('',#3980,19.);
#3980 = AXIS2_PLACEMENT_3D('',#3981,#3982,#3983);
#3981 = CARTESIAN_POINT('',(60.5,108.1,38.2));
#3982 = DIRECTION('',(-0.,0.,1.));
#3983 = DIRECTION('',(0.750354451566,-0.661035700258,0.));
#3984 = PCURVE('',#255,#3985);
#3985 = DEFINITIONAL_REPRESENTATION('',(#3986),#3990);
#3986 = CIRCLE('',#3987,19.);
#3987 = AXIS2_PLACEMENT_2D('',#3988,#3989);
#3988 = CARTESIAN_POINT('',(153.5,108.1));
#3989 = DIRECTION('',(0.750354451566,-0.661035700258));
#3990 = ( GEOMETRIC_REPRESENTATION_CONTEXT(2) 
PARAMETRIC_REPRESENTATION_CONTEXT() REPRESENTATION_CONTEXT('2D SPACE',''
  ) );
#3991 = PCURVE('',#3992,#3997);
#3992 = CYLINDRICAL_SURFACE('',#3993,19.);
#3993 = AXIS2_PLACEMENT_3D('',#3994,#3995,#3996);
#3994 = CARTESIAN_POINT('',(60.5,108.1,34.2));
#3995 = DIRECTION('',(-0.,-0.,-1.));
#3996 = DIRECTION('',(1.,0.,0.));
#3997 = DEFINITIONAL_REPRESENTATION('',(#3998),#4002);
#3998 = LINE('',#3999,#4000);
#3999 = CARTESIAN_POINT('',(-5.560987102697,-4.));
#4000 = VECTOR('',#4001,1.);
#4001 = DIRECTION('',(-1.,-0.));
#4002 = ( GEOMETRIC_REPRESENTATION_CONTEXT(2) 
PARAMETRIC_REPRESENTATION_CONTEXT() REPRESENTATION_CONTEXT('2D SPACE',''
  ) );
#4003 = FACE_BOUND('',#4004,.T.);
#4004 = EDGE_LOOP('',(#4005));
#4005 = ORIENTED_EDGE('',*,*,#4006,.T.);
#4006 = EDGE_CURVE('',#4007,#4007,#4009,.T.);
#4007 = VERTEX_POINT('',#4008);
#4008 = CARTESIAN_POINT('',(77.85,124.1,38.2));
#4009 = SURFACE_CURVE('',#4010,(#4015,#4026),.PCURVE_S1.);
#4010 = CIRCLE('',#4011,1.35);
#4011 = AXIS2_PLACEMENT_3D('',#4012,#4013,#4014);
#4012 = CARTESIAN_POINT('',(76.5,124.1,38.2));
#4013 = DIRECTION('',(0.,0.,-1.));
#4014 = DIRECTION('',(1.,0.,0.));
#4015 = PCURVE('',#255,#4016);
#4016 = DEFINITIONAL_REPRESENTATION('',(#4017),#4025);
#4017 = ( BOUNDED_CURVE() B_SPLINE_CURVE(2,(#4018,#4019,#4020,#4021,
#4022,#4023,#4024),.UNSPECIFIED.,.T.,.F.) B_SPLINE_CURVE_WITH_KNOTS((1,2
    ,2,2,2,1),(-2.094395102393,0.,2.094395102393,4.188790204786,
6.28318530718,8.377580409573),.UNSPECIFIED.) CURVE() 
GEOMETRIC_REPRESENTATION_ITEM() RATIONAL_B_SPLINE_CURVE((1.,0.5,1.,0.5,
1.,0.5,1.)) REPRESENTATION_ITEM('') );
#4018 = CARTESIAN_POINT('',(170.85,124.1));
#4019 = CARTESIAN_POINT('',(170.85,121.76173140978));
#4020 = CARTESIAN_POINT('',(168.825,122.93086570489));
#4021 = CARTESIAN_POINT('',(166.8,124.1));
#4022 = CARTESIAN_POINT('',(168.825,125.2691342951));
#4023 = CARTESIAN_POINT('',(170.85,126.43826859021));
#4024 = CARTESIAN_POINT('',(170.85,124.1));
#4025 = ( GEOMETRIC_REPRESENTATION_CONTEXT(2) 
PARAMETRIC_REPRESENTATION_CONTEXT() REPRESENTATION_CONTEXT('2D SPACE',''
  ) );
#4026 = PCURVE('',#4027,#4032);
#4027 = CYLINDRICAL_SURFACE('',#4028,1.35);
#4028 = AXIS2_PLACEMENT_3D('',#4029,#4030,#4031);
#4029 = CARTESIAN_POINT('',(76.5,124.1,35.2));
#4030 = DIRECTION('',(-0.,-0.,-1.));
#4031 = DIRECTION('',(1.,0.,0.));
#4032 = DEFINITIONAL_REPRESENTATION('',(#4033),#4037);
#4033 = LINE('',#4034,#4035);
#4034 = CARTESIAN_POINT('',(-6.28318530718,-3.));
#4035 = VECTOR('',#4036,1.);
#4036 = DIRECTION('',(1.,-0.));
#4037 = ( GEOMETRIC_REPRESENTATION_CONTEXT(2) 
PARAMETRIC_REPRESENTATION_CONTEXT() REPRESENTATION_CONTEXT('2D SPACE',''
  ) );
#4038 = FACE_BOUND('',#4039,.T.);
#4039 = EDGE_LOOP('',(#4040));
#4040 = ORIENTED_EDGE('',*,*,#4041,.T.);
#4041 = EDGE_CURVE('',#4042,#4042,#4044,.T.);
#4042 = VERTEX_POINT('',#4043);
#4043 = CARTESIAN_POINT('',(54.6,138.,38.2));
#4044 = SURFACE_CURVE('',#4045,(#4050,#4061),.PCURVE_S1.);
#4045 = CIRCLE('',#4046,2.6);
#4046 = AXIS2_PLACEMENT_3D('',#4047,#4048,#4049);
#4047 = CARTESIAN_POINT('',(52.,138.,38.2));
#4048 = DIRECTION('',(0.,0.,-1.));
#4049 = DIRECTION('',(1.,0.,0.));
#4050 = PCURVE('',#255,#4051);
#4051 = DEFINITIONAL_REPRESENTATION('',(#4052),#4060);
#4052 = ( BOUNDED_CURVE() B_SPLINE_CURVE(2,(#4053,#4054,#4055,#4056,
#4057,#4058,#4059),.UNSPECIFIED.,.T.,.F.) B_SPLINE_CURVE_WITH_KNOTS((1,2
    ,2,2,2,1),(-2.094395102393,0.,2.094395102393,4.188790204786,
6.28318530718,8.377580409573),.UNSPECIFIED.) CURVE() 
GEOMETRIC_REPRESENTATION_ITEM() RATIONAL_B_SPLINE_CURVE((1.,0.5,1.,0.5,
1.,0.5,1.)) REPRESENTATION_ITEM('') );
#4053 = CARTESIAN_POINT('',(147.6,138.));
#4054 = CARTESIAN_POINT('',(147.6,133.49666790032));
#4055 = CARTESIAN_POINT('',(143.7,135.74833395016));
#4056 = CARTESIAN_POINT('',(139.8,138.));
#4057 = CARTESIAN_POINT('',(143.7,140.25166604984));
#4058 = CARTESIAN_POINT('',(147.6,142.50333209967));
#4059 = CARTESIAN_POINT('',(147.6,138.));
#4060 = ( GEOMETRIC_REPRESENTATION_CONTEXT(2) 
PARAMETRIC_REPRESENTATION_CONTEXT() REPRESENTATION_CONTEXT('2D SPACE',''
  ) );
#4061 = PCURVE('',#4062,#4067);
#4062 = CYLINDRICAL_SURFACE('',#4063,2.6);
#4063 = AXIS2_PLACEMENT_3D('',#4064,#4065,#4066);
#4064 = CARTESIAN_POINT('',(52.,138.,36.));
#4065 = DIRECTION('',(-0.,-0.,-1.));
#4066 = DIRECTION('',(1.,0.,0.));
#4067 = DEFINITIONAL_REPRESENTATION('',(#4068),#4072);
#4068 = LINE('',#4069,#4070);
#4069 = CARTESIAN_POINT('',(-6.28318530718,-2.2));
#4070 = VECTOR('',#4071,1.);
#4071 = DIRECTION('',(1.,-0.));
#4072 = ( GEOMETRIC_REPRESENTATION_CONTEXT(2) 
PARAMETRIC_REPRESENTATION_CONTEXT() REPRESENTATION_CONTEXT('2D SPACE',''
  ) );
#4073 = FACE_BOUND('',#4074,.T.);
#4074 = EDGE_LOOP('',(#4075));
#4075 = ORIENTED_EDGE('',*,*,#4076,.T.);
#4076 = EDGE_CURVE('',#4077,#4077,#4079,.T.);
#4077 = VERTEX_POINT('',#4078);
#4078 = CARTESIAN_POINT('',(66.6,140.05,38.2));
#4079 = SURFACE_CURVE('',#4080,(#4085,#4096),.PCURVE_S1.);
#4080 = CIRCLE('',#4081,1.4);
#4081 = AXIS2_PLACEMENT_3D('',#4082,#4083,#4084);
#4082 = CARTESIAN_POINT('',(65.2,140.05,38.2));
#4083 = DIRECTION('',(0.,0.,-1.));
#4084 = DIRECTION('',(1.,0.,0.));
#4085 = PCURVE('',#255,#4086);
#4086 = DEFINITIONAL_REPRESENTATION('',(#4087),#4095);
#4087 = ( BOUNDED_CURVE() B_SPLINE_CURVE(2,(#4088,#4089,#4090,#4091,
#4092,#4093,#4094),.UNSPECIFIED.,.T.,.F.) B_SPLINE_CURVE_WITH_KNOTS((1,2
    ,2,2,2,1),(-2.094395102393,0.,2.094395102393,4.188790204786,
6.28318530718,8.377580409573),.UNSPECIFIED.) CURVE() 
GEOMETRIC_REPRESENTATION_ITEM() RATIONAL_B_SPLINE_CURVE((1.,0.5,1.,0.5,
1.,0.5,1.)) REPRESENTATION_ITEM('') );
#4088 = CARTESIAN_POINT('',(159.6,140.05));
#4089 = CARTESIAN_POINT('',(159.6,137.6251288694));
#4090 = CARTESIAN_POINT('',(157.5,138.8375644347));
#4091 = CARTESIAN_POINT('',(155.4,140.05));
#4092 = CARTESIAN_POINT('',(157.5,141.26243556529));
#4093 = CARTESIAN_POINT('',(159.6,142.47487113059));
#4094 = CARTESIAN_POINT('',(159.6,140.05));
#4095 = ( GEOMETRIC_REPRESENTATION_CONTEXT(2) 
PARAMETRIC_REPRESENTATION_CONTEXT() REPRESENTATION_CONTEXT('2D SPACE',''
  ) );
#4096 = PCURVE('',#4097,#4102);
#4097 = CYLINDRICAL_SURFACE('',#4098,1.4);
#4098 = AXIS2_PLACEMENT_3D('',#4099,#4100,#4101);
#4099 = CARTESIAN_POINT('',(65.2,140.05,35.2));
#4100 = DIRECTION('',(-0.,-0.,-1.));
#4101 = DIRECTION('',(1.,0.,0.));
#4102 = DEFINITIONAL_REPRESENTATION('',(#4103),#4107);
#4103 = LINE('',#4104,#4105);
#4104 = CARTESIAN_POINT('',(-6.28318530718,-3.));
#4105 = VECTOR('',#4106,1.);
#4106 = DIRECTION('',(1.,-0.));
#4107 = ( GEOMETRIC_REPRESENTATION_CONTEXT(2) 
PARAMETRIC_REPRESENTATION_CONTEXT() REPRESENTATION_CONTEXT('2D SPACE',''
  ) );
#4108 = FACE_BOUND('',#4109,.T.);
#4109 = EDGE_LOOP('',(#4110));
#4110 = ORIENTED_EDGE('',*,*,#4111,.T.);
#4111 = EDGE_CURVE('',#4112,#4112,#4114,.T.);
#4112 = VERTEX_POINT('',#4113);
#4113 = CARTESIAN_POINT('',(89.4,140.05,38.2));
#4114 = SURFACE_CURVE('',#4115,(#4120,#4131),.PCURVE_S1.);
#4115 = CIRCLE('',#4116,1.4);
#4116 = AXIS2_PLACEMENT_3D('',#4117,#4118,#4119);
#4117 = CARTESIAN_POINT('',(88.,140.05,38.2));
#4118 = DIRECTION('',(0.,0.,-1.));
#4119 = DIRECTION('',(1.,0.,0.));
#4120 = PCURVE('',#255,#4121);
#4121 = DEFINITIONAL_REPRESENTATION('',(#4122),#4130);
#4122 = ( BOUNDED_CURVE() B_SPLINE_CURVE(2,(#4123,#4124,#4125,#4126,
#4127,#4128,#4129),.UNSPECIFIED.,.T.,.F.) B_SPLINE_CURVE_WITH_KNOTS((1,2
    ,2,2,2,1),(-2.094395102393,0.,2.094395102393,4.188790204786,
6.28318530718,8.377580409573),.UNSPECIFIED.) CURVE() 
GEOMETRIC_REPRESENTATION_ITEM() RATIONAL_B_SPLINE_CURVE((1.,0.5,1.,0.5,
1.,0.5,1.)) REPRESENTATION_ITEM('') );
#4123 = CARTESIAN_POINT('',(182.4,140.05));
#4124 = CARTESIAN_POINT('',(182.4,137.6251288694));
#4125 = CARTESIAN_POINT('',(180.3,138.8375644347));
#4126 = CARTESIAN_POINT('',(178.2,140.05));
#4127 = CARTESIAN_POINT('',(180.3,141.26243556529));
#4128 = CARTESIAN_POINT('',(182.4,142.47487113059));
#4129 = CARTESIAN_POINT('',(182.4,140.05));
#4130 = ( GEOMETRIC_REPRESENTATION_CONTEXT(2) 
PARAMETRIC_REPRESENTATION_CONTEXT() REPRESENTATION_CONTEXT('2D SPACE',''
  ) );
#4131 = PCURVE('',#4132,#4137);
#4132 = CYLINDRICAL_SURFACE('',#4133,1.4);
#4133 = AXIS2_PLACEMENT_3D('',#4134,#4135,#4136);
#4134 = CARTESIAN_POINT('',(88.,140.05,35.2));
#4135 = DIRECTION('',(-0.,-0.,-1.));
#4136 = DIRECTION('',(1.,0.,0.));
#4137 = DEFINITIONAL_REPRESENTATION('',(#4138),#4142);
#4138 = LINE('',#4139,#4140);
#4139 = CARTESIAN_POINT('',(-6.28318530718,-3.));
#4140 = VECTOR('',#4141,1.);
#4141 = DIRECTION('',(1.,-0.));
#4142 = ( GEOMETRIC_REPRESENTATION_CONTEXT(2) 
PARAMETRIC_REPRESENTATION_CONTEXT() REPRESENTATION_CONTEXT('2D SPACE',''
  ) );
#4143 = FACE_BOUND('',#4144,.T.);
#4144 = EDGE_LOOP('',(#4145));
#4145 = ORIENTED_EDGE('',*,*,#4146,.T.);
#4146 = EDGE_CURVE('',#4147,#4147,#4149,.T.);
#4147 = VERTEX_POINT('',#4148);
#4148 = CARTESIAN_POINT('',(66.6,148.85,38.2));
#4149 = SURFACE_CURVE('',#4150,(#4155,#4166),.PCURVE_S1.);
#4150 = CIRCLE('',#4151,1.4);
#4151 = AXIS2_PLACEMENT_3D('',#4152,#4153,#4154);
#4152 = CARTESIAN_POINT('',(65.2,148.85,38.2));
#4153 = DIRECTION('',(0.,0.,-1.));
#4154 = DIRECTION('',(1.,0.,0.));
#4155 = PCURVE('',#255,#4156);
#4156 = DEFINITIONAL_REPRESENTATION('',(#4157),#4165);
#4157 = ( BOUNDED_CURVE() B_SPLINE_CURVE(2,(#4158,#4159,#4160,#4161,
#4162,#4163,#4164),.UNSPECIFIED.,.T.,.F.) B_SPLINE_CURVE_WITH_KNOTS((1,2
    ,2,2,2,1),(-2.094395102393,0.,2.094395102393,4.188790204786,
6.28318530718,8.377580409573),.UNSPECIFIED.) CURVE() 
GEOMETRIC_REPRESENTATION_ITEM() RATIONAL_B_SPLINE_CURVE((1.,0.5,1.,0.5,
1.,0.5,1.)) REPRESENTATION_ITEM('') );
#4158 = CARTESIAN_POINT('',(159.6,148.85));
#4159 = CARTESIAN_POINT('',(159.6,146.4251288694));
#4160 = CARTESIAN_POINT('',(157.5,147.6375644347));
#4161 = CARTESIAN_POINT('',(155.4,148.85));
#4162 = CARTESIAN_POINT('',(157.5,150.06243556529));
#4163 = CARTESIAN_POINT('',(159.6,151.27487113059));
#4164 = CARTESIAN_POINT('',(159.6,148.85));
#4165 = ( GEOMETRIC_REPRESENTATION_CONTEXT(2) 
PARAMETRIC_REPRESENTATION_CONTEXT() REPRESENTATION_CONTEXT('2D SPACE',''
  ) );
#4166 = PCURVE('',#4167,#4172);
#4167 = CYLINDRICAL_SURFACE('',#4168,1.4);
#4168 = AXIS2_PLACEMENT_3D('',#4169,#4170,#4171);
#4169 = CARTESIAN_POINT('',(65.2,148.85,35.2));
#4170 = DIRECTION('',(-0.,-0.,-1.));
#4171 = DIRECTION('',(1.,0.,0.));
#4172 = DEFINITIONAL_REPRESENTATION('',(#4173),#4177);
#4173 = LINE('',#4174,#4175);
#4174 = CARTESIAN_POINT('',(-6.28318530718,-3.));
#4175 = VECTOR('',#4176,1.);
#4176 = DIRECTION('',(1.,-0.));
#4177 = ( GEOMETRIC_REPRESENTATION_CONTEXT(2) 
PARAMETRIC_REPRESENTATION_CONTEXT() REPRESENTATION_CONTEXT('2D SPACE',''
  ) );
#4178 = FACE_BOUND('',#4179,.T.);
#4179 = EDGE_LOOP('',(#4180));
#4180 = ORIENTED_EDGE('',*,*,#4181,.T.);
#4181 = EDGE_CURVE('',#4182,#4182,#4184,.T.);
#4182 = VERTEX_POINT('',#4183);
#4183 = CARTESIAN_POINT('',(89.4,148.85,38.2));
#4184 = SURFACE_CURVE('',#4185,(#4190,#4201),.PCURVE_S1.);
#4185 = CIRCLE('',#4186,1.4);
#4186 = AXIS2_PLACEMENT_3D('',#4187,#4188,#4189);
#4187 = CARTESIAN_POINT('',(88.,148.85,38.2));
#4188 = DIRECTION('',(0.,0.,-1.));
#4189 = DIRECTION('',(1.,0.,0.));
#4190 = PCURVE('',#255,#4191);
#4191 = DEFINITIONAL_REPRESENTATION('',(#4192),#4200);
#4192 = ( BOUNDED_CURVE() B_SPLINE_CURVE(2,(#4193,#4194,#4195,#4196,
#4197,#4198,#4199),.UNSPECIFIED.,.T.,.F.) B_SPLINE_CURVE_WITH_KNOTS((1,2
    ,2,2,2,1),(-2.094395102393,0.,2.094395102393,4.188790204786,
6.28318530718,8.377580409573),.UNSPECIFIED.) CURVE() 
GEOMETRIC_REPRESENTATION_ITEM() RATIONAL_B_SPLINE_CURVE((1.,0.5,1.,0.5,
1.,0.5,1.)) REPRESENTATION_ITEM('') );
#4193 = CARTESIAN_POINT('',(182.4,148.85));
#4194 = CARTESIAN_POINT('',(182.4,146.4251288694));
#4195 = CARTESIAN_POINT('',(180.3,147.6375644347));
#4196 = CARTESIAN_POINT('',(178.2,148.85));
#4197 = CARTESIAN_POINT('',(180.3,150.06243556529));
#4198 = CARTESIAN_POINT('',(182.4,151.27487113059));
#4199 = CARTESIAN_POINT('',(182.4,148.85));
#4200 = ( GEOMETRIC_REPRESENTATION_CONTEXT(2) 
PARAMETRIC_REPRESENTATION_CONTEXT() REPRESENTATION_CONTEXT('2D SPACE',''
  ) );
#4201 = PCURVE('',#4202,#4207);
#4202 = CYLINDRICAL_SURFACE('',#4203,1.4);
#4203 = AXIS2_PLACEMENT_3D('',#4204,#4205,#4206);
#4204 = CARTESIAN_POINT('',(88.,148.85,35.2));
#4205 = DIRECTION('',(-0.,-0.,-1.));
#4206 = DIRECTION('',(1.,0.,0.));
#4207 = DEFINITIONAL_REPRESENTATION('',(#4208),#4212);
#4208 = LINE('',#4209,#4210);
#4209 = CARTESIAN_POINT('',(-6.28318530718,-3.));
#4210 = VECTOR('',#4211,1.);
#4211 = DIRECTION('',(1.,-0.));
#4212 = ( GEOMETRIC_REPRESENTATION_CONTEXT(2) 
PARAMETRIC_REPRESENTATION_CONTEXT() REPRESENTATION_CONTEXT('2D SPACE',''
  ) );
#4213 = ADVANCED_FACE('',(#4214),#227,.T.);
#4214 = FACE_BOUND('',#4215,.F.);
#4215 = EDGE_LOOP('',(#4216,#4217,#4241,#4262));
#4216 = ORIENTED_EDGE('',*,*,#211,.F.);
#4217 = ORIENTED_EDGE('',*,*,#4218,.F.);
#4218 = EDGE_CURVE('',#4219,#190,#4221,.T.);
#4219 = VERTEX_POINT('',#4220);
#4220 = CARTESIAN_POINT('',(-90.,154.,22.5));
#4221 = SURFACE_CURVE('',#4222,(#4227,#4234),.PCURVE_S1.);
#4222 = CIRCLE('',#4223,3.);
#4223 = AXIS2_PLACEMENT_3D('',#4224,#4225,#4226);
#4224 = CARTESIAN_POINT('',(-90.,151.,22.5));
#4225 = DIRECTION('',(0.,0.,1.));
#4226 = DIRECTION('',(-1.,-0.,0.));
#4227 = PCURVE('',#227,#4228);
#4228 = DEFINITIONAL_REPRESENTATION('',(#4229),#4233);
#4229 = LINE('',#4230,#4231);
#4230 = CARTESIAN_POINT('',(-6.28318530718,22.5));
#4231 = VECTOR('',#4232,1.);
#4232 = DIRECTION('',(1.,-0.));
#4233 = ( GEOMETRIC_REPRESENTATION_CONTEXT(2) 
PARAMETRIC_REPRESENTATION_CONTEXT() REPRESENTATION_CONTEXT('2D SPACE',''
  ) );
#4234 = PCURVE('',#99,#4235);
#4235 = DEFINITIONAL_REPRESENTATION('',(#4236),#4240);
#4236 = CIRCLE('',#4237,3.);
#4237 = AXIS2_PLACEMENT_2D('',#4238,#4239);
#4238 = CARTESIAN_POINT('',(96.,152.));
#4239 = DIRECTION('',(-1.,0.));
#4240 = ( GEOMETRIC_REPRESENTATION_CONTEXT(2) 
PARAMETRIC_REPRESENTATION_CONTEXT() REPRESENTATION_CONTEXT('2D SPACE',''
  ) );
#4241 = ORIENTED_EDGE('',*,*,#4242,.T.);
#4242 = EDGE_CURVE('',#4219,#906,#4243,.T.);
#4243 = SURFACE_CURVE('',#4244,(#4248,#4255),.PCURVE_S1.);
#4244 = LINE('',#4245,#4246);
#4245 = CARTESIAN_POINT('',(-90.,154.,0.));
#4246 = VECTOR('',#4247,1.);
#4247 = DIRECTION('',(0.,0.,1.));
#4248 = PCURVE('',#227,#4249);
#4249 = DEFINITIONAL_REPRESENTATION('',(#4250),#4254);
#4250 = LINE('',#4251,#4252);
#4251 = CARTESIAN_POINT('',(-1.570796326795,0.));
#4252 = VECTOR('',#4253,1.);
#4253 = DIRECTION('',(-0.,1.));
#4254 = ( GEOMETRIC_REPRESENTATION_CONTEXT(2) 
PARAMETRIC_REPRESENTATION_CONTEXT() REPRESENTATION_CONTEXT('2D SPACE',''
  ) );
#4255 = PCURVE('',#921,#4256);
#4256 = DEFINITIONAL_REPRESENTATION('',(#4257),#4261);
#4257 = LINE('',#4258,#4259);
#4258 = CARTESIAN_POINT('',(0.,3.));
#4259 = VECTOR('',#4260,1.);
#4260 = DIRECTION('',(1.,0.));
#4261 = ( GEOMETRIC_REPRESENTATION_CONTEXT(2) 
PARAMETRIC_REPRESENTATION_CONTEXT() REPRESENTATION_CONTEXT('2D SPACE',''
  ) );
#4262 = ORIENTED_EDGE('',*,*,#933,.F.);
#4263 = ADVANCED_FACE('',(#4264,#4695,#4807,#4842,#4960,#5076,#5111,
    #5146),#99,.F.);
#4264 = FACE_BOUND('',#4265,.F.);
#4265 = EDGE_LOOP('',(#4266,#4288,#4289,#4290,#4311,#4338,#4365,#4392,
    #4419,#4452,#4479,#4512,#4539,#4561,#4580,#4581,#4605,#4627,#4651,
    #4673));
#4266 = ORIENTED_EDGE('',*,*,#4267,.F.);
#4267 = EDGE_CURVE('',#4219,#4268,#4270,.T.);
#4268 = VERTEX_POINT('',#4269);
#4269 = CARTESIAN_POINT('',(90.,154.,22.5));
#4270 = SURFACE_CURVE('',#4271,(#4275,#4282),.PCURVE_S1.);
#4271 = LINE('',#4272,#4273);
#4272 = CARTESIAN_POINT('',(-139.5,154.,22.5));
#4273 = VECTOR('',#4274,1.);
#4274 = DIRECTION('',(1.,0.,0.));
#4275 = PCURVE('',#99,#4276);
#4276 = DEFINITIONAL_REPRESENTATION('',(#4277),#4281);
#4277 = LINE('',#4278,#4279);
#4278 = CARTESIAN_POINT('',(46.5,155.));
#4279 = VECTOR('',#4280,1.);
#4280 = DIRECTION('',(1.,0.));
#4281 = ( GEOMETRIC_REPRESENTATION_CONTEXT(2) 
PARAMETRIC_REPRESENTATION_CONTEXT() REPRESENTATION_CONTEXT('2D SPACE',''
  ) );
#4282 = PCURVE('',#921,#4283);
#4283 = DEFINITIONAL_REPRESENTATION('',(#4284),#4287);
#4284 = B_SPLINE_CURVE_WITH_KNOTS('',1,(#4285,#4286),.UNSPECIFIED.,.F.,
  .F.,(2,2),(49.5,229.5),.PIECEWISE_BEZIER_KNOTS.);
#4285 = CARTESIAN_POINT('',(22.5,3.));
#4286 = CARTESIAN_POINT('',(22.5,183.));
#4287 = ( GEOMETRIC_REPRESENTATION_CONTEXT(2) 
PARAMETRIC_REPRESENTATION_CONTEXT() REPRESENTATION_CONTEXT('2D SPACE',''
  ) );
#4288 = ORIENTED_EDGE('',*,*,#4218,.T.);
#4289 = ORIENTED_EDGE('',*,*,#189,.T.);
#4290 = ORIENTED_EDGE('',*,*,#4291,.F.);
#4291 = EDGE_CURVE('',#4292,#164,#4294,.T.);
#4292 = VERTEX_POINT('',#4293);
#4293 = CARTESIAN_POINT('',(-90.5,134.8,22.5));
#4294 = SURFACE_CURVE('',#4295,(#4299,#4305),.PCURVE_S1.);
#4295 = LINE('',#4296,#4297);
#4296 = CARTESIAN_POINT('',(-140.,134.8,22.5));
#4297 = VECTOR('',#4298,1.);
#4298 = DIRECTION('',(-1.,0.,0.));
#4299 = PCURVE('',#99,#4300);
#4300 = DEFINITIONAL_REPRESENTATION('',(#4301),#4304);
#4301 = B_SPLINE_CURVE_WITH_KNOTS('',1,(#4302,#4303),.UNSPECIFIED.,.F.,
  .F.,(2,2),(-50.5,-47.),.PIECEWISE_BEZIER_KNOTS.);
#4302 = CARTESIAN_POINT('',(96.5,135.8));
#4303 = CARTESIAN_POINT('',(93.,135.8));
#4304 = ( GEOMETRIC_REPRESENTATION_CONTEXT(2) 
PARAMETRIC_REPRESENTATION_CONTEXT() REPRESENTATION_CONTEXT('2D SPACE',''
  ) );
#4305 = PCURVE('',#178,#4306);
#4306 = DEFINITIONAL_REPRESENTATION('',(#4307),#4310);
#4307 = B_SPLINE_CURVE_WITH_KNOTS('',1,(#4308,#4309),.UNSPECIFIED.,.F.,
  .F.,(2,2),(-50.5,-47.),.PIECEWISE_BEZIER_KNOTS.);
#4308 = CARTESIAN_POINT('',(15.5,4.5));
#4309 = CARTESIAN_POINT('',(15.5,1.));
#4310 = ( GEOMETRIC_REPRESENTATION_CONTEXT(2) 
PARAMETRIC_REPRESENTATION_CONTEXT() REPRESENTATION_CONTEXT('2D SPACE',''
  ) );
#4311 = ORIENTED_EDGE('',*,*,#4312,.T.);
#4312 = EDGE_CURVE('',#4292,#4313,#4315,.T.);
#4313 = VERTEX_POINT('',#4314);
#4314 = CARTESIAN_POINT('',(-90.5,151.5,22.5));
#4315 = SURFACE_CURVE('',#4316,(#4320,#4327),.PCURVE_S1.);
#4316 = LINE('',#4317,#4318);
#4317 = CARTESIAN_POINT('',(-90.5,0.75,22.5));
#4318 = VECTOR('',#4319,1.);
#4319 = DIRECTION('',(0.,1.,0.));
#4320 = PCURVE('',#99,#4321);
#4321 = DEFINITIONAL_REPRESENTATION('',(#4322),#4326);
#4322 = LINE('',#4323,#4324);
#4323 = CARTESIAN_POINT('',(95.5,1.75));
#4324 = VECTOR('',#4325,1.);
#4325 = DIRECTION('',(0.,1.));
#4326 = ( GEOMETRIC_REPRESENTATION_CONTEXT(2) 
PARAMETRIC_REPRESENTATION_CONTEXT() REPRESENTATION_CONTEXT('2D SPACE',''
  ) );
#4327 = PCURVE('',#4328,#4333);
#4328 = PLANE('',#4329);
#4329 = AXIS2_PLACEMENT_3D('',#4330,#4331,#4332);
#4330 = CARTESIAN_POINT('',(-90.5,2.5,21.5));
#4331 = DIRECTION('',(1.,0.,0.));
#4332 = DIRECTION('',(0.,0.,1.));
#4333 = DEFINITIONAL_REPRESENTATION('',(#4334),#4337);
#4334 = B_SPLINE_CURVE_WITH_KNOTS('',1,(#4335,#4336),.UNSPECIFIED.,.F.,
  .F.,(2,2),(76.35,150.75),.PIECEWISE_BEZIER_KNOTS.);
#4335 = CARTESIAN_POINT('',(1.,-74.6));
#4336 = CARTESIAN_POINT('',(1.,-149.));
#4337 = ( GEOMETRIC_REPRESENTATION_CONTEXT(2) 
PARAMETRIC_REPRESENTATION_CONTEXT() REPRESENTATION_CONTEXT('2D SPACE',''
  ) );
#4338 = ORIENTED_EDGE('',*,*,#4339,.F.);
#4339 = EDGE_CURVE('',#4340,#4313,#4342,.T.);
#4340 = VERTEX_POINT('',#4341);
#4341 = CARTESIAN_POINT('',(90.5,151.5,22.5));
#4342 = SURFACE_CURVE('',#4343,(#4347,#4354),.PCURVE_S1.);
#4343 = LINE('',#4344,#4345);
#4344 = CARTESIAN_POINT('',(-138.25,151.5,22.5));
#4345 = VECTOR('',#4346,1.);
#4346 = DIRECTION('',(-1.,0.,0.));
#4347 = PCURVE('',#99,#4348);
#4348 = DEFINITIONAL_REPRESENTATION('',(#4349),#4353);
#4349 = LINE('',#4350,#4351);
#4350 = CARTESIAN_POINT('',(47.75,152.5));
#4351 = VECTOR('',#4352,1.);
#4352 = DIRECTION('',(-1.,0.));
#4353 = ( GEOMETRIC_REPRESENTATION_CONTEXT(2) 
PARAMETRIC_REPRESENTATION_CONTEXT() REPRESENTATION_CONTEXT('2D SPACE',''
  ) );
#4354 = PCURVE('',#4355,#4360);
#4355 = PLANE('',#4356);
#4356 = AXIS2_PLACEMENT_3D('',#4357,#4358,#4359);
#4357 = CARTESIAN_POINT('',(-90.5,151.5,21.5));
#4358 = DIRECTION('',(0.,1.,0.));
#4359 = DIRECTION('',(0.,0.,1.));
#4360 = DEFINITIONAL_REPRESENTATION('',(#4361),#4364);
#4361 = B_SPLINE_CURVE_WITH_KNOTS('',1,(#4362,#4363),.UNSPECIFIED.,.F.,
  .F.,(2,2),(-228.75,-47.75),.PIECEWISE_BEZIER_KNOTS.);
#4362 = CARTESIAN_POINT('',(1.,181.));
#4363 = CARTESIAN_POINT('',(1.,0.));
#4364 = ( GEOMETRIC_REPRESENTATION_CONTEXT(2) 
PARAMETRIC_REPRESENTATION_CONTEXT() REPRESENTATION_CONTEXT('2D SPACE',''
  ) );
#4365 = ORIENTED_EDGE('',*,*,#4366,.F.);
#4366 = EDGE_CURVE('',#4367,#4340,#4369,.T.);
#4367 = VERTEX_POINT('',#4368);
#4368 = CARTESIAN_POINT('',(90.5,77.1,22.5));
#4369 = SURFACE_CURVE('',#4370,(#4374,#4381),.PCURVE_S1.);
#4370 = LINE('',#4371,#4372);
#4371 = CARTESIAN_POINT('',(90.5,0.75,22.5));
#4372 = VECTOR('',#4373,1.);
#4373 = DIRECTION('',(0.,1.,0.));
#4374 = PCURVE('',#99,#4375);
#4375 = DEFINITIONAL_REPRESENTATION('',(#4376),#4380);
#4376 = LINE('',#4377,#4378);
#4377 = CARTESIAN_POINT('',(276.5,1.75));
#4378 = VECTOR('',#4379,1.);
#4379 = DIRECTION('',(0.,1.));
#4380 = ( GEOMETRIC_REPRESENTATION_CONTEXT(2) 
PARAMETRIC_REPRESENTATION_CONTEXT() REPRESENTATION_CONTEXT('2D SPACE',''
  ) );
#4381 = PCURVE('',#4382,#4387);
#4382 = PLANE('',#4383);
#4383 = AXIS2_PLACEMENT_3D('',#4384,#4385,#4386);
#4384 = CARTESIAN_POINT('',(90.5,2.5,21.5));
#4385 = DIRECTION('',(1.,0.,0.));
#4386 = DIRECTION('',(0.,0.,1.));
#4387 = DEFINITIONAL_REPRESENTATION('',(#4388),#4391);
#4388 = B_SPLINE_CURVE_WITH_KNOTS('',1,(#4389,#4390),.UNSPECIFIED.,.F.,
  .F.,(2,2),(76.35,150.75),.PIECEWISE_BEZIER_KNOTS.);
#4389 = CARTESIAN_POINT('',(1.,-74.6));
#4390 = CARTESIAN_POINT('',(1.,-149.));
#4391 = ( GEOMETRIC_REPRESENTATION_CONTEXT(2) 
PARAMETRIC_REPRESENTATION_CONTEXT() REPRESENTATION_CONTEXT('2D SPACE',''
  ) );
#4392 = ORIENTED_EDGE('',*,*,#4393,.T.);
#4393 = EDGE_CURVE('',#4367,#4394,#4396,.T.);
#4394 = VERTEX_POINT('',#4395);
#4395 = CARTESIAN_POINT('',(86.497999199359,77.1,22.5));
#4396 = SURFACE_CURVE('',#4397,(#4401,#4408),.PCURVE_S1.);
#4397 = LINE('',#4398,#4399);
#4398 = CARTESIAN_POINT('',(-139.15,77.1,22.5));
#4399 = VECTOR('',#4400,1.);
#4400 = DIRECTION('',(-1.,0.,0.));
#4401 = PCURVE('',#99,#4402);
#4402 = DEFINITIONAL_REPRESENTATION('',(#4403),#4407);
#4403 = LINE('',#4404,#4405);
#4404 = CARTESIAN_POINT('',(46.85,78.1));
#4405 = VECTOR('',#4406,1.);
#4406 = DIRECTION('',(-1.,0.));
#4407 = ( GEOMETRIC_REPRESENTATION_CONTEXT(2) 
PARAMETRIC_REPRESENTATION_CONTEXT() REPRESENTATION_CONTEXT('2D SPACE',''
  ) );
#4408 = PCURVE('',#4409,#4414);
#4409 = PLANE('',#4410);
#4410 = AXIS2_PLACEMENT_3D('',#4411,#4412,#4413);
#4411 = CARTESIAN_POINT('',(-92.3,77.1,21.5));
#4412 = DIRECTION('',(0.,1.,0.));
#4413 = DIRECTION('',(0.,0.,1.));
#4414 = DEFINITIONAL_REPRESENTATION('',(#4415),#4418);
#4415 = B_SPLINE_CURVE_WITH_KNOTS('',1,(#4416,#4417),.UNSPECIFIED.,.F.,
  .F.,(2,2),(-229.65,-48.65),.PIECEWISE_BEZIER_KNOTS.);
#4416 = CARTESIAN_POINT('',(1.,182.8));
#4417 = CARTESIAN_POINT('',(1.,1.8));
#4418 = ( GEOMETRIC_REPRESENTATION_CONTEXT(2) 
PARAMETRIC_REPRESENTATION_CONTEXT() REPRESENTATION_CONTEXT('2D SPACE',''
  ) );
#4419 = ORIENTED_EDGE('',*,*,#4420,.F.);
#4420 = EDGE_CURVE('',#4421,#4394,#4423,.T.);
#4421 = VERTEX_POINT('',#4422);
#4422 = CARTESIAN_POINT('',(81.502000800641,77.1,22.5));
#4423 = SURFACE_CURVE('',#4424,(#4429,#4440),.PCURVE_S1.);
#4424 = CIRCLE('',#4425,3.2);
#4425 = AXIS2_PLACEMENT_3D('',#4426,#4427,#4428);
#4426 = CARTESIAN_POINT('',(84.,79.1,22.5));
#4427 = DIRECTION('',(-0.,0.,-1.));
#4428 = DIRECTION('',(-0.7806247498,-0.625,0.));
#4429 = PCURVE('',#99,#4430);
#4430 = DEFINITIONAL_REPRESENTATION('',(#4431),#4439);
#4431 = ( BOUNDED_CURVE() B_SPLINE_CURVE(2,(#4432,#4433,#4434,#4435,
#4436,#4437,#4438),.UNSPECIFIED.,.T.,.F.) B_SPLINE_CURVE_WITH_KNOTS((1,2
    ,2,2,2,1),(-2.094395102393,0.,2.094395102393,4.188790204786,
6.28318530718,8.377580409573),.UNSPECIFIED.) CURVE() 
GEOMETRIC_REPRESENTATION_ITEM() RATIONAL_B_SPLINE_CURVE((1.,0.5,1.,0.5,
1.,0.5,1.)) REPRESENTATION_ITEM('') );
#4432 = CARTESIAN_POINT('',(267.50200080064,78.1));
#4433 = CARTESIAN_POINT('',(264.0378991855,82.426661530557));
#4434 = CARTESIAN_POINT('',(269.51694879211,83.263330765278));
#4435 = CARTESIAN_POINT('',(274.99599839871,84.1));
#4436 = CARTESIAN_POINT('',(272.98105040724,78.936669234722));
#4437 = CARTESIAN_POINT('',(270.96610241577,73.773338469443));
#4438 = CARTESIAN_POINT('',(267.50200080064,78.1));
#4439 = ( GEOMETRIC_REPRESENTATION_CONTEXT(2) 
PARAMETRIC_REPRESENTATION_CONTEXT() REPRESENTATION_CONTEXT('2D SPACE',''
  ) );
#4440 = PCURVE('',#4441,#4446);
#4441 = CYLINDRICAL_SURFACE('',#4442,3.2);
#4442 = AXIS2_PLACEMENT_3D('',#4443,#4444,#4445);
#4443 = CARTESIAN_POINT('',(84.,79.1,22.5));
#4444 = DIRECTION('',(-0.,-0.,-1.));
#4445 = DIRECTION('',(1.,0.,0.));
#4446 = DEFINITIONAL_REPRESENTATION('',(#4447),#4451);
#4447 = LINE('',#4448,#4449);
#4448 = CARTESIAN_POINT('',(-10.0999094937,0.));
#4449 = VECTOR('',#4450,1.);
#4450 = DIRECTION('',(1.,-0.));
#4451 = ( GEOMETRIC_REPRESENTATION_CONTEXT(2) 
PARAMETRIC_REPRESENTATION_CONTEXT() REPRESENTATION_CONTEXT('2D SPACE',''
  ) );
#4452 = ORIENTED_EDGE('',*,*,#4453,.T.);
#4453 = EDGE_CURVE('',#4421,#4454,#4456,.T.);
#4454 = VERTEX_POINT('',#4455);
#4455 = CARTESIAN_POINT('',(-81.50200080064,77.1,22.5));
#4456 = SURFACE_CURVE('',#4457,(#4461,#4468),.PCURVE_S1.);
#4457 = LINE('',#4458,#4459);
#4458 = CARTESIAN_POINT('',(-139.15,77.1,22.5));
#4459 = VECTOR('',#4460,1.);
#4460 = DIRECTION('',(-1.,0.,0.));
#4461 = PCURVE('',#99,#4462);
#4462 = DEFINITIONAL_REPRESENTATION('',(#4463),#4467);
#4463 = LINE('',#4464,#4465);
#4464 = CARTESIAN_POINT('',(46.85,78.1));
#4465 = VECTOR('',#4466,1.);
#4466 = DIRECTION('',(-1.,0.));
#4467 = ( GEOMETRIC_REPRESENTATION_CONTEXT(2) 
PARAMETRIC_REPRESENTATION_CONTEXT() REPRESENTATION_CONTEXT('2D SPACE',''
  ) );
#4468 = PCURVE('',#4469,#4474);
#4469 = PLANE('',#4470);
#4470 = AXIS2_PLACEMENT_3D('',#4471,#4472,#4473);
#4471 = CARTESIAN_POINT('',(-92.3,77.1,21.5));
#4472 = DIRECTION('',(0.,1.,0.));
#4473 = DIRECTION('',(0.,0.,1.));
#4474 = DEFINITIONAL_REPRESENTATION('',(#4475),#4478);
#4475 = B_SPLINE_CURVE_WITH_KNOTS('',1,(#4476,#4477),.UNSPECIFIED.,.F.,
  .F.,(2,2),(-229.65,-48.65),.PIECEWISE_BEZIER_KNOTS.);
#4476 = CARTESIAN_POINT('',(1.,182.8));
#4477 = CARTESIAN_POINT('',(1.,1.8));
#4478 = ( GEOMETRIC_REPRESENTATION_CONTEXT(2) 
PARAMETRIC_REPRESENTATION_CONTEXT() REPRESENTATION_CONTEXT('2D SPACE',''
  ) );
#4479 = ORIENTED_EDGE('',*,*,#4480,.F.);
#4480 = EDGE_CURVE('',#4481,#4454,#4483,.T.);
#4481 = VERTEX_POINT('',#4482);
#4482 = CARTESIAN_POINT('',(-86.49799919935,77.1,22.5));
#4483 = SURFACE_CURVE('',#4484,(#4489,#4500),.PCURVE_S1.);
#4484 = CIRCLE('',#4485,3.2);
#4485 = AXIS2_PLACEMENT_3D('',#4486,#4487,#4488);
#4486 = CARTESIAN_POINT('',(-84.,79.1,22.5));
#4487 = DIRECTION('',(-0.,0.,-1.));
#4488 = DIRECTION('',(-0.7806247498,-0.625,0.));
#4489 = PCURVE('',#99,#4490);
#4490 = DEFINITIONAL_REPRESENTATION('',(#4491),#4499);
#4491 = ( BOUNDED_CURVE() B_SPLINE_CURVE(2,(#4492,#4493,#4494,#4495,
#4496,#4497,#4498),.UNSPECIFIED.,.T.,.F.) B_SPLINE_CURVE_WITH_KNOTS((1,2
    ,2,2,2,1),(-2.094395102393,0.,2.094395102393,4.188790204786,
6.28318530718,8.377580409573),.UNSPECIFIED.) CURVE() 
GEOMETRIC_REPRESENTATION_ITEM() RATIONAL_B_SPLINE_CURVE((1.,0.5,1.,0.5,
1.,0.5,1.)) REPRESENTATION_ITEM('') );
#4492 = CARTESIAN_POINT('',(99.502000800641,78.1));
#4493 = CARTESIAN_POINT('',(96.037899185503,82.426661530557));
#4494 = CARTESIAN_POINT('',(101.51694879211,83.263330765278));
#4495 = CARTESIAN_POINT('',(106.99599839871,84.1));
#4496 = CARTESIAN_POINT('',(104.98105040724,78.936669234722));
#4497 = CARTESIAN_POINT('',(102.96610241577,73.773338469443));
#4498 = CARTESIAN_POINT('',(99.502000800641,78.1));
#4499 = ( GEOMETRIC_REPRESENTATION_CONTEXT(2) 
PARAMETRIC_REPRESENTATION_CONTEXT() REPRESENTATION_CONTEXT('2D SPACE',''
  ) );
#4500 = PCURVE('',#4501,#4506);
#4501 = CYLINDRICAL_SURFACE('',#4502,3.2);
#4502 = AXIS2_PLACEMENT_3D('',#4503,#4504,#4505);
#4503 = CARTESIAN_POINT('',(-84.,79.1,22.5));
#4504 = DIRECTION('',(-0.,-0.,-1.));
#4505 = DIRECTION('',(1.,0.,0.));
#4506 = DEFINITIONAL_REPRESENTATION('',(#4507),#4511);
#4507 = LINE('',#4508,#4509);
#4508 = CARTESIAN_POINT('',(-10.0999094937,0.));
#4509 = VECTOR('',#4510,1.);
#4510 = DIRECTION('',(1.,-0.));
#4511 = ( GEOMETRIC_REPRESENTATION_CONTEXT(2) 
PARAMETRIC_REPRESENTATION_CONTEXT() REPRESENTATION_CONTEXT('2D SPACE',''
  ) );
#4512 = ORIENTED_EDGE('',*,*,#4513,.T.);
#4513 = EDGE_CURVE('',#4481,#4514,#4516,.T.);
#4514 = VERTEX_POINT('',#4515);
#4515 = CARTESIAN_POINT('',(-90.5,77.1,22.5));
#4516 = SURFACE_CURVE('',#4517,(#4521,#4528),.PCURVE_S1.);
#4517 = LINE('',#4518,#4519);
#4518 = CARTESIAN_POINT('',(-139.15,77.1,22.5));
#4519 = VECTOR('',#4520,1.);
#4520 = DIRECTION('',(-1.,0.,0.));
#4521 = PCURVE('',#99,#4522);
#4522 = DEFINITIONAL_REPRESENTATION('',(#4523),#4527);
#4523 = LINE('',#4524,#4525);
#4524 = CARTESIAN_POINT('',(46.85,78.1));
#4525 = VECTOR('',#4526,1.);
#4526 = DIRECTION('',(-1.,0.));
#4527 = ( GEOMETRIC_REPRESENTATION_CONTEXT(2) 
PARAMETRIC_REPRESENTATION_CONTEXT() REPRESENTATION_CONTEXT('2D SPACE',''
  ) );
#4528 = PCURVE('',#4529,#4534);
#4529 = PLANE('',#4530);
#4530 = AXIS2_PLACEMENT_3D('',#4531,#4532,#4533);
#4531 = CARTESIAN_POINT('',(-92.3,77.1,21.5));
#4532 = DIRECTION('',(0.,1.,0.));
#4533 = DIRECTION('',(0.,0.,1.));
#4534 = DEFINITIONAL_REPRESENTATION('',(#4535),#4538);
#4535 = B_SPLINE_CURVE_WITH_KNOTS('',1,(#4536,#4537),.UNSPECIFIED.,.F.,
  .F.,(2,2),(-229.65,-48.65),.PIECEWISE_BEZIER_KNOTS.);
#4536 = CARTESIAN_POINT('',(1.,182.8));
#4537 = CARTESIAN_POINT('',(1.,1.8));
#4538 = ( GEOMETRIC_REPRESENTATION_CONTEXT(2) 
PARAMETRIC_REPRESENTATION_CONTEXT() REPRESENTATION_CONTEXT('2D SPACE',''
  ) );
#4539 = ORIENTED_EDGE('',*,*,#4540,.T.);
#4540 = EDGE_CURVE('',#4514,#4541,#4543,.T.);
#4541 = VERTEX_POINT('',#4542);
#4542 = CARTESIAN_POINT('',(-90.5,79.1,22.5));
#4543 = SURFACE_CURVE('',#4544,(#4548,#4555),.PCURVE_S1.);
#4544 = LINE('',#4545,#4546);
#4545 = CARTESIAN_POINT('',(-90.5,0.75,22.5));
#4546 = VECTOR('',#4547,1.);
#4547 = DIRECTION('',(0.,1.,0.));
#4548 = PCURVE('',#99,#4549);
#4549 = DEFINITIONAL_REPRESENTATION('',(#4550),#4554);
#4550 = LINE('',#4551,#4552);
#4551 = CARTESIAN_POINT('',(95.5,1.75));
#4552 = VECTOR('',#4553,1.);
#4553 = DIRECTION('',(0.,1.));
#4554 = ( GEOMETRIC_REPRESENTATION_CONTEXT(2) 
PARAMETRIC_REPRESENTATION_CONTEXT() REPRESENTATION_CONTEXT('2D SPACE',''
  ) );
#4555 = PCURVE('',#4328,#4556);
#4556 = DEFINITIONAL_REPRESENTATION('',(#4557),#4560);
#4557 = B_SPLINE_CURVE_WITH_KNOTS('',1,(#4558,#4559),.UNSPECIFIED.,.F.,
  .F.,(2,2),(76.35,150.75),.PIECEWISE_BEZIER_KNOTS.);
#4558 = CARTESIAN_POINT('',(1.,-74.6));
#4559 = CARTESIAN_POINT('',(1.,-149.));
#4560 = ( GEOMETRIC_REPRESENTATION_CONTEXT(2) 
PARAMETRIC_REPRESENTATION_CONTEXT() REPRESENTATION_CONTEXT('2D SPACE',''
  ) );
#4561 = ORIENTED_EDGE('',*,*,#4562,.T.);
#4562 = EDGE_CURVE('',#4541,#85,#4563,.T.);
#4563 = SURFACE_CURVE('',#4564,(#4568,#4574),.PCURVE_S1.);
#4564 = LINE('',#4565,#4566);
#4565 = CARTESIAN_POINT('',(-140.,79.1,22.5));
#4566 = VECTOR('',#4567,1.);
#4567 = DIRECTION('',(-1.,0.,0.));
#4568 = PCURVE('',#99,#4569);
#4569 = DEFINITIONAL_REPRESENTATION('',(#4570),#4573);
#4570 = B_SPLINE_CURVE_WITH_KNOTS('',1,(#4571,#4572),.UNSPECIFIED.,.F.,
  .F.,(2,2),(-50.5,-47.),.PIECEWISE_BEZIER_KNOTS.);
#4571 = CARTESIAN_POINT('',(96.5,80.1));
#4572 = CARTESIAN_POINT('',(93.,80.1));
#4573 = ( GEOMETRIC_REPRESENTATION_CONTEXT(2) 
PARAMETRIC_REPRESENTATION_CONTEXT() REPRESENTATION_CONTEXT('2D SPACE',''
  ) );
#4574 = PCURVE('',#126,#4575);
#4575 = DEFINITIONAL_REPRESENTATION('',(#4576),#4579);
#4576 = B_SPLINE_CURVE_WITH_KNOTS('',1,(#4577,#4578),.UNSPECIFIED.,.F.,
  .F.,(2,2),(-50.5,-47.),.PIECEWISE_BEZIER_KNOTS.);
#4577 = CARTESIAN_POINT('',(15.5,4.5));
#4578 = CARTESIAN_POINT('',(15.5,1.));
#4579 = ( GEOMETRIC_REPRESENTATION_CONTEXT(2) 
PARAMETRIC_REPRESENTATION_CONTEXT() REPRESENTATION_CONTEXT('2D SPACE',''
  ) );
#4580 = ORIENTED_EDGE('',*,*,#84,.T.);
#4581 = ORIENTED_EDGE('',*,*,#4582,.T.);
#4582 = EDGE_CURVE('',#57,#4583,#4585,.T.);
#4583 = VERTEX_POINT('',#4584);
#4584 = CARTESIAN_POINT('',(-90.,-4.440892098501E-16,22.5));
#4585 = SURFACE_CURVE('',#4586,(#4591,#4598),.PCURVE_S1.);
#4586 = CIRCLE('',#4587,3.);
#4587 = AXIS2_PLACEMENT_3D('',#4588,#4589,#4590);
#4588 = CARTESIAN_POINT('',(-90.,3.,22.5));
#4589 = DIRECTION('',(0.,0.,1.));
#4590 = DIRECTION('',(-1.,-0.,0.));
#4591 = PCURVE('',#99,#4592);
#4592 = DEFINITIONAL_REPRESENTATION('',(#4593),#4597);
#4593 = CIRCLE('',#4594,3.);
#4594 = AXIS2_PLACEMENT_2D('',#4595,#4596);
#4595 = CARTESIAN_POINT('',(96.,4.));
#4596 = DIRECTION('',(-1.,0.));
#4597 = ( GEOMETRIC_REPRESENTATION_CONTEXT(2) 
PARAMETRIC_REPRESENTATION_CONTEXT() REPRESENTATION_CONTEXT('2D SPACE',''
  ) );
#4598 = PCURVE('',#72,#4599);
#4599 = DEFINITIONAL_REPRESENTATION('',(#4600),#4604);
#4600 = LINE('',#4601,#4602);
#4601 = CARTESIAN_POINT('',(0.,22.5));
#4602 = VECTOR('',#4603,1.);
#4603 = DIRECTION('',(1.,0.));
#4604 = ( GEOMETRIC_REPRESENTATION_CONTEXT(2) 
PARAMETRIC_REPRESENTATION_CONTEXT() REPRESENTATION_CONTEXT('2D SPACE',''
  ) );
#4605 = ORIENTED_EDGE('',*,*,#4606,.T.);
#4606 = EDGE_CURVE('',#4583,#4607,#4609,.T.);
#4607 = VERTEX_POINT('',#4608);
#4608 = CARTESIAN_POINT('',(90.,-4.440892098501E-16,22.5));
#4609 = SURFACE_CURVE('',#4610,(#4614,#4621),.PCURVE_S1.);
#4610 = LINE('',#4611,#4612);
#4611 = CARTESIAN_POINT('',(-139.5,0.,22.5));
#4612 = VECTOR('',#4613,1.);
#4613 = DIRECTION('',(1.,0.,0.));
#4614 = PCURVE('',#99,#4615);
#4615 = DEFINITIONAL_REPRESENTATION('',(#4616),#4620);
#4616 = LINE('',#4617,#4618);
#4617 = CARTESIAN_POINT('',(46.5,1.));
#4618 = VECTOR('',#4619,1.);
#4619 = DIRECTION('',(1.,0.));
#4620 = ( GEOMETRIC_REPRESENTATION_CONTEXT(2) 
PARAMETRIC_REPRESENTATION_CONTEXT() REPRESENTATION_CONTEXT('2D SPACE',''
  ) );
#4621 = PCURVE('',#387,#4622);
#4622 = DEFINITIONAL_REPRESENTATION('',(#4623),#4626);
#4623 = B_SPLINE_CURVE_WITH_KNOTS('',1,(#4624,#4625),.UNSPECIFIED.,.F.,
  .F.,(2,2),(49.5,229.5),.PIECEWISE_BEZIER_KNOTS.);
#4624 = CARTESIAN_POINT('',(22.5,3.));
#4625 = CARTESIAN_POINT('',(22.5,183.));
#4626 = ( GEOMETRIC_REPRESENTATION_CONTEXT(2) 
PARAMETRIC_REPRESENTATION_CONTEXT() REPRESENTATION_CONTEXT('2D SPACE',''
  ) );
#4627 = ORIENTED_EDGE('',*,*,#4628,.T.);
#4628 = EDGE_CURVE('',#4607,#4629,#4631,.T.);
#4629 = VERTEX_POINT('',#4630);
#4630 = CARTESIAN_POINT('',(93.,3.,22.5));
#4631 = SURFACE_CURVE('',#4632,(#4637,#4644),.PCURVE_S1.);
#4632 = CIRCLE('',#4633,3.);
#4633 = AXIS2_PLACEMENT_3D('',#4634,#4635,#4636);
#4634 = CARTESIAN_POINT('',(90.,3.,22.5));
#4635 = DIRECTION('',(0.,0.,1.));
#4636 = DIRECTION('',(1.,0.,-0.));
#4637 = PCURVE('',#99,#4638);
#4638 = DEFINITIONAL_REPRESENTATION('',(#4639),#4643);
#4639 = CIRCLE('',#4640,3.);
#4640 = AXIS2_PLACEMENT_2D('',#4641,#4642);
#4641 = CARTESIAN_POINT('',(276.,4.));
#4642 = DIRECTION('',(1.,0.));
#4643 = ( GEOMETRIC_REPRESENTATION_CONTEXT(2) 
PARAMETRIC_REPRESENTATION_CONTEXT() REPRESENTATION_CONTEXT('2D SPACE',''
  ) );
#4644 = PCURVE('',#420,#4645);
#4645 = DEFINITIONAL_REPRESENTATION('',(#4646),#4650);
#4646 = LINE('',#4647,#4648);
#4647 = CARTESIAN_POINT('',(-6.28318530718,22.5));
#4648 = VECTOR('',#4649,1.);
#4649 = DIRECTION('',(1.,-0.));
#4650 = ( GEOMETRIC_REPRESENTATION_CONTEXT(2) 
PARAMETRIC_REPRESENTATION_CONTEXT() REPRESENTATION_CONTEXT('2D SPACE',''
  ) );
#4651 = ORIENTED_EDGE('',*,*,#4652,.F.);
#4652 = EDGE_CURVE('',#4653,#4629,#4655,.T.);
#4653 = VERTEX_POINT('',#4654);
#4654 = CARTESIAN_POINT('',(93.,151.,22.5));
#4655 = SURFACE_CURVE('',#4656,(#4660,#4667),.PCURVE_S1.);
#4656 = LINE('',#4657,#4658);
#4657 = CARTESIAN_POINT('',(93.,-0.5,22.5));
#4658 = VECTOR('',#4659,1.);
#4659 = DIRECTION('',(0.,-1.,0.));
#4660 = PCURVE('',#99,#4661);
#4661 = DEFINITIONAL_REPRESENTATION('',(#4662),#4666);
#4662 = LINE('',#4663,#4664);
#4663 = CARTESIAN_POINT('',(279.,0.5));
#4664 = VECTOR('',#4665,1.);
#4665 = DIRECTION('',(0.,-1.));
#4666 = ( GEOMETRIC_REPRESENTATION_CONTEXT(2) 
PARAMETRIC_REPRESENTATION_CONTEXT() REPRESENTATION_CONTEXT('2D SPACE',''
  ) );
#4667 = PCURVE('',#448,#4668);
#4668 = DEFINITIONAL_REPRESENTATION('',(#4669),#4672);
#4669 = B_SPLINE_CURVE_WITH_KNOTS('',1,(#4670,#4671),.UNSPECIFIED.,.F.,
  .F.,(2,2),(-151.5,-3.5),.PIECEWISE_BEZIER_KNOTS.);
#4670 = CARTESIAN_POINT('',(22.5,-151.));
#4671 = CARTESIAN_POINT('',(22.5,-3.));
#4672 = ( GEOMETRIC_REPRESENTATION_CONTEXT(2) 
PARAMETRIC_REPRESENTATION_CONTEXT() REPRESENTATION_CONTEXT('2D SPACE',''
  ) );
#4673 = ORIENTED_EDGE('',*,*,#4674,.T.);
#4674 = EDGE_CURVE('',#4653,#4268,#4675,.T.);
#4675 = SURFACE_CURVE('',#4676,(#4681,#4688),.PCURVE_S1.);
#4676 = CIRCLE('',#4677,3.);
#4677 = AXIS2_PLACEMENT_3D('',#4678,#4679,#4680);
#4678 = CARTESIAN_POINT('',(90.,151.,22.5));
#4679 = DIRECTION('',(0.,0.,1.));
#4680 = DIRECTION('',(1.,0.,-0.));
#4681 = PCURVE('',#99,#4682);
#4682 = DEFINITIONAL_REPRESENTATION('',(#4683),#4687);
#4683 = CIRCLE('',#4684,3.);
#4684 = AXIS2_PLACEMENT_2D('',#4685,#4686);
#4685 = CARTESIAN_POINT('',(276.,152.));
#4686 = DIRECTION('',(1.,0.));
#4687 = ( GEOMETRIC_REPRESENTATION_CONTEXT(2) 
PARAMETRIC_REPRESENTATION_CONTEXT() REPRESENTATION_CONTEXT('2D SPACE',''
  ) );
#4688 = PCURVE('',#893,#4689);
#4689 = DEFINITIONAL_REPRESENTATION('',(#4690),#4694);
#4690 = LINE('',#4691,#4692);
#4691 = CARTESIAN_POINT('',(0.,22.5));
#4692 = VECTOR('',#4693,1.);
#4693 = DIRECTION('',(1.,0.));
#4694 = ( GEOMETRIC_REPRESENTATION_CONTEXT(2) 
PARAMETRIC_REPRESENTATION_CONTEXT() REPRESENTATION_CONTEXT('2D SPACE',''
  ) );
#4695 = FACE_BOUND('',#4696,.F.);
#4696 = EDGE_LOOP('',(#4697,#4726,#4755,#4782));
#4697 = ORIENTED_EDGE('',*,*,#4698,.F.);
#4698 = EDGE_CURVE('',#4699,#4701,#4703,.T.);
#4699 = VERTEX_POINT('',#4700);
#4700 = CARTESIAN_POINT('',(-86.82665880502,7.,22.5));
#4701 = VERTEX_POINT('',#4702);
#4702 = CARTESIAN_POINT('',(-90.5,7.,22.5));
#4703 = SURFACE_CURVE('',#4704,(#4708,#4715),.PCURVE_S1.);
#4704 = LINE('',#4705,#4706);
#4705 = CARTESIAN_POINT('',(-139.15,7.,22.5));
#4706 = VECTOR('',#4707,1.);
#4707 = DIRECTION('',(-1.,0.,0.));
#4708 = PCURVE('',#99,#4709);
#4709 = DEFINITIONAL_REPRESENTATION('',(#4710),#4714);
#4710 = LINE('',#4711,#4712);
#4711 = CARTESIAN_POINT('',(46.85,8.));
#4712 = VECTOR('',#4713,1.);
#4713 = DIRECTION('',(-1.,0.));
#4714 = ( GEOMETRIC_REPRESENTATION_CONTEXT(2) 
PARAMETRIC_REPRESENTATION_CONTEXT() REPRESENTATION_CONTEXT('2D SPACE',''
  ) );
#4715 = PCURVE('',#4716,#4721);
#4716 = PLANE('',#4717);
#4717 = AXIS2_PLACEMENT_3D('',#4718,#4719,#4720);
#4718 = CARTESIAN_POINT('',(-92.3,7.,21.5));
#4719 = DIRECTION('',(0.,1.,0.));
#4720 = DIRECTION('',(0.,0.,1.));
#4721 = DEFINITIONAL_REPRESENTATION('',(#4722),#4725);
#4722 = B_SPLINE_CURVE_WITH_KNOTS('',1,(#4723,#4724),.UNSPECIFIED.,.F.,
  .F.,(2,2),(-229.65,-48.65),.PIECEWISE_BEZIER_KNOTS.);
#4723 = CARTESIAN_POINT('',(1.,182.8));
#4724 = CARTESIAN_POINT('',(1.,1.8));
#4725 = ( GEOMETRIC_REPRESENTATION_CONTEXT(2) 
PARAMETRIC_REPRESENTATION_CONTEXT() REPRESENTATION_CONTEXT('2D SPACE',''
  ) );
#4726 = ORIENTED_EDGE('',*,*,#4727,.T.);
#4727 = EDGE_CURVE('',#4699,#4728,#4730,.T.);
#4728 = VERTEX_POINT('',#4729);
#4729 = CARTESIAN_POINT('',(-85.11355287256,2.5,22.5));
#4730 = SURFACE_CURVE('',#4731,(#4736,#4743),.PCURVE_S1.);
#4731 = CIRCLE('',#4732,3.2);
#4732 = AXIS2_PLACEMENT_3D('',#4733,#4734,#4735);
#4733 = CARTESIAN_POINT('',(-84.,5.5,22.5));
#4734 = DIRECTION('',(0.,0.,1.));
#4735 = DIRECTION('',(1.,0.,0.));
#4736 = PCURVE('',#99,#4737);
#4737 = DEFINITIONAL_REPRESENTATION('',(#4738),#4742);
#4738 = CIRCLE('',#4739,3.2);
#4739 = AXIS2_PLACEMENT_2D('',#4740,#4741);
#4740 = CARTESIAN_POINT('',(102.,6.5));
#4741 = DIRECTION('',(1.,0.));
#4742 = ( GEOMETRIC_REPRESENTATION_CONTEXT(2) 
PARAMETRIC_REPRESENTATION_CONTEXT() REPRESENTATION_CONTEXT('2D SPACE',''
  ) );
#4743 = PCURVE('',#4744,#4749);
#4744 = CYLINDRICAL_SURFACE('',#4745,3.2);
#4745 = AXIS2_PLACEMENT_3D('',#4746,#4747,#4748);
#4746 = CARTESIAN_POINT('',(-84.,5.5,22.5));
#4747 = DIRECTION('',(-0.,-0.,-1.));
#4748 = DIRECTION('',(1.,0.,0.));
#4749 = DEFINITIONAL_REPRESENTATION('',(#4750),#4754);
#4750 = LINE('',#4751,#4752);
#4751 = CARTESIAN_POINT('',(-0.,0.));
#4752 = VECTOR('',#4753,1.);
#4753 = DIRECTION('',(-1.,0.));
#4754 = ( GEOMETRIC_REPRESENTATION_CONTEXT(2) 
PARAMETRIC_REPRESENTATION_CONTEXT() REPRESENTATION_CONTEXT('2D SPACE',''
  ) );
#4755 = ORIENTED_EDGE('',*,*,#4756,.T.);
#4756 = EDGE_CURVE('',#4728,#4757,#4759,.T.);
#4757 = VERTEX_POINT('',#4758);
#4758 = CARTESIAN_POINT('',(-90.5,2.5,22.5));
#4759 = SURFACE_CURVE('',#4760,(#4764,#4771),.PCURVE_S1.);
#4760 = LINE('',#4761,#4762);
#4761 = CARTESIAN_POINT('',(-138.25,2.5,22.5));
#4762 = VECTOR('',#4763,1.);
#4763 = DIRECTION('',(-1.,0.,0.));
#4764 = PCURVE('',#99,#4765);
#4765 = DEFINITIONAL_REPRESENTATION('',(#4766),#4770);
#4766 = LINE('',#4767,#4768);
#4767 = CARTESIAN_POINT('',(47.75,3.5));
#4768 = VECTOR('',#4769,1.);
#4769 = DIRECTION('',(-1.,0.));
#4770 = ( GEOMETRIC_REPRESENTATION_CONTEXT(2) 
PARAMETRIC_REPRESENTATION_CONTEXT() REPRESENTATION_CONTEXT('2D SPACE',''
  ) );
#4771 = PCURVE('',#4772,#4777);
#4772 = PLANE('',#4773);
#4773 = AXIS2_PLACEMENT_3D('',#4774,#4775,#4776);
#4774 = CARTESIAN_POINT('',(-90.5,2.5,21.5));
#4775 = DIRECTION('',(0.,1.,0.));
#4776 = DIRECTION('',(0.,0.,1.));
#4777 = DEFINITIONAL_REPRESENTATION('',(#4778),#4781);
#4778 = B_SPLINE_CURVE_WITH_KNOTS('',1,(#4779,#4780),.UNSPECIFIED.,.F.,
  .F.,(2,2),(-228.75,-47.75),.PIECEWISE_BEZIER_KNOTS.);
#4779 = CARTESIAN_POINT('',(1.,181.));
#4780 = CARTESIAN_POINT('',(1.,0.));
#4781 = ( GEOMETRIC_REPRESENTATION_CONTEXT(2) 
PARAMETRIC_REPRESENTATION_CONTEXT() REPRESENTATION_CONTEXT('2D SPACE',''
  ) );
#4782 = ORIENTED_EDGE('',*,*,#4783,.T.);
#4783 = EDGE_CURVE('',#4757,#4701,#4784,.T.);
#4784 = SURFACE_CURVE('',#4785,(#4789,#4796),.PCURVE_S1.);
#4785 = LINE('',#4786,#4787);
#4786 = CARTESIAN_POINT('',(-90.5,0.75,22.5));
#4787 = VECTOR('',#4788,1.);
#4788 = DIRECTION('',(0.,1.,0.));
#4789 = PCURVE('',#99,#4790);
#4790 = DEFINITIONAL_REPRESENTATION('',(#4791),#4795);
#4791 = LINE('',#4792,#4793);
#4792 = CARTESIAN_POINT('',(95.5,1.75));
#4793 = VECTOR('',#4794,1.);
#4794 = DIRECTION('',(0.,1.));
#4795 = ( GEOMETRIC_REPRESENTATION_CONTEXT(2) 
PARAMETRIC_REPRESENTATION_CONTEXT() REPRESENTATION_CONTEXT('2D SPACE',''
  ) );
#4796 = PCURVE('',#4797,#4802);
#4797 = PLANE('',#4798);
#4798 = AXIS2_PLACEMENT_3D('',#4799,#4800,#4801);
#4799 = CARTESIAN_POINT('',(-90.5,2.5,21.5));
#4800 = DIRECTION('',(1.,0.,0.));
#4801 = DIRECTION('',(0.,0.,1.));
#4802 = DEFINITIONAL_REPRESENTATION('',(#4803),#4806);
#4803 = B_SPLINE_CURVE_WITH_KNOTS('',1,(#4804,#4805),.UNSPECIFIED.,.F.,
  .F.,(2,2),(1.75,6.25),.PIECEWISE_BEZIER_KNOTS.);
#4804 = CARTESIAN_POINT('',(1.,0.));
#4805 = CARTESIAN_POINT('',(1.,-4.5));
#4806 = ( GEOMETRIC_REPRESENTATION_CONTEXT(2) 
PARAMETRIC_REPRESENTATION_CONTEXT() REPRESENTATION_CONTEXT('2D SPACE',''
  ) );
#4807 = FACE_BOUND('',#4808,.F.);
#4808 = EDGE_LOOP('',(#4809));
#4809 = ORIENTED_EDGE('',*,*,#4810,.T.);
#4810 = EDGE_CURVE('',#4811,#4811,#4813,.T.);
#4811 = VERTEX_POINT('',#4812);
#4812 = CARTESIAN_POINT('',(-82.3,5.5,22.5));
#4813 = SURFACE_CURVE('',#4814,(#4819,#4830),.PCURVE_S1.);
#4814 = CIRCLE('',#4815,1.7);
#4815 = AXIS2_PLACEMENT_3D('',#4816,#4817,#4818);
#4816 = CARTESIAN_POINT('',(-84.,5.5,22.5));
#4817 = DIRECTION('',(0.,0.,-1.));
#4818 = DIRECTION('',(1.,0.,0.));
#4819 = PCURVE('',#99,#4820);
#4820 = DEFINITIONAL_REPRESENTATION('',(#4821),#4829);
#4821 = ( BOUNDED_CURVE() B_SPLINE_CURVE(2,(#4822,#4823,#4824,#4825,
#4826,#4827,#4828),.UNSPECIFIED.,.T.,.F.) B_SPLINE_CURVE_WITH_KNOTS((1,2
    ,2,2,2,1),(-2.094395102393,0.,2.094395102393,4.188790204786,
6.28318530718,8.377580409573),.UNSPECIFIED.) CURVE() 
GEOMETRIC_REPRESENTATION_ITEM() RATIONAL_B_SPLINE_CURVE((1.,0.5,1.,0.5,
1.,0.5,1.)) REPRESENTATION_ITEM('') );
#4822 = CARTESIAN_POINT('',(103.7,6.5));
#4823 = CARTESIAN_POINT('',(103.7,3.555513627133));
#4824 = CARTESIAN_POINT('',(101.15,5.027756813566));
#4825 = CARTESIAN_POINT('',(98.6,6.5));
#4826 = CARTESIAN_POINT('',(101.15,7.972243186434));
#4827 = CARTESIAN_POINT('',(103.7,9.444486372867));
#4828 = CARTESIAN_POINT('',(103.7,6.5));
#4829 = ( GEOMETRIC_REPRESENTATION_CONTEXT(2) 
PARAMETRIC_REPRESENTATION_CONTEXT() REPRESENTATION_CONTEXT('2D SPACE',''
  ) );
#4830 = PCURVE('',#4831,#4836);
#4831 = CYLINDRICAL_SURFACE('',#4832,1.7);
#4832 = AXIS2_PLACEMENT_3D('',#4833,#4834,#4835);
#4833 = CARTESIAN_POINT('',(-84.,5.5,21.5));
#4834 = DIRECTION('',(-0.,-0.,-1.));
#4835 = DIRECTION('',(1.,0.,0.));
#4836 = DEFINITIONAL_REPRESENTATION('',(#4837),#4841);
#4837 = LINE('',#4838,#4839);
#4838 = CARTESIAN_POINT('',(-6.28318530718,-1.));
#4839 = VECTOR('',#4840,1.);
#4840 = DIRECTION('',(1.,-0.));
#4841 = ( GEOMETRIC_REPRESENTATION_CONTEXT(2) 
PARAMETRIC_REPRESENTATION_CONTEXT() REPRESENTATION_CONTEXT('2D SPACE',''
  ) );
#4842 = FACE_BOUND('',#4843,.F.);
#4843 = EDGE_LOOP('',(#4844,#4873,#4902,#4929));
#4844 = ORIENTED_EDGE('',*,*,#4845,.F.);
#4845 = EDGE_CURVE('',#4846,#4848,#4850,.T.);
#4846 = VERTEX_POINT('',#4847);
#4847 = CARTESIAN_POINT('',(81.173341194979,7.,22.5));
#4848 = VERTEX_POINT('',#4849);
#4849 = CARTESIAN_POINT('',(-81.17334119498,7.,22.5));
#4850 = SURFACE_CURVE('',#4851,(#4855,#4862),.PCURVE_S1.);
#4851 = LINE('',#4852,#4853);
#4852 = CARTESIAN_POINT('',(-139.15,7.,22.5));
#4853 = VECTOR('',#4854,1.);
#4854 = DIRECTION('',(-1.,0.,0.));
#4855 = PCURVE('',#99,#4856);
#4856 = DEFINITIONAL_REPRESENTATION('',(#4857),#4861);
#4857 = LINE('',#4858,#4859);
#4858 = CARTESIAN_POINT('',(46.85,8.));
#4859 = VECTOR('',#4860,1.);
#4860 = DIRECTION('',(-1.,0.));
#4861 = ( GEOMETRIC_REPRESENTATION_CONTEXT(2) 
PARAMETRIC_REPRESENTATION_CONTEXT() REPRESENTATION_CONTEXT('2D SPACE',''
  ) );
#4862 = PCURVE('',#4863,#4868);
#4863 = PLANE('',#4864);
#4864 = AXIS2_PLACEMENT_3D('',#4865,#4866,#4867);
#4865 = CARTESIAN_POINT('',(-92.3,7.,21.5));
#4866 = DIRECTION('',(0.,1.,0.));
#4867 = DIRECTION('',(0.,0.,1.));
#4868 = DEFINITIONAL_REPRESENTATION('',(#4869),#4872);
#4869 = B_SPLINE_CURVE_WITH_KNOTS('',1,(#4870,#4871),.UNSPECIFIED.,.F.,
  .F.,(2,2),(-229.65,-48.65),.PIECEWISE_BEZIER_KNOTS.);
#4870 = CARTESIAN_POINT('',(1.,182.8));
#4871 = CARTESIAN_POINT('',(1.,1.8));
#4872 = ( GEOMETRIC_REPRESENTATION_CONTEXT(2) 
PARAMETRIC_REPRESENTATION_CONTEXT() REPRESENTATION_CONTEXT('2D SPACE',''
  ) );
#4873 = ORIENTED_EDGE('',*,*,#4874,.T.);
#4874 = EDGE_CURVE('',#4846,#4875,#4877,.T.);
#4875 = VERTEX_POINT('',#4876);
#4876 = CARTESIAN_POINT('',(82.886447127434,2.5,22.5));
#4877 = SURFACE_CURVE('',#4878,(#4883,#4890),.PCURVE_S1.);
#4878 = CIRCLE('',#4879,3.2);
#4879 = AXIS2_PLACEMENT_3D('',#4880,#4881,#4882);
#4880 = CARTESIAN_POINT('',(84.,5.5,22.5));
#4881 = DIRECTION('',(0.,0.,1.));
#4882 = DIRECTION('',(1.,0.,0.));
#4883 = PCURVE('',#99,#4884);
#4884 = DEFINITIONAL_REPRESENTATION('',(#4885),#4889);
#4885 = CIRCLE('',#4886,3.2);
#4886 = AXIS2_PLACEMENT_2D('',#4887,#4888);
#4887 = CARTESIAN_POINT('',(270.,6.5));
#4888 = DIRECTION('',(1.,0.));
#4889 = ( GEOMETRIC_REPRESENTATION_CONTEXT(2) 
PARAMETRIC_REPRESENTATION_CONTEXT() REPRESENTATION_CONTEXT('2D SPACE',''
  ) );
#4890 = PCURVE('',#4891,#4896);
#4891 = CYLINDRICAL_SURFACE('',#4892,3.2);
#4892 = AXIS2_PLACEMENT_3D('',#4893,#4894,#4895);
#4893 = CARTESIAN_POINT('',(84.,5.5,22.5));
#4894 = DIRECTION('',(-0.,-0.,-1.));
#4895 = DIRECTION('',(1.,0.,0.));
#4896 = DEFINITIONAL_REPRESENTATION('',(#4897),#4901);
#4897 = LINE('',#4898,#4899);
#4898 = CARTESIAN_POINT('',(-0.,0.));
#4899 = VECTOR('',#4900,1.);
#4900 = DIRECTION('',(-1.,0.));
#4901 = ( GEOMETRIC_REPRESENTATION_CONTEXT(2) 
PARAMETRIC_REPRESENTATION_CONTEXT() REPRESENTATION_CONTEXT('2D SPACE',''
  ) );
#4902 = ORIENTED_EDGE('',*,*,#4903,.T.);
#4903 = EDGE_CURVE('',#4875,#4904,#4906,.T.);
#4904 = VERTEX_POINT('',#4905);
#4905 = CARTESIAN_POINT('',(-82.88644712743,2.5,22.5));
#4906 = SURFACE_CURVE('',#4907,(#4911,#4918),.PCURVE_S1.);
#4907 = LINE('',#4908,#4909);
#4908 = CARTESIAN_POINT('',(-138.25,2.5,22.5));
#4909 = VECTOR('',#4910,1.);
#4910 = DIRECTION('',(-1.,0.,0.));
#4911 = PCURVE('',#99,#4912);
#4912 = DEFINITIONAL_REPRESENTATION('',(#4913),#4917);
#4913 = LINE('',#4914,#4915);
#4914 = CARTESIAN_POINT('',(47.75,3.5));
#4915 = VECTOR('',#4916,1.);
#4916 = DIRECTION('',(-1.,0.));
#4917 = ( GEOMETRIC_REPRESENTATION_CONTEXT(2) 
PARAMETRIC_REPRESENTATION_CONTEXT() REPRESENTATION_CONTEXT('2D SPACE',''
  ) );
#4918 = PCURVE('',#4919,#4924);
#4919 = PLANE('',#4920);
#4920 = AXIS2_PLACEMENT_3D('',#4921,#4922,#4923);
#4921 = CARTESIAN_POINT('',(-90.5,2.5,21.5));
#4922 = DIRECTION('',(0.,1.,0.));
#4923 = DIRECTION('',(0.,0.,1.));
#4924 = DEFINITIONAL_REPRESENTATION('',(#4925),#4928);
#4925 = B_SPLINE_CURVE_WITH_KNOTS('',1,(#4926,#4927),.UNSPECIFIED.,.F.,
  .F.,(2,2),(-228.75,-47.75),.PIECEWISE_BEZIER_KNOTS.);
#4926 = CARTESIAN_POINT('',(1.,181.));
#4927 = CARTESIAN_POINT('',(1.,0.));
#4928 = ( GEOMETRIC_REPRESENTATION_CONTEXT(2) 
PARAMETRIC_REPRESENTATION_CONTEXT() REPRESENTATION_CONTEXT('2D SPACE',''
  ) );
#4929 = ORIENTED_EDGE('',*,*,#4930,.F.);
#4930 = EDGE_CURVE('',#4848,#4904,#4931,.T.);
#4931 = SURFACE_CURVE('',#4932,(#4937,#4948),.PCURVE_S1.);
#4932 = CIRCLE('',#4933,3.2);
#4933 = AXIS2_PLACEMENT_3D('',#4934,#4935,#4936);
#4934 = CARTESIAN_POINT('',(-84.,5.5,22.5));
#4935 = DIRECTION('',(0.,0.,-1.));
#4936 = DIRECTION('',(0.883330876569,0.46875,0.));
#4937 = PCURVE('',#99,#4938);
#4938 = DEFINITIONAL_REPRESENTATION('',(#4939),#4947);
#4939 = ( BOUNDED_CURVE() B_SPLINE_CURVE(2,(#4940,#4941,#4942,#4943,
#4944,#4945,#4946),.UNSPECIFIED.,.T.,.F.) B_SPLINE_CURVE_WITH_KNOTS((1,2
    ,2,2,2,1),(-2.094395102393,0.,2.094395102393,4.188790204786,
6.28318530718,8.377580409573),.UNSPECIFIED.) CURVE() 
GEOMETRIC_REPRESENTATION_ITEM() RATIONAL_B_SPLINE_CURVE((1.,0.5,1.,0.5,
1.,0.5,1.)) REPRESENTATION_ITEM('') );
#4940 = CARTESIAN_POINT('',(104.82665880502,8.));
#4941 = CARTESIAN_POINT('',(107.42473501637,3.104083334043));
#4942 = CARTESIAN_POINT('',(101.88570870316,3.302041667021));
#4943 = CARTESIAN_POINT('',(96.346682389959,3.5));
#4944 = CARTESIAN_POINT('',(99.287632491813,8.197958332979));
#4945 = CARTESIAN_POINT('',(102.22858259366,12.895916665957));
#4946 = CARTESIAN_POINT('',(104.82665880502,8.));
#4947 = ( GEOMETRIC_REPRESENTATION_CONTEXT(2) 
PARAMETRIC_REPRESENTATION_CONTEXT() REPRESENTATION_CONTEXT('2D SPACE',''
  ) );
#4948 = PCURVE('',#4949,#4954);
#4949 = CYLINDRICAL_SURFACE('',#4950,3.2);
#4950 = AXIS2_PLACEMENT_3D('',#4951,#4952,#4953);
#4951 = CARTESIAN_POINT('',(-84.,5.5,22.5));
#4952 = DIRECTION('',(-0.,-0.,-1.));
#4953 = DIRECTION('',(1.,0.,0.));
#4954 = DEFINITIONAL_REPRESENTATION('',(#4955),#4959);
#4955 = LINE('',#4956,#4957);
#4956 = CARTESIAN_POINT('',(-6.77106045472,0.));
#4957 = VECTOR('',#4958,1.);
#4958 = DIRECTION('',(1.,-0.));
#4959 = ( GEOMETRIC_REPRESENTATION_CONTEXT(2) 
PARAMETRIC_REPRESENTATION_CONTEXT() REPRESENTATION_CONTEXT('2D SPACE',''
  ) );
#4960 = FACE_BOUND('',#4961,.F.);
#4961 = EDGE_LOOP('',(#4962,#4991,#5018,#5051));
#4962 = ORIENTED_EDGE('',*,*,#4963,.F.);
#4963 = EDGE_CURVE('',#4964,#4966,#4968,.T.);
#4964 = VERTEX_POINT('',#4965);
#4965 = CARTESIAN_POINT('',(90.5,2.5,22.5));
#4966 = VERTEX_POINT('',#4967);
#4967 = CARTESIAN_POINT('',(90.5,7.,22.5));
#4968 = SURFACE_CURVE('',#4969,(#4973,#4980),.PCURVE_S1.);
#4969 = LINE('',#4970,#4971);
#4970 = CARTESIAN_POINT('',(90.5,0.75,22.5));
#4971 = VECTOR('',#4972,1.);
#4972 = DIRECTION('',(0.,1.,0.));
#4973 = PCURVE('',#99,#4974);
#4974 = DEFINITIONAL_REPRESENTATION('',(#4975),#4979);
#4975 = LINE('',#4976,#4977);
#4976 = CARTESIAN_POINT('',(276.5,1.75));
#4977 = VECTOR('',#4978,1.);
#4978 = DIRECTION('',(0.,1.));
#4979 = ( GEOMETRIC_REPRESENTATION_CONTEXT(2) 
PARAMETRIC_REPRESENTATION_CONTEXT() REPRESENTATION_CONTEXT('2D SPACE',''
  ) );
#4980 = PCURVE('',#4981,#4986);
#4981 = PLANE('',#4982);
#4982 = AXIS2_PLACEMENT_3D('',#4983,#4984,#4985);
#4983 = CARTESIAN_POINT('',(90.5,2.5,21.5));
#4984 = DIRECTION('',(1.,0.,0.));
#4985 = DIRECTION('',(0.,0.,1.));
#4986 = DEFINITIONAL_REPRESENTATION('',(#4987),#4990);
#4987 = B_SPLINE_CURVE_WITH_KNOTS('',1,(#4988,#4989),.UNSPECIFIED.,.F.,
  .F.,(2,2),(1.75,6.25),.PIECEWISE_BEZIER_KNOTS.);
#4988 = CARTESIAN_POINT('',(1.,0.));
#4989 = CARTESIAN_POINT('',(1.,-4.5));
#4990 = ( GEOMETRIC_REPRESENTATION_CONTEXT(2) 
PARAMETRIC_REPRESENTATION_CONTEXT() REPRESENTATION_CONTEXT('2D SPACE',''
  ) );
#4991 = ORIENTED_EDGE('',*,*,#4992,.T.);
#4992 = EDGE_CURVE('',#4964,#4993,#4995,.T.);
#4993 = VERTEX_POINT('',#4994);
#4994 = CARTESIAN_POINT('',(85.113552872566,2.5,22.5));
#4995 = SURFACE_CURVE('',#4996,(#5000,#5007),.PCURVE_S1.);
#4996 = LINE('',#4997,#4998);
#4997 = CARTESIAN_POINT('',(-138.25,2.5,22.5));
#4998 = VECTOR('',#4999,1.);
#4999 = DIRECTION('',(-1.,0.,0.));
#5000 = PCURVE('',#99,#5001);
#5001 = DEFINITIONAL_REPRESENTATION('',(#5002),#5006);
#5002 = LINE('',#5003,#5004);
#5003 = CARTESIAN_POINT('',(47.75,3.5));
#5004 = VECTOR('',#5005,1.);
#5005 = DIRECTION('',(-1.,0.));
#5006 = ( GEOMETRIC_REPRESENTATION_CONTEXT(2) 
PARAMETRIC_REPRESENTATION_CONTEXT() REPRESENTATION_CONTEXT('2D SPACE',''
  ) );
#5007 = PCURVE('',#5008,#5013);
#5008 = PLANE('',#5009);
#5009 = AXIS2_PLACEMENT_3D('',#5010,#5011,#5012);
#5010 = CARTESIAN_POINT('',(-90.5,2.5,21.5));
#5011 = DIRECTION('',(0.,1.,0.));
#5012 = DIRECTION('',(0.,0.,1.));
#5013 = DEFINITIONAL_REPRESENTATION('',(#5014),#5017);
#5014 = B_SPLINE_CURVE_WITH_KNOTS('',1,(#5015,#5016),.UNSPECIFIED.,.F.,
  .F.,(2,2),(-228.75,-47.75),.PIECEWISE_BEZIER_KNOTS.);
#5015 = CARTESIAN_POINT('',(1.,181.));
#5016 = CARTESIAN_POINT('',(1.,0.));
#5017 = ( GEOMETRIC_REPRESENTATION_CONTEXT(2) 
PARAMETRIC_REPRESENTATION_CONTEXT() REPRESENTATION_CONTEXT('2D SPACE',''
  ) );
#5018 = ORIENTED_EDGE('',*,*,#5019,.F.);
#5019 = EDGE_CURVE('',#5020,#4993,#5022,.T.);
#5020 = VERTEX_POINT('',#5021);
#5021 = CARTESIAN_POINT('',(86.82665880502,7.,22.5));
#5022 = SURFACE_CURVE('',#5023,(#5028,#5039),.PCURVE_S1.);
#5023 = CIRCLE('',#5024,3.2);
#5024 = AXIS2_PLACEMENT_3D('',#5025,#5026,#5027);
#5025 = CARTESIAN_POINT('',(84.,5.5,22.5));
#5026 = DIRECTION('',(0.,0.,-1.));
#5027 = DIRECTION('',(0.883330876569,0.46875,0.));
#5028 = PCURVE('',#99,#5029);
#5029 = DEFINITIONAL_REPRESENTATION('',(#5030),#5038);
#5030 = ( BOUNDED_CURVE() B_SPLINE_CURVE(2,(#5031,#5032,#5033,#5034,
#5035,#5036,#5037),.UNSPECIFIED.,.T.,.F.) B_SPLINE_CURVE_WITH_KNOTS((1,2
    ,2,2,2,1),(-2.094395102393,0.,2.094395102393,4.188790204786,
6.28318530718,8.377580409573),.UNSPECIFIED.) CURVE() 
GEOMETRIC_REPRESENTATION_ITEM() RATIONAL_B_SPLINE_CURVE((1.,0.5,1.,0.5,
1.,0.5,1.)) REPRESENTATION_ITEM('') );
#5031 = CARTESIAN_POINT('',(272.82665880502,8.));
#5032 = CARTESIAN_POINT('',(275.42473501637,3.104083334043));
#5033 = CARTESIAN_POINT('',(269.88570870316,3.302041667021));
#5034 = CARTESIAN_POINT('',(264.34668238995,3.5));
#5035 = CARTESIAN_POINT('',(267.28763249181,8.197958332979));
#5036 = CARTESIAN_POINT('',(270.22858259366,12.895916665957));
#5037 = CARTESIAN_POINT('',(272.82665880502,8.));
#5038 = ( GEOMETRIC_REPRESENTATION_CONTEXT(2) 
PARAMETRIC_REPRESENTATION_CONTEXT() REPRESENTATION_CONTEXT('2D SPACE',''
  ) );
#5039 = PCURVE('',#5040,#5045);
#5040 = CYLINDRICAL_SURFACE('',#5041,3.2);
#5041 = AXIS2_PLACEMENT_3D('',#5042,#5043,#5044);
#5042 = CARTESIAN_POINT('',(84.,5.5,22.5));
#5043 = DIRECTION('',(-0.,-0.,-1.));
#5044 = DIRECTION('',(1.,0.,0.));
#5045 = DEFINITIONAL_REPRESENTATION('',(#5046),#5050);
#5046 = LINE('',#5047,#5048);
#5047 = CARTESIAN_POINT('',(-6.77106045472,0.));
#5048 = VECTOR('',#5049,1.);
#5049 = DIRECTION('',(1.,-0.));
#5050 = ( GEOMETRIC_REPRESENTATION_CONTEXT(2) 
PARAMETRIC_REPRESENTATION_CONTEXT() REPRESENTATION_CONTEXT('2D SPACE',''
  ) );
#5051 = ORIENTED_EDGE('',*,*,#5052,.F.);
#5052 = EDGE_CURVE('',#4966,#5020,#5053,.T.);
#5053 = SURFACE_CURVE('',#5054,(#5058,#5065),.PCURVE_S1.);
#5054 = LINE('',#5055,#5056);
#5055 = CARTESIAN_POINT('',(-139.15,7.,22.5));
#5056 = VECTOR('',#5057,1.);
#5057 = DIRECTION('',(-1.,0.,0.));
#5058 = PCURVE('',#99,#5059);
#5059 = DEFINITIONAL_REPRESENTATION('',(#5060),#5064);
#5060 = LINE('',#5061,#5062);
#5061 = CARTESIAN_POINT('',(46.85,8.));
#5062 = VECTOR('',#5063,1.);
#5063 = DIRECTION('',(-1.,0.));
#5064 = ( GEOMETRIC_REPRESENTATION_CONTEXT(2) 
PARAMETRIC_REPRESENTATION_CONTEXT() REPRESENTATION_CONTEXT('2D SPACE',''
  ) );
#5065 = PCURVE('',#5066,#5071);
#5066 = PLANE('',#5067);
#5067 = AXIS2_PLACEMENT_3D('',#5068,#5069,#5070);
#5068 = CARTESIAN_POINT('',(-92.3,7.,21.5));
#5069 = DIRECTION('',(0.,1.,0.));
#5070 = DIRECTION('',(0.,0.,1.));
#5071 = DEFINITIONAL_REPRESENTATION('',(#5072),#5075);
#5072 = B_SPLINE_CURVE_WITH_KNOTS('',1,(#5073,#5074),.UNSPECIFIED.,.F.,
  .F.,(2,2),(-229.65,-48.65),.PIECEWISE_BEZIER_KNOTS.);
#5073 = CARTESIAN_POINT('',(1.,182.8));
#5074 = CARTESIAN_POINT('',(1.,1.8));
#5075 = ( GEOMETRIC_REPRESENTATION_CONTEXT(2) 
PARAMETRIC_REPRESENTATION_CONTEXT() REPRESENTATION_CONTEXT('2D SPACE',''
  ) );
#5076 = FACE_BOUND('',#5077,.F.);
#5077 = EDGE_LOOP('',(#5078));
#5078 = ORIENTED_EDGE('',*,*,#5079,.T.);
#5079 = EDGE_CURVE('',#5080,#5080,#5082,.T.);
#5080 = VERTEX_POINT('',#5081);
#5081 = CARTESIAN_POINT('',(85.7,5.5,22.5));
#5082 = SURFACE_CURVE('',#5083,(#5088,#5099),.PCURVE_S1.);
#5083 = CIRCLE('',#5084,1.7);
#5084 = AXIS2_PLACEMENT_3D('',#5085,#5086,#5087);
#5085 = CARTESIAN_POINT('',(84.,5.5,22.5));
#5086 = DIRECTION('',(0.,0.,-1.));
#5087 = DIRECTION('',(1.,0.,0.));
#5088 = PCURVE('',#99,#5089);
#5089 = DEFINITIONAL_REPRESENTATION('',(#5090),#5098);
#5090 = ( BOUNDED_CURVE() B_SPLINE_CURVE(2,(#5091,#5092,#5093,#5094,
#5095,#5096,#5097),.UNSPECIFIED.,.T.,.F.) B_SPLINE_CURVE_WITH_KNOTS((1,2
    ,2,2,2,1),(-2.094395102393,0.,2.094395102393,4.188790204786,
6.28318530718,8.377580409573),.UNSPECIFIED.) CURVE() 
GEOMETRIC_REPRESENTATION_ITEM() RATIONAL_B_SPLINE_CURVE((1.,0.5,1.,0.5,
1.,0.5,1.)) REPRESENTATION_ITEM('') );
#5091 = CARTESIAN_POINT('',(271.7,6.5));
#5092 = CARTESIAN_POINT('',(271.7,3.555513627133));
#5093 = CARTESIAN_POINT('',(269.15,5.027756813566));
#5094 = CARTESIAN_POINT('',(266.6,6.5));
#5095 = CARTESIAN_POINT('',(269.15,7.972243186434));
#5096 = CARTESIAN_POINT('',(271.7,9.444486372867));
#5097 = CARTESIAN_POINT('',(271.7,6.5));
#5098 = ( GEOMETRIC_REPRESENTATION_CONTEXT(2) 
PARAMETRIC_REPRESENTATION_CONTEXT() REPRESENTATION_CONTEXT('2D SPACE',''
  ) );
#5099 = PCURVE('',#5100,#5105);
#5100 = CYLINDRICAL_SURFACE('',#5101,1.7);
#5101 = AXIS2_PLACEMENT_3D('',#5102,#5103,#5104);
#5102 = CARTESIAN_POINT('',(84.,5.5,21.5));
#5103 = DIRECTION('',(-0.,-0.,-1.));
#5104 = DIRECTION('',(1.,0.,0.));
#5105 = DEFINITIONAL_REPRESENTATION('',(#5106),#5110);
#5106 = LINE('',#5107,#5108);
#5107 = CARTESIAN_POINT('',(-6.28318530718,-1.));
#5108 = VECTOR('',#5109,1.);
#5109 = DIRECTION('',(1.,-0.));
#5110 = ( GEOMETRIC_REPRESENTATION_CONTEXT(2) 
PARAMETRIC_REPRESENTATION_CONTEXT() REPRESENTATION_CONTEXT('2D SPACE',''
  ) );
#5111 = FACE_BOUND('',#5112,.F.);
#5112 = EDGE_LOOP('',(#5113));
#5113 = ORIENTED_EDGE('',*,*,#5114,.T.);
#5114 = EDGE_CURVE('',#5115,#5115,#5117,.T.);
#5115 = VERTEX_POINT('',#5116);
#5116 = CARTESIAN_POINT('',(-82.3,79.1,22.5));
#5117 = SURFACE_CURVE('',#5118,(#5123,#5134),.PCURVE_S1.);
#5118 = CIRCLE('',#5119,1.7);
#5119 = AXIS2_PLACEMENT_3D('',#5120,#5121,#5122);
#5120 = CARTESIAN_POINT('',(-84.,79.1,22.5));
#5121 = DIRECTION('',(0.,0.,-1.));
#5122 = DIRECTION('',(1.,0.,0.));
#5123 = PCURVE('',#99,#5124);
#5124 = DEFINITIONAL_REPRESENTATION('',(#5125),#5133);
#5125 = ( BOUNDED_CURVE() B_SPLINE_CURVE(2,(#5126,#5127,#5128,#5129,
#5130,#5131,#5132),.UNSPECIFIED.,.T.,.F.) B_SPLINE_CURVE_WITH_KNOTS((1,2
    ,2,2,2,1),(-2.094395102393,0.,2.094395102393,4.188790204786,
6.28318530718,8.377580409573),.UNSPECIFIED.) CURVE() 
GEOMETRIC_REPRESENTATION_ITEM() RATIONAL_B_SPLINE_CURVE((1.,0.5,1.,0.5,
1.,0.5,1.)) REPRESENTATION_ITEM('') );
#5126 = CARTESIAN_POINT('',(103.7,80.1));
#5127 = CARTESIAN_POINT('',(103.7,77.155513627133));
#5128 = CARTESIAN_POINT('',(101.15,78.627756813566));
#5129 = CARTESIAN_POINT('',(98.6,80.1));
#5130 = CARTESIAN_POINT('',(101.15,81.572243186434));
#5131 = CARTESIAN_POINT('',(103.7,83.044486372867));
#5132 = CARTESIAN_POINT('',(103.7,80.1));
#5133 = ( GEOMETRIC_REPRESENTATION_CONTEXT(2) 
PARAMETRIC_REPRESENTATION_CONTEXT() REPRESENTATION_CONTEXT('2D SPACE',''
  ) );
#5134 = PCURVE('',#5135,#5140);
#5135 = CYLINDRICAL_SURFACE('',#5136,1.7);
#5136 = AXIS2_PLACEMENT_3D('',#5137,#5138,#5139);
#5137 = CARTESIAN_POINT('',(-84.,79.1,21.5));
#5138 = DIRECTION('',(-0.,-0.,-1.));
#5139 = DIRECTION('',(1.,0.,0.));
#5140 = DEFINITIONAL_REPRESENTATION('',(#5141),#5145);
#5141 = LINE('',#5142,#5143);
#5142 = CARTESIAN_POINT('',(-6.28318530718,-1.));
#5143 = VECTOR('',#5144,1.);
#5144 = DIRECTION('',(1.,-0.));
#5145 = ( GEOMETRIC_REPRESENTATION_CONTEXT(2) 
PARAMETRIC_REPRESENTATION_CONTEXT() REPRESENTATION_CONTEXT('2D SPACE',''
  ) );
#5146 = FACE_BOUND('',#5147,.F.);
#5147 = EDGE_LOOP('',(#5148));
#5148 = ORIENTED_EDGE('',*,*,#5149,.T.);
#5149 = EDGE_CURVE('',#5150,#5150,#5152,.T.);
#5150 = VERTEX_POINT('',#5151);
#5151 = CARTESIAN_POINT('',(85.7,79.1,22.5));
#5152 = SURFACE_CURVE('',#5153,(#5158,#5169),.PCURVE_S1.);
#5153 = CIRCLE('',#5154,1.7);
#5154 = AXIS2_PLACEMENT_3D('',#5155,#5156,#5157);
#5155 = CARTESIAN_POINT('',(84.,79.1,22.5));
#5156 = DIRECTION('',(0.,0.,-1.));
#5157 = DIRECTION('',(1.,0.,0.));
#5158 = PCURVE('',#99,#5159);
#5159 = DEFINITIONAL_REPRESENTATION('',(#5160),#5168);
#5160 = ( BOUNDED_CURVE() B_SPLINE_CURVE(2,(#5161,#5162,#5163,#5164,
#5165,#5166,#5167),.UNSPECIFIED.,.T.,.F.) B_SPLINE_CURVE_WITH_KNOTS((1,2
    ,2,2,2,1),(-2.094395102393,0.,2.094395102393,4.188790204786,
6.28318530718,8.377580409573),.UNSPECIFIED.) CURVE() 
GEOMETRIC_REPRESENTATION_ITEM() RATIONAL_B_SPLINE_CURVE((1.,0.5,1.,0.5,
1.,0.5,1.)) REPRESENTATION_ITEM('') );
#5161 = CARTESIAN_POINT('',(271.7,80.1));
#5162 = CARTESIAN_POINT('',(271.7,77.155513627133));
#5163 = CARTESIAN_POINT('',(269.15,78.627756813566));
#5164 = CARTESIAN_POINT('',(266.6,80.1));
#5165 = CARTESIAN_POINT('',(269.15,81.572243186434));
#5166 = CARTESIAN_POINT('',(271.7,83.044486372867));
#5167 = CARTESIAN_POINT('',(271.7,80.1));
#5168 = ( GEOMETRIC_REPRESENTATION_CONTEXT(2) 
PARAMETRIC_REPRESENTATION_CONTEXT() REPRESENTATION_CONTEXT('2D SPACE',''
  ) );
#5169 = PCURVE('',#5170,#5175);
#5170 = CYLINDRICAL_SURFACE('',#5171,1.7);
#5171 = AXIS2_PLACEMENT_3D('',#5172,#5173,#5174);
#5172 = CARTESIAN_POINT('',(84.,79.1,21.5));
#5173 = DIRECTION('',(-0.,-0.,-1.));
#5174 = DIRECTION('',(1.,0.,0.));
#5175 = DEFINITIONAL_REPRESENTATION('',(#5176),#5180);
#5176 = LINE('',#5177,#5178);
#5177 = CARTESIAN_POINT('',(-6.28318530718,-1.));
#5178 = VECTOR('',#5179,1.);
#5179 = DIRECTION('',(1.,-0.));
#5180 = ( GEOMETRIC_REPRESENTATION_CONTEXT(2) 
PARAMETRIC_REPRESENTATION_CONTEXT() REPRESENTATION_CONTEXT('2D SPACE',''
  ) );
#5181 = ADVANCED_FACE('',(#5182),#178,.F.);
#5182 = FACE_BOUND('',#5183,.F.);
#5183 = EDGE_LOOP('',(#5184,#5207,#5226,#5227));
#5184 = ORIENTED_EDGE('',*,*,#5185,.T.);
#5185 = EDGE_CURVE('',#138,#5186,#5188,.T.);
#5186 = VERTEX_POINT('',#5187);
#5187 = CARTESIAN_POINT('',(-90.5,134.8,31.1));
#5188 = SURFACE_CURVE('',#5189,(#5193,#5200),.PCURVE_S1.);
#5189 = LINE('',#5190,#5191);
#5190 = CARTESIAN_POINT('',(-94.,134.8,31.1));
#5191 = VECTOR('',#5192,1.);
#5192 = DIRECTION('',(1.,0.,0.));
#5193 = PCURVE('',#178,#5194);
#5194 = DEFINITIONAL_REPRESENTATION('',(#5195),#5199);
#5195 = LINE('',#5196,#5197);
#5196 = CARTESIAN_POINT('',(24.1,0.));
#5197 = VECTOR('',#5198,1.);
#5198 = DIRECTION('',(0.,1.));
#5199 = ( GEOMETRIC_REPRESENTATION_CONTEXT(2) 
PARAMETRIC_REPRESENTATION_CONTEXT() REPRESENTATION_CONTEXT('2D SPACE',''
  ) );
#5200 = PCURVE('',#152,#5201);
#5201 = DEFINITIONAL_REPRESENTATION('',(#5202),#5206);
#5202 = LINE('',#5203,#5204);
#5203 = CARTESIAN_POINT('',(0.,55.7));
#5204 = VECTOR('',#5205,1.);
#5205 = DIRECTION('',(1.,0.));
#5206 = ( GEOMETRIC_REPRESENTATION_CONTEXT(2) 
PARAMETRIC_REPRESENTATION_CONTEXT() REPRESENTATION_CONTEXT('2D SPACE',''
  ) );
#5207 = ORIENTED_EDGE('',*,*,#5208,.F.);
#5208 = EDGE_CURVE('',#4292,#5186,#5209,.T.);
#5209 = SURFACE_CURVE('',#5210,(#5214,#5220),.PCURVE_S1.);
#5210 = LINE('',#5211,#5212);
#5211 = CARTESIAN_POINT('',(-90.5,134.8,14.25));
#5212 = VECTOR('',#5213,1.);
#5213 = DIRECTION('',(0.,0.,1.));
#5214 = PCURVE('',#178,#5215);
#5215 = DEFINITIONAL_REPRESENTATION('',(#5216),#5219);
#5216 = B_SPLINE_CURVE_WITH_KNOTS('',1,(#5217,#5218),.UNSPECIFIED.,.F.,
  .F.,(2,2),(8.25,16.85),.PIECEWISE_BEZIER_KNOTS.);
#5217 = CARTESIAN_POINT('',(15.5,3.5));
#5218 = CARTESIAN_POINT('',(24.1,3.5));
#5219 = ( GEOMETRIC_REPRESENTATION_CONTEXT(2) 
PARAMETRIC_REPRESENTATION_CONTEXT() REPRESENTATION_CONTEXT('2D SPACE',''
  ) );
#5220 = PCURVE('',#4328,#5221);
#5221 = DEFINITIONAL_REPRESENTATION('',(#5222),#5225);
#5222 = B_SPLINE_CURVE_WITH_KNOTS('',1,(#5223,#5224),.UNSPECIFIED.,.F.,
  .F.,(2,2),(8.25,16.85),.PIECEWISE_BEZIER_KNOTS.);
#5223 = CARTESIAN_POINT('',(1.,-132.3));
#5224 = CARTESIAN_POINT('',(9.6,-132.3));
#5225 = ( GEOMETRIC_REPRESENTATION_CONTEXT(2) 
PARAMETRIC_REPRESENTATION_CONTEXT() REPRESENTATION_CONTEXT('2D SPACE',''
  ) );
#5226 = ORIENTED_EDGE('',*,*,#4291,.T.);
#5227 = ORIENTED_EDGE('',*,*,#163,.T.);
#5228 = ADVANCED_FACE('',(#5229),#152,.F.);
#5229 = FACE_BOUND('',#5230,.F.);
#5230 = EDGE_LOOP('',(#5231,#5232,#5233,#5256));
#5231 = ORIENTED_EDGE('',*,*,#5185,.F.);
#5232 = ORIENTED_EDGE('',*,*,#137,.T.);
#5233 = ORIENTED_EDGE('',*,*,#5234,.T.);
#5234 = EDGE_CURVE('',#112,#5235,#5237,.T.);
#5235 = VERTEX_POINT('',#5236);
#5236 = CARTESIAN_POINT('',(-90.5,79.1,31.1));
#5237 = SURFACE_CURVE('',#5238,(#5242,#5249),.PCURVE_S1.);
#5238 = LINE('',#5239,#5240);
#5239 = CARTESIAN_POINT('',(-94.,79.1,31.1));
#5240 = VECTOR('',#5241,1.);
#5241 = DIRECTION('',(1.,0.,0.));
#5242 = PCURVE('',#152,#5243);
#5243 = DEFINITIONAL_REPRESENTATION('',(#5244),#5248);
#5244 = LINE('',#5245,#5246);
#5245 = CARTESIAN_POINT('',(0.,0.));
#5246 = VECTOR('',#5247,1.);
#5247 = DIRECTION('',(1.,0.));
#5248 = ( GEOMETRIC_REPRESENTATION_CONTEXT(2) 
PARAMETRIC_REPRESENTATION_CONTEXT() REPRESENTATION_CONTEXT('2D SPACE',''
  ) );
#5249 = PCURVE('',#126,#5250);
#5250 = DEFINITIONAL_REPRESENTATION('',(#5251),#5255);
#5251 = LINE('',#5252,#5253);
#5252 = CARTESIAN_POINT('',(24.1,0.));
#5253 = VECTOR('',#5254,1.);
#5254 = DIRECTION('',(0.,1.));
#5255 = ( GEOMETRIC_REPRESENTATION_CONTEXT(2) 
PARAMETRIC_REPRESENTATION_CONTEXT() REPRESENTATION_CONTEXT('2D SPACE',''
  ) );
#5256 = ORIENTED_EDGE('',*,*,#5257,.F.);
#5257 = EDGE_CURVE('',#5186,#5235,#5258,.T.);
#5258 = SURFACE_CURVE('',#5259,(#5263,#5269),.PCURVE_S1.);
#5259 = LINE('',#5260,#5261);
#5260 = CARTESIAN_POINT('',(-90.5,40.8,31.1));
#5261 = VECTOR('',#5262,1.);
#5262 = DIRECTION('',(0.,-1.,0.));
#5263 = PCURVE('',#152,#5264);
#5264 = DEFINITIONAL_REPRESENTATION('',(#5265),#5268);
#5265 = B_SPLINE_CURVE_WITH_KNOTS('',1,(#5266,#5267),.UNSPECIFIED.,.F.,
  .F.,(2,2),(-94.,-38.3),.PIECEWISE_BEZIER_KNOTS.);
#5266 = CARTESIAN_POINT('',(3.5,55.7));
#5267 = CARTESIAN_POINT('',(3.5,0.));
#5268 = ( GEOMETRIC_REPRESENTATION_CONTEXT(2) 
PARAMETRIC_REPRESENTATION_CONTEXT() REPRESENTATION_CONTEXT('2D SPACE',''
  ) );
#5269 = PCURVE('',#4328,#5270);
#5270 = DEFINITIONAL_REPRESENTATION('',(#5271),#5274);
#5271 = B_SPLINE_CURVE_WITH_KNOTS('',1,(#5272,#5273),.UNSPECIFIED.,.F.,
  .F.,(2,2),(-94.,-38.3),.PIECEWISE_BEZIER_KNOTS.);
#5272 = CARTESIAN_POINT('',(9.6,-132.3));
#5273 = CARTESIAN_POINT('',(9.6,-76.6));
#5274 = ( GEOMETRIC_REPRESENTATION_CONTEXT(2) 
PARAMETRIC_REPRESENTATION_CONTEXT() REPRESENTATION_CONTEXT('2D SPACE',''
  ) );
#5275 = ADVANCED_FACE('',(#5276),#126,.T.);
#5276 = FACE_BOUND('',#5277,.T.);
#5277 = EDGE_LOOP('',(#5278,#5279,#5298,#5299));
#5278 = ORIENTED_EDGE('',*,*,#5234,.T.);
#5279 = ORIENTED_EDGE('',*,*,#5280,.F.);
#5280 = EDGE_CURVE('',#4541,#5235,#5281,.T.);
#5281 = SURFACE_CURVE('',#5282,(#5286,#5292),.PCURVE_S1.);
#5282 = LINE('',#5283,#5284);
#5283 = CARTESIAN_POINT('',(-90.5,79.1,14.25));
#5284 = VECTOR('',#5285,1.);
#5285 = DIRECTION('',(0.,0.,1.));
#5286 = PCURVE('',#126,#5287);
#5287 = DEFINITIONAL_REPRESENTATION('',(#5288),#5291);
#5288 = B_SPLINE_CURVE_WITH_KNOTS('',1,(#5289,#5290),.UNSPECIFIED.,.F.,
  .F.,(2,2),(8.25,16.85),.PIECEWISE_BEZIER_KNOTS.);
#5289 = CARTESIAN_POINT('',(15.5,3.5));
#5290 = CARTESIAN_POINT('',(24.1,3.5));
#5291 = ( GEOMETRIC_REPRESENTATION_CONTEXT(2) 
PARAMETRIC_REPRESENTATION_CONTEXT() REPRESENTATION_CONTEXT('2D SPACE',''
  ) );
#5292 = PCURVE('',#4328,#5293);
#5293 = DEFINITIONAL_REPRESENTATION('',(#5294),#5297);
#5294 = B_SPLINE_CURVE_WITH_KNOTS('',1,(#5295,#5296),.UNSPECIFIED.,.F.,
  .F.,(2,2),(8.25,16.85),.PIECEWISE_BEZIER_KNOTS.);
#5295 = CARTESIAN_POINT('',(1.,-76.6));
#5296 = CARTESIAN_POINT('',(9.6,-76.6));
#5297 = ( GEOMETRIC_REPRESENTATION_CONTEXT(2) 
PARAMETRIC_REPRESENTATION_CONTEXT() REPRESENTATION_CONTEXT('2D SPACE',''
  ) );
#5298 = ORIENTED_EDGE('',*,*,#4562,.T.);
#5299 = ORIENTED_EDGE('',*,*,#111,.T.);
#5300 = ADVANCED_FACE('',(#5301),#72,.T.);
#5301 = FACE_BOUND('',#5302,.T.);
#5302 = EDGE_LOOP('',(#5303,#5304,#5305,#5326));
#5303 = ORIENTED_EDGE('',*,*,#56,.F.);
#5304 = ORIENTED_EDGE('',*,*,#4582,.T.);
#5305 = ORIENTED_EDGE('',*,*,#5306,.T.);
#5306 = EDGE_CURVE('',#4583,#348,#5307,.T.);
#5307 = SURFACE_CURVE('',#5308,(#5312,#5319),.PCURVE_S1.);
#5308 = LINE('',#5309,#5310);
#5309 = CARTESIAN_POINT('',(-90.,-4.440892098501E-16,0.));
#5310 = VECTOR('',#5311,1.);
#5311 = DIRECTION('',(0.,0.,1.));
#5312 = PCURVE('',#72,#5313);
#5313 = DEFINITIONAL_REPRESENTATION('',(#5314),#5318);
#5314 = LINE('',#5315,#5316);
#5315 = CARTESIAN_POINT('',(1.570796326795,0.));
#5316 = VECTOR('',#5317,1.);
#5317 = DIRECTION('',(0.,1.));
#5318 = ( GEOMETRIC_REPRESENTATION_CONTEXT(2) 
PARAMETRIC_REPRESENTATION_CONTEXT() REPRESENTATION_CONTEXT('2D SPACE',''
  ) );
#5319 = PCURVE('',#387,#5320);
#5320 = DEFINITIONAL_REPRESENTATION('',(#5321),#5325);
#5321 = LINE('',#5322,#5323);
#5322 = CARTESIAN_POINT('',(0.,3.));
#5323 = VECTOR('',#5324,1.);
#5324 = DIRECTION('',(1.,0.));
#5325 = ( GEOMETRIC_REPRESENTATION_CONTEXT(2) 
PARAMETRIC_REPRESENTATION_CONTEXT() REPRESENTATION_CONTEXT('2D SPACE',''
  ) );
#5326 = ORIENTED_EDGE('',*,*,#347,.F.);
#5327 = ADVANCED_FACE('',(#5328),#387,.F.);
#5328 = FACE_BOUND('',#5329,.F.);
#5329 = EDGE_LOOP('',(#5330,#5331,#5332,#5333));
#5330 = ORIENTED_EDGE('',*,*,#4606,.F.);
#5331 = ORIENTED_EDGE('',*,*,#5306,.T.);
#5332 = ORIENTED_EDGE('',*,*,#371,.T.);
#5333 = ORIENTED_EDGE('',*,*,#5334,.F.);
#5334 = EDGE_CURVE('',#4607,#372,#5335,.T.);
#5335 = SURFACE_CURVE('',#5336,(#5340,#5347),.PCURVE_S1.);
#5336 = LINE('',#5337,#5338);
#5337 = CARTESIAN_POINT('',(90.,-4.440892098501E-16,0.));
#5338 = VECTOR('',#5339,1.);
#5339 = DIRECTION('',(0.,0.,1.));
#5340 = PCURVE('',#387,#5341);
#5341 = DEFINITIONAL_REPRESENTATION('',(#5342),#5346);
#5342 = LINE('',#5343,#5344);
#5343 = CARTESIAN_POINT('',(0.,183.));
#5344 = VECTOR('',#5345,1.);
#5345 = DIRECTION('',(1.,0.));
#5346 = ( GEOMETRIC_REPRESENTATION_CONTEXT(2) 
PARAMETRIC_REPRESENTATION_CONTEXT() REPRESENTATION_CONTEXT('2D SPACE',''
  ) );
#5347 = PCURVE('',#420,#5348);
#5348 = DEFINITIONAL_REPRESENTATION('',(#5349),#5353);
#5349 = LINE('',#5350,#5351);
#5350 = CARTESIAN_POINT('',(-1.570796326795,0.));
#5351 = VECTOR('',#5352,1.);
#5352 = DIRECTION('',(-0.,1.));
#5353 = ( GEOMETRIC_REPRESENTATION_CONTEXT(2) 
PARAMETRIC_REPRESENTATION_CONTEXT() REPRESENTATION_CONTEXT('2D SPACE',''
  ) );
#5354 = ADVANCED_FACE('',(#5355),#560,.T.);
#5355 = FACE_BOUND('',#5356,.T.);
#5356 = EDGE_LOOP('',(#5357,#5380,#5408,#5429,#5430,#5431,#5432,#5433));
#5357 = ORIENTED_EDGE('',*,*,#5358,.F.);
#5358 = EDGE_CURVE('',#5359,#520,#5361,.T.);
#5359 = VERTEX_POINT('',#5360);
#5360 = CARTESIAN_POINT('',(-90.3,9.,24.));
#5361 = SURFACE_CURVE('',#5362,(#5366,#5373),.PCURVE_S1.);
#5362 = LINE('',#5363,#5364);
#5363 = CARTESIAN_POINT('',(-90.3,9.,24.));
#5364 = VECTOR('',#5365,1.);
#5365 = DIRECTION('',(0.,0.,1.));
#5366 = PCURVE('',#560,#5367);
#5367 = DEFINITIONAL_REPRESENTATION('',(#5368),#5372);
#5368 = LINE('',#5369,#5370);
#5369 = CARTESIAN_POINT('',(0.,0.));
#5370 = VECTOR('',#5371,1.);
#5371 = DIRECTION('',(1.,0.));
#5372 = ( GEOMETRIC_REPRESENTATION_CONTEXT(2) 
PARAMETRIC_REPRESENTATION_CONTEXT() REPRESENTATION_CONTEXT('2D SPACE',''
  ) );
#5373 = PCURVE('',#534,#5374);
#5374 = DEFINITIONAL_REPRESENTATION('',(#5375),#5379);
#5375 = LINE('',#5376,#5377);
#5376 = CARTESIAN_POINT('',(0.,0.));
#5377 = VECTOR('',#5378,1.);
#5378 = DIRECTION('',(1.,0.));
#5379 = ( GEOMETRIC_REPRESENTATION_CONTEXT(2) 
PARAMETRIC_REPRESENTATION_CONTEXT() REPRESENTATION_CONTEXT('2D SPACE',''
  ) );
#5380 = ORIENTED_EDGE('',*,*,#5381,.T.);
#5381 = EDGE_CURVE('',#5359,#5382,#5384,.T.);
#5382 = VERTEX_POINT('',#5383);
#5383 = CARTESIAN_POINT('',(-90.3,75.1,24.));
#5384 = SURFACE_CURVE('',#5385,(#5389,#5396),.PCURVE_S1.);
#5385 = LINE('',#5386,#5387);
#5386 = CARTESIAN_POINT('',(-90.3,9.,24.));
#5387 = VECTOR('',#5388,1.);
#5388 = DIRECTION('',(0.,1.,0.));
#5389 = PCURVE('',#560,#5390);
#5390 = DEFINITIONAL_REPRESENTATION('',(#5391),#5395);
#5391 = LINE('',#5392,#5393);
#5392 = CARTESIAN_POINT('',(0.,0.));
#5393 = VECTOR('',#5394,1.);
#5394 = DIRECTION('',(0.,-1.));
#5395 = ( GEOMETRIC_REPRESENTATION_CONTEXT(2) 
PARAMETRIC_REPRESENTATION_CONTEXT() REPRESENTATION_CONTEXT('2D SPACE',''
  ) );
#5396 = PCURVE('',#5397,#5402);
#5397 = PLANE('',#5398);
#5398 = AXIS2_PLACEMENT_3D('',#5399,#5400,#5401);
#5399 = CARTESIAN_POINT('',(-90.3,9.,24.));
#5400 = DIRECTION('',(0.,0.,1.));
#5401 = DIRECTION('',(1.,0.,0.));
#5402 = DEFINITIONAL_REPRESENTATION('',(#5403),#5407);
#5403 = LINE('',#5404,#5405);
#5404 = CARTESIAN_POINT('',(0.,0.));
#5405 = VECTOR('',#5406,1.);
#5406 = DIRECTION('',(0.,1.));
#5407 = ( GEOMETRIC_REPRESENTATION_CONTEXT(2) 
PARAMETRIC_REPRESENTATION_CONTEXT() REPRESENTATION_CONTEXT('2D SPACE',''
  ) );
#5408 = ORIENTED_EDGE('',*,*,#5409,.T.);
#5409 = EDGE_CURVE('',#5382,#962,#5410,.T.);
#5410 = SURFACE_CURVE('',#5411,(#5415,#5422),.PCURVE_S1.);
#5411 = LINE('',#5412,#5413);
#5412 = CARTESIAN_POINT('',(-90.3,75.1,24.));
#5413 = VECTOR('',#5414,1.);
#5414 = DIRECTION('',(0.,0.,1.));
#5415 = PCURVE('',#560,#5416);
#5416 = DEFINITIONAL_REPRESENTATION('',(#5417),#5421);
#5417 = LINE('',#5418,#5419);
#5418 = CARTESIAN_POINT('',(0.,-66.1));
#5419 = VECTOR('',#5420,1.);
#5420 = DIRECTION('',(1.,0.));
#5421 = ( GEOMETRIC_REPRESENTATION_CONTEXT(2) 
PARAMETRIC_REPRESENTATION_CONTEXT() REPRESENTATION_CONTEXT('2D SPACE',''
  ) );
#5422 = PCURVE('',#999,#5423);
#5423 = DEFINITIONAL_REPRESENTATION('',(#5424),#5428);
#5424 = LINE('',#5425,#5426);
#5425 = CARTESIAN_POINT('',(0.,0.));
#5426 = VECTOR('',#5427,1.);
#5427 = DIRECTION('',(1.,0.));
#5428 = ( GEOMETRIC_REPRESENTATION_CONTEXT(2) 
PARAMETRIC_REPRESENTATION_CONTEXT() REPRESENTATION_CONTEXT('2D SPACE',''
  ) );
#5429 = ORIENTED_EDGE('',*,*,#961,.F.);
#5430 = ORIENTED_EDGE('',*,*,#767,.T.);
#5431 = ORIENTED_EDGE('',*,*,#718,.T.);
#5432 = ORIENTED_EDGE('',*,*,#670,.F.);
#5433 = ORIENTED_EDGE('',*,*,#545,.F.);
#5434 = ADVANCED_FACE('',(#5435),#420,.T.);
#5435 = FACE_BOUND('',#5436,.F.);
#5436 = EDGE_LOOP('',(#5437,#5458,#5459,#5460));
#5437 = ORIENTED_EDGE('',*,*,#5438,.F.);
#5438 = EDGE_CURVE('',#4629,#400,#5439,.T.);
#5439 = SURFACE_CURVE('',#5440,(#5444,#5451),.PCURVE_S1.);
#5440 = LINE('',#5441,#5442);
#5441 = CARTESIAN_POINT('',(93.,3.,0.));
#5442 = VECTOR('',#5443,1.);
#5443 = DIRECTION('',(0.,0.,1.));
#5444 = PCURVE('',#420,#5445);
#5445 = DEFINITIONAL_REPRESENTATION('',(#5446),#5450);
#5446 = LINE('',#5447,#5448);
#5447 = CARTESIAN_POINT('',(-0.,0.));
#5448 = VECTOR('',#5449,1.);
#5449 = DIRECTION('',(-0.,1.));
#5450 = ( GEOMETRIC_REPRESENTATION_CONTEXT(2) 
PARAMETRIC_REPRESENTATION_CONTEXT() REPRESENTATION_CONTEXT('2D SPACE',''
  ) );
#5451 = PCURVE('',#448,#5452);
#5452 = DEFINITIONAL_REPRESENTATION('',(#5453),#5457);
#5453 = LINE('',#5454,#5455);
#5454 = CARTESIAN_POINT('',(0.,-3.));
#5455 = VECTOR('',#5456,1.);
#5456 = DIRECTION('',(1.,0.));
#5457 = ( GEOMETRIC_REPRESENTATION_CONTEXT(2) 
PARAMETRIC_REPRESENTATION_CONTEXT() REPRESENTATION_CONTEXT('2D SPACE',''
  ) );
#5458 = ORIENTED_EDGE('',*,*,#4628,.F.);
#5459 = ORIENTED_EDGE('',*,*,#5334,.T.);
#5460 = ORIENTED_EDGE('',*,*,#399,.F.);
#5461 = ADVANCED_FACE('',(#5462),#534,.T.);
#5462 = FACE_BOUND('',#5463,.T.);
#5463 = EDGE_LOOP('',(#5464,#5487,#5508,#5509));
#5464 = ORIENTED_EDGE('',*,*,#5465,.F.);
#5465 = EDGE_CURVE('',#5466,#494,#5468,.T.);
#5466 = VERTEX_POINT('',#5467);
#5467 = CARTESIAN_POINT('',(90.3,9.,24.));
#5468 = SURFACE_CURVE('',#5469,(#5473,#5480),.PCURVE_S1.);
#5469 = LINE('',#5470,#5471);
#5470 = CARTESIAN_POINT('',(90.3,9.,24.));
#5471 = VECTOR('',#5472,1.);
#5472 = DIRECTION('',(0.,0.,1.));
#5473 = PCURVE('',#534,#5474);
#5474 = DEFINITIONAL_REPRESENTATION('',(#5475),#5479);
#5475 = LINE('',#5476,#5477);
#5476 = CARTESIAN_POINT('',(0.,180.6));
#5477 = VECTOR('',#5478,1.);
#5478 = DIRECTION('',(1.,0.));
#5479 = ( GEOMETRIC_REPRESENTATION_CONTEXT(2) 
PARAMETRIC_REPRESENTATION_CONTEXT() REPRESENTATION_CONTEXT('2D SPACE',''
  ) );
#5480 = PCURVE('',#508,#5481);
#5481 = DEFINITIONAL_REPRESENTATION('',(#5482),#5486);
#5482 = LINE('',#5483,#5484);
#5483 = CARTESIAN_POINT('',(0.,0.));
#5484 = VECTOR('',#5485,1.);
#5485 = DIRECTION('',(1.,0.));
#5486 = ( GEOMETRIC_REPRESENTATION_CONTEXT(2) 
PARAMETRIC_REPRESENTATION_CONTEXT() REPRESENTATION_CONTEXT('2D SPACE',''
  ) );
#5487 = ORIENTED_EDGE('',*,*,#5488,.F.);
#5488 = EDGE_CURVE('',#5359,#5466,#5489,.T.);
#5489 = SURFACE_CURVE('',#5490,(#5494,#5501),.PCURVE_S1.);
#5490 = LINE('',#5491,#5492);
#5491 = CARTESIAN_POINT('',(-90.3,9.,24.));
#5492 = VECTOR('',#5493,1.);
#5493 = DIRECTION('',(1.,0.,0.));
#5494 = PCURVE('',#534,#5495);
#5495 = DEFINITIONAL_REPRESENTATION('',(#5496),#5500);
#5496 = LINE('',#5497,#5498);
#5497 = CARTESIAN_POINT('',(0.,0.));
#5498 = VECTOR('',#5499,1.);
#5499 = DIRECTION('',(0.,1.));
#5500 = ( GEOMETRIC_REPRESENTATION_CONTEXT(2) 
PARAMETRIC_REPRESENTATION_CONTEXT() REPRESENTATION_CONTEXT('2D SPACE',''
  ) );
#5501 = PCURVE('',#5397,#5502);
#5502 = DEFINITIONAL_REPRESENTATION('',(#5503),#5507);
#5503 = LINE('',#5504,#5505);
#5504 = CARTESIAN_POINT('',(0.,0.));
#5505 = VECTOR('',#5506,1.);
#5506 = DIRECTION('',(1.,0.));
#5507 = ( GEOMETRIC_REPRESENTATION_CONTEXT(2) 
PARAMETRIC_REPRESENTATION_CONTEXT() REPRESENTATION_CONTEXT('2D SPACE',''
  ) );
#5508 = ORIENTED_EDGE('',*,*,#5358,.T.);
#5509 = ORIENTED_EDGE('',*,*,#519,.F.);
#5510 = ADVANCED_FACE('',(#5511),#448,.T.);
#5511 = FACE_BOUND('',#5512,.T.);
#5512 = EDGE_LOOP('',(#5513,#5514,#5515,#5516,#5537,#5538,#5559,#5585));
#5513 = ORIENTED_EDGE('',*,*,#432,.F.);
#5514 = ORIENTED_EDGE('',*,*,#5438,.F.);
#5515 = ORIENTED_EDGE('',*,*,#4652,.F.);
#5516 = ORIENTED_EDGE('',*,*,#5517,.T.);
#5517 = EDGE_CURVE('',#4653,#854,#5518,.T.);
#5518 = SURFACE_CURVE('',#5519,(#5523,#5530),.PCURVE_S1.);
#5519 = LINE('',#5520,#5521);
#5520 = CARTESIAN_POINT('',(93.,151.,0.));
#5521 = VECTOR('',#5522,1.);
#5522 = DIRECTION('',(0.,0.,1.));
#5523 = PCURVE('',#448,#5524);
#5524 = DEFINITIONAL_REPRESENTATION('',(#5525),#5529);
#5525 = LINE('',#5526,#5527);
#5526 = CARTESIAN_POINT('',(0.,-151.));
#5527 = VECTOR('',#5528,1.);
#5528 = DIRECTION('',(1.,0.));
#5529 = ( GEOMETRIC_REPRESENTATION_CONTEXT(2) 
PARAMETRIC_REPRESENTATION_CONTEXT() REPRESENTATION_CONTEXT('2D SPACE',''
  ) );
#5530 = PCURVE('',#893,#5531);
#5531 = DEFINITIONAL_REPRESENTATION('',(#5532),#5536);
#5532 = LINE('',#5533,#5534);
#5533 = CARTESIAN_POINT('',(0.,0.));
#5534 = VECTOR('',#5535,1.);
#5535 = DIRECTION('',(0.,1.));
#5536 = ( GEOMETRIC_REPRESENTATION_CONTEXT(2) 
PARAMETRIC_REPRESENTATION_CONTEXT() REPRESENTATION_CONTEXT('2D SPACE',''
  ) );
#5537 = ORIENTED_EDGE('',*,*,#853,.F.);
#5538 = ORIENTED_EDGE('',*,*,#5539,.T.);
#5539 = EDGE_CURVE('',#821,#5540,#5542,.T.);
#5540 = VERTEX_POINT('',#5541);
#5541 = CARTESIAN_POINT('',(93.,50.635452812753,28.));
#5542 = SURFACE_CURVE('',#5543,(#5547,#5553),.PCURVE_S1.);
#5543 = LINE('',#5544,#5545);
#5544 = CARTESIAN_POINT('',(93.,50.635452812753,28.));
#5545 = VECTOR('',#5546,1.);
#5546 = DIRECTION('',(-0.,-0.,-1.));
#5547 = PCURVE('',#448,#5548);
#5548 = DEFINITIONAL_REPRESENTATION('',(#5549),#5552);
#5549 = B_SPLINE_CURVE_WITH_KNOTS('',1,(#5550,#5551),.UNSPECIFIED.,.F.,
  .F.,(2,2),(-11.2000006,5.999999999062E-07),.PIECEWISE_BEZIER_KNOTS.);
#5550 = CARTESIAN_POINT('',(39.2000006,-50.63545281275));
#5551 = CARTESIAN_POINT('',(27.9999994,-50.63545281275));
#5552 = ( GEOMETRIC_REPRESENTATION_CONTEXT(2) 
PARAMETRIC_REPRESENTATION_CONTEXT() REPRESENTATION_CONTEXT('2D SPACE',''
  ) );
#5553 = PCURVE('',#841,#5554);
#5554 = DEFINITIONAL_REPRESENTATION('',(#5555),#5558);
#5555 = B_SPLINE_CURVE_WITH_KNOTS('',1,(#5556,#5557),.UNSPECIFIED.,.F.,
  .F.,(2,2),(-11.2000006,5.999999999062E-07),.PIECEWISE_BEZIER_KNOTS.);
#5556 = CARTESIAN_POINT('',(-1.266103672779,-11.2000006));
#5557 = CARTESIAN_POINT('',(-1.266103672779,5.999999999062E-07));
#5558 = ( GEOMETRIC_REPRESENTATION_CONTEXT(2) 
PARAMETRIC_REPRESENTATION_CONTEXT() REPRESENTATION_CONTEXT('2D SPACE',''
  ) );
#5559 = ORIENTED_EDGE('',*,*,#5560,.T.);
#5560 = EDGE_CURVE('',#5540,#5561,#5563,.T.);
#5561 = VERTEX_POINT('',#5562);
#5562 = CARTESIAN_POINT('',(93.,33.464547187247,28.));
#5563 = SURFACE_CURVE('',#5564,(#5568,#5574),.PCURVE_S1.);
#5564 = LINE('',#5565,#5566);
#5565 = CARTESIAN_POINT('',(93.,21.025,28.));
#5566 = VECTOR('',#5567,1.);
#5567 = DIRECTION('',(0.,-1.,0.));
#5568 = PCURVE('',#448,#5569);
#5569 = DEFINITIONAL_REPRESENTATION('',(#5570),#5573);
#5570 = B_SPLINE_CURVE_WITH_KNOTS('',1,(#5571,#5572),.UNSPECIFIED.,.F.,
  .F.,(2,2),(-30.025,-12.025),.PIECEWISE_BEZIER_KNOTS.);
#5571 = CARTESIAN_POINT('',(28.,-51.05));
#5572 = CARTESIAN_POINT('',(28.,-33.05));
#5573 = ( GEOMETRIC_REPRESENTATION_CONTEXT(2) 
PARAMETRIC_REPRESENTATION_CONTEXT() REPRESENTATION_CONTEXT('2D SPACE',''
  ) );
#5574 = PCURVE('',#5575,#5580);
#5575 = PLANE('',#5576);
#5576 = AXIS2_PLACEMENT_3D('',#5577,#5578,#5579);
#5577 = CARTESIAN_POINT('',(90.3,42.05,28.));
#5578 = DIRECTION('',(0.,0.,1.));
#5579 = DIRECTION('',(1.,0.,-0.));
#5580 = DEFINITIONAL_REPRESENTATION('',(#5581),#5584);
#5581 = B_SPLINE_CURVE_WITH_KNOTS('',1,(#5582,#5583),.UNSPECIFIED.,.F.,
  .F.,(2,2),(-30.025,-12.025),.PIECEWISE_BEZIER_KNOTS.);
#5582 = CARTESIAN_POINT('',(2.7,9.));
#5583 = CARTESIAN_POINT('',(2.7,-9.));
#5584 = ( GEOMETRIC_REPRESENTATION_CONTEXT(2) 
PARAMETRIC_REPRESENTATION_CONTEXT() REPRESENTATION_CONTEXT('2D SPACE',''
  ) );
#5585 = ORIENTED_EDGE('',*,*,#5586,.F.);
#5586 = EDGE_CURVE('',#433,#5561,#5587,.T.);
#5587 = SURFACE_CURVE('',#5588,(#5592,#5598),.PCURVE_S1.);
#5588 = LINE('',#5589,#5590);
#5589 = CARTESIAN_POINT('',(93.,33.464547187247,28.));
#5590 = VECTOR('',#5591,1.);
#5591 = DIRECTION('',(-0.,-0.,-1.));
#5592 = PCURVE('',#448,#5593);
#5593 = DEFINITIONAL_REPRESENTATION('',(#5594),#5597);
#5594 = B_SPLINE_CURVE_WITH_KNOTS('',1,(#5595,#5596),.UNSPECIFIED.,.F.,
  .F.,(2,2),(-11.2000006,5.999999999062E-07),.PIECEWISE_BEZIER_KNOTS.);
#5595 = CARTESIAN_POINT('',(39.2000006,-33.46454718724));
#5596 = CARTESIAN_POINT('',(27.9999994,-33.46454718724));
#5597 = ( GEOMETRIC_REPRESENTATION_CONTEXT(2) 
PARAMETRIC_REPRESENTATION_CONTEXT() REPRESENTATION_CONTEXT('2D SPACE',''
  ) );
#5598 = PCURVE('',#481,#5599);
#5599 = DEFINITIONAL_REPRESENTATION('',(#5600),#5603);
#5600 = B_SPLINE_CURVE_WITH_KNOTS('',1,(#5601,#5602),.UNSPECIFIED.,.F.,
  .F.,(2,2),(-11.2000006,5.999999999062E-07),.PIECEWISE_BEZIER_KNOTS.);
#5601 = CARTESIAN_POINT('',(-5.0170816344,-11.2000006));
#5602 = CARTESIAN_POINT('',(-5.0170816344,5.999999999062E-07));
#5603 = ( GEOMETRIC_REPRESENTATION_CONTEXT(2) 
PARAMETRIC_REPRESENTATION_CONTEXT() REPRESENTATION_CONTEXT('2D SPACE',''
  ) );
#5604 = ADVANCED_FACE('',(#5605),#508,.F.);
#5605 = FACE_BOUND('',#5606,.F.);
#5606 = EDGE_LOOP('',(#5607,#5608,#5631,#5652,#5653,#5674,#5695,#5714));
#5607 = ORIENTED_EDGE('',*,*,#5465,.F.);
#5608 = ORIENTED_EDGE('',*,*,#5609,.T.);
#5609 = EDGE_CURVE('',#5466,#5610,#5612,.T.);
#5610 = VERTEX_POINT('',#5611);
#5611 = CARTESIAN_POINT('',(90.3,75.1,24.));
#5612 = SURFACE_CURVE('',#5613,(#5617,#5624),.PCURVE_S1.);
#5613 = LINE('',#5614,#5615);
#5614 = CARTESIAN_POINT('',(90.3,9.,24.));
#5615 = VECTOR('',#5616,1.);
#5616 = DIRECTION('',(0.,1.,0.));
#5617 = PCURVE('',#508,#5618);
#5618 = DEFINITIONAL_REPRESENTATION('',(#5619),#5623);
#5619 = LINE('',#5620,#5621);
#5620 = CARTESIAN_POINT('',(0.,0.));
#5621 = VECTOR('',#5622,1.);
#5622 = DIRECTION('',(0.,-1.));
#5623 = ( GEOMETRIC_REPRESENTATION_CONTEXT(2) 
PARAMETRIC_REPRESENTATION_CONTEXT() REPRESENTATION_CONTEXT('2D SPACE',''
  ) );
#5624 = PCURVE('',#5397,#5625);
#5625 = DEFINITIONAL_REPRESENTATION('',(#5626),#5630);
#5626 = LINE('',#5627,#5628);
#5627 = CARTESIAN_POINT('',(180.6,0.));
#5628 = VECTOR('',#5629,1.);
#5629 = DIRECTION('',(0.,1.));
#5630 = ( GEOMETRIC_REPRESENTATION_CONTEXT(2) 
PARAMETRIC_REPRESENTATION_CONTEXT() REPRESENTATION_CONTEXT('2D SPACE',''
  ) );
#5631 = ORIENTED_EDGE('',*,*,#5632,.T.);
#5632 = EDGE_CURVE('',#5610,#984,#5633,.T.);
#5633 = SURFACE_CURVE('',#5634,(#5638,#5645),.PCURVE_S1.);
#5634 = LINE('',#5635,#5636);
#5635 = CARTESIAN_POINT('',(90.3,75.1,24.));
#5636 = VECTOR('',#5637,1.);
#5637 = DIRECTION('',(0.,0.,1.));
#5638 = PCURVE('',#508,#5639);
#5639 = DEFINITIONAL_REPRESENTATION('',(#5640),#5644);
#5640 = LINE('',#5641,#5642);
#5641 = CARTESIAN_POINT('',(0.,-66.1));
#5642 = VECTOR('',#5643,1.);
#5643 = DIRECTION('',(1.,0.));
#5644 = ( GEOMETRIC_REPRESENTATION_CONTEXT(2) 
PARAMETRIC_REPRESENTATION_CONTEXT() REPRESENTATION_CONTEXT('2D SPACE',''
  ) );
#5645 = PCURVE('',#999,#5646);
#5646 = DEFINITIONAL_REPRESENTATION('',(#5647),#5651);
#5647 = LINE('',#5648,#5649);
#5648 = CARTESIAN_POINT('',(0.,180.6));
#5649 = VECTOR('',#5650,1.);
#5650 = DIRECTION('',(1.,0.));
#5651 = ( GEOMETRIC_REPRESENTATION_CONTEXT(2) 
PARAMETRIC_REPRESENTATION_CONTEXT() REPRESENTATION_CONTEXT('2D SPACE',''
  ) );
#5652 = ORIENTED_EDGE('',*,*,#1010,.F.);
#5653 = ORIENTED_EDGE('',*,*,#5654,.T.);
#5654 = EDGE_CURVE('',#819,#5655,#5657,.T.);
#5655 = VERTEX_POINT('',#5656);
#5656 = CARTESIAN_POINT('',(90.3,51.05,28.));
#5657 = SURFACE_CURVE('',#5658,(#5662,#5668),.PCURVE_S1.);
#5658 = LINE('',#5659,#5660);
#5659 = CARTESIAN_POINT('',(90.3,51.05,28.));
#5660 = VECTOR('',#5661,1.);
#5661 = DIRECTION('',(-0.,-0.,-1.));
#5662 = PCURVE('',#508,#5663);
#5663 = DEFINITIONAL_REPRESENTATION('',(#5664),#5667);
#5664 = B_SPLINE_CURVE_WITH_KNOTS('',1,(#5665,#5666),.UNSPECIFIED.,.F.,
  .F.,(2,2),(-11.2000006,5.999999999062E-07),.PIECEWISE_BEZIER_KNOTS.);
#5665 = CARTESIAN_POINT('',(15.2000006,-42.05));
#5666 = CARTESIAN_POINT('',(3.9999994,-42.05));
#5667 = ( GEOMETRIC_REPRESENTATION_CONTEXT(2) 
PARAMETRIC_REPRESENTATION_CONTEXT() REPRESENTATION_CONTEXT('2D SPACE',''
  ) );
#5668 = PCURVE('',#841,#5669);
#5669 = DEFINITIONAL_REPRESENTATION('',(#5670),#5673);
#5670 = B_SPLINE_CURVE_WITH_KNOTS('',1,(#5671,#5672),.UNSPECIFIED.,.F.,
  .F.,(2,2),(-11.2000006,5.999999999062E-07),.PIECEWISE_BEZIER_KNOTS.);
#5671 = CARTESIAN_POINT('',(-1.570796326795,-11.2000006));
#5672 = CARTESIAN_POINT('',(-1.570796326795,5.999999999062E-07));
#5673 = ( GEOMETRIC_REPRESENTATION_CONTEXT(2) 
PARAMETRIC_REPRESENTATION_CONTEXT() REPRESENTATION_CONTEXT('2D SPACE',''
  ) );
#5674 = ORIENTED_EDGE('',*,*,#5675,.T.);
#5675 = EDGE_CURVE('',#5655,#5676,#5678,.T.);
#5676 = VERTEX_POINT('',#5677);
#5677 = CARTESIAN_POINT('',(90.3,33.05,28.));
#5678 = SURFACE_CURVE('',#5679,(#5683,#5689),.PCURVE_S1.);
#5679 = LINE('',#5680,#5681);
#5680 = CARTESIAN_POINT('',(90.3,25.525,28.));
#5681 = VECTOR('',#5682,1.);
#5682 = DIRECTION('',(0.,-1.,0.));
#5683 = PCURVE('',#508,#5684);
#5684 = DEFINITIONAL_REPRESENTATION('',(#5685),#5688);
#5685 = B_SPLINE_CURVE_WITH_KNOTS('',1,(#5686,#5687),.UNSPECIFIED.,.F.,
  .F.,(2,2),(-25.525,-7.525),.PIECEWISE_BEZIER_KNOTS.);
#5686 = CARTESIAN_POINT('',(4.,-42.05));
#5687 = CARTESIAN_POINT('',(4.,-24.05));
#5688 = ( GEOMETRIC_REPRESENTATION_CONTEXT(2) 
PARAMETRIC_REPRESENTATION_CONTEXT() REPRESENTATION_CONTEXT('2D SPACE',''
  ) );
#5689 = PCURVE('',#5575,#5690);
#5690 = DEFINITIONAL_REPRESENTATION('',(#5691),#5694);
#5691 = B_SPLINE_CURVE_WITH_KNOTS('',1,(#5692,#5693),.UNSPECIFIED.,.F.,
  .F.,(2,2),(-25.525,-7.525),.PIECEWISE_BEZIER_KNOTS.);
#5692 = CARTESIAN_POINT('',(0.,9.));
#5693 = CARTESIAN_POINT('',(0.,-9.));
#5694 = ( GEOMETRIC_REPRESENTATION_CONTEXT(2) 
PARAMETRIC_REPRESENTATION_CONTEXT() REPRESENTATION_CONTEXT('2D SPACE',''
  ) );
#5695 = ORIENTED_EDGE('',*,*,#5696,.F.);
#5696 = EDGE_CURVE('',#461,#5676,#5697,.T.);
#5697 = SURFACE_CURVE('',#5698,(#5702,#5708),.PCURVE_S1.);
#5698 = LINE('',#5699,#5700);
#5699 = CARTESIAN_POINT('',(90.3,33.05,28.));
#5700 = VECTOR('',#5701,1.);
#5701 = DIRECTION('',(-0.,-0.,-1.));
#5702 = PCURVE('',#508,#5703);
#5703 = DEFINITIONAL_REPRESENTATION('',(#5704),#5707);
#5704 = B_SPLINE_CURVE_WITH_KNOTS('',1,(#5705,#5706),.UNSPECIFIED.,.F.,
  .F.,(2,2),(-11.2000006,5.999999999062E-07),.PIECEWISE_BEZIER_KNOTS.);
#5705 = CARTESIAN_POINT('',(15.2000006,-24.05));
#5706 = CARTESIAN_POINT('',(3.9999994,-24.05));
#5707 = ( GEOMETRIC_REPRESENTATION_CONTEXT(2) 
PARAMETRIC_REPRESENTATION_CONTEXT() REPRESENTATION_CONTEXT('2D SPACE',''
  ) );
#5708 = PCURVE('',#481,#5709);
#5709 = DEFINITIONAL_REPRESENTATION('',(#5710),#5713);
#5710 = B_SPLINE_CURVE_WITH_KNOTS('',1,(#5711,#5712),.UNSPECIFIED.,.F.,
  .F.,(2,2),(-11.2000006,5.999999999062E-07),.PIECEWISE_BEZIER_KNOTS.);
#5711 = CARTESIAN_POINT('',(-4.712388980385,-11.2000006));
#5712 = CARTESIAN_POINT('',(-4.712388980385,5.999999999062E-07));
#5713 = ( GEOMETRIC_REPRESENTATION_CONTEXT(2) 
PARAMETRIC_REPRESENTATION_CONTEXT() REPRESENTATION_CONTEXT('2D SPACE',''
  ) );
#5714 = ORIENTED_EDGE('',*,*,#493,.F.);
#5715 = ADVANCED_FACE('',(#5716),#481,.F.);
#5716 = FACE_BOUND('',#5717,.T.);
#5717 = EDGE_LOOP('',(#5718,#5719,#5741,#5742));
#5718 = ORIENTED_EDGE('',*,*,#5586,.T.);
#5719 = ORIENTED_EDGE('',*,*,#5720,.F.);
#5720 = EDGE_CURVE('',#5676,#5561,#5721,.T.);
#5721 = SURFACE_CURVE('',#5722,(#5727,#5734),.PCURVE_S1.);
#5722 = CIRCLE('',#5723,9.);
#5723 = AXIS2_PLACEMENT_3D('',#5724,#5725,#5726);
#5724 = CARTESIAN_POINT('',(90.3,42.05,28.));
#5725 = DIRECTION('',(0.,0.,1.));
#5726 = DIRECTION('',(1.,0.,0.));
#5727 = PCURVE('',#481,#5728);
#5728 = DEFINITIONAL_REPRESENTATION('',(#5729),#5733);
#5729 = LINE('',#5730,#5731);
#5730 = CARTESIAN_POINT('',(-0.,0.));
#5731 = VECTOR('',#5732,1.);
#5732 = DIRECTION('',(-1.,0.));
#5733 = ( GEOMETRIC_REPRESENTATION_CONTEXT(2) 
PARAMETRIC_REPRESENTATION_CONTEXT() REPRESENTATION_CONTEXT('2D SPACE',''
  ) );
#5734 = PCURVE('',#5575,#5735);
#5735 = DEFINITIONAL_REPRESENTATION('',(#5736),#5740);
#5736 = CIRCLE('',#5737,9.);
#5737 = AXIS2_PLACEMENT_2D('',#5738,#5739);
#5738 = CARTESIAN_POINT('',(0.,0.));
#5739 = DIRECTION('',(1.,0.));
#5740 = ( GEOMETRIC_REPRESENTATION_CONTEXT(2) 
PARAMETRIC_REPRESENTATION_CONTEXT() REPRESENTATION_CONTEXT('2D SPACE',''
  ) );
#5741 = ORIENTED_EDGE('',*,*,#5696,.F.);
#5742 = ORIENTED_EDGE('',*,*,#460,.F.);
#5743 = ADVANCED_FACE('',(#5744),#620,.F.);
#5744 = FACE_BOUND('',#5745,.T.);
#5745 = EDGE_LOOP('',(#5746,#5775,#5796,#5797));
#5746 = ORIENTED_EDGE('',*,*,#5747,.F.);
#5747 = EDGE_CURVE('',#5748,#5748,#5750,.T.);
#5748 = VERTEX_POINT('',#5749);
#5749 = CARTESIAN_POINT('',(-27.4,4.5,36.));
#5750 = SURFACE_CURVE('',#5751,(#5756,#5763),.PCURVE_S1.);
#5751 = CIRCLE('',#5752,2.6);
#5752 = AXIS2_PLACEMENT_3D('',#5753,#5754,#5755);
#5753 = CARTESIAN_POINT('',(-30.,4.5,36.));
#5754 = DIRECTION('',(0.,0.,1.));
#5755 = DIRECTION('',(1.,0.,0.));
#5756 = PCURVE('',#620,#5757);
#5757 = DEFINITIONAL_REPRESENTATION('',(#5758),#5762);
#5758 = LINE('',#5759,#5760);
#5759 = CARTESIAN_POINT('',(-0.,0.));
#5760 = VECTOR('',#5761,1.);
#5761 = DIRECTION('',(-1.,0.));
#5762 = ( GEOMETRIC_REPRESENTATION_CONTEXT(2) 
PARAMETRIC_REPRESENTATION_CONTEXT() REPRESENTATION_CONTEXT('2D SPACE',''
  ) );
#5763 = PCURVE('',#5764,#5769);
#5764 = PLANE('',#5765);
#5765 = AXIS2_PLACEMENT_3D('',#5766,#5767,#5768);
#5766 = CARTESIAN_POINT('',(-30.,4.5,36.));
#5767 = DIRECTION('',(0.,0.,1.));
#5768 = DIRECTION('',(1.,0.,-0.));
#5769 = DEFINITIONAL_REPRESENTATION('',(#5770),#5774);
#5770 = CIRCLE('',#5771,2.6);
#5771 = AXIS2_PLACEMENT_2D('',#5772,#5773);
#5772 = CARTESIAN_POINT('',(0.,0.));
#5773 = DIRECTION('',(1.,0.));
#5774 = ( GEOMETRIC_REPRESENTATION_CONTEXT(2) 
PARAMETRIC_REPRESENTATION_CONTEXT() REPRESENTATION_CONTEXT('2D SPACE',''
  ) );
#5775 = ORIENTED_EDGE('',*,*,#5776,.T.);
#5776 = EDGE_CURVE('',#5748,#600,#5777,.T.);
#5777 = SEAM_CURVE('',#5778,(#5782,#5789),.PCURVE_S1.);
#5778 = LINE('',#5779,#5780);
#5779 = CARTESIAN_POINT('',(-27.4,4.5,36.));
#5780 = VECTOR('',#5781,1.);
#5781 = DIRECTION('',(0.,0.,1.));
#5782 = PCURVE('',#620,#5783);
#5783 = DEFINITIONAL_REPRESENTATION('',(#5784),#5788);
#5784 = LINE('',#5785,#5786);
#5785 = CARTESIAN_POINT('',(-6.28318530718,0.));
#5786 = VECTOR('',#5787,1.);
#5787 = DIRECTION('',(-0.,-1.));
#5788 = ( GEOMETRIC_REPRESENTATION_CONTEXT(2) 
PARAMETRIC_REPRESENTATION_CONTEXT() REPRESENTATION_CONTEXT('2D SPACE',''
  ) );
#5789 = PCURVE('',#620,#5790);
#5790 = DEFINITIONAL_REPRESENTATION('',(#5791),#5795);
#5791 = LINE('',#5792,#5793);
#5792 = CARTESIAN_POINT('',(-0.,0.));
#5793 = VECTOR('',#5794,1.);
#5794 = DIRECTION('',(-0.,-1.));
#5795 = ( GEOMETRIC_REPRESENTATION_CONTEXT(2) 
PARAMETRIC_REPRESENTATION_CONTEXT() REPRESENTATION_CONTEXT('2D SPACE',''
  ) );
#5796 = ORIENTED_EDGE('',*,*,#599,.F.);
#5797 = ORIENTED_EDGE('',*,*,#5776,.F.);
#5798 = ADVANCED_FACE('',(#5799),#655,.F.);
#5799 = FACE_BOUND('',#5800,.T.);
#5800 = EDGE_LOOP('',(#5801,#5830,#5851,#5852));
#5801 = ORIENTED_EDGE('',*,*,#5802,.F.);
#5802 = EDGE_CURVE('',#5803,#5803,#5805,.T.);
#5803 = VERTEX_POINT('',#5804);
#5804 = CARTESIAN_POINT('',(32.6,4.5,36.));
#5805 = SURFACE_CURVE('',#5806,(#5811,#5818),.PCURVE_S1.);
#5806 = CIRCLE('',#5807,2.6);
#5807 = AXIS2_PLACEMENT_3D('',#5808,#5809,#5810);
#5808 = CARTESIAN_POINT('',(30.,4.5,36.));
#5809 = DIRECTION('',(0.,0.,1.));
#5810 = DIRECTION('',(1.,0.,0.));
#5811 = PCURVE('',#655,#5812);
#5812 = DEFINITIONAL_REPRESENTATION('',(#5813),#5817);
#5813 = LINE('',#5814,#5815);
#5814 = CARTESIAN_POINT('',(-0.,0.));
#5815 = VECTOR('',#5816,1.);
#5816 = DIRECTION('',(-1.,0.));
#5817 = ( GEOMETRIC_REPRESENTATION_CONTEXT(2) 
PARAMETRIC_REPRESENTATION_CONTEXT() REPRESENTATION_CONTEXT('2D SPACE',''
  ) );
#5818 = PCURVE('',#5819,#5824);
#5819 = PLANE('',#5820);
#5820 = AXIS2_PLACEMENT_3D('',#5821,#5822,#5823);
#5821 = CARTESIAN_POINT('',(30.,4.5,36.));
#5822 = DIRECTION('',(0.,0.,1.));
#5823 = DIRECTION('',(1.,0.,-0.));
#5824 = DEFINITIONAL_REPRESENTATION('',(#5825),#5829);
#5825 = CIRCLE('',#5826,2.6);
#5826 = AXIS2_PLACEMENT_2D('',#5827,#5828);
#5827 = CARTESIAN_POINT('',(0.,0.));
#5828 = DIRECTION('',(1.,0.));
#5829 = ( GEOMETRIC_REPRESENTATION_CONTEXT(2) 
PARAMETRIC_REPRESENTATION_CONTEXT() REPRESENTATION_CONTEXT('2D SPACE',''
  ) );
#5830 = ORIENTED_EDGE('',*,*,#5831,.T.);
#5831 = EDGE_CURVE('',#5803,#635,#5832,.T.);
#5832 = SEAM_CURVE('',#5833,(#5837,#5844),.PCURVE_S1.);
#5833 = LINE('',#5834,#5835);
#5834 = CARTESIAN_POINT('',(32.6,4.5,36.));
#5835 = VECTOR('',#5836,1.);
#5836 = DIRECTION('',(0.,0.,1.));
#5837 = PCURVE('',#655,#5838);
#5838 = DEFINITIONAL_REPRESENTATION('',(#5839),#5843);
#5839 = LINE('',#5840,#5841);
#5840 = CARTESIAN_POINT('',(-6.28318530718,0.));
#5841 = VECTOR('',#5842,1.);
#5842 = DIRECTION('',(-0.,-1.));
#5843 = ( GEOMETRIC_REPRESENTATION_CONTEXT(2) 
PARAMETRIC_REPRESENTATION_CONTEXT() REPRESENTATION_CONTEXT('2D SPACE',''
  ) );
#5844 = PCURVE('',#655,#5845);
#5845 = DEFINITIONAL_REPRESENTATION('',(#5846),#5850);
#5846 = LINE('',#5847,#5848);
#5847 = CARTESIAN_POINT('',(-0.,0.));
#5848 = VECTOR('',#5849,1.);
#5849 = DIRECTION('',(-0.,-1.));
#5850 = ( GEOMETRIC_REPRESENTATION_CONTEXT(2) 
PARAMETRIC_REPRESENTATION_CONTEXT() REPRESENTATION_CONTEXT('2D SPACE',''
  ) );
#5851 = ORIENTED_EDGE('',*,*,#634,.F.);
#5852 = ORIENTED_EDGE('',*,*,#5831,.F.);
#5853 = ADVANCED_FACE('',(#5854),#841,.F.);
#5854 = FACE_BOUND('',#5855,.T.);
#5855 = EDGE_LOOP('',(#5856,#5878,#5879,#5880));
#5856 = ORIENTED_EDGE('',*,*,#5857,.F.);
#5857 = EDGE_CURVE('',#5540,#5655,#5858,.T.);
#5858 = SURFACE_CURVE('',#5859,(#5864,#5871),.PCURVE_S1.);
#5859 = CIRCLE('',#5860,9.);
#5860 = AXIS2_PLACEMENT_3D('',#5861,#5862,#5863);
#5861 = CARTESIAN_POINT('',(90.3,42.05,28.));
#5862 = DIRECTION('',(0.,0.,1.));
#5863 = DIRECTION('',(1.,0.,0.));
#5864 = PCURVE('',#841,#5865);
#5865 = DEFINITIONAL_REPRESENTATION('',(#5866),#5870);
#5866 = LINE('',#5867,#5868);
#5867 = CARTESIAN_POINT('',(-0.,0.));
#5868 = VECTOR('',#5869,1.);
#5869 = DIRECTION('',(-1.,0.));
#5870 = ( GEOMETRIC_REPRESENTATION_CONTEXT(2) 
PARAMETRIC_REPRESENTATION_CONTEXT() REPRESENTATION_CONTEXT('2D SPACE',''
  ) );
#5871 = PCURVE('',#5575,#5872);
#5872 = DEFINITIONAL_REPRESENTATION('',(#5873),#5877);
#5873 = CIRCLE('',#5874,9.);
#5874 = AXIS2_PLACEMENT_2D('',#5875,#5876);
#5875 = CARTESIAN_POINT('',(0.,0.));
#5876 = DIRECTION('',(1.,0.));
#5877 = ( GEOMETRIC_REPRESENTATION_CONTEXT(2) 
PARAMETRIC_REPRESENTATION_CONTEXT() REPRESENTATION_CONTEXT('2D SPACE',''
  ) );
#5878 = ORIENTED_EDGE('',*,*,#5539,.F.);
#5879 = ORIENTED_EDGE('',*,*,#818,.F.);
#5880 = ORIENTED_EDGE('',*,*,#5654,.T.);
#5881 = ADVANCED_FACE('',(#5882),#999,.F.);
#5882 = FACE_BOUND('',#5883,.F.);
#5883 = EDGE_LOOP('',(#5884,#5885,#5906,#5907));
#5884 = ORIENTED_EDGE('',*,*,#5632,.F.);
#5885 = ORIENTED_EDGE('',*,*,#5886,.F.);
#5886 = EDGE_CURVE('',#5382,#5610,#5887,.T.);
#5887 = SURFACE_CURVE('',#5888,(#5892,#5899),.PCURVE_S1.);
#5888 = LINE('',#5889,#5890);
#5889 = CARTESIAN_POINT('',(-90.3,75.1,24.));
#5890 = VECTOR('',#5891,1.);
#5891 = DIRECTION('',(1.,0.,0.));
#5892 = PCURVE('',#999,#5893);
#5893 = DEFINITIONAL_REPRESENTATION('',(#5894),#5898);
#5894 = LINE('',#5895,#5896);
#5895 = CARTESIAN_POINT('',(0.,0.));
#5896 = VECTOR('',#5897,1.);
#5897 = DIRECTION('',(0.,1.));
#5898 = ( GEOMETRIC_REPRESENTATION_CONTEXT(2) 
PARAMETRIC_REPRESENTATION_CONTEXT() REPRESENTATION_CONTEXT('2D SPACE',''
  ) );
#5899 = PCURVE('',#5397,#5900);
#5900 = DEFINITIONAL_REPRESENTATION('',(#5901),#5905);
#5901 = LINE('',#5902,#5903);
#5902 = CARTESIAN_POINT('',(0.,66.1));
#5903 = VECTOR('',#5904,1.);
#5904 = DIRECTION('',(1.,0.));
#5905 = ( GEOMETRIC_REPRESENTATION_CONTEXT(2) 
PARAMETRIC_REPRESENTATION_CONTEXT() REPRESENTATION_CONTEXT('2D SPACE',''
  ) );
#5906 = ORIENTED_EDGE('',*,*,#5409,.T.);
#5907 = ORIENTED_EDGE('',*,*,#983,.F.);
#5908 = ADVANCED_FACE('',(#5909),#893,.T.);
#5909 = FACE_BOUND('',#5910,.T.);
#5910 = EDGE_LOOP('',(#5911,#5912,#5913,#5934));
#5911 = ORIENTED_EDGE('',*,*,#5517,.F.);
#5912 = ORIENTED_EDGE('',*,*,#4674,.T.);
#5913 = ORIENTED_EDGE('',*,*,#5914,.T.);
#5914 = EDGE_CURVE('',#4268,#877,#5915,.T.);
#5915 = SURFACE_CURVE('',#5916,(#5920,#5927),.PCURVE_S1.);
#5916 = LINE('',#5917,#5918);
#5917 = CARTESIAN_POINT('',(90.,154.,0.));
#5918 = VECTOR('',#5919,1.);
#5919 = DIRECTION('',(0.,0.,1.));
#5920 = PCURVE('',#893,#5921);
#5921 = DEFINITIONAL_REPRESENTATION('',(#5922),#5926);
#5922 = LINE('',#5923,#5924);
#5923 = CARTESIAN_POINT('',(1.570796326795,0.));
#5924 = VECTOR('',#5925,1.);
#5925 = DIRECTION('',(0.,1.));
#5926 = ( GEOMETRIC_REPRESENTATION_CONTEXT(2) 
PARAMETRIC_REPRESENTATION_CONTEXT() REPRESENTATION_CONTEXT('2D SPACE',''
  ) );
#5927 = PCURVE('',#921,#5928);
#5928 = DEFINITIONAL_REPRESENTATION('',(#5929),#5933);
#5929 = LINE('',#5930,#5931);
#5930 = CARTESIAN_POINT('',(0.,183.));
#5931 = VECTOR('',#5932,1.);
#5932 = DIRECTION('',(1.,0.));
#5933 = ( GEOMETRIC_REPRESENTATION_CONTEXT(2) 
PARAMETRIC_REPRESENTATION_CONTEXT() REPRESENTATION_CONTEXT('2D SPACE',''
  ) );
#5934 = ORIENTED_EDGE('',*,*,#876,.F.);
#5935 = ADVANCED_FACE('',(#5936),#921,.T.);
#5936 = FACE_BOUND('',#5937,.T.);
#5937 = EDGE_LOOP('',(#5938,#5939,#5940,#5941));
#5938 = ORIENTED_EDGE('',*,*,#4267,.F.);
#5939 = ORIENTED_EDGE('',*,*,#4242,.T.);
#5940 = ORIENTED_EDGE('',*,*,#905,.T.);
#5941 = ORIENTED_EDGE('',*,*,#5914,.F.);
#5942 = ADVANCED_FACE('',(#5943),#1049,.T.);
#5943 = FACE_BOUND('',#5944,.T.);
#5944 = EDGE_LOOP('',(#5945,#5968,#5994,#6015));
#5945 = ORIENTED_EDGE('',*,*,#5946,.F.);
#5946 = EDGE_CURVE('',#5947,#1033,#5949,.T.);
#5947 = VERTEX_POINT('',#5948);
#5948 = CARTESIAN_POINT('',(-55.,86.1,36.2));
#5949 = SURFACE_CURVE('',#5950,(#5954,#5961),.PCURVE_S1.);
#5950 = LINE('',#5951,#5952);
#5951 = CARTESIAN_POINT('',(-55.,86.1,35.2));
#5952 = VECTOR('',#5953,1.);
#5953 = DIRECTION('',(0.,0.,1.));
#5954 = PCURVE('',#1049,#5955);
#5955 = DEFINITIONAL_REPRESENTATION('',(#5956),#5960);
#5956 = LINE('',#5957,#5958);
#5957 = CARTESIAN_POINT('',(0.,3.5));
#5958 = VECTOR('',#5959,1.);
#5959 = DIRECTION('',(1.,0.));
#5960 = ( GEOMETRIC_REPRESENTATION_CONTEXT(2) 
PARAMETRIC_REPRESENTATION_CONTEXT() REPRESENTATION_CONTEXT('2D SPACE',''
  ) );
#5961 = PCURVE('',#1125,#5962);
#5962 = DEFINITIONAL_REPRESENTATION('',(#5963),#5967);
#5963 = LINE('',#5964,#5965);
#5964 = CARTESIAN_POINT('',(0.,0.));
#5965 = VECTOR('',#5966,1.);
#5966 = DIRECTION('',(1.,0.));
#5967 = ( GEOMETRIC_REPRESENTATION_CONTEXT(2) 
PARAMETRIC_REPRESENTATION_CONTEXT() REPRESENTATION_CONTEXT('2D SPACE',''
  ) );
#5968 = ORIENTED_EDGE('',*,*,#5969,.T.);
#5969 = EDGE_CURVE('',#5947,#5970,#5972,.T.);
#5970 = VERTEX_POINT('',#5971);
#5971 = CARTESIAN_POINT('',(-58.5,86.1,36.2));
#5972 = SURFACE_CURVE('',#5973,(#5977,#5983),.PCURVE_S1.);
#5973 = LINE('',#5974,#5975);
#5974 = CARTESIAN_POINT('',(-74.5,86.1,36.2));
#5975 = VECTOR('',#5976,1.);
#5976 = DIRECTION('',(-1.,0.,0.));
#5977 = PCURVE('',#1049,#5978);
#5978 = DEFINITIONAL_REPRESENTATION('',(#5979),#5982);
#5979 = B_SPLINE_CURVE_WITH_KNOTS('',1,(#5980,#5981),.UNSPECIFIED.,.F.,
  .F.,(2,2),(-19.5,-16.),.PIECEWISE_BEZIER_KNOTS.);
#5980 = CARTESIAN_POINT('',(1.,3.5));
#5981 = CARTESIAN_POINT('',(1.,0.));
#5982 = ( GEOMETRIC_REPRESENTATION_CONTEXT(2) 
PARAMETRIC_REPRESENTATION_CONTEXT() REPRESENTATION_CONTEXT('2D SPACE',''
  ) );
#5983 = PCURVE('',#5984,#5989);
#5984 = PLANE('',#5985);
#5985 = AXIS2_PLACEMENT_3D('',#5986,#5987,#5988);
#5986 = CARTESIAN_POINT('',(-90.5,2.5,36.2));
#5987 = DIRECTION('',(0.,0.,1.));
#5988 = DIRECTION('',(1.,0.,0.));
#5989 = DEFINITIONAL_REPRESENTATION('',(#5990),#5993);
#5990 = B_SPLINE_CURVE_WITH_KNOTS('',1,(#5991,#5992),.UNSPECIFIED.,.F.,
  .F.,(2,2),(-19.5,-16.),.PIECEWISE_BEZIER_KNOTS.);
#5991 = CARTESIAN_POINT('',(35.5,83.6));
#5992 = CARTESIAN_POINT('',(32.,83.6));
#5993 = ( GEOMETRIC_REPRESENTATION_CONTEXT(2) 
PARAMETRIC_REPRESENTATION_CONTEXT() REPRESENTATION_CONTEXT('2D SPACE',''
  ) );
#5994 = ORIENTED_EDGE('',*,*,#5995,.T.);
#5995 = EDGE_CURVE('',#5970,#1035,#5996,.T.);
#5996 = SURFACE_CURVE('',#5997,(#6001,#6008),.PCURVE_S1.);
#5997 = LINE('',#5998,#5999);
#5998 = CARTESIAN_POINT('',(-58.5,86.1,35.2));
#5999 = VECTOR('',#6000,1.);
#6000 = DIRECTION('',(0.,0.,1.));
#6001 = PCURVE('',#1049,#6002);
#6002 = DEFINITIONAL_REPRESENTATION('',(#6003),#6007);
#6003 = LINE('',#6004,#6005);
#6004 = CARTESIAN_POINT('',(0.,0.));
#6005 = VECTOR('',#6006,1.);
#6006 = DIRECTION('',(1.,0.));
#6007 = ( GEOMETRIC_REPRESENTATION_CONTEXT(2) 
PARAMETRIC_REPRESENTATION_CONTEXT() REPRESENTATION_CONTEXT('2D SPACE',''
  ) );
#6008 = PCURVE('',#1075,#6009);
#6009 = DEFINITIONAL_REPRESENTATION('',(#6010),#6014);
#6010 = LINE('',#6011,#6012);
#6011 = CARTESIAN_POINT('',(0.,0.));
#6012 = VECTOR('',#6013,1.);
#6013 = DIRECTION('',(1.,0.));
#6014 = ( GEOMETRIC_REPRESENTATION_CONTEXT(2) 
PARAMETRIC_REPRESENTATION_CONTEXT() REPRESENTATION_CONTEXT('2D SPACE',''
  ) );
#6015 = ORIENTED_EDGE('',*,*,#1032,.F.);
#6016 = ADVANCED_FACE('',(#6017),#1125,.F.);
#6017 = FACE_BOUND('',#6018,.F.);
#6018 = EDGE_LOOP('',(#6019,#6020,#6041,#6062));
#6019 = ORIENTED_EDGE('',*,*,#5946,.F.);
#6020 = ORIENTED_EDGE('',*,*,#6021,.T.);
#6021 = EDGE_CURVE('',#5947,#6022,#6024,.T.);
#6022 = VERTEX_POINT('',#6023);
#6023 = CARTESIAN_POINT('',(-55.,123.8,36.2));
#6024 = SURFACE_CURVE('',#6025,(#6029,#6035),.PCURVE_S1.);
#6025 = LINE('',#6026,#6027);
#6026 = CARTESIAN_POINT('',(-55.,44.3,36.2));
#6027 = VECTOR('',#6028,1.);
#6028 = DIRECTION('',(0.,1.,0.));
#6029 = PCURVE('',#1125,#6030);
#6030 = DEFINITIONAL_REPRESENTATION('',(#6031),#6034);
#6031 = B_SPLINE_CURVE_WITH_KNOTS('',1,(#6032,#6033),.UNSPECIFIED.,.F.,
  .F.,(2,2),(41.8,79.5),.PIECEWISE_BEZIER_KNOTS.);
#6032 = CARTESIAN_POINT('',(1.,0.));
#6033 = CARTESIAN_POINT('',(1.,-37.7));
#6034 = ( GEOMETRIC_REPRESENTATION_CONTEXT(2) 
PARAMETRIC_REPRESENTATION_CONTEXT() REPRESENTATION_CONTEXT('2D SPACE',''
  ) );
#6035 = PCURVE('',#5984,#6036);
#6036 = DEFINITIONAL_REPRESENTATION('',(#6037),#6040);
#6037 = B_SPLINE_CURVE_WITH_KNOTS('',1,(#6038,#6039),.UNSPECIFIED.,.F.,
  .F.,(2,2),(41.8,79.5),.PIECEWISE_BEZIER_KNOTS.);
#6038 = CARTESIAN_POINT('',(35.5,83.6));
#6039 = CARTESIAN_POINT('',(35.5,121.3));
#6040 = ( GEOMETRIC_REPRESENTATION_CONTEXT(2) 
PARAMETRIC_REPRESENTATION_CONTEXT() REPRESENTATION_CONTEXT('2D SPACE',''
  ) );
#6041 = ORIENTED_EDGE('',*,*,#6042,.T.);
#6042 = EDGE_CURVE('',#6022,#1087,#6043,.T.);
#6043 = SURFACE_CURVE('',#6044,(#6048,#6055),.PCURVE_S1.);
#6044 = LINE('',#6045,#6046);
#6045 = CARTESIAN_POINT('',(-55.,123.8,35.2));
#6046 = VECTOR('',#6047,1.);
#6047 = DIRECTION('',(0.,0.,1.));
#6048 = PCURVE('',#1125,#6049);
#6049 = DEFINITIONAL_REPRESENTATION('',(#6050),#6054);
#6050 = LINE('',#6051,#6052);
#6051 = CARTESIAN_POINT('',(0.,-37.7));
#6052 = VECTOR('',#6053,1.);
#6053 = DIRECTION('',(1.,0.));
#6054 = ( GEOMETRIC_REPRESENTATION_CONTEXT(2) 
PARAMETRIC_REPRESENTATION_CONTEXT() REPRESENTATION_CONTEXT('2D SPACE',''
  ) );
#6055 = PCURVE('',#1101,#6056);
#6056 = DEFINITIONAL_REPRESENTATION('',(#6057),#6061);
#6057 = LINE('',#6058,#6059);
#6058 = CARTESIAN_POINT('',(0.,3.5));
#6059 = VECTOR('',#6060,1.);
#6060 = DIRECTION('',(1.,0.));
#6061 = ( GEOMETRIC_REPRESENTATION_CONTEXT(2) 
PARAMETRIC_REPRESENTATION_CONTEXT() REPRESENTATION_CONTEXT('2D SPACE',''
  ) );
#6062 = ORIENTED_EDGE('',*,*,#1112,.F.);
#6063 = ADVANCED_FACE('',(#6064),#1075,.T.);
#6064 = FACE_BOUND('',#6065,.T.);
#6065 = EDGE_LOOP('',(#6066,#6067,#6088,#6109));
#6066 = ORIENTED_EDGE('',*,*,#5995,.F.);
#6067 = ORIENTED_EDGE('',*,*,#6068,.T.);
#6068 = EDGE_CURVE('',#5970,#6069,#6071,.T.);
#6069 = VERTEX_POINT('',#6070);
#6070 = CARTESIAN_POINT('',(-58.5,123.8,36.2));
#6071 = SURFACE_CURVE('',#6072,(#6076,#6082),.PCURVE_S1.);
#6072 = LINE('',#6073,#6074);
#6073 = CARTESIAN_POINT('',(-58.5,44.3,36.2));
#6074 = VECTOR('',#6075,1.);
#6075 = DIRECTION('',(0.,1.,0.));
#6076 = PCURVE('',#1075,#6077);
#6077 = DEFINITIONAL_REPRESENTATION('',(#6078),#6081);
#6078 = B_SPLINE_CURVE_WITH_KNOTS('',1,(#6079,#6080),.UNSPECIFIED.,.F.,
  .F.,(2,2),(41.8,79.5),.PIECEWISE_BEZIER_KNOTS.);
#6079 = CARTESIAN_POINT('',(1.,0.));
#6080 = CARTESIAN_POINT('',(1.,-37.7));
#6081 = ( GEOMETRIC_REPRESENTATION_CONTEXT(2) 
PARAMETRIC_REPRESENTATION_CONTEXT() REPRESENTATION_CONTEXT('2D SPACE',''
  ) );
#6082 = PCURVE('',#5984,#6083);
#6083 = DEFINITIONAL_REPRESENTATION('',(#6084),#6087);
#6084 = B_SPLINE_CURVE_WITH_KNOTS('',1,(#6085,#6086),.UNSPECIFIED.,.F.,
  .F.,(2,2),(41.8,79.5),.PIECEWISE_BEZIER_KNOTS.);
#6085 = CARTESIAN_POINT('',(32.,83.6));
#6086 = CARTESIAN_POINT('',(32.,121.3));
#6087 = ( GEOMETRIC_REPRESENTATION_CONTEXT(2) 
PARAMETRIC_REPRESENTATION_CONTEXT() REPRESENTATION_CONTEXT('2D SPACE',''
  ) );
#6088 = ORIENTED_EDGE('',*,*,#6089,.T.);
#6089 = EDGE_CURVE('',#6069,#1061,#6090,.T.);
#6090 = SURFACE_CURVE('',#6091,(#6095,#6102),.PCURVE_S1.);
#6091 = LINE('',#6092,#6093);
#6092 = CARTESIAN_POINT('',(-58.5,123.8,35.2));
#6093 = VECTOR('',#6094,1.);
#6094 = DIRECTION('',(0.,0.,1.));
#6095 = PCURVE('',#1075,#6096);
#6096 = DEFINITIONAL_REPRESENTATION('',(#6097),#6101);
#6097 = LINE('',#6098,#6099);
#6098 = CARTESIAN_POINT('',(0.,-37.7));
#6099 = VECTOR('',#6100,1.);
#6100 = DIRECTION('',(1.,0.));
#6101 = ( GEOMETRIC_REPRESENTATION_CONTEXT(2) 
PARAMETRIC_REPRESENTATION_CONTEXT() REPRESENTATION_CONTEXT('2D SPACE',''
  ) );
#6102 = PCURVE('',#1101,#6103);
#6103 = DEFINITIONAL_REPRESENTATION('',(#6104),#6108);
#6104 = LINE('',#6105,#6106);
#6105 = CARTESIAN_POINT('',(0.,0.));
#6106 = VECTOR('',#6107,1.);
#6107 = DIRECTION('',(1.,0.));
#6108 = ( GEOMETRIC_REPRESENTATION_CONTEXT(2) 
PARAMETRIC_REPRESENTATION_CONTEXT() REPRESENTATION_CONTEXT('2D SPACE',''
  ) );
#6109 = ORIENTED_EDGE('',*,*,#1060,.F.);
#6110 = ADVANCED_FACE('',(#6111),#1101,.F.);
#6111 = FACE_BOUND('',#6112,.F.);
#6112 = EDGE_LOOP('',(#6113,#6114,#6133,#6134));
#6113 = ORIENTED_EDGE('',*,*,#6042,.F.);
#6114 = ORIENTED_EDGE('',*,*,#6115,.T.);
#6115 = EDGE_CURVE('',#6022,#6069,#6116,.T.);
#6116 = SURFACE_CURVE('',#6117,(#6121,#6127),.PCURVE_S1.);
#6117 = LINE('',#6118,#6119);
#6118 = CARTESIAN_POINT('',(-74.5,123.8,36.2));
#6119 = VECTOR('',#6120,1.);
#6120 = DIRECTION('',(-1.,0.,0.));
#6121 = PCURVE('',#1101,#6122);
#6122 = DEFINITIONAL_REPRESENTATION('',(#6123),#6126);
#6123 = B_SPLINE_CURVE_WITH_KNOTS('',1,(#6124,#6125),.UNSPECIFIED.,.F.,
  .F.,(2,2),(-19.5,-16.),.PIECEWISE_BEZIER_KNOTS.);
#6124 = CARTESIAN_POINT('',(1.,3.5));
#6125 = CARTESIAN_POINT('',(1.,0.));
#6126 = ( GEOMETRIC_REPRESENTATION_CONTEXT(2) 
PARAMETRIC_REPRESENTATION_CONTEXT() REPRESENTATION_CONTEXT('2D SPACE',''
  ) );
#6127 = PCURVE('',#5984,#6128);
#6128 = DEFINITIONAL_REPRESENTATION('',(#6129),#6132);
#6129 = B_SPLINE_CURVE_WITH_KNOTS('',1,(#6130,#6131),.UNSPECIFIED.,.F.,
  .F.,(2,2),(-19.5,-16.),.PIECEWISE_BEZIER_KNOTS.);
#6130 = CARTESIAN_POINT('',(35.5,121.3));
#6131 = CARTESIAN_POINT('',(32.,121.3));
#6132 = ( GEOMETRIC_REPRESENTATION_CONTEXT(2) 
PARAMETRIC_REPRESENTATION_CONTEXT() REPRESENTATION_CONTEXT('2D SPACE',''
  ) );
#6133 = ORIENTED_EDGE('',*,*,#6089,.T.);
#6134 = ORIENTED_EDGE('',*,*,#1086,.F.);
#6135 = ADVANCED_FACE('',(#6136),#1155,.T.);
#6136 = FACE_BOUND('',#6137,.T.);
#6137 = EDGE_LOOP('',(#6138,#6161,#6182,#6203));
#6138 = ORIENTED_EDGE('',*,*,#6139,.F.);
#6139 = EDGE_CURVE('',#6140,#1139,#6142,.T.);
#6140 = VERTEX_POINT('',#6141);
#6141 = CARTESIAN_POINT('',(-46.,86.1,36.2));
#6142 = SURFACE_CURVE('',#6143,(#6147,#6154),.PCURVE_S1.);
#6143 = LINE('',#6144,#6145);
#6144 = CARTESIAN_POINT('',(-46.,86.1,35.2));
#6145 = VECTOR('',#6146,1.);
#6146 = DIRECTION('',(0.,0.,1.));
#6147 = PCURVE('',#1155,#6148);
#6148 = DEFINITIONAL_REPRESENTATION('',(#6149),#6153);
#6149 = LINE('',#6150,#6151);
#6150 = CARTESIAN_POINT('',(0.,3.5));
#6151 = VECTOR('',#6152,1.);
#6152 = DIRECTION('',(1.,0.));
#6153 = ( GEOMETRIC_REPRESENTATION_CONTEXT(2) 
PARAMETRIC_REPRESENTATION_CONTEXT() REPRESENTATION_CONTEXT('2D SPACE',''
  ) );
#6154 = PCURVE('',#1231,#6155);
#6155 = DEFINITIONAL_REPRESENTATION('',(#6156),#6160);
#6156 = LINE('',#6157,#6158);
#6157 = CARTESIAN_POINT('',(0.,0.));
#6158 = VECTOR('',#6159,1.);
#6159 = DIRECTION('',(1.,0.));
#6160 = ( GEOMETRIC_REPRESENTATION_CONTEXT(2) 
PARAMETRIC_REPRESENTATION_CONTEXT() REPRESENTATION_CONTEXT('2D SPACE',''
  ) );
#6161 = ORIENTED_EDGE('',*,*,#6162,.T.);
#6162 = EDGE_CURVE('',#6140,#6163,#6165,.T.);
#6163 = VERTEX_POINT('',#6164);
#6164 = CARTESIAN_POINT('',(-49.5,86.1,36.2));
#6165 = SURFACE_CURVE('',#6166,(#6170,#6176),.PCURVE_S1.);
#6166 = LINE('',#6167,#6168);
#6167 = CARTESIAN_POINT('',(-70.,86.1,36.2));
#6168 = VECTOR('',#6169,1.);
#6169 = DIRECTION('',(-1.,0.,0.));
#6170 = PCURVE('',#1155,#6171);
#6171 = DEFINITIONAL_REPRESENTATION('',(#6172),#6175);
#6172 = B_SPLINE_CURVE_WITH_KNOTS('',1,(#6173,#6174),.UNSPECIFIED.,.F.,
  .F.,(2,2),(-24.,-20.5),.PIECEWISE_BEZIER_KNOTS.);
#6173 = CARTESIAN_POINT('',(1.,3.5));
#6174 = CARTESIAN_POINT('',(1.,0.));
#6175 = ( GEOMETRIC_REPRESENTATION_CONTEXT(2) 
PARAMETRIC_REPRESENTATION_CONTEXT() REPRESENTATION_CONTEXT('2D SPACE',''
  ) );
#6176 = PCURVE('',#5984,#6177);
#6177 = DEFINITIONAL_REPRESENTATION('',(#6178),#6181);
#6178 = B_SPLINE_CURVE_WITH_KNOTS('',1,(#6179,#6180),.UNSPECIFIED.,.F.,
  .F.,(2,2),(-24.,-20.5),.PIECEWISE_BEZIER_KNOTS.);
#6179 = CARTESIAN_POINT('',(44.5,83.6));
#6180 = CARTESIAN_POINT('',(41.,83.6));
#6181 = ( GEOMETRIC_REPRESENTATION_CONTEXT(2) 
PARAMETRIC_REPRESENTATION_CONTEXT() REPRESENTATION_CONTEXT('2D SPACE',''
  ) );
#6182 = ORIENTED_EDGE('',*,*,#6183,.T.);
#6183 = EDGE_CURVE('',#6163,#1141,#6184,.T.);
#6184 = SURFACE_CURVE('',#6185,(#6189,#6196),.PCURVE_S1.);
#6185 = LINE('',#6186,#6187);
#6186 = CARTESIAN_POINT('',(-49.5,86.1,35.2));
#6187 = VECTOR('',#6188,1.);
#6188 = DIRECTION('',(0.,0.,1.));
#6189 = PCURVE('',#1155,#6190);
#6190 = DEFINITIONAL_REPRESENTATION('',(#6191),#6195);
#6191 = LINE('',#6192,#6193);
#6192 = CARTESIAN_POINT('',(0.,0.));
#6193 = VECTOR('',#6194,1.);
#6194 = DIRECTION('',(1.,0.));
#6195 = ( GEOMETRIC_REPRESENTATION_CONTEXT(2) 
PARAMETRIC_REPRESENTATION_CONTEXT() REPRESENTATION_CONTEXT('2D SPACE',''
  ) );
#6196 = PCURVE('',#1181,#6197);
#6197 = DEFINITIONAL_REPRESENTATION('',(#6198),#6202);
#6198 = LINE('',#6199,#6200);
#6199 = CARTESIAN_POINT('',(0.,0.));
#6200 = VECTOR('',#6201,1.);
#6201 = DIRECTION('',(1.,0.));
#6202 = ( GEOMETRIC_REPRESENTATION_CONTEXT(2) 
PARAMETRIC_REPRESENTATION_CONTEXT() REPRESENTATION_CONTEXT('2D SPACE',''
  ) );
#6203 = ORIENTED_EDGE('',*,*,#1138,.F.);
#6204 = ADVANCED_FACE('',(#6205),#1231,.F.);
#6205 = FACE_BOUND('',#6206,.F.);
#6206 = EDGE_LOOP('',(#6207,#6208,#6229,#6250));
#6207 = ORIENTED_EDGE('',*,*,#6139,.F.);
#6208 = ORIENTED_EDGE('',*,*,#6209,.T.);
#6209 = EDGE_CURVE('',#6140,#6210,#6212,.T.);
#6210 = VERTEX_POINT('',#6211);
#6211 = CARTESIAN_POINT('',(-46.,123.8,36.2));
#6212 = SURFACE_CURVE('',#6213,(#6217,#6223),.PCURVE_S1.);
#6213 = LINE('',#6214,#6215);
#6214 = CARTESIAN_POINT('',(-46.,44.3,36.2));
#6215 = VECTOR('',#6216,1.);
#6216 = DIRECTION('',(0.,1.,0.));
#6217 = PCURVE('',#1231,#6218);
#6218 = DEFINITIONAL_REPRESENTATION('',(#6219),#6222);
#6219 = B_SPLINE_CURVE_WITH_KNOTS('',1,(#6220,#6221),.UNSPECIFIED.,.F.,
  .F.,(2,2),(41.8,79.5),.PIECEWISE_BEZIER_KNOTS.);
#6220 = CARTESIAN_POINT('',(1.,0.));
#6221 = CARTESIAN_POINT('',(1.,-37.7));
#6222 = ( GEOMETRIC_REPRESENTATION_CONTEXT(2) 
PARAMETRIC_REPRESENTATION_CONTEXT() REPRESENTATION_CONTEXT('2D SPACE',''
  ) );
#6223 = PCURVE('',#5984,#6224);
#6224 = DEFINITIONAL_REPRESENTATION('',(#6225),#6228);
#6225 = B_SPLINE_CURVE_WITH_KNOTS('',1,(#6226,#6227),.UNSPECIFIED.,.F.,
  .F.,(2,2),(41.8,79.5),.PIECEWISE_BEZIER_KNOTS.);
#6226 = CARTESIAN_POINT('',(44.5,83.6));
#6227 = CARTESIAN_POINT('',(44.5,121.3));
#6228 = ( GEOMETRIC_REPRESENTATION_CONTEXT(2) 
PARAMETRIC_REPRESENTATION_CONTEXT() REPRESENTATION_CONTEXT('2D SPACE',''
  ) );
#6229 = ORIENTED_EDGE('',*,*,#6230,.T.);
#6230 = EDGE_CURVE('',#6210,#1193,#6231,.T.);
#6231 = SURFACE_CURVE('',#6232,(#6236,#6243),.PCURVE_S1.);
#6232 = LINE('',#6233,#6234);
#6233 = CARTESIAN_POINT('',(-46.,123.8,35.2));
#6234 = VECTOR('',#6235,1.);
#6235 = DIRECTION('',(0.,0.,1.));
#6236 = PCURVE('',#1231,#6237);
#6237 = DEFINITIONAL_REPRESENTATION('',(#6238),#6242);
#6238 = LINE('',#6239,#6240);
#6239 = CARTESIAN_POINT('',(0.,-37.7));
#6240 = VECTOR('',#6241,1.);
#6241 = DIRECTION('',(1.,0.));
#6242 = ( GEOMETRIC_REPRESENTATION_CONTEXT(2) 
PARAMETRIC_REPRESENTATION_CONTEXT() REPRESENTATION_CONTEXT('2D SPACE',''
  ) );
#6243 = PCURVE('',#1207,#6244);
#6244 = DEFINITIONAL_REPRESENTATION('',(#6245),#6249);
#6245 = LINE('',#6246,#6247);
#6246 = CARTESIAN_POINT('',(0.,3.5));
#6247 = VECTOR('',#6248,1.);
#6248 = DIRECTION('',(1.,0.));
#6249 = ( GEOMETRIC_REPRESENTATION_CONTEXT(2) 
PARAMETRIC_REPRESENTATION_CONTEXT() REPRESENTATION_CONTEXT('2D SPACE',''
  ) );
#6250 = ORIENTED_EDGE('',*,*,#1218,.F.);
#6251 = ADVANCED_FACE('',(#6252),#1181,.T.);
#6252 = FACE_BOUND('',#6253,.T.);
#6253 = EDGE_LOOP('',(#6254,#6255,#6276,#6297));
#6254 = ORIENTED_EDGE('',*,*,#6183,.F.);
#6255 = ORIENTED_EDGE('',*,*,#6256,.T.);
#6256 = EDGE_CURVE('',#6163,#6257,#6259,.T.);
#6257 = VERTEX_POINT('',#6258);
#6258 = CARTESIAN_POINT('',(-49.5,123.8,36.2));
#6259 = SURFACE_CURVE('',#6260,(#6264,#6270),.PCURVE_S1.);
#6260 = LINE('',#6261,#6262);
#6261 = CARTESIAN_POINT('',(-49.5,44.3,36.2));
#6262 = VECTOR('',#6263,1.);
#6263 = DIRECTION('',(0.,1.,0.));
#6264 = PCURVE('',#1181,#6265);
#6265 = DEFINITIONAL_REPRESENTATION('',(#6266),#6269);
#6266 = B_SPLINE_CURVE_WITH_KNOTS('',1,(#6267,#6268),.UNSPECIFIED.,.F.,
  .F.,(2,2),(41.8,79.5),.PIECEWISE_BEZIER_KNOTS.);
#6267 = CARTESIAN_POINT('',(1.,0.));
#6268 = CARTESIAN_POINT('',(1.,-37.7));
#6269 = ( GEOMETRIC_REPRESENTATION_CONTEXT(2) 
PARAMETRIC_REPRESENTATION_CONTEXT() REPRESENTATION_CONTEXT('2D SPACE',''
  ) );
#6270 = PCURVE('',#5984,#6271);
#6271 = DEFINITIONAL_REPRESENTATION('',(#6272),#6275);
#6272 = B_SPLINE_CURVE_WITH_KNOTS('',1,(#6273,#6274),.UNSPECIFIED.,.F.,
  .F.,(2,2),(41.8,79.5),.PIECEWISE_BEZIER_KNOTS.);
#6273 = CARTESIAN_POINT('',(41.,83.6));
#6274 = CARTESIAN_POINT('',(41.,121.3));
#6275 = ( GEOMETRIC_REPRESENTATION_CONTEXT(2) 
PARAMETRIC_REPRESENTATION_CONTEXT() REPRESENTATION_CONTEXT('2D SPACE',''
  ) );
#6276 = ORIENTED_EDGE('',*,*,#6277,.T.);
#6277 = EDGE_CURVE('',#6257,#1167,#6278,.T.);
#6278 = SURFACE_CURVE('',#6279,(#6283,#6290),.PCURVE_S1.);
#6279 = LINE('',#6280,#6281);
#6280 = CARTESIAN_POINT('',(-49.5,123.8,35.2));
#6281 = VECTOR('',#6282,1.);
#6282 = DIRECTION('',(0.,0.,1.));
#6283 = PCURVE('',#1181,#6284);
#6284 = DEFINITIONAL_REPRESENTATION('',(#6285),#6289);
#6285 = LINE('',#6286,#6287);
#6286 = CARTESIAN_POINT('',(0.,-37.7));
#6287 = VECTOR('',#6288,1.);
#6288 = DIRECTION('',(1.,0.));
#6289 = ( GEOMETRIC_REPRESENTATION_CONTEXT(2) 
PARAMETRIC_REPRESENTATION_CONTEXT() REPRESENTATION_CONTEXT('2D SPACE',''
  ) );
#6290 = PCURVE('',#1207,#6291);
#6291 = DEFINITIONAL_REPRESENTATION('',(#6292),#6296);
#6292 = LINE('',#6293,#6294);
#6293 = CARTESIAN_POINT('',(0.,0.));
#6294 = VECTOR('',#6295,1.);
#6295 = DIRECTION('',(1.,0.));
#6296 = ( GEOMETRIC_REPRESENTATION_CONTEXT(2) 
PARAMETRIC_REPRESENTATION_CONTEXT() REPRESENTATION_CONTEXT('2D SPACE',''
  ) );
#6297 = ORIENTED_EDGE('',*,*,#1166,.F.);
#6298 = ADVANCED_FACE('',(#6299),#1207,.F.);
#6299 = FACE_BOUND('',#6300,.F.);
#6300 = EDGE_LOOP('',(#6301,#6302,#6321,#6322));
#6301 = ORIENTED_EDGE('',*,*,#6230,.F.);
#6302 = ORIENTED_EDGE('',*,*,#6303,.T.);
#6303 = EDGE_CURVE('',#6210,#6257,#6304,.T.);
#6304 = SURFACE_CURVE('',#6305,(#6309,#6315),.PCURVE_S1.);
#6305 = LINE('',#6306,#6307);
#6306 = CARTESIAN_POINT('',(-70.,123.8,36.2));
#6307 = VECTOR('',#6308,1.);
#6308 = DIRECTION('',(-1.,0.,0.));
#6309 = PCURVE('',#1207,#6310);
#6310 = DEFINITIONAL_REPRESENTATION('',(#6311),#6314);
#6311 = B_SPLINE_CURVE_WITH_KNOTS('',1,(#6312,#6313),.UNSPECIFIED.,.F.,
  .F.,(2,2),(-24.,-20.5),.PIECEWISE_BEZIER_KNOTS.);
#6312 = CARTESIAN_POINT('',(1.,3.5));
#6313 = CARTESIAN_POINT('',(1.,0.));
#6314 = ( GEOMETRIC_REPRESENTATION_CONTEXT(2) 
PARAMETRIC_REPRESENTATION_CONTEXT() REPRESENTATION_CONTEXT('2D SPACE',''
  ) );
#6315 = PCURVE('',#5984,#6316);
#6316 = DEFINITIONAL_REPRESENTATION('',(#6317),#6320);
#6317 = B_SPLINE_CURVE_WITH_KNOTS('',1,(#6318,#6319),.UNSPECIFIED.,.F.,
  .F.,(2,2),(-24.,-20.5),.PIECEWISE_BEZIER_KNOTS.);
#6318 = CARTESIAN_POINT('',(44.5,121.3));
#6319 = CARTESIAN_POINT('',(41.,121.3));
#6320 = ( GEOMETRIC_REPRESENTATION_CONTEXT(2) 
PARAMETRIC_REPRESENTATION_CONTEXT() REPRESENTATION_CONTEXT('2D SPACE',''
  ) );
#6321 = ORIENTED_EDGE('',*,*,#6277,.T.);
#6322 = ORIENTED_EDGE('',*,*,#1192,.F.);
#6323 = ADVANCED_FACE('',(#6324),#1261,.T.);
#6324 = FACE_BOUND('',#6325,.T.);
#6325 = EDGE_LOOP('',(#6326,#6349,#6370,#6391));
#6326 = ORIENTED_EDGE('',*,*,#6327,.F.);
#6327 = EDGE_CURVE('',#6328,#1245,#6330,.T.);
#6328 = VERTEX_POINT('',#6329);
#6329 = CARTESIAN_POINT('',(-37.,86.1,36.2));
#6330 = SURFACE_CURVE('',#6331,(#6335,#6342),.PCURVE_S1.);
#6331 = LINE('',#6332,#6333);
#6332 = CARTESIAN_POINT('',(-37.,86.1,35.2));
#6333 = VECTOR('',#6334,1.);
#6334 = DIRECTION('',(0.,0.,1.));
#6335 = PCURVE('',#1261,#6336);
#6336 = DEFINITIONAL_REPRESENTATION('',(#6337),#6341);
#6337 = LINE('',#6338,#6339);
#6338 = CARTESIAN_POINT('',(0.,3.5));
#6339 = VECTOR('',#6340,1.);
#6340 = DIRECTION('',(1.,0.));
#6341 = ( GEOMETRIC_REPRESENTATION_CONTEXT(2) 
PARAMETRIC_REPRESENTATION_CONTEXT() REPRESENTATION_CONTEXT('2D SPACE',''
  ) );
#6342 = PCURVE('',#1337,#6343);
#6343 = DEFINITIONAL_REPRESENTATION('',(#6344),#6348);
#6344 = LINE('',#6345,#6346);
#6345 = CARTESIAN_POINT('',(0.,0.));
#6346 = VECTOR('',#6347,1.);
#6347 = DIRECTION('',(1.,0.));
#6348 = ( GEOMETRIC_REPRESENTATION_CONTEXT(2) 
PARAMETRIC_REPRESENTATION_CONTEXT() REPRESENTATION_CONTEXT('2D SPACE',''
  ) );
#6349 = ORIENTED_EDGE('',*,*,#6350,.T.);
#6350 = EDGE_CURVE('',#6328,#6351,#6353,.T.);
#6351 = VERTEX_POINT('',#6352);
#6352 = CARTESIAN_POINT('',(-40.5,86.1,36.2));
#6353 = SURFACE_CURVE('',#6354,(#6358,#6364),.PCURVE_S1.);
#6354 = LINE('',#6355,#6356);
#6355 = CARTESIAN_POINT('',(-65.5,86.1,36.2));
#6356 = VECTOR('',#6357,1.);
#6357 = DIRECTION('',(-1.,0.,0.));
#6358 = PCURVE('',#1261,#6359);
#6359 = DEFINITIONAL_REPRESENTATION('',(#6360),#6363);
#6360 = B_SPLINE_CURVE_WITH_KNOTS('',1,(#6361,#6362),.UNSPECIFIED.,.F.,
  .F.,(2,2),(-28.5,-25.),.PIECEWISE_BEZIER_KNOTS.);
#6361 = CARTESIAN_POINT('',(1.,3.5));
#6362 = CARTESIAN_POINT('',(1.,0.));
#6363 = ( GEOMETRIC_REPRESENTATION_CONTEXT(2) 
PARAMETRIC_REPRESENTATION_CONTEXT() REPRESENTATION_CONTEXT('2D SPACE',''
  ) );
#6364 = PCURVE('',#5984,#6365);
#6365 = DEFINITIONAL_REPRESENTATION('',(#6366),#6369);
#6366 = B_SPLINE_CURVE_WITH_KNOTS('',1,(#6367,#6368),.UNSPECIFIED.,.F.,
  .F.,(2,2),(-28.5,-25.),.PIECEWISE_BEZIER_KNOTS.);
#6367 = CARTESIAN_POINT('',(53.5,83.6));
#6368 = CARTESIAN_POINT('',(50.,83.6));
#6369 = ( GEOMETRIC_REPRESENTATION_CONTEXT(2) 
PARAMETRIC_REPRESENTATION_CONTEXT() REPRESENTATION_CONTEXT('2D SPACE',''
  ) );
#6370 = ORIENTED_EDGE('',*,*,#6371,.T.);
#6371 = EDGE_CURVE('',#6351,#1247,#6372,.T.);
#6372 = SURFACE_CURVE('',#6373,(#6377,#6384),.PCURVE_S1.);
#6373 = LINE('',#6374,#6375);
#6374 = CARTESIAN_POINT('',(-40.5,86.1,35.2));
#6375 = VECTOR('',#6376,1.);
#6376 = DIRECTION('',(0.,0.,1.));
#6377 = PCURVE('',#1261,#6378);
#6378 = DEFINITIONAL_REPRESENTATION('',(#6379),#6383);
#6379 = LINE('',#6380,#6381);
#6380 = CARTESIAN_POINT('',(0.,0.));
#6381 = VECTOR('',#6382,1.);
#6382 = DIRECTION('',(1.,0.));
#6383 = ( GEOMETRIC_REPRESENTATION_CONTEXT(2) 
PARAMETRIC_REPRESENTATION_CONTEXT() REPRESENTATION_CONTEXT('2D SPACE',''
  ) );
#6384 = PCURVE('',#1287,#6385);
#6385 = DEFINITIONAL_REPRESENTATION('',(#6386),#6390);
#6386 = LINE('',#6387,#6388);
#6387 = CARTESIAN_POINT('',(0.,0.));
#6388 = VECTOR('',#6389,1.);
#6389 = DIRECTION('',(1.,0.));
#6390 = ( GEOMETRIC_REPRESENTATION_CONTEXT(2) 
PARAMETRIC_REPRESENTATION_CONTEXT() REPRESENTATION_CONTEXT('2D SPACE',''
  ) );
#6391 = ORIENTED_EDGE('',*,*,#1244,.F.);
#6392 = ADVANCED_FACE('',(#6393),#1337,.F.);
#6393 = FACE_BOUND('',#6394,.F.);
#6394 = EDGE_LOOP('',(#6395,#6396,#6417,#6438));
#6395 = ORIENTED_EDGE('',*,*,#6327,.F.);
#6396 = ORIENTED_EDGE('',*,*,#6397,.T.);
#6397 = EDGE_CURVE('',#6328,#6398,#6400,.T.);
#6398 = VERTEX_POINT('',#6399);
#6399 = CARTESIAN_POINT('',(-37.,123.8,36.2));
#6400 = SURFACE_CURVE('',#6401,(#6405,#6411),.PCURVE_S1.);
#6401 = LINE('',#6402,#6403);
#6402 = CARTESIAN_POINT('',(-37.,44.3,36.2));
#6403 = VECTOR('',#6404,1.);
#6404 = DIRECTION('',(0.,1.,0.));
#6405 = PCURVE('',#1337,#6406);
#6406 = DEFINITIONAL_REPRESENTATION('',(#6407),#6410);
#6407 = B_SPLINE_CURVE_WITH_KNOTS('',1,(#6408,#6409),.UNSPECIFIED.,.F.,
  .F.,(2,2),(41.8,79.5),.PIECEWISE_BEZIER_KNOTS.);
#6408 = CARTESIAN_POINT('',(1.,0.));
#6409 = CARTESIAN_POINT('',(1.,-37.7));
#6410 = ( GEOMETRIC_REPRESENTATION_CONTEXT(2) 
PARAMETRIC_REPRESENTATION_CONTEXT() REPRESENTATION_CONTEXT('2D SPACE',''
  ) );
#6411 = PCURVE('',#5984,#6412);
#6412 = DEFINITIONAL_REPRESENTATION('',(#6413),#6416);
#6413 = B_SPLINE_CURVE_WITH_KNOTS('',1,(#6414,#6415),.UNSPECIFIED.,.F.,
  .F.,(2,2),(41.8,79.5),.PIECEWISE_BEZIER_KNOTS.);
#6414 = CARTESIAN_POINT('',(53.5,83.6));
#6415 = CARTESIAN_POINT('',(53.5,121.3));
#6416 = ( GEOMETRIC_REPRESENTATION_CONTEXT(2) 
PARAMETRIC_REPRESENTATION_CONTEXT() REPRESENTATION_CONTEXT('2D SPACE',''
  ) );
#6417 = ORIENTED_EDGE('',*,*,#6418,.T.);
#6418 = EDGE_CURVE('',#6398,#1299,#6419,.T.);
#6419 = SURFACE_CURVE('',#6420,(#6424,#6431),.PCURVE_S1.);
#6420 = LINE('',#6421,#6422);
#6421 = CARTESIAN_POINT('',(-37.,123.8,35.2));
#6422 = VECTOR('',#6423,1.);
#6423 = DIRECTION('',(0.,0.,1.));
#6424 = PCURVE('',#1337,#6425);
#6425 = DEFINITIONAL_REPRESENTATION('',(#6426),#6430);
#6426 = LINE('',#6427,#6428);
#6427 = CARTESIAN_POINT('',(0.,-37.7));
#6428 = VECTOR('',#6429,1.);
#6429 = DIRECTION('',(1.,0.));
#6430 = ( GEOMETRIC_REPRESENTATION_CONTEXT(2) 
PARAMETRIC_REPRESENTATION_CONTEXT() REPRESENTATION_CONTEXT('2D SPACE',''
  ) );
#6431 = PCURVE('',#1313,#6432);
#6432 = DEFINITIONAL_REPRESENTATION('',(#6433),#6437);
#6433 = LINE('',#6434,#6435);
#6434 = CARTESIAN_POINT('',(0.,3.5));
#6435 = VECTOR('',#6436,1.);
#6436 = DIRECTION('',(1.,0.));
#6437 = ( GEOMETRIC_REPRESENTATION_CONTEXT(2) 
PARAMETRIC_REPRESENTATION_CONTEXT() REPRESENTATION_CONTEXT('2D SPACE',''
  ) );
#6438 = ORIENTED_EDGE('',*,*,#1324,.F.);
#6439 = ADVANCED_FACE('',(#6440),#1287,.T.);
#6440 = FACE_BOUND('',#6441,.T.);
#6441 = EDGE_LOOP('',(#6442,#6443,#6464,#6485));
#6442 = ORIENTED_EDGE('',*,*,#6371,.F.);
#6443 = ORIENTED_EDGE('',*,*,#6444,.T.);
#6444 = EDGE_CURVE('',#6351,#6445,#6447,.T.);
#6445 = VERTEX_POINT('',#6446);
#6446 = CARTESIAN_POINT('',(-40.5,123.8,36.2));
#6447 = SURFACE_CURVE('',#6448,(#6452,#6458),.PCURVE_S1.);
#6448 = LINE('',#6449,#6450);
#6449 = CARTESIAN_POINT('',(-40.5,44.3,36.2));
#6450 = VECTOR('',#6451,1.);
#6451 = DIRECTION('',(0.,1.,0.));
#6452 = PCURVE('',#1287,#6453);
#6453 = DEFINITIONAL_REPRESENTATION('',(#6454),#6457);
#6454 = B_SPLINE_CURVE_WITH_KNOTS('',1,(#6455,#6456),.UNSPECIFIED.,.F.,
  .F.,(2,2),(41.8,79.5),.PIECEWISE_BEZIER_KNOTS.);
#6455 = CARTESIAN_POINT('',(1.,0.));
#6456 = CARTESIAN_POINT('',(1.,-37.7));
#6457 = ( GEOMETRIC_REPRESENTATION_CONTEXT(2) 
PARAMETRIC_REPRESENTATION_CONTEXT() REPRESENTATION_CONTEXT('2D SPACE',''
  ) );
#6458 = PCURVE('',#5984,#6459);
#6459 = DEFINITIONAL_REPRESENTATION('',(#6460),#6463);
#6460 = B_SPLINE_CURVE_WITH_KNOTS('',1,(#6461,#6462),.UNSPECIFIED.,.F.,
  .F.,(2,2),(41.8,79.5),.PIECEWISE_BEZIER_KNOTS.);
#6461 = CARTESIAN_POINT('',(50.,83.6));
#6462 = CARTESIAN_POINT('',(50.,121.3));
#6463 = ( GEOMETRIC_REPRESENTATION_CONTEXT(2) 
PARAMETRIC_REPRESENTATION_CONTEXT() REPRESENTATION_CONTEXT('2D SPACE',''
  ) );
#6464 = ORIENTED_EDGE('',*,*,#6465,.T.);
#6465 = EDGE_CURVE('',#6445,#1273,#6466,.T.);
#6466 = SURFACE_CURVE('',#6467,(#6471,#6478),.PCURVE_S1.);
#6467 = LINE('',#6468,#6469);
#6468 = CARTESIAN_POINT('',(-40.5,123.8,35.2));
#6469 = VECTOR('',#6470,1.);
#6470 = DIRECTION('',(0.,0.,1.));
#6471 = PCURVE('',#1287,#6472);
#6472 = DEFINITIONAL_REPRESENTATION('',(#6473),#6477);
#6473 = LINE('',#6474,#6475);
#6474 = CARTESIAN_POINT('',(0.,-37.7));
#6475 = VECTOR('',#6476,1.);
#6476 = DIRECTION('',(1.,0.));
#6477 = ( GEOMETRIC_REPRESENTATION_CONTEXT(2) 
PARAMETRIC_REPRESENTATION_CONTEXT() REPRESENTATION_CONTEXT('2D SPACE',''
  ) );
#6478 = PCURVE('',#1313,#6479);
#6479 = DEFINITIONAL_REPRESENTATION('',(#6480),#6484);
#6480 = LINE('',#6481,#6482);
#6481 = CARTESIAN_POINT('',(0.,0.));
#6482 = VECTOR('',#6483,1.);
#6483 = DIRECTION('',(1.,0.));
#6484 = ( GEOMETRIC_REPRESENTATION_CONTEXT(2) 
PARAMETRIC_REPRESENTATION_CONTEXT() REPRESENTATION_CONTEXT('2D SPACE',''
  ) );
#6485 = ORIENTED_EDGE('',*,*,#1272,.F.);
#6486 = ADVANCED_FACE('',(#6487),#1313,.F.);
#6487 = FACE_BOUND('',#6488,.F.);
#6488 = EDGE_LOOP('',(#6489,#6490,#6509,#6510));
#6489 = ORIENTED_EDGE('',*,*,#6418,.F.);
#6490 = ORIENTED_EDGE('',*,*,#6491,.T.);
#6491 = EDGE_CURVE('',#6398,#6445,#6492,.T.);
#6492 = SURFACE_CURVE('',#6493,(#6497,#6503),.PCURVE_S1.);
#6493 = LINE('',#6494,#6495);
#6494 = CARTESIAN_POINT('',(-65.5,123.8,36.2));
#6495 = VECTOR('',#6496,1.);
#6496 = DIRECTION('',(-1.,0.,0.));
#6497 = PCURVE('',#1313,#6498);
#6498 = DEFINITIONAL_REPRESENTATION('',(#6499),#6502);
#6499 = B_SPLINE_CURVE_WITH_KNOTS('',1,(#6500,#6501),.UNSPECIFIED.,.F.,
  .F.,(2,2),(-28.5,-25.),.PIECEWISE_BEZIER_KNOTS.);
#6500 = CARTESIAN_POINT('',(1.,3.5));
#6501 = CARTESIAN_POINT('',(1.,0.));
#6502 = ( GEOMETRIC_REPRESENTATION_CONTEXT(2) 
PARAMETRIC_REPRESENTATION_CONTEXT() REPRESENTATION_CONTEXT('2D SPACE',''
  ) );
#6503 = PCURVE('',#5984,#6504);
#6504 = DEFINITIONAL_REPRESENTATION('',(#6505),#6508);
#6505 = B_SPLINE_CURVE_WITH_KNOTS('',1,(#6506,#6507),.UNSPECIFIED.,.F.,
  .F.,(2,2),(-28.5,-25.),.PIECEWISE_BEZIER_KNOTS.);
#6506 = CARTESIAN_POINT('',(53.5,121.3));
#6507 = CARTESIAN_POINT('',(50.,121.3));
#6508 = ( GEOMETRIC_REPRESENTATION_CONTEXT(2) 
PARAMETRIC_REPRESENTATION_CONTEXT() REPRESENTATION_CONTEXT('2D SPACE',''
  ) );
#6509 = ORIENTED_EDGE('',*,*,#6465,.T.);
#6510 = ORIENTED_EDGE('',*,*,#1298,.F.);
#6511 = ADVANCED_FACE('',(#6512),#1367,.T.);
#6512 = FACE_BOUND('',#6513,.T.);
#6513 = EDGE_LOOP('',(#6514,#6537,#6558,#6579));
#6514 = ORIENTED_EDGE('',*,*,#6515,.F.);
#6515 = EDGE_CURVE('',#6516,#1351,#6518,.T.);
#6516 = VERTEX_POINT('',#6517);
#6517 = CARTESIAN_POINT('',(-28.,86.1,36.2));
#6518 = SURFACE_CURVE('',#6519,(#6523,#6530),.PCURVE_S1.);
#6519 = LINE('',#6520,#6521);
#6520 = CARTESIAN_POINT('',(-28.,86.1,35.2));
#6521 = VECTOR('',#6522,1.);
#6522 = DIRECTION('',(0.,0.,1.));
#6523 = PCURVE('',#1367,#6524);
#6524 = DEFINITIONAL_REPRESENTATION('',(#6525),#6529);
#6525 = LINE('',#6526,#6527);
#6526 = CARTESIAN_POINT('',(0.,3.5));
#6527 = VECTOR('',#6528,1.);
#6528 = DIRECTION('',(1.,0.));
#6529 = ( GEOMETRIC_REPRESENTATION_CONTEXT(2) 
PARAMETRIC_REPRESENTATION_CONTEXT() REPRESENTATION_CONTEXT('2D SPACE',''
  ) );
#6530 = PCURVE('',#1443,#6531);
#6531 = DEFINITIONAL_REPRESENTATION('',(#6532),#6536);
#6532 = LINE('',#6533,#6534);
#6533 = CARTESIAN_POINT('',(0.,0.));
#6534 = VECTOR('',#6535,1.);
#6535 = DIRECTION('',(1.,0.));
#6536 = ( GEOMETRIC_REPRESENTATION_CONTEXT(2) 
PARAMETRIC_REPRESENTATION_CONTEXT() REPRESENTATION_CONTEXT('2D SPACE',''
  ) );
#6537 = ORIENTED_EDGE('',*,*,#6538,.T.);
#6538 = EDGE_CURVE('',#6516,#6539,#6541,.T.);
#6539 = VERTEX_POINT('',#6540);
#6540 = CARTESIAN_POINT('',(-31.5,86.1,36.2));
#6541 = SURFACE_CURVE('',#6542,(#6546,#6552),.PCURVE_S1.);
#6542 = LINE('',#6543,#6544);
#6543 = CARTESIAN_POINT('',(-61.,86.1,36.2));
#6544 = VECTOR('',#6545,1.);
#6545 = DIRECTION('',(-1.,0.,0.));
#6546 = PCURVE('',#1367,#6547);
#6547 = DEFINITIONAL_REPRESENTATION('',(#6548),#6551);
#6548 = B_SPLINE_CURVE_WITH_KNOTS('',1,(#6549,#6550),.UNSPECIFIED.,.F.,
  .F.,(2,2),(-33.,-29.5),.PIECEWISE_BEZIER_KNOTS.);
#6549 = CARTESIAN_POINT('',(1.,3.5));
#6550 = CARTESIAN_POINT('',(1.,0.));
#6551 = ( GEOMETRIC_REPRESENTATION_CONTEXT(2) 
PARAMETRIC_REPRESENTATION_CONTEXT() REPRESENTATION_CONTEXT('2D SPACE',''
  ) );
#6552 = PCURVE('',#5984,#6553);
#6553 = DEFINITIONAL_REPRESENTATION('',(#6554),#6557);
#6554 = B_SPLINE_CURVE_WITH_KNOTS('',1,(#6555,#6556),.UNSPECIFIED.,.F.,
  .F.,(2,2),(-33.,-29.5),.PIECEWISE_BEZIER_KNOTS.);
#6555 = CARTESIAN_POINT('',(62.5,83.6));
#6556 = CARTESIAN_POINT('',(59.,83.6));
#6557 = ( GEOMETRIC_REPRESENTATION_CONTEXT(2) 
PARAMETRIC_REPRESENTATION_CONTEXT() REPRESENTATION_CONTEXT('2D SPACE',''
  ) );
#6558 = ORIENTED_EDGE('',*,*,#6559,.T.);
#6559 = EDGE_CURVE('',#6539,#1353,#6560,.T.);
#6560 = SURFACE_CURVE('',#6561,(#6565,#6572),.PCURVE_S1.);
#6561 = LINE('',#6562,#6563);
#6562 = CARTESIAN_POINT('',(-31.5,86.1,35.2));
#6563 = VECTOR('',#6564,1.);
#6564 = DIRECTION('',(0.,0.,1.));
#6565 = PCURVE('',#1367,#6566);
#6566 = DEFINITIONAL_REPRESENTATION('',(#6567),#6571);
#6567 = LINE('',#6568,#6569);
#6568 = CARTESIAN_POINT('',(0.,0.));
#6569 = VECTOR('',#6570,1.);
#6570 = DIRECTION('',(1.,0.));
#6571 = ( GEOMETRIC_REPRESENTATION_CONTEXT(2) 
PARAMETRIC_REPRESENTATION_CONTEXT() REPRESENTATION_CONTEXT('2D SPACE',''
  ) );
#6572 = PCURVE('',#1393,#6573);
#6573 = DEFINITIONAL_REPRESENTATION('',(#6574),#6578);
#6574 = LINE('',#6575,#6576);
#6575 = CARTESIAN_POINT('',(0.,0.));
#6576 = VECTOR('',#6577,1.);
#6577 = DIRECTION('',(1.,0.));
#6578 = ( GEOMETRIC_REPRESENTATION_CONTEXT(2) 
PARAMETRIC_REPRESENTATION_CONTEXT() REPRESENTATION_CONTEXT('2D SPACE',''
  ) );
#6579 = ORIENTED_EDGE('',*,*,#1350,.F.);
#6580 = ADVANCED_FACE('',(#6581),#1443,.F.);
#6581 = FACE_BOUND('',#6582,.F.);
#6582 = EDGE_LOOP('',(#6583,#6584,#6605,#6626));
#6583 = ORIENTED_EDGE('',*,*,#6515,.F.);
#6584 = ORIENTED_EDGE('',*,*,#6585,.T.);
#6585 = EDGE_CURVE('',#6516,#6586,#6588,.T.);
#6586 = VERTEX_POINT('',#6587);
#6587 = CARTESIAN_POINT('',(-28.,123.8,36.2));
#6588 = SURFACE_CURVE('',#6589,(#6593,#6599),.PCURVE_S1.);
#6589 = LINE('',#6590,#6591);
#6590 = CARTESIAN_POINT('',(-28.,44.3,36.2));
#6591 = VECTOR('',#6592,1.);
#6592 = DIRECTION('',(0.,1.,0.));
#6593 = PCURVE('',#1443,#6594);
#6594 = DEFINITIONAL_REPRESENTATION('',(#6595),#6598);
#6595 = B_SPLINE_CURVE_WITH_KNOTS('',1,(#6596,#6597),.UNSPECIFIED.,.F.,
  .F.,(2,2),(41.8,79.5),.PIECEWISE_BEZIER_KNOTS.);
#6596 = CARTESIAN_POINT('',(1.,0.));
#6597 = CARTESIAN_POINT('',(1.,-37.7));
#6598 = ( GEOMETRIC_REPRESENTATION_CONTEXT(2) 
PARAMETRIC_REPRESENTATION_CONTEXT() REPRESENTATION_CONTEXT('2D SPACE',''
  ) );
#6599 = PCURVE('',#5984,#6600);
#6600 = DEFINITIONAL_REPRESENTATION('',(#6601),#6604);
#6601 = B_SPLINE_CURVE_WITH_KNOTS('',1,(#6602,#6603),.UNSPECIFIED.,.F.,
  .F.,(2,2),(41.8,79.5),.PIECEWISE_BEZIER_KNOTS.);
#6602 = CARTESIAN_POINT('',(62.5,83.6));
#6603 = CARTESIAN_POINT('',(62.5,121.3));
#6604 = ( GEOMETRIC_REPRESENTATION_CONTEXT(2) 
PARAMETRIC_REPRESENTATION_CONTEXT() REPRESENTATION_CONTEXT('2D SPACE',''
  ) );
#6605 = ORIENTED_EDGE('',*,*,#6606,.T.);
#6606 = EDGE_CURVE('',#6586,#1405,#6607,.T.);
#6607 = SURFACE_CURVE('',#6608,(#6612,#6619),.PCURVE_S1.);
#6608 = LINE('',#6609,#6610);
#6609 = CARTESIAN_POINT('',(-28.,123.8,35.2));
#6610 = VECTOR('',#6611,1.);
#6611 = DIRECTION('',(0.,0.,1.));
#6612 = PCURVE('',#1443,#6613);
#6613 = DEFINITIONAL_REPRESENTATION('',(#6614),#6618);
#6614 = LINE('',#6615,#6616);
#6615 = CARTESIAN_POINT('',(0.,-37.7));
#6616 = VECTOR('',#6617,1.);
#6617 = DIRECTION('',(1.,0.));
#6618 = ( GEOMETRIC_REPRESENTATION_CONTEXT(2) 
PARAMETRIC_REPRESENTATION_CONTEXT() REPRESENTATION_CONTEXT('2D SPACE',''
  ) );
#6619 = PCURVE('',#1419,#6620);
#6620 = DEFINITIONAL_REPRESENTATION('',(#6621),#6625);
#6621 = LINE('',#6622,#6623);
#6622 = CARTESIAN_POINT('',(0.,3.5));
#6623 = VECTOR('',#6624,1.);
#6624 = DIRECTION('',(1.,0.));
#6625 = ( GEOMETRIC_REPRESENTATION_CONTEXT(2) 
PARAMETRIC_REPRESENTATION_CONTEXT() REPRESENTATION_CONTEXT('2D SPACE',''
  ) );
#6626 = ORIENTED_EDGE('',*,*,#1430,.F.);
#6627 = ADVANCED_FACE('',(#6628),#1393,.T.);
#6628 = FACE_BOUND('',#6629,.T.);
#6629 = EDGE_LOOP('',(#6630,#6631,#6652,#6673));
#6630 = ORIENTED_EDGE('',*,*,#6559,.F.);
#6631 = ORIENTED_EDGE('',*,*,#6632,.T.);
#6632 = EDGE_CURVE('',#6539,#6633,#6635,.T.);
#6633 = VERTEX_POINT('',#6634);
#6634 = CARTESIAN_POINT('',(-31.5,123.8,36.2));
#6635 = SURFACE_CURVE('',#6636,(#6640,#6646),.PCURVE_S1.);
#6636 = LINE('',#6637,#6638);
#6637 = CARTESIAN_POINT('',(-31.5,44.3,36.2));
#6638 = VECTOR('',#6639,1.);
#6639 = DIRECTION('',(0.,1.,0.));
#6640 = PCURVE('',#1393,#6641);
#6641 = DEFINITIONAL_REPRESENTATION('',(#6642),#6645);
#6642 = B_SPLINE_CURVE_WITH_KNOTS('',1,(#6643,#6644),.UNSPECIFIED.,.F.,
  .F.,(2,2),(41.8,79.5),.PIECEWISE_BEZIER_KNOTS.);
#6643 = CARTESIAN_POINT('',(1.,0.));
#6644 = CARTESIAN_POINT('',(1.,-37.7));
#6645 = ( GEOMETRIC_REPRESENTATION_CONTEXT(2) 
PARAMETRIC_REPRESENTATION_CONTEXT() REPRESENTATION_CONTEXT('2D SPACE',''
  ) );
#6646 = PCURVE('',#5984,#6647);
#6647 = DEFINITIONAL_REPRESENTATION('',(#6648),#6651);
#6648 = B_SPLINE_CURVE_WITH_KNOTS('',1,(#6649,#6650),.UNSPECIFIED.,.F.,
  .F.,(2,2),(41.8,79.5),.PIECEWISE_BEZIER_KNOTS.);
#6649 = CARTESIAN_POINT('',(59.,83.6));
#6650 = CARTESIAN_POINT('',(59.,121.3));
#6651 = ( GEOMETRIC_REPRESENTATION_CONTEXT(2) 
PARAMETRIC_REPRESENTATION_CONTEXT() REPRESENTATION_CONTEXT('2D SPACE',''
  ) );
#6652 = ORIENTED_EDGE('',*,*,#6653,.T.);
#6653 = EDGE_CURVE('',#6633,#1379,#6654,.T.);
#6654 = SURFACE_CURVE('',#6655,(#6659,#6666),.PCURVE_S1.);
#6655 = LINE('',#6656,#6657);
#6656 = CARTESIAN_POINT('',(-31.5,123.8,35.2));
#6657 = VECTOR('',#6658,1.);
#6658 = DIRECTION('',(0.,0.,1.));
#6659 = PCURVE('',#1393,#6660);
#6660 = DEFINITIONAL_REPRESENTATION('',(#6661),#6665);
#6661 = LINE('',#6662,#6663);
#6662 = CARTESIAN_POINT('',(0.,-37.7));
#6663 = VECTOR('',#6664,1.);
#6664 = DIRECTION('',(1.,0.));
#6665 = ( GEOMETRIC_REPRESENTATION_CONTEXT(2) 
PARAMETRIC_REPRESENTATION_CONTEXT() REPRESENTATION_CONTEXT('2D SPACE',''
  ) );
#6666 = PCURVE('',#1419,#6667);
#6667 = DEFINITIONAL_REPRESENTATION('',(#6668),#6672);
#6668 = LINE('',#6669,#6670);
#6669 = CARTESIAN_POINT('',(0.,0.));
#6670 = VECTOR('',#6671,1.);
#6671 = DIRECTION('',(1.,0.));
#6672 = ( GEOMETRIC_REPRESENTATION_CONTEXT(2) 
PARAMETRIC_REPRESENTATION_CONTEXT() REPRESENTATION_CONTEXT('2D SPACE',''
  ) );
#6673 = ORIENTED_EDGE('',*,*,#1378,.F.);
#6674 = ADVANCED_FACE('',(#6675),#1419,.F.);
#6675 = FACE_BOUND('',#6676,.F.);
#6676 = EDGE_LOOP('',(#6677,#6678,#6697,#6698));
#6677 = ORIENTED_EDGE('',*,*,#6606,.F.);
#6678 = ORIENTED_EDGE('',*,*,#6679,.T.);
#6679 = EDGE_CURVE('',#6586,#6633,#6680,.T.);
#6680 = SURFACE_CURVE('',#6681,(#6685,#6691),.PCURVE_S1.);
#6681 = LINE('',#6682,#6683);
#6682 = CARTESIAN_POINT('',(-61.,123.8,36.2));
#6683 = VECTOR('',#6684,1.);
#6684 = DIRECTION('',(-1.,0.,0.));
#6685 = PCURVE('',#1419,#6686);
#6686 = DEFINITIONAL_REPRESENTATION('',(#6687),#6690);
#6687 = B_SPLINE_CURVE_WITH_KNOTS('',1,(#6688,#6689),.UNSPECIFIED.,.F.,
  .F.,(2,2),(-33.,-29.5),.PIECEWISE_BEZIER_KNOTS.);
#6688 = CARTESIAN_POINT('',(1.,3.5));
#6689 = CARTESIAN_POINT('',(1.,0.));
#6690 = ( GEOMETRIC_REPRESENTATION_CONTEXT(2) 
PARAMETRIC_REPRESENTATION_CONTEXT() REPRESENTATION_CONTEXT('2D SPACE',''
  ) );
#6691 = PCURVE('',#5984,#6692);
#6692 = DEFINITIONAL_REPRESENTATION('',(#6693),#6696);
#6693 = B_SPLINE_CURVE_WITH_KNOTS('',1,(#6694,#6695),.UNSPECIFIED.,.F.,
  .F.,(2,2),(-33.,-29.5),.PIECEWISE_BEZIER_KNOTS.);
#6694 = CARTESIAN_POINT('',(62.5,121.3));
#6695 = CARTESIAN_POINT('',(59.,121.3));
#6696 = ( GEOMETRIC_REPRESENTATION_CONTEXT(2) 
PARAMETRIC_REPRESENTATION_CONTEXT() REPRESENTATION_CONTEXT('2D SPACE',''
  ) );
#6697 = ORIENTED_EDGE('',*,*,#6653,.T.);
#6698 = ORIENTED_EDGE('',*,*,#1404,.F.);
#6699 = ADVANCED_FACE('',(#6700),#1473,.T.);
#6700 = FACE_BOUND('',#6701,.T.);
#6701 = EDGE_LOOP('',(#6702,#6725,#6746,#6767));
#6702 = ORIENTED_EDGE('',*,*,#6703,.F.);
#6703 = EDGE_CURVE('',#6704,#1457,#6706,.T.);
#6704 = VERTEX_POINT('',#6705);
#6705 = CARTESIAN_POINT('',(-19.,86.1,36.2));
#6706 = SURFACE_CURVE('',#6707,(#6711,#6718),.PCURVE_S1.);
#6707 = LINE('',#6708,#6709);
#6708 = CARTESIAN_POINT('',(-19.,86.1,35.2));
#6709 = VECTOR('',#6710,1.);
#6710 = DIRECTION('',(0.,0.,1.));
#6711 = PCURVE('',#1473,#6712);
#6712 = DEFINITIONAL_REPRESENTATION('',(#6713),#6717);
#6713 = LINE('',#6714,#6715);
#6714 = CARTESIAN_POINT('',(0.,3.5));
#6715 = VECTOR('',#6716,1.);
#6716 = DIRECTION('',(1.,0.));
#6717 = ( GEOMETRIC_REPRESENTATION_CONTEXT(2) 
PARAMETRIC_REPRESENTATION_CONTEXT() REPRESENTATION_CONTEXT('2D SPACE',''
  ) );
#6718 = PCURVE('',#1549,#6719);
#6719 = DEFINITIONAL_REPRESENTATION('',(#6720),#6724);
#6720 = LINE('',#6721,#6722);
#6721 = CARTESIAN_POINT('',(0.,0.));
#6722 = VECTOR('',#6723,1.);
#6723 = DIRECTION('',(1.,0.));
#6724 = ( GEOMETRIC_REPRESENTATION_CONTEXT(2) 
PARAMETRIC_REPRESENTATION_CONTEXT() REPRESENTATION_CONTEXT('2D SPACE',''
  ) );
#6725 = ORIENTED_EDGE('',*,*,#6726,.T.);
#6726 = EDGE_CURVE('',#6704,#6727,#6729,.T.);
#6727 = VERTEX_POINT('',#6728);
#6728 = CARTESIAN_POINT('',(-22.5,86.1,36.2));
#6729 = SURFACE_CURVE('',#6730,(#6734,#6740),.PCURVE_S1.);
#6730 = LINE('',#6731,#6732);
#6731 = CARTESIAN_POINT('',(-56.5,86.1,36.2));
#6732 = VECTOR('',#6733,1.);
#6733 = DIRECTION('',(-1.,0.,0.));
#6734 = PCURVE('',#1473,#6735);
#6735 = DEFINITIONAL_REPRESENTATION('',(#6736),#6739);
#6736 = B_SPLINE_CURVE_WITH_KNOTS('',1,(#6737,#6738),.UNSPECIFIED.,.F.,
  .F.,(2,2),(-37.5,-34.),.PIECEWISE_BEZIER_KNOTS.);
#6737 = CARTESIAN_POINT('',(1.,3.5));
#6738 = CARTESIAN_POINT('',(1.,0.));
#6739 = ( GEOMETRIC_REPRESENTATION_CONTEXT(2) 
PARAMETRIC_REPRESENTATION_CONTEXT() REPRESENTATION_CONTEXT('2D SPACE',''
  ) );
#6740 = PCURVE('',#5984,#6741);
#6741 = DEFINITIONAL_REPRESENTATION('',(#6742),#6745);
#6742 = B_SPLINE_CURVE_WITH_KNOTS('',1,(#6743,#6744),.UNSPECIFIED.,.F.,
  .F.,(2,2),(-37.5,-34.),.PIECEWISE_BEZIER_KNOTS.);
#6743 = CARTESIAN_POINT('',(71.5,83.6));
#6744 = CARTESIAN_POINT('',(68.,83.6));
#6745 = ( GEOMETRIC_REPRESENTATION_CONTEXT(2) 
PARAMETRIC_REPRESENTATION_CONTEXT() REPRESENTATION_CONTEXT('2D SPACE',''
  ) );
#6746 = ORIENTED_EDGE('',*,*,#6747,.T.);
#6747 = EDGE_CURVE('',#6727,#1459,#6748,.T.);
#6748 = SURFACE_CURVE('',#6749,(#6753,#6760),.PCURVE_S1.);
#6749 = LINE('',#6750,#6751);
#6750 = CARTESIAN_POINT('',(-22.5,86.1,35.2));
#6751 = VECTOR('',#6752,1.);
#6752 = DIRECTION('',(0.,0.,1.));
#6753 = PCURVE('',#1473,#6754);
#6754 = DEFINITIONAL_REPRESENTATION('',(#6755),#6759);
#6755 = LINE('',#6756,#6757);
#6756 = CARTESIAN_POINT('',(0.,0.));
#6757 = VECTOR('',#6758,1.);
#6758 = DIRECTION('',(1.,0.));
#6759 = ( GEOMETRIC_REPRESENTATION_CONTEXT(2) 
PARAMETRIC_REPRESENTATION_CONTEXT() REPRESENTATION_CONTEXT('2D SPACE',''
  ) );
#6760 = PCURVE('',#1499,#6761);
#6761 = DEFINITIONAL_REPRESENTATION('',(#6762),#6766);
#6762 = LINE('',#6763,#6764);
#6763 = CARTESIAN_POINT('',(0.,0.));
#6764 = VECTOR('',#6765,1.);
#6765 = DIRECTION('',(1.,0.));
#6766 = ( GEOMETRIC_REPRESENTATION_CONTEXT(2) 
PARAMETRIC_REPRESENTATION_CONTEXT() REPRESENTATION_CONTEXT('2D SPACE',''
  ) );
#6767 = ORIENTED_EDGE('',*,*,#1456,.F.);
#6768 = ADVANCED_FACE('',(#6769),#1549,.F.);
#6769 = FACE_BOUND('',#6770,.F.);
#6770 = EDGE_LOOP('',(#6771,#6772,#6793,#6814));
#6771 = ORIENTED_EDGE('',*,*,#6703,.F.);
#6772 = ORIENTED_EDGE('',*,*,#6773,.T.);
#6773 = EDGE_CURVE('',#6704,#6774,#6776,.T.);
#6774 = VERTEX_POINT('',#6775);
#6775 = CARTESIAN_POINT('',(-19.,123.8,36.2));
#6776 = SURFACE_CURVE('',#6777,(#6781,#6787),.PCURVE_S1.);
#6777 = LINE('',#6778,#6779);
#6778 = CARTESIAN_POINT('',(-19.,44.3,36.2));
#6779 = VECTOR('',#6780,1.);
#6780 = DIRECTION('',(0.,1.,0.));
#6781 = PCURVE('',#1549,#6782);
#6782 = DEFINITIONAL_REPRESENTATION('',(#6783),#6786);
#6783 = B_SPLINE_CURVE_WITH_KNOTS('',1,(#6784,#6785),.UNSPECIFIED.,.F.,
  .F.,(2,2),(41.8,79.5),.PIECEWISE_BEZIER_KNOTS.);
#6784 = CARTESIAN_POINT('',(1.,0.));
#6785 = CARTESIAN_POINT('',(1.,-37.7));
#6786 = ( GEOMETRIC_REPRESENTATION_CONTEXT(2) 
PARAMETRIC_REPRESENTATION_CONTEXT() REPRESENTATION_CONTEXT('2D SPACE',''
  ) );
#6787 = PCURVE('',#5984,#6788);
#6788 = DEFINITIONAL_REPRESENTATION('',(#6789),#6792);
#6789 = B_SPLINE_CURVE_WITH_KNOTS('',1,(#6790,#6791),.UNSPECIFIED.,.F.,
  .F.,(2,2),(41.8,79.5),.PIECEWISE_BEZIER_KNOTS.);
#6790 = CARTESIAN_POINT('',(71.5,83.6));
#6791 = CARTESIAN_POINT('',(71.5,121.3));
#6792 = ( GEOMETRIC_REPRESENTATION_CONTEXT(2) 
PARAMETRIC_REPRESENTATION_CONTEXT() REPRESENTATION_CONTEXT('2D SPACE',''
  ) );
#6793 = ORIENTED_EDGE('',*,*,#6794,.T.);
#6794 = EDGE_CURVE('',#6774,#1511,#6795,.T.);
#6795 = SURFACE_CURVE('',#6796,(#6800,#6807),.PCURVE_S1.);
#6796 = LINE('',#6797,#6798);
#6797 = CARTESIAN_POINT('',(-19.,123.8,35.2));
#6798 = VECTOR('',#6799,1.);
#6799 = DIRECTION('',(0.,0.,1.));
#6800 = PCURVE('',#1549,#6801);
#6801 = DEFINITIONAL_REPRESENTATION('',(#6802),#6806);
#6802 = LINE('',#6803,#6804);
#6803 = CARTESIAN_POINT('',(0.,-37.7));
#6804 = VECTOR('',#6805,1.);
#6805 = DIRECTION('',(1.,0.));
#6806 = ( GEOMETRIC_REPRESENTATION_CONTEXT(2) 
PARAMETRIC_REPRESENTATION_CONTEXT() REPRESENTATION_CONTEXT('2D SPACE',''
  ) );
#6807 = PCURVE('',#1525,#6808);
#6808 = DEFINITIONAL_REPRESENTATION('',(#6809),#6813);
#6809 = LINE('',#6810,#6811);
#6810 = CARTESIAN_POINT('',(0.,3.5));
#6811 = VECTOR('',#6812,1.);
#6812 = DIRECTION('',(1.,0.));
#6813 = ( GEOMETRIC_REPRESENTATION_CONTEXT(2) 
PARAMETRIC_REPRESENTATION_CONTEXT() REPRESENTATION_CONTEXT('2D SPACE',''
  ) );
#6814 = ORIENTED_EDGE('',*,*,#1536,.F.);
#6815 = ADVANCED_FACE('',(#6816),#1499,.T.);
#6816 = FACE_BOUND('',#6817,.T.);
#6817 = EDGE_LOOP('',(#6818,#6819,#6840,#6861));
#6818 = ORIENTED_EDGE('',*,*,#6747,.F.);
#6819 = ORIENTED_EDGE('',*,*,#6820,.T.);
#6820 = EDGE_CURVE('',#6727,#6821,#6823,.T.);
#6821 = VERTEX_POINT('',#6822);
#6822 = CARTESIAN_POINT('',(-22.5,123.8,36.2));
#6823 = SURFACE_CURVE('',#6824,(#6828,#6834),.PCURVE_S1.);
#6824 = LINE('',#6825,#6826);
#6825 = CARTESIAN_POINT('',(-22.5,44.3,36.2));
#6826 = VECTOR('',#6827,1.);
#6827 = DIRECTION('',(0.,1.,0.));
#6828 = PCURVE('',#1499,#6829);
#6829 = DEFINITIONAL_REPRESENTATION('',(#6830),#6833);
#6830 = B_SPLINE_CURVE_WITH_KNOTS('',1,(#6831,#6832),.UNSPECIFIED.,.F.,
  .F.,(2,2),(41.8,79.5),.PIECEWISE_BEZIER_KNOTS.);
#6831 = CARTESIAN_POINT('',(1.,0.));
#6832 = CARTESIAN_POINT('',(1.,-37.7));
#6833 = ( GEOMETRIC_REPRESENTATION_CONTEXT(2) 
PARAMETRIC_REPRESENTATION_CONTEXT() REPRESENTATION_CONTEXT('2D SPACE',''
  ) );
#6834 = PCURVE('',#5984,#6835);
#6835 = DEFINITIONAL_REPRESENTATION('',(#6836),#6839);
#6836 = B_SPLINE_CURVE_WITH_KNOTS('',1,(#6837,#6838),.UNSPECIFIED.,.F.,
  .F.,(2,2),(41.8,79.5),.PIECEWISE_BEZIER_KNOTS.);
#6837 = CARTESIAN_POINT('',(68.,83.6));
#6838 = CARTESIAN_POINT('',(68.,121.3));
#6839 = ( GEOMETRIC_REPRESENTATION_CONTEXT(2) 
PARAMETRIC_REPRESENTATION_CONTEXT() REPRESENTATION_CONTEXT('2D SPACE',''
  ) );
#6840 = ORIENTED_EDGE('',*,*,#6841,.T.);
#6841 = EDGE_CURVE('',#6821,#1485,#6842,.T.);
#6842 = SURFACE_CURVE('',#6843,(#6847,#6854),.PCURVE_S1.);
#6843 = LINE('',#6844,#6845);
#6844 = CARTESIAN_POINT('',(-22.5,123.8,35.2));
#6845 = VECTOR('',#6846,1.);
#6846 = DIRECTION('',(0.,0.,1.));
#6847 = PCURVE('',#1499,#6848);
#6848 = DEFINITIONAL_REPRESENTATION('',(#6849),#6853);
#6849 = LINE('',#6850,#6851);
#6850 = CARTESIAN_POINT('',(0.,-37.7));
#6851 = VECTOR('',#6852,1.);
#6852 = DIRECTION('',(1.,0.));
#6853 = ( GEOMETRIC_REPRESENTATION_CONTEXT(2) 
PARAMETRIC_REPRESENTATION_CONTEXT() REPRESENTATION_CONTEXT('2D SPACE',''
  ) );
#6854 = PCURVE('',#1525,#6855);
#6855 = DEFINITIONAL_REPRESENTATION('',(#6856),#6860);
#6856 = LINE('',#6857,#6858);
#6857 = CARTESIAN_POINT('',(0.,0.));
#6858 = VECTOR('',#6859,1.);
#6859 = DIRECTION('',(1.,0.));
#6860 = ( GEOMETRIC_REPRESENTATION_CONTEXT(2) 
PARAMETRIC_REPRESENTATION_CONTEXT() REPRESENTATION_CONTEXT('2D SPACE',''
  ) );
#6861 = ORIENTED_EDGE('',*,*,#1484,.F.);
#6862 = ADVANCED_FACE('',(#6863),#1525,.F.);
#6863 = FACE_BOUND('',#6864,.F.);
#6864 = EDGE_LOOP('',(#6865,#6866,#6885,#6886));
#6865 = ORIENTED_EDGE('',*,*,#6794,.F.);
#6866 = ORIENTED_EDGE('',*,*,#6867,.T.);
#6867 = EDGE_CURVE('',#6774,#6821,#6868,.T.);
#6868 = SURFACE_CURVE('',#6869,(#6873,#6879),.PCURVE_S1.);
#6869 = LINE('',#6870,#6871);
#6870 = CARTESIAN_POINT('',(-56.5,123.8,36.2));
#6871 = VECTOR('',#6872,1.);
#6872 = DIRECTION('',(-1.,0.,0.));
#6873 = PCURVE('',#1525,#6874);
#6874 = DEFINITIONAL_REPRESENTATION('',(#6875),#6878);
#6875 = B_SPLINE_CURVE_WITH_KNOTS('',1,(#6876,#6877),.UNSPECIFIED.,.F.,
  .F.,(2,2),(-37.5,-34.),.PIECEWISE_BEZIER_KNOTS.);
#6876 = CARTESIAN_POINT('',(1.,3.5));
#6877 = CARTESIAN_POINT('',(1.,0.));
#6878 = ( GEOMETRIC_REPRESENTATION_CONTEXT(2) 
PARAMETRIC_REPRESENTATION_CONTEXT() REPRESENTATION_CONTEXT('2D SPACE',''
  ) );
#6879 = PCURVE('',#5984,#6880);
#6880 = DEFINITIONAL_REPRESENTATION('',(#6881),#6884);
#6881 = B_SPLINE_CURVE_WITH_KNOTS('',1,(#6882,#6883),.UNSPECIFIED.,.F.,
  .F.,(2,2),(-37.5,-34.),.PIECEWISE_BEZIER_KNOTS.);
#6882 = CARTESIAN_POINT('',(71.5,121.3));
#6883 = CARTESIAN_POINT('',(68.,121.3));
#6884 = ( GEOMETRIC_REPRESENTATION_CONTEXT(2) 
PARAMETRIC_REPRESENTATION_CONTEXT() REPRESENTATION_CONTEXT('2D SPACE',''
  ) );
#6885 = ORIENTED_EDGE('',*,*,#6841,.T.);
#6886 = ORIENTED_EDGE('',*,*,#1510,.F.);
#6887 = ADVANCED_FACE('',(#6888),#1579,.T.);
#6888 = FACE_BOUND('',#6889,.T.);
#6889 = EDGE_LOOP('',(#6890,#6913,#6934,#6955));
#6890 = ORIENTED_EDGE('',*,*,#6891,.F.);
#6891 = EDGE_CURVE('',#6892,#1563,#6894,.T.);
#6892 = VERTEX_POINT('',#6893);
#6893 = CARTESIAN_POINT('',(-10.,86.1,36.2));
#6894 = SURFACE_CURVE('',#6895,(#6899,#6906),.PCURVE_S1.);
#6895 = LINE('',#6896,#6897);
#6896 = CARTESIAN_POINT('',(-10.,86.1,35.2));
#6897 = VECTOR('',#6898,1.);
#6898 = DIRECTION('',(0.,0.,1.));
#6899 = PCURVE('',#1579,#6900);
#6900 = DEFINITIONAL_REPRESENTATION('',(#6901),#6905);
#6901 = LINE('',#6902,#6903);
#6902 = CARTESIAN_POINT('',(0.,3.5));
#6903 = VECTOR('',#6904,1.);
#6904 = DIRECTION('',(1.,0.));
#6905 = ( GEOMETRIC_REPRESENTATION_CONTEXT(2) 
PARAMETRIC_REPRESENTATION_CONTEXT() REPRESENTATION_CONTEXT('2D SPACE',''
  ) );
#6906 = PCURVE('',#1655,#6907);
#6907 = DEFINITIONAL_REPRESENTATION('',(#6908),#6912);
#6908 = LINE('',#6909,#6910);
#6909 = CARTESIAN_POINT('',(0.,0.));
#6910 = VECTOR('',#6911,1.);
#6911 = DIRECTION('',(1.,0.));
#6912 = ( GEOMETRIC_REPRESENTATION_CONTEXT(2) 
PARAMETRIC_REPRESENTATION_CONTEXT() REPRESENTATION_CONTEXT('2D SPACE',''
  ) );
#6913 = ORIENTED_EDGE('',*,*,#6914,.T.);
#6914 = EDGE_CURVE('',#6892,#6915,#6917,.T.);
#6915 = VERTEX_POINT('',#6916);
#6916 = CARTESIAN_POINT('',(-13.5,86.1,36.2));
#6917 = SURFACE_CURVE('',#6918,(#6922,#6928),.PCURVE_S1.);
#6918 = LINE('',#6919,#6920);
#6919 = CARTESIAN_POINT('',(-52.,86.1,36.2));
#6920 = VECTOR('',#6921,1.);
#6921 = DIRECTION('',(-1.,0.,0.));
#6922 = PCURVE('',#1579,#6923);
#6923 = DEFINITIONAL_REPRESENTATION('',(#6924),#6927);
#6924 = B_SPLINE_CURVE_WITH_KNOTS('',1,(#6925,#6926),.UNSPECIFIED.,.F.,
  .F.,(2,2),(-42.,-38.5),.PIECEWISE_BEZIER_KNOTS.);
#6925 = CARTESIAN_POINT('',(1.,3.5));
#6926 = CARTESIAN_POINT('',(1.,0.));
#6927 = ( GEOMETRIC_REPRESENTATION_CONTEXT(2) 
PARAMETRIC_REPRESENTATION_CONTEXT() REPRESENTATION_CONTEXT('2D SPACE',''
  ) );
#6928 = PCURVE('',#5984,#6929);
#6929 = DEFINITIONAL_REPRESENTATION('',(#6930),#6933);
#6930 = B_SPLINE_CURVE_WITH_KNOTS('',1,(#6931,#6932),.UNSPECIFIED.,.F.,
  .F.,(2,2),(-42.,-38.5),.PIECEWISE_BEZIER_KNOTS.);
#6931 = CARTESIAN_POINT('',(80.5,83.6));
#6932 = CARTESIAN_POINT('',(77.,83.6));
#6933 = ( GEOMETRIC_REPRESENTATION_CONTEXT(2) 
PARAMETRIC_REPRESENTATION_CONTEXT() REPRESENTATION_CONTEXT('2D SPACE',''
  ) );
#6934 = ORIENTED_EDGE('',*,*,#6935,.T.);
#6935 = EDGE_CURVE('',#6915,#1565,#6936,.T.);
#6936 = SURFACE_CURVE('',#6937,(#6941,#6948),.PCURVE_S1.);
#6937 = LINE('',#6938,#6939);
#6938 = CARTESIAN_POINT('',(-13.5,86.1,35.2));
#6939 = VECTOR('',#6940,1.);
#6940 = DIRECTION('',(0.,0.,1.));
#6941 = PCURVE('',#1579,#6942);
#6942 = DEFINITIONAL_REPRESENTATION('',(#6943),#6947);
#6943 = LINE('',#6944,#6945);
#6944 = CARTESIAN_POINT('',(0.,0.));
#6945 = VECTOR('',#6946,1.);
#6946 = DIRECTION('',(1.,0.));
#6947 = ( GEOMETRIC_REPRESENTATION_CONTEXT(2) 
PARAMETRIC_REPRESENTATION_CONTEXT() REPRESENTATION_CONTEXT('2D SPACE',''
  ) );
#6948 = PCURVE('',#1605,#6949);
#6949 = DEFINITIONAL_REPRESENTATION('',(#6950),#6954);
#6950 = LINE('',#6951,#6952);
#6951 = CARTESIAN_POINT('',(0.,0.));
#6952 = VECTOR('',#6953,1.);
#6953 = DIRECTION('',(1.,0.));
#6954 = ( GEOMETRIC_REPRESENTATION_CONTEXT(2) 
PARAMETRIC_REPRESENTATION_CONTEXT() REPRESENTATION_CONTEXT('2D SPACE',''
  ) );
#6955 = ORIENTED_EDGE('',*,*,#1562,.F.);
#6956 = ADVANCED_FACE('',(#6957),#1655,.F.);
#6957 = FACE_BOUND('',#6958,.F.);
#6958 = EDGE_LOOP('',(#6959,#6960,#6981,#7002));
#6959 = ORIENTED_EDGE('',*,*,#6891,.F.);
#6960 = ORIENTED_EDGE('',*,*,#6961,.T.);
#6961 = EDGE_CURVE('',#6892,#6962,#6964,.T.);
#6962 = VERTEX_POINT('',#6963);
#6963 = CARTESIAN_POINT('',(-10.,123.8,36.2));
#6964 = SURFACE_CURVE('',#6965,(#6969,#6975),.PCURVE_S1.);
#6965 = LINE('',#6966,#6967);
#6966 = CARTESIAN_POINT('',(-10.,44.3,36.2));
#6967 = VECTOR('',#6968,1.);
#6968 = DIRECTION('',(0.,1.,0.));
#6969 = PCURVE('',#1655,#6970);
#6970 = DEFINITIONAL_REPRESENTATION('',(#6971),#6974);
#6971 = B_SPLINE_CURVE_WITH_KNOTS('',1,(#6972,#6973),.UNSPECIFIED.,.F.,
  .F.,(2,2),(41.8,79.5),.PIECEWISE_BEZIER_KNOTS.);
#6972 = CARTESIAN_POINT('',(1.,0.));
#6973 = CARTESIAN_POINT('',(1.,-37.7));
#6974 = ( GEOMETRIC_REPRESENTATION_CONTEXT(2) 
PARAMETRIC_REPRESENTATION_CONTEXT() REPRESENTATION_CONTEXT('2D SPACE',''
  ) );
#6975 = PCURVE('',#5984,#6976);
#6976 = DEFINITIONAL_REPRESENTATION('',(#6977),#6980);
#6977 = B_SPLINE_CURVE_WITH_KNOTS('',1,(#6978,#6979),.UNSPECIFIED.,.F.,
  .F.,(2,2),(41.8,79.5),.PIECEWISE_BEZIER_KNOTS.);
#6978 = CARTESIAN_POINT('',(80.5,83.6));
#6979 = CARTESIAN_POINT('',(80.5,121.3));
#6980 = ( GEOMETRIC_REPRESENTATION_CONTEXT(2) 
PARAMETRIC_REPRESENTATION_CONTEXT() REPRESENTATION_CONTEXT('2D SPACE',''
  ) );
#6981 = ORIENTED_EDGE('',*,*,#6982,.T.);
#6982 = EDGE_CURVE('',#6962,#1617,#6983,.T.);
#6983 = SURFACE_CURVE('',#6984,(#6988,#6995),.PCURVE_S1.);
#6984 = LINE('',#6985,#6986);
#6985 = CARTESIAN_POINT('',(-10.,123.8,35.2));
#6986 = VECTOR('',#6987,1.);
#6987 = DIRECTION('',(0.,0.,1.));
#6988 = PCURVE('',#1655,#6989);
#6989 = DEFINITIONAL_REPRESENTATION('',(#6990),#6994);
#6990 = LINE('',#6991,#6992);
#6991 = CARTESIAN_POINT('',(0.,-37.7));
#6992 = VECTOR('',#6993,1.);
#6993 = DIRECTION('',(1.,0.));
#6994 = ( GEOMETRIC_REPRESENTATION_CONTEXT(2) 
PARAMETRIC_REPRESENTATION_CONTEXT() REPRESENTATION_CONTEXT('2D SPACE',''
  ) );
#6995 = PCURVE('',#1631,#6996);
#6996 = DEFINITIONAL_REPRESENTATION('',(#6997),#7001);
#6997 = LINE('',#6998,#6999);
#6998 = CARTESIAN_POINT('',(0.,3.5));
#6999 = VECTOR('',#7000,1.);
#7000 = DIRECTION('',(1.,0.));
#7001 = ( GEOMETRIC_REPRESENTATION_CONTEXT(2) 
PARAMETRIC_REPRESENTATION_CONTEXT() REPRESENTATION_CONTEXT('2D SPACE',''
  ) );
#7002 = ORIENTED_EDGE('',*,*,#1642,.F.);
#7003 = ADVANCED_FACE('',(#7004),#1605,.T.);
#7004 = FACE_BOUND('',#7005,.T.);
#7005 = EDGE_LOOP('',(#7006,#7007,#7028,#7049));
#7006 = ORIENTED_EDGE('',*,*,#6935,.F.);
#7007 = ORIENTED_EDGE('',*,*,#7008,.T.);
#7008 = EDGE_CURVE('',#6915,#7009,#7011,.T.);
#7009 = VERTEX_POINT('',#7010);
#7010 = CARTESIAN_POINT('',(-13.5,123.8,36.2));
#7011 = SURFACE_CURVE('',#7012,(#7016,#7022),.PCURVE_S1.);
#7012 = LINE('',#7013,#7014);
#7013 = CARTESIAN_POINT('',(-13.5,44.3,36.2));
#7014 = VECTOR('',#7015,1.);
#7015 = DIRECTION('',(0.,1.,0.));
#7016 = PCURVE('',#1605,#7017);
#7017 = DEFINITIONAL_REPRESENTATION('',(#7018),#7021);
#7018 = B_SPLINE_CURVE_WITH_KNOTS('',1,(#7019,#7020),.UNSPECIFIED.,.F.,
  .F.,(2,2),(41.8,79.5),.PIECEWISE_BEZIER_KNOTS.);
#7019 = CARTESIAN_POINT('',(1.,0.));
#7020 = CARTESIAN_POINT('',(1.,-37.7));
#7021 = ( GEOMETRIC_REPRESENTATION_CONTEXT(2) 
PARAMETRIC_REPRESENTATION_CONTEXT() REPRESENTATION_CONTEXT('2D SPACE',''
  ) );
#7022 = PCURVE('',#5984,#7023);
#7023 = DEFINITIONAL_REPRESENTATION('',(#7024),#7027);
#7024 = B_SPLINE_CURVE_WITH_KNOTS('',1,(#7025,#7026),.UNSPECIFIED.,.F.,
  .F.,(2,2),(41.8,79.5),.PIECEWISE_BEZIER_KNOTS.);
#7025 = CARTESIAN_POINT('',(77.,83.6));
#7026 = CARTESIAN_POINT('',(77.,121.3));
#7027 = ( GEOMETRIC_REPRESENTATION_CONTEXT(2) 
PARAMETRIC_REPRESENTATION_CONTEXT() REPRESENTATION_CONTEXT('2D SPACE',''
  ) );
#7028 = ORIENTED_EDGE('',*,*,#7029,.T.);
#7029 = EDGE_CURVE('',#7009,#1591,#7030,.T.);
#7030 = SURFACE_CURVE('',#7031,(#7035,#7042),.PCURVE_S1.);
#7031 = LINE('',#7032,#7033);
#7032 = CARTESIAN_POINT('',(-13.5,123.8,35.2));
#7033 = VECTOR('',#7034,1.);
#7034 = DIRECTION('',(0.,0.,1.));
#7035 = PCURVE('',#1605,#7036);
#7036 = DEFINITIONAL_REPRESENTATION('',(#7037),#7041);
#7037 = LINE('',#7038,#7039);
#7038 = CARTESIAN_POINT('',(0.,-37.7));
#7039 = VECTOR('',#7040,1.);
#7040 = DIRECTION('',(1.,0.));
#7041 = ( GEOMETRIC_REPRESENTATION_CONTEXT(2) 
PARAMETRIC_REPRESENTATION_CONTEXT() REPRESENTATION_CONTEXT('2D SPACE',''
  ) );
#7042 = PCURVE('',#1631,#7043);
#7043 = DEFINITIONAL_REPRESENTATION('',(#7044),#7048);
#7044 = LINE('',#7045,#7046);
#7045 = CARTESIAN_POINT('',(0.,0.));
#7046 = VECTOR('',#7047,1.);
#7047 = DIRECTION('',(1.,0.));
#7048 = ( GEOMETRIC_REPRESENTATION_CONTEXT(2) 
PARAMETRIC_REPRESENTATION_CONTEXT() REPRESENTATION_CONTEXT('2D SPACE',''
  ) );
#7049 = ORIENTED_EDGE('',*,*,#1590,.F.);
#7050 = ADVANCED_FACE('',(#7051),#1631,.F.);
#7051 = FACE_BOUND('',#7052,.F.);
#7052 = EDGE_LOOP('',(#7053,#7054,#7073,#7074));
#7053 = ORIENTED_EDGE('',*,*,#6982,.F.);
#7054 = ORIENTED_EDGE('',*,*,#7055,.T.);
#7055 = EDGE_CURVE('',#6962,#7009,#7056,.T.);
#7056 = SURFACE_CURVE('',#7057,(#7061,#7067),.PCURVE_S1.);
#7057 = LINE('',#7058,#7059);
#7058 = CARTESIAN_POINT('',(-52.,123.8,36.2));
#7059 = VECTOR('',#7060,1.);
#7060 = DIRECTION('',(-1.,0.,0.));
#7061 = PCURVE('',#1631,#7062);
#7062 = DEFINITIONAL_REPRESENTATION('',(#7063),#7066);
#7063 = B_SPLINE_CURVE_WITH_KNOTS('',1,(#7064,#7065),.UNSPECIFIED.,.F.,
  .F.,(2,2),(-42.,-38.5),.PIECEWISE_BEZIER_KNOTS.);
#7064 = CARTESIAN_POINT('',(1.,3.5));
#7065 = CARTESIAN_POINT('',(1.,0.));
#7066 = ( GEOMETRIC_REPRESENTATION_CONTEXT(2) 
PARAMETRIC_REPRESENTATION_CONTEXT() REPRESENTATION_CONTEXT('2D SPACE',''
  ) );
#7067 = PCURVE('',#5984,#7068);
#7068 = DEFINITIONAL_REPRESENTATION('',(#7069),#7072);
#7069 = B_SPLINE_CURVE_WITH_KNOTS('',1,(#7070,#7071),.UNSPECIFIED.,.F.,
  .F.,(2,2),(-42.,-38.5),.PIECEWISE_BEZIER_KNOTS.);
#7070 = CARTESIAN_POINT('',(80.5,121.3));
#7071 = CARTESIAN_POINT('',(77.,121.3));
#7072 = ( GEOMETRIC_REPRESENTATION_CONTEXT(2) 
PARAMETRIC_REPRESENTATION_CONTEXT() REPRESENTATION_CONTEXT('2D SPACE',''
  ) );
#7073 = ORIENTED_EDGE('',*,*,#7029,.T.);
#7074 = ORIENTED_EDGE('',*,*,#1616,.F.);
#7075 = ADVANCED_FACE('',(#7076),#1689,.F.);
#7076 = FACE_BOUND('',#7077,.T.);
#7077 = EDGE_LOOP('',(#7078,#7106,#7127,#7128));
#7078 = ORIENTED_EDGE('',*,*,#7079,.T.);
#7079 = EDGE_CURVE('',#7080,#7080,#7082,.T.);
#7080 = VERTEX_POINT('',#7081);
#7081 = CARTESIAN_POINT('',(45.85,92.1,36.2));
#7082 = SURFACE_CURVE('',#7083,(#7088,#7095),.PCURVE_S1.);
#7083 = CIRCLE('',#7084,1.35);
#7084 = AXIS2_PLACEMENT_3D('',#7085,#7086,#7087);
#7085 = CARTESIAN_POINT('',(44.5,92.1,36.2));
#7086 = DIRECTION('',(0.,0.,-1.));
#7087 = DIRECTION('',(1.,0.,0.));
#7088 = PCURVE('',#1689,#7089);
#7089 = DEFINITIONAL_REPRESENTATION('',(#7090),#7094);
#7090 = LINE('',#7091,#7092);
#7091 = CARTESIAN_POINT('',(-6.28318530718,-1.));
#7092 = VECTOR('',#7093,1.);
#7093 = DIRECTION('',(1.,-0.));
#7094 = ( GEOMETRIC_REPRESENTATION_CONTEXT(2) 
PARAMETRIC_REPRESENTATION_CONTEXT() REPRESENTATION_CONTEXT('2D SPACE',''
  ) );
#7095 = PCURVE('',#5984,#7096);
#7096 = DEFINITIONAL_REPRESENTATION('',(#7097),#7105);
#7097 = ( BOUNDED_CURVE() B_SPLINE_CURVE(2,(#7098,#7099,#7100,#7101,
#7102,#7103,#7104),.UNSPECIFIED.,.T.,.F.) B_SPLINE_CURVE_WITH_KNOTS((1,2
    ,2,2,2,1),(-2.094395102393,0.,2.094395102393,4.188790204786,
6.28318530718,8.377580409573),.UNSPECIFIED.) CURVE() 
GEOMETRIC_REPRESENTATION_ITEM() RATIONAL_B_SPLINE_CURVE((1.,0.5,1.,0.5,
1.,0.5,1.)) REPRESENTATION_ITEM('') );
#7098 = CARTESIAN_POINT('',(136.35,89.6));
#7099 = CARTESIAN_POINT('',(136.35,87.261731409782));
#7100 = CARTESIAN_POINT('',(134.325,88.430865704891));
#7101 = CARTESIAN_POINT('',(132.3,89.6));
#7102 = CARTESIAN_POINT('',(134.325,90.769134295109));
#7103 = CARTESIAN_POINT('',(136.35,91.938268590218));
#7104 = CARTESIAN_POINT('',(136.35,89.6));
#7105 = ( GEOMETRIC_REPRESENTATION_CONTEXT(2) 
PARAMETRIC_REPRESENTATION_CONTEXT() REPRESENTATION_CONTEXT('2D SPACE',''
  ) );
#7106 = ORIENTED_EDGE('',*,*,#7107,.T.);
#7107 = EDGE_CURVE('',#7080,#1669,#7108,.T.);
#7108 = SEAM_CURVE('',#7109,(#7113,#7120),.PCURVE_S1.);
#7109 = LINE('',#7110,#7111);
#7110 = CARTESIAN_POINT('',(45.85,92.1,35.2));
#7111 = VECTOR('',#7112,1.);
#7112 = DIRECTION('',(0.,0.,1.));
#7113 = PCURVE('',#1689,#7114);
#7114 = DEFINITIONAL_REPRESENTATION('',(#7115),#7119);
#7115 = LINE('',#7116,#7117);
#7116 = CARTESIAN_POINT('',(-6.28318530718,0.));
#7117 = VECTOR('',#7118,1.);
#7118 = DIRECTION('',(-0.,-1.));
#7119 = ( GEOMETRIC_REPRESENTATION_CONTEXT(2) 
PARAMETRIC_REPRESENTATION_CONTEXT() REPRESENTATION_CONTEXT('2D SPACE',''
  ) );
#7120 = PCURVE('',#1689,#7121);
#7121 = DEFINITIONAL_REPRESENTATION('',(#7122),#7126);
#7122 = LINE('',#7123,#7124);
#7123 = CARTESIAN_POINT('',(-0.,0.));
#7124 = VECTOR('',#7125,1.);
#7125 = DIRECTION('',(-0.,-1.));
#7126 = ( GEOMETRIC_REPRESENTATION_CONTEXT(2) 
PARAMETRIC_REPRESENTATION_CONTEXT() REPRESENTATION_CONTEXT('2D SPACE',''
  ) );
#7127 = ORIENTED_EDGE('',*,*,#1668,.F.);
#7128 = ORIENTED_EDGE('',*,*,#7107,.F.);
#7129 = ADVANCED_FACE('',(#7130),#1726,.F.);
#7130 = FACE_BOUND('',#7131,.T.);
#7131 = EDGE_LOOP('',(#7132,#7133,#7154,#7182));
#7132 = ORIENTED_EDGE('',*,*,#1703,.F.);
#7133 = ORIENTED_EDGE('',*,*,#7134,.T.);
#7134 = EDGE_CURVE('',#1704,#7135,#7137,.T.);
#7135 = VERTEX_POINT('',#7136);
#7136 = CARTESIAN_POINT('',(74.476450783303,92.426492941849,36.2));
#7137 = SURFACE_CURVE('',#7138,(#7142,#7148),.PCURVE_S1.);
#7138 = LINE('',#7139,#7140);
#7139 = CARTESIAN_POINT('',(74.476450783303,92.426492941849,35.2));
#7140 = VECTOR('',#7141,1.);
#7141 = DIRECTION('',(-0.,-0.,-1.));
#7142 = PCURVE('',#1726,#7143);
#7143 = DEFINITIONAL_REPRESENTATION('',(#7144),#7147);
#7144 = B_SPLINE_CURVE_WITH_KNOTS('',1,(#7145,#7146),.UNSPECIFIED.,.F.,
  .F.,(2,2),(-3.0000006,-0.9999994),.PIECEWISE_BEZIER_KNOTS.);
#7145 = CARTESIAN_POINT('',(-5.440613142701,-3.0000006));
#7146 = CARTESIAN_POINT('',(-5.440613142701,-0.9999994));
#7147 = ( GEOMETRIC_REPRESENTATION_CONTEXT(2) 
PARAMETRIC_REPRESENTATION_CONTEXT() REPRESENTATION_CONTEXT('2D SPACE',''
  ) );
#7148 = PCURVE('',#1813,#7149);
#7149 = DEFINITIONAL_REPRESENTATION('',(#7150),#7153);
#7150 = B_SPLINE_CURVE_WITH_KNOTS('',1,(#7151,#7152),.UNSPECIFIED.,.F.,
  .F.,(2,2),(-3.0000006,-0.9999994),.PIECEWISE_BEZIER_KNOTS.);
#7151 = CARTESIAN_POINT('',(3.0000006,-3.034313748413));
#7152 = CARTESIAN_POINT('',(0.9999994,-3.034313748413));
#7153 = ( GEOMETRIC_REPRESENTATION_CONTEXT(2) 
PARAMETRIC_REPRESENTATION_CONTEXT() REPRESENTATION_CONTEXT('2D SPACE',''
  ) );
#7154 = ORIENTED_EDGE('',*,*,#7155,.T.);
#7155 = EDGE_CURVE('',#7135,#7156,#7158,.T.);
#7156 = VERTEX_POINT('',#7157);
#7157 = CARTESIAN_POINT('',(46.523549216697,92.426492941849,36.2));
#7158 = SURFACE_CURVE('',#7159,(#7164,#7171),.PCURVE_S1.);
#7159 = CIRCLE('',#7160,21.);
#7160 = AXIS2_PLACEMENT_3D('',#7161,#7162,#7163);
#7161 = CARTESIAN_POINT('',(60.5,108.1,36.2));
#7162 = DIRECTION('',(0.,0.,-1.));
#7163 = DIRECTION('',(1.,0.,0.));
#7164 = PCURVE('',#1726,#7165);
#7165 = DEFINITIONAL_REPRESENTATION('',(#7166),#7170);
#7166 = LINE('',#7167,#7168);
#7167 = CARTESIAN_POINT('',(-6.28318530718,-1.));
#7168 = VECTOR('',#7169,1.);
#7169 = DIRECTION('',(1.,-0.));
#7170 = ( GEOMETRIC_REPRESENTATION_CONTEXT(2) 
PARAMETRIC_REPRESENTATION_CONTEXT() REPRESENTATION_CONTEXT('2D SPACE',''
  ) );
#7171 = PCURVE('',#5984,#7172);
#7172 = DEFINITIONAL_REPRESENTATION('',(#7173),#7181);
#7173 = ( BOUNDED_CURVE() B_SPLINE_CURVE(2,(#7174,#7175,#7176,#7177,
#7178,#7179,#7180),.UNSPECIFIED.,.T.,.F.) B_SPLINE_CURVE_WITH_KNOTS((1,2
    ,2,2,2,1),(-2.094395102393,0.,2.094395102393,4.188790204786,
6.28318530718,8.377580409573),.UNSPECIFIED.) CURVE() 
GEOMETRIC_REPRESENTATION_ITEM() RATIONAL_B_SPLINE_CURVE((1.,0.5,1.,0.5,
1.,0.5,1.)) REPRESENTATION_ITEM('') );
#7174 = CARTESIAN_POINT('',(172.,105.6));
#7175 = CARTESIAN_POINT('',(172.,69.226933041054));
#7176 = CARTESIAN_POINT('',(140.5,87.413466520527));
#7177 = CARTESIAN_POINT('',(109.,105.6));
#7178 = CARTESIAN_POINT('',(140.5,123.78653347947));
#7179 = CARTESIAN_POINT('',(172.,141.97306695894));
#7180 = CARTESIAN_POINT('',(172.,105.6));
#7181 = ( GEOMETRIC_REPRESENTATION_CONTEXT(2) 
PARAMETRIC_REPRESENTATION_CONTEXT() REPRESENTATION_CONTEXT('2D SPACE',''
  ) );
#7182 = ORIENTED_EDGE('',*,*,#7183,.F.);
#7183 = EDGE_CURVE('',#1706,#7156,#7184,.T.);
#7184 = SURFACE_CURVE('',#7185,(#7189,#7195),.PCURVE_S1.);
#7185 = LINE('',#7186,#7187);
#7186 = CARTESIAN_POINT('',(46.523549216697,92.426492941849,35.2));
#7187 = VECTOR('',#7188,1.);
#7188 = DIRECTION('',(-0.,-0.,-1.));
#7189 = PCURVE('',#1726,#7190);
#7190 = DEFINITIONAL_REPRESENTATION('',(#7191),#7194);
#7191 = B_SPLINE_CURVE_WITH_KNOTS('',1,(#7192,#7193),.UNSPECIFIED.,.F.,
  .F.,(2,2),(-3.0000006,-0.9999994),.PIECEWISE_BEZIER_KNOTS.);
#7192 = CARTESIAN_POINT('',(-3.984164818068,-3.0000006));
#7193 = CARTESIAN_POINT('',(-3.984164818068,-0.9999994));
#7194 = ( GEOMETRIC_REPRESENTATION_CONTEXT(2) 
PARAMETRIC_REPRESENTATION_CONTEXT() REPRESENTATION_CONTEXT('2D SPACE',''
  ) );
#7195 = PCURVE('',#1754,#7196);
#7196 = DEFINITIONAL_REPRESENTATION('',(#7197),#7200);
#7197 = B_SPLINE_CURVE_WITH_KNOTS('',1,(#7198,#7199),.UNSPECIFIED.,.F.,
  .F.,(2,2),(-3.0000006,-0.9999994),.PIECEWISE_BEZIER_KNOTS.);
#7198 = CARTESIAN_POINT('',(3.0000006,-44.96568625158));
#7199 = CARTESIAN_POINT('',(0.9999994,-44.96568625158));
#7200 = ( GEOMETRIC_REPRESENTATION_CONTEXT(2) 
PARAMETRIC_REPRESENTATION_CONTEXT() REPRESENTATION_CONTEXT('2D SPACE',''
  ) );
#7201 = ADVANCED_FACE('',(#7202),#1813,.F.);
#7202 = FACE_BOUND('',#7203,.F.);
#7203 = EDGE_LOOP('',(#7204,#7205,#7206,#7228));
#7204 = ORIENTED_EDGE('',*,*,#1799,.F.);
#7205 = ORIENTED_EDGE('',*,*,#7134,.T.);
#7206 = ORIENTED_EDGE('',*,*,#7207,.F.);
#7207 = EDGE_CURVE('',#7208,#7135,#7210,.T.);
#7208 = VERTEX_POINT('',#7209);
#7209 = CARTESIAN_POINT('',(73.059678304901,93.843265420252,36.2));
#7210 = SURFACE_CURVE('',#7211,(#7215,#7221),.PCURVE_S1.);
#7211 = LINE('',#7212,#7213);
#7212 = CARTESIAN_POINT('',(68.136753236815,98.766190488338,36.2));
#7213 = VECTOR('',#7214,1.);
#7214 = DIRECTION('',(0.707106781187,-0.707106781187,0.));
#7215 = PCURVE('',#1813,#7216);
#7216 = DEFINITIONAL_REPRESENTATION('',(#7217),#7220);
#7217 = B_SPLINE_CURVE_WITH_KNOTS('',1,(#7218,#7219),.UNSPECIFIED.,.F.,
  .F.,(2,2),(-36.,12.),.PIECEWISE_BEZIER_KNOTS.);
#7218 = CARTESIAN_POINT('',(1.,-48.));
#7219 = CARTESIAN_POINT('',(1.,0.));
#7220 = ( GEOMETRIC_REPRESENTATION_CONTEXT(2) 
PARAMETRIC_REPRESENTATION_CONTEXT() REPRESENTATION_CONTEXT('2D SPACE',''
  ) );
#7221 = PCURVE('',#5984,#7222);
#7222 = DEFINITIONAL_REPRESENTATION('',(#7223),#7227);
#7223 = LINE('',#7224,#7225);
#7224 = CARTESIAN_POINT('',(158.63675323681,96.266190488338));
#7225 = VECTOR('',#7226,1.);
#7226 = DIRECTION('',(0.707106781187,-0.707106781187));
#7227 = ( GEOMETRIC_REPRESENTATION_CONTEXT(2) 
PARAMETRIC_REPRESENTATION_CONTEXT() REPRESENTATION_CONTEXT('2D SPACE',''
  ) );
#7228 = ORIENTED_EDGE('',*,*,#7229,.F.);
#7229 = EDGE_CURVE('',#1767,#7208,#7230,.T.);
#7230 = SURFACE_CURVE('',#7231,(#7235,#7241),.PCURVE_S1.);
#7231 = LINE('',#7232,#7233);
#7232 = CARTESIAN_POINT('',(73.059678304901,93.843265420251,34.2));
#7233 = VECTOR('',#7234,1.);
#7234 = DIRECTION('',(-0.,-0.,-1.));
#7235 = PCURVE('',#1813,#7236);
#7236 = DEFINITIONAL_REPRESENTATION('',(#7237),#7240);
#7237 = B_SPLINE_CURVE_WITH_KNOTS('',1,(#7238,#7239),.UNSPECIFIED.,.F.,
  .F.,(2,2),(-4.0000006,-1.9999994),.PIECEWISE_BEZIER_KNOTS.);
#7238 = CARTESIAN_POINT('',(3.0000006,-5.037932602166));
#7239 = CARTESIAN_POINT('',(0.9999994,-5.037932602166));
#7240 = ( GEOMETRIC_REPRESENTATION_CONTEXT(2) 
PARAMETRIC_REPRESENTATION_CONTEXT() REPRESENTATION_CONTEXT('2D SPACE',''
  ) );
#7241 = PCURVE('',#1787,#7242);
#7242 = DEFINITIONAL_REPRESENTATION('',(#7243),#7246);
#7243 = B_SPLINE_CURVE_WITH_KNOTS('',1,(#7244,#7245),.UNSPECIFIED.,.F.,
  .F.,(2,2),(-4.0000006,-1.9999994),.PIECEWISE_BEZIER_KNOTS.);
#7244 = CARTESIAN_POINT('',(-5.434587184868,-4.0000006));
#7245 = CARTESIAN_POINT('',(-5.434587184868,-1.9999994));
#7246 = ( GEOMETRIC_REPRESENTATION_CONTEXT(2) 
PARAMETRIC_REPRESENTATION_CONTEXT() REPRESENTATION_CONTEXT('2D SPACE',''
  ) );
#7247 = ADVANCED_FACE('',(#7248),#1754,.F.);
#7248 = FACE_BOUND('',#7249,.F.);
#7249 = EDGE_LOOP('',(#7250,#7251,#7272,#7292));
#7250 = ORIENTED_EDGE('',*,*,#1738,.F.);
#7251 = ORIENTED_EDGE('',*,*,#7252,.T.);
#7252 = EDGE_CURVE('',#1739,#7253,#7255,.T.);
#7253 = VERTEX_POINT('',#7254);
#7254 = CARTESIAN_POINT('',(47.940321695099,93.843265420252,36.2));
#7255 = SURFACE_CURVE('',#7256,(#7260,#7266),.PCURVE_S1.);
#7256 = LINE('',#7257,#7258);
#7257 = CARTESIAN_POINT('',(47.940321695099,93.843265420251,34.2));
#7258 = VECTOR('',#7259,1.);
#7259 = DIRECTION('',(-0.,-0.,-1.));
#7260 = PCURVE('',#1754,#7261);
#7261 = DEFINITIONAL_REPRESENTATION('',(#7262),#7265);
#7262 = B_SPLINE_CURVE_WITH_KNOTS('',1,(#7263,#7264),.UNSPECIFIED.,.F.,
  .F.,(2,2),(-4.0000006,-1.9999994),.PIECEWISE_BEZIER_KNOTS.);
#7263 = CARTESIAN_POINT('',(3.0000006,-42.96206739783));
#7264 = CARTESIAN_POINT('',(0.9999994,-42.96206739783));
#7265 = ( GEOMETRIC_REPRESENTATION_CONTEXT(2) 
PARAMETRIC_REPRESENTATION_CONTEXT() REPRESENTATION_CONTEXT('2D SPACE',''
  ) );
#7266 = PCURVE('',#1787,#7267);
#7267 = DEFINITIONAL_REPRESENTATION('',(#7268),#7271);
#7268 = B_SPLINE_CURVE_WITH_KNOTS('',1,(#7269,#7270),.UNSPECIFIED.,.F.,
  .F.,(2,2),(-4.0000006,-1.9999994),.PIECEWISE_BEZIER_KNOTS.);
#7269 = CARTESIAN_POINT('',(-3.990190775902,-4.0000006));
#7270 = CARTESIAN_POINT('',(-3.990190775902,-1.9999994));
#7271 = ( GEOMETRIC_REPRESENTATION_CONTEXT(2) 
PARAMETRIC_REPRESENTATION_CONTEXT() REPRESENTATION_CONTEXT('2D SPACE',''
  ) );
#7272 = ORIENTED_EDGE('',*,*,#7273,.F.);
#7273 = EDGE_CURVE('',#7156,#7253,#7274,.T.);
#7274 = SURFACE_CURVE('',#7275,(#7279,#7285),.PCURVE_S1.);
#7275 = LINE('',#7276,#7277);
#7276 = CARTESIAN_POINT('',(69.833809511662,115.73675323681,36.2));
#7277 = VECTOR('',#7278,1.);
#7278 = DIRECTION('',(0.707106781187,0.707106781187,-0.));
#7279 = PCURVE('',#1754,#7280);
#7280 = DEFINITIONAL_REPRESENTATION('',(#7281),#7284);
#7281 = B_SPLINE_CURVE_WITH_KNOTS('',1,(#7282,#7283),.UNSPECIFIED.,.F.,
  .F.,(2,2),(-36.,12.),.PIECEWISE_BEZIER_KNOTS.);
#7282 = CARTESIAN_POINT('',(1.,-48.));
#7283 = CARTESIAN_POINT('',(1.,0.));
#7284 = ( GEOMETRIC_REPRESENTATION_CONTEXT(2) 
PARAMETRIC_REPRESENTATION_CONTEXT() REPRESENTATION_CONTEXT('2D SPACE',''
  ) );
#7285 = PCURVE('',#5984,#7286);
#7286 = DEFINITIONAL_REPRESENTATION('',(#7287),#7291);
#7287 = LINE('',#7288,#7289);
#7288 = CARTESIAN_POINT('',(160.33380951166,113.23675323681));
#7289 = VECTOR('',#7290,1.);
#7290 = DIRECTION('',(0.707106781187,0.707106781187));
#7291 = ( GEOMETRIC_REPRESENTATION_CONTEXT(2) 
PARAMETRIC_REPRESENTATION_CONTEXT() REPRESENTATION_CONTEXT('2D SPACE',''
  ) );
#7292 = ORIENTED_EDGE('',*,*,#7183,.F.);
#7293 = ADVANCED_FACE('',(#7294),#1787,.T.);
#7294 = FACE_BOUND('',#7295,.F.);
#7295 = EDGE_LOOP('',(#7296,#7297,#7298,#7324));
#7296 = ORIENTED_EDGE('',*,*,#1766,.F.);
#7297 = ORIENTED_EDGE('',*,*,#7229,.T.);
#7298 = ORIENTED_EDGE('',*,*,#7299,.T.);
#7299 = EDGE_CURVE('',#7208,#7253,#7300,.T.);
#7300 = SURFACE_CURVE('',#7301,(#7306,#7313),.PCURVE_S1.);
#7301 = CIRCLE('',#7302,19.);
#7302 = AXIS2_PLACEMENT_3D('',#7303,#7304,#7305);
#7303 = CARTESIAN_POINT('',(60.5,108.1,36.2));
#7304 = DIRECTION('',(0.,0.,-1.));
#7305 = DIRECTION('',(1.,0.,0.));
#7306 = PCURVE('',#1787,#7307);
#7307 = DEFINITIONAL_REPRESENTATION('',(#7308),#7312);
#7308 = LINE('',#7309,#7310);
#7309 = CARTESIAN_POINT('',(-6.28318530718,-2.));
#7310 = VECTOR('',#7311,1.);
#7311 = DIRECTION('',(1.,-0.));
#7312 = ( GEOMETRIC_REPRESENTATION_CONTEXT(2) 
PARAMETRIC_REPRESENTATION_CONTEXT() REPRESENTATION_CONTEXT('2D SPACE',''
  ) );
#7313 = PCURVE('',#5984,#7314);
#7314 = DEFINITIONAL_REPRESENTATION('',(#7315),#7323);
#7315 = ( BOUNDED_CURVE() B_SPLINE_CURVE(2,(#7316,#7317,#7318,#7319,
#7320,#7321,#7322),.UNSPECIFIED.,.T.,.F.) B_SPLINE_CURVE_WITH_KNOTS((1,2
    ,2,2,2,1),(-2.094395102393,0.,2.094395102393,4.188790204786,
6.28318530718,8.377580409573),.UNSPECIFIED.) CURVE() 
GEOMETRIC_REPRESENTATION_ITEM() RATIONAL_B_SPLINE_CURVE((1.,0.5,1.,0.5,
1.,0.5,1.)) REPRESENTATION_ITEM('') );
#7316 = CARTESIAN_POINT('',(170.,105.6));
#7317 = CARTESIAN_POINT('',(170.,72.691034656191));
#7318 = CARTESIAN_POINT('',(141.5,89.145517328096));
#7319 = CARTESIAN_POINT('',(113.,105.6));
#7320 = CARTESIAN_POINT('',(141.5,122.0544826719));
#7321 = CARTESIAN_POINT('',(170.,138.5089653438));
#7322 = CARTESIAN_POINT('',(170.,105.6));
#7323 = ( GEOMETRIC_REPRESENTATION_CONTEXT(2) 
PARAMETRIC_REPRESENTATION_CONTEXT() REPRESENTATION_CONTEXT('2D SPACE',''
  ) );
#7324 = ORIENTED_EDGE('',*,*,#7252,.F.);
#7325 = ADVANCED_FACE('',(#7326),#1848,.F.);
#7326 = FACE_BOUND('',#7327,.T.);
#7327 = EDGE_LOOP('',(#7328,#7356,#7377,#7378));
#7328 = ORIENTED_EDGE('',*,*,#7329,.T.);
#7329 = EDGE_CURVE('',#7330,#7330,#7332,.T.);
#7330 = VERTEX_POINT('',#7331);
#7331 = CARTESIAN_POINT('',(77.85,92.1,36.2));
#7332 = SURFACE_CURVE('',#7333,(#7338,#7345),.PCURVE_S1.);
#7333 = CIRCLE('',#7334,1.35);
#7334 = AXIS2_PLACEMENT_3D('',#7335,#7336,#7337);
#7335 = CARTESIAN_POINT('',(76.5,92.1,36.2));
#7336 = DIRECTION('',(0.,0.,-1.));
#7337 = DIRECTION('',(1.,0.,0.));
#7338 = PCURVE('',#1848,#7339);
#7339 = DEFINITIONAL_REPRESENTATION('',(#7340),#7344);
#7340 = LINE('',#7341,#7342);
#7341 = CARTESIAN_POINT('',(-6.28318530718,-1.));
#7342 = VECTOR('',#7343,1.);
#7343 = DIRECTION('',(1.,-0.));
#7344 = ( GEOMETRIC_REPRESENTATION_CONTEXT(2) 
PARAMETRIC_REPRESENTATION_CONTEXT() REPRESENTATION_CONTEXT('2D SPACE',''
  ) );
#7345 = PCURVE('',#5984,#7346);
#7346 = DEFINITIONAL_REPRESENTATION('',(#7347),#7355);
#7347 = ( BOUNDED_CURVE() B_SPLINE_CURVE(2,(#7348,#7349,#7350,#7351,
#7352,#7353,#7354),.UNSPECIFIED.,.T.,.F.) B_SPLINE_CURVE_WITH_KNOTS((1,2
    ,2,2,2,1),(-2.094395102393,0.,2.094395102393,4.188790204786,
6.28318530718,8.377580409573),.UNSPECIFIED.) CURVE() 
GEOMETRIC_REPRESENTATION_ITEM() RATIONAL_B_SPLINE_CURVE((1.,0.5,1.,0.5,
1.,0.5,1.)) REPRESENTATION_ITEM('') );
#7348 = CARTESIAN_POINT('',(168.35,89.6));
#7349 = CARTESIAN_POINT('',(168.35,87.261731409782));
#7350 = CARTESIAN_POINT('',(166.325,88.430865704891));
#7351 = CARTESIAN_POINT('',(164.3,89.6));
#7352 = CARTESIAN_POINT('',(166.325,90.769134295109));
#7353 = CARTESIAN_POINT('',(168.35,91.938268590218));
#7354 = CARTESIAN_POINT('',(168.35,89.6));
#7355 = ( GEOMETRIC_REPRESENTATION_CONTEXT(2) 
PARAMETRIC_REPRESENTATION_CONTEXT() REPRESENTATION_CONTEXT('2D SPACE',''
  ) );
#7356 = ORIENTED_EDGE('',*,*,#7357,.T.);
#7357 = EDGE_CURVE('',#7330,#1828,#7358,.T.);
#7358 = SEAM_CURVE('',#7359,(#7363,#7370),.PCURVE_S1.);
#7359 = LINE('',#7360,#7361);
#7360 = CARTESIAN_POINT('',(77.85,92.1,35.2));
#7361 = VECTOR('',#7362,1.);
#7362 = DIRECTION('',(0.,0.,1.));
#7363 = PCURVE('',#1848,#7364);
#7364 = DEFINITIONAL_REPRESENTATION('',(#7365),#7369);
#7365 = LINE('',#7366,#7367);
#7366 = CARTESIAN_POINT('',(-6.28318530718,0.));
#7367 = VECTOR('',#7368,1.);
#7368 = DIRECTION('',(-0.,-1.));
#7369 = ( GEOMETRIC_REPRESENTATION_CONTEXT(2) 
PARAMETRIC_REPRESENTATION_CONTEXT() REPRESENTATION_CONTEXT('2D SPACE',''
  ) );
#7370 = PCURVE('',#1848,#7371);
#7371 = DEFINITIONAL_REPRESENTATION('',(#7372),#7376);
#7372 = LINE('',#7373,#7374);
#7373 = CARTESIAN_POINT('',(-0.,0.));
#7374 = VECTOR('',#7375,1.);
#7375 = DIRECTION('',(-0.,-1.));
#7376 = ( GEOMETRIC_REPRESENTATION_CONTEXT(2) 
PARAMETRIC_REPRESENTATION_CONTEXT() REPRESENTATION_CONTEXT('2D SPACE',''
  ) );
#7377 = ORIENTED_EDGE('',*,*,#1827,.F.);
#7378 = ORIENTED_EDGE('',*,*,#7357,.F.);
#7379 = ADVANCED_FACE('',(#7380),#1885,.F.);
#7380 = FACE_BOUND('',#7381,.T.);
#7381 = EDGE_LOOP('',(#7382,#7383,#7404,#7432));
#7382 = ORIENTED_EDGE('',*,*,#1862,.F.);
#7383 = ORIENTED_EDGE('',*,*,#7384,.T.);
#7384 = EDGE_CURVE('',#1863,#7385,#7387,.T.);
#7385 = VERTEX_POINT('',#7386);
#7386 = CARTESIAN_POINT('',(70.933315683513,95.96962804164,36.2));
#7387 = SURFACE_CURVE('',#7388,(#7392,#7398),.PCURVE_S1.);
#7388 = LINE('',#7389,#7390);
#7389 = CARTESIAN_POINT('',(70.933315683512,95.96962804164,35.2));
#7390 = VECTOR('',#7391,1.);
#7391 = DIRECTION('',(-0.,-0.,-1.));
#7392 = PCURVE('',#1885,#7393);
#7393 = DEFINITIONAL_REPRESENTATION('',(#7394),#7397);
#7394 = B_SPLINE_CURVE_WITH_KNOTS('',1,(#7395,#7396),.UNSPECIFIED.,.F.,
  .F.,(2,2),(-3.0000006,-0.9999994),.PIECEWISE_BEZIER_KNOTS.);
#7395 = CARTESIAN_POINT('',(-5.422716652705,-3.0000006));
#7396 = CARTESIAN_POINT('',(-5.422716652705,-0.9999994));
#7397 = ( GEOMETRIC_REPRESENTATION_CONTEXT(2) 
PARAMETRIC_REPRESENTATION_CONTEXT() REPRESENTATION_CONTEXT('2D SPACE',''
  ) );
#7398 = PCURVE('',#1972,#7399);
#7399 = DEFINITIONAL_REPRESENTATION('',(#7400),#7403);
#7400 = B_SPLINE_CURVE_WITH_KNOTS('',1,(#7401,#7402),.UNSPECIFIED.,.F.,
  .F.,(2,2),(-3.0000006,-0.9999994),.PIECEWISE_BEZIER_KNOTS.);
#7401 = CARTESIAN_POINT('',(3.0000006,-8.045063459857));
#7402 = CARTESIAN_POINT('',(0.9999994,-8.045063459857));
#7403 = ( GEOMETRIC_REPRESENTATION_CONTEXT(2) 
PARAMETRIC_REPRESENTATION_CONTEXT() REPRESENTATION_CONTEXT('2D SPACE',''
  ) );
#7404 = ORIENTED_EDGE('',*,*,#7405,.T.);
#7405 = EDGE_CURVE('',#7385,#7406,#7408,.T.);
#7406 = VERTEX_POINT('',#7407);
#7407 = CARTESIAN_POINT('',(50.066684316488,95.96962804164,36.2));
#7408 = SURFACE_CURVE('',#7409,(#7414,#7421),.PCURVE_S1.);
#7409 = CIRCLE('',#7410,16.);
#7410 = AXIS2_PLACEMENT_3D('',#7411,#7412,#7413);
#7411 = CARTESIAN_POINT('',(60.5,108.1,36.2));
#7412 = DIRECTION('',(0.,0.,-1.));
#7413 = DIRECTION('',(1.,0.,0.));
#7414 = PCURVE('',#1885,#7415);
#7415 = DEFINITIONAL_REPRESENTATION('',(#7416),#7420);
#7416 = LINE('',#7417,#7418);
#7417 = CARTESIAN_POINT('',(-6.28318530718,-1.));
#7418 = VECTOR('',#7419,1.);
#7419 = DIRECTION('',(1.,-0.));
#7420 = ( GEOMETRIC_REPRESENTATION_CONTEXT(2) 
PARAMETRIC_REPRESENTATION_CONTEXT() REPRESENTATION_CONTEXT('2D SPACE',''
  ) );
#7421 = PCURVE('',#5984,#7422);
#7422 = DEFINITIONAL_REPRESENTATION('',(#7423),#7431);
#7423 = ( BOUNDED_CURVE() B_SPLINE_CURVE(2,(#7424,#7425,#7426,#7427,
#7428,#7429,#7430),.UNSPECIFIED.,.T.,.F.) B_SPLINE_CURVE_WITH_KNOTS((1,2
    ,2,2,2,1),(-2.094395102393,0.,2.094395102393,4.188790204786,
6.28318530718,8.377580409573),.UNSPECIFIED.) CURVE() 
GEOMETRIC_REPRESENTATION_ITEM() RATIONAL_B_SPLINE_CURVE((1.,0.5,1.,0.5,
1.,0.5,1.)) REPRESENTATION_ITEM('') );
#7424 = CARTESIAN_POINT('',(167.,105.6));
#7425 = CARTESIAN_POINT('',(167.,77.887187078898));
#7426 = CARTESIAN_POINT('',(143.,91.743593539449));
#7427 = CARTESIAN_POINT('',(119.,105.6));
#7428 = CARTESIAN_POINT('',(143.,119.45640646055));
#7429 = CARTESIAN_POINT('',(167.,133.3128129211));
#7430 = CARTESIAN_POINT('',(167.,105.6));
#7431 = ( GEOMETRIC_REPRESENTATION_CONTEXT(2) 
PARAMETRIC_REPRESENTATION_CONTEXT() REPRESENTATION_CONTEXT('2D SPACE',''
  ) );
#7432 = ORIENTED_EDGE('',*,*,#7433,.F.);
#7433 = EDGE_CURVE('',#1865,#7406,#7434,.T.);
#7434 = SURFACE_CURVE('',#7435,(#7439,#7445),.PCURVE_S1.);
#7435 = LINE('',#7436,#7437);
#7436 = CARTESIAN_POINT('',(50.066684316487,95.96962804164,35.2));
#7437 = VECTOR('',#7438,1.);
#7438 = DIRECTION('',(-0.,-0.,-1.));
#7439 = PCURVE('',#1885,#7440);
#7440 = DEFINITIONAL_REPRESENTATION('',(#7441),#7444);
#7441 = B_SPLINE_CURVE_WITH_KNOTS('',1,(#7442,#7443),.UNSPECIFIED.,.F.,
  .F.,(2,2),(-3.0000006,-0.9999994),.PIECEWISE_BEZIER_KNOTS.);
#7442 = CARTESIAN_POINT('',(-4.002061308064,-3.0000006));
#7443 = CARTESIAN_POINT('',(-4.002061308064,-0.9999994));
#7444 = ( GEOMETRIC_REPRESENTATION_CONTEXT(2) 
PARAMETRIC_REPRESENTATION_CONTEXT() REPRESENTATION_CONTEXT('2D SPACE',''
  ) );
#7445 = PCURVE('',#1913,#7446);
#7446 = DEFINITIONAL_REPRESENTATION('',(#7447),#7450);
#7447 = B_SPLINE_CURVE_WITH_KNOTS('',1,(#7448,#7449),.UNSPECIFIED.,.F.,
  .F.,(2,2),(-3.0000006,-0.9999994),.PIECEWISE_BEZIER_KNOTS.);
#7448 = CARTESIAN_POINT('',(3.0000006,-39.95493654014));
#7449 = CARTESIAN_POINT('',(0.9999994,-39.95493654014));
#7450 = ( GEOMETRIC_REPRESENTATION_CONTEXT(2) 
PARAMETRIC_REPRESENTATION_CONTEXT() REPRESENTATION_CONTEXT('2D SPACE',''
  ) );
#7451 = ADVANCED_FACE('',(#7452),#1972,.F.);
#7452 = FACE_BOUND('',#7453,.F.);
#7453 = EDGE_LOOP('',(#7454,#7455,#7456,#7478));
#7454 = ORIENTED_EDGE('',*,*,#1958,.F.);
#7455 = ORIENTED_EDGE('',*,*,#7384,.T.);
#7456 = ORIENTED_EDGE('',*,*,#7457,.F.);
#7457 = EDGE_CURVE('',#7458,#7385,#7460,.T.);
#7458 = VERTEX_POINT('',#7459);
#7459 = CARTESIAN_POINT('',(69.514534267326,97.388409457826,36.2));
#7460 = SURFACE_CURVE('',#7461,(#7465,#7471),.PCURVE_S1.);
#7461 = LINE('',#7462,#7463);
#7462 = CARTESIAN_POINT('',(68.136753236815,98.766190488338,36.2));
#7463 = VECTOR('',#7464,1.);
#7464 = DIRECTION('',(0.707106781187,-0.707106781187,0.));
#7465 = PCURVE('',#1972,#7466);
#7466 = DEFINITIONAL_REPRESENTATION('',(#7467),#7470);
#7467 = B_SPLINE_CURVE_WITH_KNOTS('',1,(#7468,#7469),.UNSPECIFIED.,.F.,
  .F.,(2,2),(-36.,12.),.PIECEWISE_BEZIER_KNOTS.);
#7468 = CARTESIAN_POINT('',(1.,-48.));
#7469 = CARTESIAN_POINT('',(1.,0.));
#7470 = ( GEOMETRIC_REPRESENTATION_CONTEXT(2) 
PARAMETRIC_REPRESENTATION_CONTEXT() REPRESENTATION_CONTEXT('2D SPACE',''
  ) );
#7471 = PCURVE('',#5984,#7472);
#7472 = DEFINITIONAL_REPRESENTATION('',(#7473),#7477);
#7473 = LINE('',#7474,#7475);
#7474 = CARTESIAN_POINT('',(158.63675323681,96.266190488338));
#7475 = VECTOR('',#7476,1.);
#7476 = DIRECTION('',(0.707106781187,-0.707106781187));
#7477 = ( GEOMETRIC_REPRESENTATION_CONTEXT(2) 
PARAMETRIC_REPRESENTATION_CONTEXT() REPRESENTATION_CONTEXT('2D SPACE',''
  ) );
#7478 = ORIENTED_EDGE('',*,*,#7479,.F.);
#7479 = EDGE_CURVE('',#1926,#7458,#7480,.T.);
#7480 = SURFACE_CURVE('',#7481,(#7485,#7491),.PCURVE_S1.);
#7481 = LINE('',#7482,#7483);
#7482 = CARTESIAN_POINT('',(69.514534267326,97.388409457826,34.2));
#7483 = VECTOR('',#7484,1.);
#7484 = DIRECTION('',(-0.,-0.,-1.));
#7485 = PCURVE('',#1972,#7486);
#7486 = DEFINITIONAL_REPRESENTATION('',(#7487),#7490);
#7487 = B_SPLINE_CURVE_WITH_KNOTS('',1,(#7488,#7489),.UNSPECIFIED.,.F.,
  .F.,(2,2),(-4.0000006,-1.9999994),.PIECEWISE_BEZIER_KNOTS.);
#7488 = CARTESIAN_POINT('',(3.0000006,-10.05152338067));
#7489 = CARTESIAN_POINT('',(0.9999994,-10.05152338067));
#7490 = ( GEOMETRIC_REPRESENTATION_CONTEXT(2) 
PARAMETRIC_REPRESENTATION_CONTEXT() REPRESENTATION_CONTEXT('2D SPACE',''
  ) );
#7491 = PCURVE('',#1946,#7492);
#7492 = DEFINITIONAL_REPRESENTATION('',(#7493),#7496);
#7493 = B_SPLINE_CURVE_WITH_KNOTS('',1,(#7494,#7495),.UNSPECIFIED.,.F.,
  .F.,(2,2),(-4.0000006,-1.9999994),.PIECEWISE_BEZIER_KNOTS.);
#7494 = CARTESIAN_POINT('',(-5.411967553276,-4.0000006));
#7495 = CARTESIAN_POINT('',(-5.411967553276,-1.9999994));
#7496 = ( GEOMETRIC_REPRESENTATION_CONTEXT(2) 
PARAMETRIC_REPRESENTATION_CONTEXT() REPRESENTATION_CONTEXT('2D SPACE',''
  ) );
#7497 = ADVANCED_FACE('',(#7498),#1913,.F.);
#7498 = FACE_BOUND('',#7499,.F.);
#7499 = EDGE_LOOP('',(#7500,#7501,#7522,#7542));
#7500 = ORIENTED_EDGE('',*,*,#1897,.F.);
#7501 = ORIENTED_EDGE('',*,*,#7502,.T.);
#7502 = EDGE_CURVE('',#1898,#7503,#7505,.T.);
#7503 = VERTEX_POINT('',#7504);
#7504 = CARTESIAN_POINT('',(51.485465732674,97.388409457826,36.2));
#7505 = SURFACE_CURVE('',#7506,(#7510,#7516),.PCURVE_S1.);
#7506 = LINE('',#7507,#7508);
#7507 = CARTESIAN_POINT('',(51.485465732673,97.388409457826,34.2));
#7508 = VECTOR('',#7509,1.);
#7509 = DIRECTION('',(-0.,-0.,-1.));
#7510 = PCURVE('',#1913,#7511);
#7511 = DEFINITIONAL_REPRESENTATION('',(#7512),#7515);
#7512 = B_SPLINE_CURVE_WITH_KNOTS('',1,(#7513,#7514),.UNSPECIFIED.,.F.,
  .F.,(2,2),(-4.0000006,-1.9999994),.PIECEWISE_BEZIER_KNOTS.);
#7513 = CARTESIAN_POINT('',(3.0000006,-37.94847661933));
#7514 = CARTESIAN_POINT('',(0.9999994,-37.94847661933));
#7515 = ( GEOMETRIC_REPRESENTATION_CONTEXT(2) 
PARAMETRIC_REPRESENTATION_CONTEXT() REPRESENTATION_CONTEXT('2D SPACE',''
  ) );
#7516 = PCURVE('',#1946,#7517);
#7517 = DEFINITIONAL_REPRESENTATION('',(#7518),#7521);
#7518 = B_SPLINE_CURVE_WITH_KNOTS('',1,(#7519,#7520),.UNSPECIFIED.,.F.,
  .F.,(2,2),(-4.0000006,-1.9999994),.PIECEWISE_BEZIER_KNOTS.);
#7519 = CARTESIAN_POINT('',(-4.012810407493,-4.0000006));
#7520 = CARTESIAN_POINT('',(-4.012810407493,-1.9999994));
#7521 = ( GEOMETRIC_REPRESENTATION_CONTEXT(2) 
PARAMETRIC_REPRESENTATION_CONTEXT() REPRESENTATION_CONTEXT('2D SPACE',''
  ) );
#7522 = ORIENTED_EDGE('',*,*,#7523,.F.);
#7523 = EDGE_CURVE('',#7406,#7503,#7524,.T.);
#7524 = SURFACE_CURVE('',#7525,(#7529,#7535),.PCURVE_S1.);
#7525 = LINE('',#7526,#7527);
#7526 = CARTESIAN_POINT('',(69.833809511662,115.73675323681,36.2));
#7527 = VECTOR('',#7528,1.);
#7528 = DIRECTION('',(0.707106781187,0.707106781187,-0.));
#7529 = PCURVE('',#1913,#7530);
#7530 = DEFINITIONAL_REPRESENTATION('',(#7531),#7534);
#7531 = B_SPLINE_CURVE_WITH_KNOTS('',1,(#7532,#7533),.UNSPECIFIED.,.F.,
  .F.,(2,2),(-36.,12.),.PIECEWISE_BEZIER_KNOTS.);
#7532 = CARTESIAN_POINT('',(1.,-48.));
#7533 = CARTESIAN_POINT('',(1.,0.));
#7534 = ( GEOMETRIC_REPRESENTATION_CONTEXT(2) 
PARAMETRIC_REPRESENTATION_CONTEXT() REPRESENTATION_CONTEXT('2D SPACE',''
  ) );
#7535 = PCURVE('',#5984,#7536);
#7536 = DEFINITIONAL_REPRESENTATION('',(#7537),#7541);
#7537 = LINE('',#7538,#7539);
#7538 = CARTESIAN_POINT('',(160.33380951166,113.23675323681));
#7539 = VECTOR('',#7540,1.);
#7540 = DIRECTION('',(0.707106781187,0.707106781187));
#7541 = ( GEOMETRIC_REPRESENTATION_CONTEXT(2) 
PARAMETRIC_REPRESENTATION_CONTEXT() REPRESENTATION_CONTEXT('2D SPACE',''
  ) );
#7542 = ORIENTED_EDGE('',*,*,#7433,.F.);
#7543 = ADVANCED_FACE('',(#7544),#1946,.T.);
#7544 = FACE_BOUND('',#7545,.F.);
#7545 = EDGE_LOOP('',(#7546,#7547,#7548,#7574));
#7546 = ORIENTED_EDGE('',*,*,#1925,.F.);
#7547 = ORIENTED_EDGE('',*,*,#7479,.T.);
#7548 = ORIENTED_EDGE('',*,*,#7549,.T.);
#7549 = EDGE_CURVE('',#7458,#7503,#7550,.T.);
#7550 = SURFACE_CURVE('',#7551,(#7556,#7563),.PCURVE_S1.);
#7551 = CIRCLE('',#7552,14.);
#7552 = AXIS2_PLACEMENT_3D('',#7553,#7554,#7555);
#7553 = CARTESIAN_POINT('',(60.5,108.1,36.2));
#7554 = DIRECTION('',(0.,0.,-1.));
#7555 = DIRECTION('',(1.,0.,0.));
#7556 = PCURVE('',#1946,#7557);
#7557 = DEFINITIONAL_REPRESENTATION('',(#7558),#7562);
#7558 = LINE('',#7559,#7560);
#7559 = CARTESIAN_POINT('',(-6.28318530718,-2.));
#7560 = VECTOR('',#7561,1.);
#7561 = DIRECTION('',(1.,-0.));
#7562 = ( GEOMETRIC_REPRESENTATION_CONTEXT(2) 
PARAMETRIC_REPRESENTATION_CONTEXT() REPRESENTATION_CONTEXT('2D SPACE',''
  ) );
#7563 = PCURVE('',#5984,#7564);
#7564 = DEFINITIONAL_REPRESENTATION('',(#7565),#7573);
#7565 = ( BOUNDED_CURVE() B_SPLINE_CURVE(2,(#7566,#7567,#7568,#7569,
#7570,#7571,#7572),.UNSPECIFIED.,.T.,.F.) B_SPLINE_CURVE_WITH_KNOTS((1,2
    ,2,2,2,1),(-2.094395102393,0.,2.094395102393,4.188790204786,
6.28318530718,8.377580409573),.UNSPECIFIED.) CURVE() 
GEOMETRIC_REPRESENTATION_ITEM() RATIONAL_B_SPLINE_CURVE((1.,0.5,1.,0.5,
1.,0.5,1.)) REPRESENTATION_ITEM('') );
#7566 = CARTESIAN_POINT('',(165.,105.6));
#7567 = CARTESIAN_POINT('',(165.,81.351288694036));
#7568 = CARTESIAN_POINT('',(144.,93.475644347018));
#7569 = CARTESIAN_POINT('',(123.,105.6));
#7570 = CARTESIAN_POINT('',(144.,117.72435565298));
#7571 = CARTESIAN_POINT('',(165.,129.84871130596));
#7572 = CARTESIAN_POINT('',(165.,105.6));
#7573 = ( GEOMETRIC_REPRESENTATION_CONTEXT(2) 
PARAMETRIC_REPRESENTATION_CONTEXT() REPRESENTATION_CONTEXT('2D SPACE',''
  ) );
#7574 = ORIENTED_EDGE('',*,*,#7502,.F.);
#7575 = ADVANCED_FACE('',(#7576),#2009,.F.);
#7576 = FACE_BOUND('',#7577,.T.);
#7577 = EDGE_LOOP('',(#7578,#7579,#7600,#7628));
#7578 = ORIENTED_EDGE('',*,*,#1986,.F.);
#7579 = ORIENTED_EDGE('',*,*,#7580,.T.);
#7580 = EDGE_CURVE('',#1987,#7581,#7583,.T.);
#7581 = VERTEX_POINT('',#7582);
#7582 = CARTESIAN_POINT('',(67.383224574607,99.519719150545,36.2));
#7583 = SURFACE_CURVE('',#7584,(#7588,#7594),.PCURVE_S1.);
#7584 = LINE('',#7585,#7586);
#7585 = CARTESIAN_POINT('',(67.383224574607,99.519719150545,35.2));
#7586 = VECTOR('',#7587,1.);
#7587 = DIRECTION('',(-0.,-0.,-1.));
#7588 = PCURVE('',#2009,#7589);
#7589 = DEFINITIONAL_REPRESENTATION('',(#7590),#7593);
#7590 = B_SPLINE_CURVE_WITH_KNOTS('',1,(#7591,#7592),.UNSPECIFIED.,.F.,
  .F.,(2,2),(-3.0000006,-0.9999994),.PIECEWISE_BEZIER_KNOTS.);
#7591 = CARTESIAN_POINT('',(-5.388478688965,-3.0000006));
#7592 = CARTESIAN_POINT('',(-5.388478688965,-0.9999994));
#7593 = ( GEOMETRIC_REPRESENTATION_CONTEXT(2) 
PARAMETRIC_REPRESENTATION_CONTEXT() REPRESENTATION_CONTEXT('2D SPACE',''
  ) );
#7594 = PCURVE('',#2096,#7595);
#7595 = DEFINITIONAL_REPRESENTATION('',(#7596),#7599);
#7596 = B_SPLINE_CURVE_WITH_KNOTS('',1,(#7597,#7598),.UNSPECIFIED.,.F.,
  .F.,(2,2),(-3.0000006,-0.9999994),.PIECEWISE_BEZIER_KNOTS.);
#7597 = CARTESIAN_POINT('',(3.0000006,-13.06565045373));
#7598 = CARTESIAN_POINT('',(0.9999994,-13.06565045373));
#7599 = ( GEOMETRIC_REPRESENTATION_CONTEXT(2) 
PARAMETRIC_REPRESENTATION_CONTEXT() REPRESENTATION_CONTEXT('2D SPACE',''
  ) );
#7600 = ORIENTED_EDGE('',*,*,#7601,.T.);
#7601 = EDGE_CURVE('',#7581,#7602,#7604,.T.);
#7602 = VERTEX_POINT('',#7603);
#7603 = CARTESIAN_POINT('',(53.616775425393,99.519719150545,36.2));
#7604 = SURFACE_CURVE('',#7605,(#7610,#7617),.PCURVE_S1.);
#7605 = CIRCLE('',#7606,11.);
#7606 = AXIS2_PLACEMENT_3D('',#7607,#7608,#7609);
#7607 = CARTESIAN_POINT('',(60.5,108.1,36.2));
#7608 = DIRECTION('',(0.,0.,-1.));
#7609 = DIRECTION('',(1.,0.,0.));
#7610 = PCURVE('',#2009,#7611);
#7611 = DEFINITIONAL_REPRESENTATION('',(#7612),#7616);
#7612 = LINE('',#7613,#7614);
#7613 = CARTESIAN_POINT('',(-6.28318530718,-1.));
#7614 = VECTOR('',#7615,1.);
#7615 = DIRECTION('',(1.,-0.));
#7616 = ( GEOMETRIC_REPRESENTATION_CONTEXT(2) 
PARAMETRIC_REPRESENTATION_CONTEXT() REPRESENTATION_CONTEXT('2D SPACE',''
  ) );
#7617 = PCURVE('',#5984,#7618);
#7618 = DEFINITIONAL_REPRESENTATION('',(#7619),#7627);
#7619 = ( BOUNDED_CURVE() B_SPLINE_CURVE(2,(#7620,#7621,#7622,#7623,
#7624,#7625,#7626),.UNSPECIFIED.,.T.,.F.) B_SPLINE_CURVE_WITH_KNOTS((1,2
    ,2,2,2,1),(-2.094395102393,0.,2.094395102393,4.188790204786,
6.28318530718,8.377580409573),.UNSPECIFIED.) CURVE() 
GEOMETRIC_REPRESENTATION_ITEM() RATIONAL_B_SPLINE_CURVE((1.,0.5,1.,0.5,
1.,0.5,1.)) REPRESENTATION_ITEM('') );
#7620 = CARTESIAN_POINT('',(162.,105.6));
#7621 = CARTESIAN_POINT('',(162.,86.547441116742));
#7622 = CARTESIAN_POINT('',(145.5,96.073720558371));
#7623 = CARTESIAN_POINT('',(129.,105.6));
#7624 = CARTESIAN_POINT('',(145.5,115.12627944162));
#7625 = CARTESIAN_POINT('',(162.,124.65255888325));
#7626 = CARTESIAN_POINT('',(162.,105.6));
#7627 = ( GEOMETRIC_REPRESENTATION_CONTEXT(2) 
PARAMETRIC_REPRESENTATION_CONTEXT() REPRESENTATION_CONTEXT('2D SPACE',''
  ) );
#7628 = ORIENTED_EDGE('',*,*,#7629,.F.);
#7629 = EDGE_CURVE('',#1989,#7602,#7630,.T.);
#7630 = SURFACE_CURVE('',#7631,(#7635,#7641),.PCURVE_S1.);
#7631 = LINE('',#7632,#7633);
#7632 = CARTESIAN_POINT('',(53.616775425393,99.519719150545,35.2));
#7633 = VECTOR('',#7634,1.);
#7634 = DIRECTION('',(-0.,-0.,-1.));
#7635 = PCURVE('',#2009,#7636);
#7636 = DEFINITIONAL_REPRESENTATION('',(#7637),#7640);
#7637 = B_SPLINE_CURVE_WITH_KNOTS('',1,(#7638,#7639),.UNSPECIFIED.,.F.,
  .F.,(2,2),(-3.0000006,-0.9999994),.PIECEWISE_BEZIER_KNOTS.);
#7638 = CARTESIAN_POINT('',(-4.036299271805,-3.0000006));
#7639 = CARTESIAN_POINT('',(-4.036299271805,-0.9999994));
#7640 = ( GEOMETRIC_REPRESENTATION_CONTEXT(2) 
PARAMETRIC_REPRESENTATION_CONTEXT() REPRESENTATION_CONTEXT('2D SPACE',''
  ) );
#7641 = PCURVE('',#2037,#7642);
#7642 = DEFINITIONAL_REPRESENTATION('',(#7643),#7646);
#7643 = B_SPLINE_CURVE_WITH_KNOTS('',1,(#7644,#7645),.UNSPECIFIED.,.F.,
  .F.,(2,2),(-3.0000006,-0.9999994),.PIECEWISE_BEZIER_KNOTS.);
#7644 = CARTESIAN_POINT('',(3.0000006,-34.93434954626));
#7645 = CARTESIAN_POINT('',(0.9999994,-34.93434954626));
#7646 = ( GEOMETRIC_REPRESENTATION_CONTEXT(2) 
PARAMETRIC_REPRESENTATION_CONTEXT() REPRESENTATION_CONTEXT('2D SPACE',''
  ) );
#7647 = ADVANCED_FACE('',(#7648),#2096,.F.);
#7648 = FACE_BOUND('',#7649,.F.);
#7649 = EDGE_LOOP('',(#7650,#7651,#7652,#7674));
#7650 = ORIENTED_EDGE('',*,*,#2082,.F.);
#7651 = ORIENTED_EDGE('',*,*,#7580,.T.);
#7652 = ORIENTED_EDGE('',*,*,#7653,.F.);
#7653 = EDGE_CURVE('',#7654,#7581,#7656,.T.);
#7654 = VERTEX_POINT('',#7655);
#7655 = CARTESIAN_POINT('',(65.958610675065,100.94433305008,36.2));
#7656 = SURFACE_CURVE('',#7657,(#7661,#7667),.PCURVE_S1.);
#7657 = LINE('',#7658,#7659);
#7658 = CARTESIAN_POINT('',(68.136753236815,98.766190488338,36.2));
#7659 = VECTOR('',#7660,1.);
#7660 = DIRECTION('',(0.707106781187,-0.707106781187,0.));
#7661 = PCURVE('',#2096,#7662);
#7662 = DEFINITIONAL_REPRESENTATION('',(#7663),#7666);
#7663 = B_SPLINE_CURVE_WITH_KNOTS('',1,(#7664,#7665),.UNSPECIFIED.,.F.,
  .F.,(2,2),(-36.,12.),.PIECEWISE_BEZIER_KNOTS.);
#7664 = CARTESIAN_POINT('',(1.,-48.));
#7665 = CARTESIAN_POINT('',(1.,0.));
#7666 = ( GEOMETRIC_REPRESENTATION_CONTEXT(2) 
PARAMETRIC_REPRESENTATION_CONTEXT() REPRESENTATION_CONTEXT('2D SPACE',''
  ) );
#7667 = PCURVE('',#5984,#7668);
#7668 = DEFINITIONAL_REPRESENTATION('',(#7669),#7673);
#7669 = LINE('',#7670,#7671);
#7670 = CARTESIAN_POINT('',(158.63675323681,96.266190488338));
#7671 = VECTOR('',#7672,1.);
#7672 = DIRECTION('',(0.707106781187,-0.707106781187));
#7673 = ( GEOMETRIC_REPRESENTATION_CONTEXT(2) 
PARAMETRIC_REPRESENTATION_CONTEXT() REPRESENTATION_CONTEXT('2D SPACE',''
  ) );
#7674 = ORIENTED_EDGE('',*,*,#7675,.F.);
#7675 = EDGE_CURVE('',#2050,#7654,#7676,.T.);
#7676 = SURFACE_CURVE('',#7677,(#7681,#7687),.PCURVE_S1.);
#7677 = LINE('',#7678,#7679);
#7678 = CARTESIAN_POINT('',(65.958610675065,100.94433305008,34.2));
#7679 = VECTOR('',#7680,1.);
#7680 = DIRECTION('',(-0.,-0.,-1.));
#7681 = PCURVE('',#2096,#7682);
#7682 = DEFINITIONAL_REPRESENTATION('',(#7683),#7686);
#7683 = B_SPLINE_CURVE_WITH_KNOTS('',1,(#7684,#7685),.UNSPECIFIED.,.F.,
  .F.,(2,2),(-4.0000006,-1.9999994),.PIECEWISE_BEZIER_KNOTS.);
#7684 = CARTESIAN_POINT('',(3.0000006,-15.0803587516));
#7685 = CARTESIAN_POINT('',(0.9999994,-15.0803587516));
#7686 = ( GEOMETRIC_REPRESENTATION_CONTEXT(2) 
PARAMETRIC_REPRESENTATION_CONTEXT() REPRESENTATION_CONTEXT('2D SPACE',''
  ) );
#7687 = PCURVE('',#2070,#7688);
#7688 = DEFINITIONAL_REPRESENTATION('',(#7689),#7692);
#7689 = B_SPLINE_CURVE_WITH_KNOTS('',1,(#7690,#7691),.UNSPECIFIED.,.F.,
  .F.,(2,2),(-4.0000006,-1.9999994),.PIECEWISE_BEZIER_KNOTS.);
#7690 = CARTESIAN_POINT('',(-5.364055554372,-4.0000006));
#7691 = CARTESIAN_POINT('',(-5.364055554372,-1.9999994));
#7692 = ( GEOMETRIC_REPRESENTATION_CONTEXT(2) 
PARAMETRIC_REPRESENTATION_CONTEXT() REPRESENTATION_CONTEXT('2D SPACE',''
  ) );
#7693 = ADVANCED_FACE('',(#7694),#2037,.F.);
#7694 = FACE_BOUND('',#7695,.F.);
#7695 = EDGE_LOOP('',(#7696,#7697,#7718,#7738));
#7696 = ORIENTED_EDGE('',*,*,#2021,.F.);
#7697 = ORIENTED_EDGE('',*,*,#7698,.T.);
#7698 = EDGE_CURVE('',#2022,#7699,#7701,.T.);
#7699 = VERTEX_POINT('',#7700);
#7700 = CARTESIAN_POINT('',(55.041389324935,100.94433305008,36.2));
#7701 = SURFACE_CURVE('',#7702,(#7706,#7712),.PCURVE_S1.);
#7702 = LINE('',#7703,#7704);
#7703 = CARTESIAN_POINT('',(55.041389324935,100.94433305008,34.2));
#7704 = VECTOR('',#7705,1.);
#7705 = DIRECTION('',(-0.,-0.,-1.));
#7706 = PCURVE('',#2037,#7707);
#7707 = DEFINITIONAL_REPRESENTATION('',(#7708),#7711);
#7708 = B_SPLINE_CURVE_WITH_KNOTS('',1,(#7709,#7710),.UNSPECIFIED.,.F.,
  .F.,(2,2),(-4.0000006,-1.9999994),.PIECEWISE_BEZIER_KNOTS.);
#7709 = CARTESIAN_POINT('',(3.0000006,-32.91964124839));
#7710 = CARTESIAN_POINT('',(0.9999994,-32.91964124839));
#7711 = ( GEOMETRIC_REPRESENTATION_CONTEXT(2) 
PARAMETRIC_REPRESENTATION_CONTEXT() REPRESENTATION_CONTEXT('2D SPACE',''
  ) );
#7712 = PCURVE('',#2070,#7713);
#7713 = DEFINITIONAL_REPRESENTATION('',(#7714),#7717);
#7714 = B_SPLINE_CURVE_WITH_KNOTS('',1,(#7715,#7716),.UNSPECIFIED.,.F.,
  .F.,(2,2),(-4.0000006,-1.9999994),.PIECEWISE_BEZIER_KNOTS.);
#7715 = CARTESIAN_POINT('',(-4.060722406397,-4.0000006));
#7716 = CARTESIAN_POINT('',(-4.060722406397,-1.9999994));
#7717 = ( GEOMETRIC_REPRESENTATION_CONTEXT(2) 
PARAMETRIC_REPRESENTATION_CONTEXT() REPRESENTATION_CONTEXT('2D SPACE',''
  ) );
#7718 = ORIENTED_EDGE('',*,*,#7719,.F.);
#7719 = EDGE_CURVE('',#7602,#7699,#7720,.T.);
#7720 = SURFACE_CURVE('',#7721,(#7725,#7731),.PCURVE_S1.);
#7721 = LINE('',#7722,#7723);
#7722 = CARTESIAN_POINT('',(69.833809511662,115.73675323681,36.2));
#7723 = VECTOR('',#7724,1.);
#7724 = DIRECTION('',(0.707106781187,0.707106781187,-0.));
#7725 = PCURVE('',#2037,#7726);
#7726 = DEFINITIONAL_REPRESENTATION('',(#7727),#7730);
#7727 = B_SPLINE_CURVE_WITH_KNOTS('',1,(#7728,#7729),.UNSPECIFIED.,.F.,
  .F.,(2,2),(-36.,12.),.PIECEWISE_BEZIER_KNOTS.);
#7728 = CARTESIAN_POINT('',(1.,-48.));
#7729 = CARTESIAN_POINT('',(1.,0.));
#7730 = ( GEOMETRIC_REPRESENTATION_CONTEXT(2) 
PARAMETRIC_REPRESENTATION_CONTEXT() REPRESENTATION_CONTEXT('2D SPACE',''
  ) );
#7731 = PCURVE('',#5984,#7732);
#7732 = DEFINITIONAL_REPRESENTATION('',(#7733),#7737);
#7733 = LINE('',#7734,#7735);
#7734 = CARTESIAN_POINT('',(160.33380951166,113.23675323681));
#7735 = VECTOR('',#7736,1.);
#7736 = DIRECTION('',(0.707106781187,0.707106781187));
#7737 = ( GEOMETRIC_REPRESENTATION_CONTEXT(2) 
PARAMETRIC_REPRESENTATION_CONTEXT() REPRESENTATION_CONTEXT('2D SPACE',''
  ) );
#7738 = ORIENTED_EDGE('',*,*,#7629,.F.);
#7739 = ADVANCED_FACE('',(#7740),#2070,.T.);
#7740 = FACE_BOUND('',#7741,.F.);
#7741 = EDGE_LOOP('',(#7742,#7743,#7744,#7770));
#7742 = ORIENTED_EDGE('',*,*,#2049,.F.);
#7743 = ORIENTED_EDGE('',*,*,#7675,.T.);
#7744 = ORIENTED_EDGE('',*,*,#7745,.T.);
#7745 = EDGE_CURVE('',#7654,#7699,#7746,.T.);
#7746 = SURFACE_CURVE('',#7747,(#7752,#7759),.PCURVE_S1.);
#7747 = CIRCLE('',#7748,9.);
#7748 = AXIS2_PLACEMENT_3D('',#7749,#7750,#7751);
#7749 = CARTESIAN_POINT('',(60.5,108.1,36.2));
#7750 = DIRECTION('',(0.,0.,-1.));
#7751 = DIRECTION('',(1.,0.,0.));
#7752 = PCURVE('',#2070,#7753);
#7753 = DEFINITIONAL_REPRESENTATION('',(#7754),#7758);
#7754 = LINE('',#7755,#7756);
#7755 = CARTESIAN_POINT('',(-6.28318530718,-2.));
#7756 = VECTOR('',#7757,1.);
#7757 = DIRECTION('',(1.,-0.));
#7758 = ( GEOMETRIC_REPRESENTATION_CONTEXT(2) 
PARAMETRIC_REPRESENTATION_CONTEXT() REPRESENTATION_CONTEXT('2D SPACE',''
  ) );
#7759 = PCURVE('',#5984,#7760);
#7760 = DEFINITIONAL_REPRESENTATION('',(#7761),#7769);
#7761 = ( BOUNDED_CURVE() B_SPLINE_CURVE(2,(#7762,#7763,#7764,#7765,
#7766,#7767,#7768),.UNSPECIFIED.,.T.,.F.) B_SPLINE_CURVE_WITH_KNOTS((1,2
    ,2,2,2,1),(-2.094395102393,0.,2.094395102393,4.188790204786,
6.28318530718,8.377580409573),.UNSPECIFIED.) CURVE() 
GEOMETRIC_REPRESENTATION_ITEM() RATIONAL_B_SPLINE_CURVE((1.,0.5,1.,0.5,
1.,0.5,1.)) REPRESENTATION_ITEM('') );
#7762 = CARTESIAN_POINT('',(160.,105.6));
#7763 = CARTESIAN_POINT('',(160.,90.01154273188));
#7764 = CARTESIAN_POINT('',(146.5,97.80577136594));
#7765 = CARTESIAN_POINT('',(133.,105.6));
#7766 = CARTESIAN_POINT('',(146.5,113.39422863406));
#7767 = CARTESIAN_POINT('',(160.,121.18845726812));
#7768 = CARTESIAN_POINT('',(160.,105.6));
#7769 = ( GEOMETRIC_REPRESENTATION_CONTEXT(2) 
PARAMETRIC_REPRESENTATION_CONTEXT() REPRESENTATION_CONTEXT('2D SPACE',''
  ) );
#7770 = ORIENTED_EDGE('',*,*,#7698,.F.);
#7771 = ADVANCED_FACE('',(#7772),#2133,.T.);
#7772 = FACE_BOUND('',#7773,.F.);
#7773 = EDGE_LOOP('',(#7774,#7775,#7796,#7824));
#7774 = ORIENTED_EDGE('',*,*,#2110,.F.);
#7775 = ORIENTED_EDGE('',*,*,#7776,.T.);
#7776 = EDGE_CURVE('',#2111,#7777,#7779,.T.);
#7777 = VERTEX_POINT('',#7778);
#7778 = CARTESIAN_POINT('',(46.243265420252,95.540321695099,36.2));
#7779 = SURFACE_CURVE('',#7780,(#7784,#7790),.PCURVE_S1.);
#7780 = LINE('',#7781,#7782);
#7781 = CARTESIAN_POINT('',(46.243265420251,95.540321695099,34.2));
#7782 = VECTOR('',#7783,1.);
#7783 = DIRECTION('',(-0.,-0.,-1.));
#7784 = PCURVE('',#2133,#7785);
#7785 = DEFINITIONAL_REPRESENTATION('',(#7786),#7789);
#7786 = B_SPLINE_CURVE_WITH_KNOTS('',1,(#7787,#7788),.UNSPECIFIED.,.F.,
  .F.,(2,2),(-4.0000006,-1.9999994),.PIECEWISE_BEZIER_KNOTS.);
#7787 = CARTESIAN_POINT('',(-3.863790858073,-4.0000006));
#7788 = CARTESIAN_POINT('',(-3.863790858073,-1.9999994));
#7789 = ( GEOMETRIC_REPRESENTATION_CONTEXT(2) 
PARAMETRIC_REPRESENTATION_CONTEXT() REPRESENTATION_CONTEXT('2D SPACE',''
  ) );
#7790 = PCURVE('',#2161,#7791);
#7791 = DEFINITIONAL_REPRESENTATION('',(#7792),#7795);
#7792 = B_SPLINE_CURVE_WITH_KNOTS('',1,(#7793,#7794),.UNSPECIFIED.,.F.,
  .F.,(2,2),(-4.0000006,-1.9999994),.PIECEWISE_BEZIER_KNOTS.);
#7793 = CARTESIAN_POINT('',(3.0000006,-42.96206739783));
#7794 = CARTESIAN_POINT('',(0.9999994,-42.96206739783));
#7795 = ( GEOMETRIC_REPRESENTATION_CONTEXT(2) 
PARAMETRIC_REPRESENTATION_CONTEXT() REPRESENTATION_CONTEXT('2D SPACE',''
  ) );
#7796 = ORIENTED_EDGE('',*,*,#7797,.T.);
#7797 = EDGE_CURVE('',#7777,#7798,#7800,.T.);
#7798 = VERTEX_POINT('',#7799);
#7799 = CARTESIAN_POINT('',(46.243265420251,120.6596783049,36.2));
#7800 = SURFACE_CURVE('',#7801,(#7806,#7813),.PCURVE_S1.);
#7801 = CIRCLE('',#7802,19.);
#7802 = AXIS2_PLACEMENT_3D('',#7803,#7804,#7805);
#7803 = CARTESIAN_POINT('',(60.5,108.1,36.2));
#7804 = DIRECTION('',(0.,0.,-1.));
#7805 = DIRECTION('',(1.,0.,0.));
#7806 = PCURVE('',#2133,#7807);
#7807 = DEFINITIONAL_REPRESENTATION('',(#7808),#7812);
#7808 = LINE('',#7809,#7810);
#7809 = CARTESIAN_POINT('',(-6.28318530718,-2.));
#7810 = VECTOR('',#7811,1.);
#7811 = DIRECTION('',(1.,-0.));
#7812 = ( GEOMETRIC_REPRESENTATION_CONTEXT(2) 
PARAMETRIC_REPRESENTATION_CONTEXT() REPRESENTATION_CONTEXT('2D SPACE',''
  ) );
#7813 = PCURVE('',#5984,#7814);
#7814 = DEFINITIONAL_REPRESENTATION('',(#7815),#7823);
#7815 = ( BOUNDED_CURVE() B_SPLINE_CURVE(2,(#7816,#7817,#7818,#7819,
#7820,#7821,#7822),.UNSPECIFIED.,.T.,.F.) B_SPLINE_CURVE_WITH_KNOTS((1,2
    ,2,2,2,1),(-2.094395102393,0.,2.094395102393,4.188790204786,
6.28318530718,8.377580409573),.UNSPECIFIED.) CURVE() 
GEOMETRIC_REPRESENTATION_ITEM() RATIONAL_B_SPLINE_CURVE((1.,0.5,1.,0.5,
1.,0.5,1.)) REPRESENTATION_ITEM('') );
#7816 = CARTESIAN_POINT('',(170.,105.6));
#7817 = CARTESIAN_POINT('',(170.,72.691034656191));
#7818 = CARTESIAN_POINT('',(141.5,89.145517328096));
#7819 = CARTESIAN_POINT('',(113.,105.6));
#7820 = CARTESIAN_POINT('',(141.5,122.0544826719));
#7821 = CARTESIAN_POINT('',(170.,138.5089653438));
#7822 = CARTESIAN_POINT('',(170.,105.6));
#7823 = ( GEOMETRIC_REPRESENTATION_CONTEXT(2) 
PARAMETRIC_REPRESENTATION_CONTEXT() REPRESENTATION_CONTEXT('2D SPACE',''
  ) );
#7824 = ORIENTED_EDGE('',*,*,#7825,.F.);
#7825 = EDGE_CURVE('',#2113,#7798,#7826,.T.);
#7826 = SURFACE_CURVE('',#7827,(#7831,#7837),.PCURVE_S1.);
#7827 = LINE('',#7828,#7829);
#7828 = CARTESIAN_POINT('',(46.243265420251,120.6596783049,34.2));
#7829 = VECTOR('',#7830,1.);
#7830 = DIRECTION('',(-0.,-0.,-1.));
#7831 = PCURVE('',#2133,#7832);
#7832 = DEFINITIONAL_REPRESENTATION('',(#7833),#7836);
#7833 = B_SPLINE_CURVE_WITH_KNOTS('',1,(#7834,#7835),.UNSPECIFIED.,.F.,
  .F.,(2,2),(-4.0000006,-1.9999994),.PIECEWISE_BEZIER_KNOTS.);
#7834 = CARTESIAN_POINT('',(-2.419394449107,-4.0000006));
#7835 = CARTESIAN_POINT('',(-2.419394449107,-1.9999994));
#7836 = ( GEOMETRIC_REPRESENTATION_CONTEXT(2) 
PARAMETRIC_REPRESENTATION_CONTEXT() REPRESENTATION_CONTEXT('2D SPACE',''
  ) );
#7837 = PCURVE('',#2220,#7838);
#7838 = DEFINITIONAL_REPRESENTATION('',(#7839),#7842);
#7839 = B_SPLINE_CURVE_WITH_KNOTS('',1,(#7840,#7841),.UNSPECIFIED.,.F.,
  .F.,(2,2),(-4.0000006,-1.9999994),.PIECEWISE_BEZIER_KNOTS.);
#7840 = CARTESIAN_POINT('',(3.0000006,-42.96206739783));
#7841 = CARTESIAN_POINT('',(0.9999994,-42.96206739783));
#7842 = ( GEOMETRIC_REPRESENTATION_CONTEXT(2) 
PARAMETRIC_REPRESENTATION_CONTEXT() REPRESENTATION_CONTEXT('2D SPACE',''
  ) );
#7843 = ADVANCED_FACE('',(#7844),#2161,.T.);
#7844 = FACE_BOUND('',#7845,.T.);
#7845 = EDGE_LOOP('',(#7846,#7847,#7848,#7870));
#7846 = ORIENTED_EDGE('',*,*,#2145,.F.);
#7847 = ORIENTED_EDGE('',*,*,#7776,.T.);
#7848 = ORIENTED_EDGE('',*,*,#7849,.F.);
#7849 = EDGE_CURVE('',#7850,#7777,#7852,.T.);
#7850 = VERTEX_POINT('',#7851);
#7851 = CARTESIAN_POINT('',(44.826492941849,94.123549216697,36.2));
#7852 = SURFACE_CURVE('',#7853,(#7857,#7863),.PCURVE_S1.);
#7853 = LINE('',#7854,#7855);
#7854 = CARTESIAN_POINT('',(68.136753236815,117.43380951166,36.2));
#7855 = VECTOR('',#7856,1.);
#7856 = DIRECTION('',(0.707106781187,0.707106781187,-0.));
#7857 = PCURVE('',#2161,#7858);
#7858 = DEFINITIONAL_REPRESENTATION('',(#7859),#7862);
#7859 = B_SPLINE_CURVE_WITH_KNOTS('',1,(#7860,#7861),.UNSPECIFIED.,.F.,
  .F.,(2,2),(-36.,12.),.PIECEWISE_BEZIER_KNOTS.);
#7860 = CARTESIAN_POINT('',(1.,-48.));
#7861 = CARTESIAN_POINT('',(1.,0.));
#7862 = ( GEOMETRIC_REPRESENTATION_CONTEXT(2) 
PARAMETRIC_REPRESENTATION_CONTEXT() REPRESENTATION_CONTEXT('2D SPACE',''
  ) );
#7863 = PCURVE('',#5984,#7864);
#7864 = DEFINITIONAL_REPRESENTATION('',(#7865),#7869);
#7865 = LINE('',#7866,#7867);
#7866 = CARTESIAN_POINT('',(158.63675323681,114.93380951166));
#7867 = VECTOR('',#7868,1.);
#7868 = DIRECTION('',(0.707106781187,0.707106781187));
#7869 = ( GEOMETRIC_REPRESENTATION_CONTEXT(2) 
PARAMETRIC_REPRESENTATION_CONTEXT() REPRESENTATION_CONTEXT('2D SPACE',''
  ) );
#7870 = ORIENTED_EDGE('',*,*,#7871,.F.);
#7871 = EDGE_CURVE('',#2146,#7850,#7872,.T.);
#7872 = SURFACE_CURVE('',#7873,(#7877,#7883),.PCURVE_S1.);
#7873 = LINE('',#7874,#7875);
#7874 = CARTESIAN_POINT('',(44.826492941849,94.123549216697,35.2));
#7875 = VECTOR('',#7876,1.);
#7876 = DIRECTION('',(-0.,-0.,-1.));
#7877 = PCURVE('',#2161,#7878);
#7878 = DEFINITIONAL_REPRESENTATION('',(#7879),#7882);
#7879 = B_SPLINE_CURVE_WITH_KNOTS('',1,(#7880,#7881),.UNSPECIFIED.,.F.,
  .F.,(2,2),(-3.0000006,-0.9999994),.PIECEWISE_BEZIER_KNOTS.);
#7880 = CARTESIAN_POINT('',(3.0000006,-44.96568625158));
#7881 = CARTESIAN_POINT('',(0.9999994,-44.96568625158));
#7882 = ( GEOMETRIC_REPRESENTATION_CONTEXT(2) 
PARAMETRIC_REPRESENTATION_CONTEXT() REPRESENTATION_CONTEXT('2D SPACE',''
  ) );
#7883 = PCURVE('',#2194,#7884);
#7884 = DEFINITIONAL_REPRESENTATION('',(#7885),#7888);
#7885 = B_SPLINE_CURVE_WITH_KNOTS('',1,(#7886,#7887),.UNSPECIFIED.,.F.,
  .F.,(2,2),(-3.0000006,-0.9999994),.PIECEWISE_BEZIER_KNOTS.);
#7886 = CARTESIAN_POINT('',(-3.869816815907,-3.0000006));
#7887 = CARTESIAN_POINT('',(-3.869816815907,-0.9999994));
#7888 = ( GEOMETRIC_REPRESENTATION_CONTEXT(2) 
PARAMETRIC_REPRESENTATION_CONTEXT() REPRESENTATION_CONTEXT('2D SPACE',''
  ) );
#7889 = ADVANCED_FACE('',(#7890),#2220,.F.);
#7890 = FACE_BOUND('',#7891,.F.);
#7891 = EDGE_LOOP('',(#7892,#7893,#7894,#7916));
#7892 = ORIENTED_EDGE('',*,*,#2206,.F.);
#7893 = ORIENTED_EDGE('',*,*,#7825,.T.);
#7894 = ORIENTED_EDGE('',*,*,#7895,.F.);
#7895 = EDGE_CURVE('',#7896,#7798,#7898,.T.);
#7896 = VERTEX_POINT('',#7897);
#7897 = CARTESIAN_POINT('',(44.826492941849,122.0764507833,36.2));
#7898 = SURFACE_CURVE('',#7899,(#7903,#7909),.PCURVE_S1.);
#7899 = LINE('',#7900,#7901);
#7900 = CARTESIAN_POINT('',(68.136753236815,98.766190488338,36.2));
#7901 = VECTOR('',#7902,1.);
#7902 = DIRECTION('',(0.707106781187,-0.707106781187,0.));
#7903 = PCURVE('',#2220,#7904);
#7904 = DEFINITIONAL_REPRESENTATION('',(#7905),#7908);
#7905 = B_SPLINE_CURVE_WITH_KNOTS('',1,(#7906,#7907),.UNSPECIFIED.,.F.,
  .F.,(2,2),(-36.,12.),.PIECEWISE_BEZIER_KNOTS.);
#7906 = CARTESIAN_POINT('',(1.,-48.));
#7907 = CARTESIAN_POINT('',(1.,0.));
#7908 = ( GEOMETRIC_REPRESENTATION_CONTEXT(2) 
PARAMETRIC_REPRESENTATION_CONTEXT() REPRESENTATION_CONTEXT('2D SPACE',''
  ) );
#7909 = PCURVE('',#5984,#7910);
#7910 = DEFINITIONAL_REPRESENTATION('',(#7911),#7915);
#7911 = LINE('',#7912,#7913);
#7912 = CARTESIAN_POINT('',(158.63675323681,96.266190488338));
#7913 = VECTOR('',#7914,1.);
#7914 = DIRECTION('',(0.707106781187,-0.707106781187));
#7915 = ( GEOMETRIC_REPRESENTATION_CONTEXT(2) 
PARAMETRIC_REPRESENTATION_CONTEXT() REPRESENTATION_CONTEXT('2D SPACE',''
  ) );
#7916 = ORIENTED_EDGE('',*,*,#7917,.F.);
#7917 = EDGE_CURVE('',#2174,#7896,#7918,.T.);
#7918 = SURFACE_CURVE('',#7919,(#7923,#7929),.PCURVE_S1.);
#7919 = LINE('',#7920,#7921);
#7920 = CARTESIAN_POINT('',(44.826492941849,122.0764507833,35.2));
#7921 = VECTOR('',#7922,1.);
#7922 = DIRECTION('',(-0.,-0.,-1.));
#7923 = PCURVE('',#2220,#7924);
#7924 = DEFINITIONAL_REPRESENTATION('',(#7925),#7928);
#7925 = B_SPLINE_CURVE_WITH_KNOTS('',1,(#7926,#7927),.UNSPECIFIED.,.F.,
  .F.,(2,2),(-3.0000006,-0.9999994),.PIECEWISE_BEZIER_KNOTS.);
#7926 = CARTESIAN_POINT('',(3.0000006,-44.96568625158));
#7927 = CARTESIAN_POINT('',(0.9999994,-44.96568625158));
#7928 = ( GEOMETRIC_REPRESENTATION_CONTEXT(2) 
PARAMETRIC_REPRESENTATION_CONTEXT() REPRESENTATION_CONTEXT('2D SPACE',''
  ) );
#7929 = PCURVE('',#2194,#7930);
#7930 = DEFINITIONAL_REPRESENTATION('',(#7931),#7934);
#7931 = B_SPLINE_CURVE_WITH_KNOTS('',1,(#7932,#7933),.UNSPECIFIED.,.F.,
  .F.,(2,2),(-3.0000006,-0.9999994),.PIECEWISE_BEZIER_KNOTS.);
#7932 = CARTESIAN_POINT('',(-2.413368491273,-3.0000006));
#7933 = CARTESIAN_POINT('',(-2.413368491273,-0.9999994));
#7934 = ( GEOMETRIC_REPRESENTATION_CONTEXT(2) 
PARAMETRIC_REPRESENTATION_CONTEXT() REPRESENTATION_CONTEXT('2D SPACE',''
  ) );
#7935 = ADVANCED_FACE('',(#7936),#2194,.F.);
#7936 = FACE_BOUND('',#7937,.T.);
#7937 = EDGE_LOOP('',(#7938,#7939,#7940,#7966));
#7938 = ORIENTED_EDGE('',*,*,#2173,.F.);
#7939 = ORIENTED_EDGE('',*,*,#7871,.T.);
#7940 = ORIENTED_EDGE('',*,*,#7941,.T.);
#7941 = EDGE_CURVE('',#7850,#7896,#7942,.T.);
#7942 = SURFACE_CURVE('',#7943,(#7948,#7955),.PCURVE_S1.);
#7943 = CIRCLE('',#7944,21.);
#7944 = AXIS2_PLACEMENT_3D('',#7945,#7946,#7947);
#7945 = CARTESIAN_POINT('',(60.5,108.1,36.2));
#7946 = DIRECTION('',(0.,0.,-1.));
#7947 = DIRECTION('',(1.,0.,0.));
#7948 = PCURVE('',#2194,#7949);
#7949 = DEFINITIONAL_REPRESENTATION('',(#7950),#7954);
#7950 = LINE('',#7951,#7952);
#7951 = CARTESIAN_POINT('',(-6.28318530718,-1.));
#7952 = VECTOR('',#7953,1.);
#7953 = DIRECTION('',(1.,-0.));
#7954 = ( GEOMETRIC_REPRESENTATION_CONTEXT(2) 
PARAMETRIC_REPRESENTATION_CONTEXT() REPRESENTATION_CONTEXT('2D SPACE',''
  ) );
#7955 = PCURVE('',#5984,#7956);
#7956 = DEFINITIONAL_REPRESENTATION('',(#7957),#7965);
#7957 = ( BOUNDED_CURVE() B_SPLINE_CURVE(2,(#7958,#7959,#7960,#7961,
#7962,#7963,#7964),.UNSPECIFIED.,.T.,.F.) B_SPLINE_CURVE_WITH_KNOTS((1,2
    ,2,2,2,1),(-2.094395102393,0.,2.094395102393,4.188790204786,
6.28318530718,8.377580409573),.UNSPECIFIED.) CURVE() 
GEOMETRIC_REPRESENTATION_ITEM() RATIONAL_B_SPLINE_CURVE((1.,0.5,1.,0.5,
1.,0.5,1.)) REPRESENTATION_ITEM('') );
#7958 = CARTESIAN_POINT('',(172.,105.6));
#7959 = CARTESIAN_POINT('',(172.,69.226933041054));
#7960 = CARTESIAN_POINT('',(140.5,87.413466520527));
#7961 = CARTESIAN_POINT('',(109.,105.6));
#7962 = CARTESIAN_POINT('',(140.5,123.78653347947));
#7963 = CARTESIAN_POINT('',(172.,141.97306695894));
#7964 = CARTESIAN_POINT('',(172.,105.6));
#7965 = ( GEOMETRIC_REPRESENTATION_CONTEXT(2) 
PARAMETRIC_REPRESENTATION_CONTEXT() REPRESENTATION_CONTEXT('2D SPACE',''
  ) );
#7966 = ORIENTED_EDGE('',*,*,#7917,.F.);
#7967 = ADVANCED_FACE('',(#7968),#2257,.F.);
#7968 = FACE_BOUND('',#7969,.T.);
#7969 = EDGE_LOOP('',(#7970,#7971,#7992,#8020));
#7970 = ORIENTED_EDGE('',*,*,#2234,.F.);
#7971 = ORIENTED_EDGE('',*,*,#7972,.T.);
#7972 = EDGE_CURVE('',#2235,#7973,#7975,.T.);
#7973 = VERTEX_POINT('',#7974);
#7974 = CARTESIAN_POINT('',(63.808393800741,103.09454992441,36.2));
#7975 = SURFACE_CURVE('',#7976,(#7980,#7986),.PCURVE_S1.);
#7976 = LINE('',#7977,#7978);
#7977 = CARTESIAN_POINT('',(63.808393800741,103.09454992441,35.2));
#7978 = VECTOR('',#7979,1.);
#7979 = DIRECTION('',(-0.,-0.,-1.));
#7980 = PCURVE('',#2257,#7981);
#7981 = DEFINITIONAL_REPRESENTATION('',(#7982),#7985);
#7982 = B_SPLINE_CURVE_WITH_KNOTS('',1,(#7983,#7984),.UNSPECIFIED.,.F.,
  .F.,(2,2),(-3.0000006,-0.9999994),.PIECEWISE_BEZIER_KNOTS.);
#7983 = CARTESIAN_POINT('',(-5.296429222992,-3.0000006));
#7984 = CARTESIAN_POINT('',(-5.296429222992,-0.9999994));
#7985 = ( GEOMETRIC_REPRESENTATION_CONTEXT(2) 
PARAMETRIC_REPRESENTATION_CONTEXT() REPRESENTATION_CONTEXT('2D SPACE',''
  ) );
#7986 = PCURVE('',#2344,#7987);
#7987 = DEFINITIONAL_REPRESENTATION('',(#7988),#7991);
#7988 = B_SPLINE_CURVE_WITH_KNOTS('',1,(#7989,#7990),.UNSPECIFIED.,.F.,
  .F.,(2,2),(-3.0000006,-0.9999994),.PIECEWISE_BEZIER_KNOTS.);
#7989 = CARTESIAN_POINT('',(3.0000006,-18.12122461732));
#7990 = CARTESIAN_POINT('',(0.9999994,-18.12122461732));
#7991 = ( GEOMETRIC_REPRESENTATION_CONTEXT(2) 
PARAMETRIC_REPRESENTATION_CONTEXT() REPRESENTATION_CONTEXT('2D SPACE',''
  ) );
#7992 = ORIENTED_EDGE('',*,*,#7993,.T.);
#7993 = EDGE_CURVE('',#7973,#7994,#7996,.T.);
#7994 = VERTEX_POINT('',#7995);
#7995 = CARTESIAN_POINT('',(57.191606199259,103.09454992441,36.2));
#7996 = SURFACE_CURVE('',#7997,(#8002,#8009),.PCURVE_S1.);
#7997 = CIRCLE('',#7998,6.);
#7998 = AXIS2_PLACEMENT_3D('',#7999,#8000,#8001);
#7999 = CARTESIAN_POINT('',(60.5,108.1,36.2));
#8000 = DIRECTION('',(0.,0.,-1.));
#8001 = DIRECTION('',(1.,0.,0.));
#8002 = PCURVE('',#2257,#8003);
#8003 = DEFINITIONAL_REPRESENTATION('',(#8004),#8008);
#8004 = LINE('',#8005,#8006);
#8005 = CARTESIAN_POINT('',(-6.28318530718,-1.));
#8006 = VECTOR('',#8007,1.);
#8007 = DIRECTION('',(1.,-0.));
#8008 = ( GEOMETRIC_REPRESENTATION_CONTEXT(2) 
PARAMETRIC_REPRESENTATION_CONTEXT() REPRESENTATION_CONTEXT('2D SPACE',''
  ) );
#8009 = PCURVE('',#5984,#8010);
#8010 = DEFINITIONAL_REPRESENTATION('',(#8011),#8019);
#8011 = ( BOUNDED_CURVE() B_SPLINE_CURVE(2,(#8012,#8013,#8014,#8015,
#8016,#8017,#8018),.UNSPECIFIED.,.T.,.F.) B_SPLINE_CURVE_WITH_KNOTS((1,2
    ,2,2,2,1),(-2.094395102393,0.,2.094395102393,4.188790204786,
6.28318530718,8.377580409573),.UNSPECIFIED.) CURVE() 
GEOMETRIC_REPRESENTATION_ITEM() RATIONAL_B_SPLINE_CURVE((1.,0.5,1.,0.5,
1.,0.5,1.)) REPRESENTATION_ITEM('') );
#8012 = CARTESIAN_POINT('',(157.,105.6));
#8013 = CARTESIAN_POINT('',(157.,95.207695154587));
#8014 = CARTESIAN_POINT('',(148.,100.40384757729));
#8015 = CARTESIAN_POINT('',(139.,105.6));
#8016 = CARTESIAN_POINT('',(148.,110.7961524227));
#8017 = CARTESIAN_POINT('',(157.,115.99230484541));
#8018 = CARTESIAN_POINT('',(157.,105.6));
#8019 = ( GEOMETRIC_REPRESENTATION_CONTEXT(2) 
PARAMETRIC_REPRESENTATION_CONTEXT() REPRESENTATION_CONTEXT('2D SPACE',''
  ) );
#8020 = ORIENTED_EDGE('',*,*,#8021,.F.);
#8021 = EDGE_CURVE('',#2237,#7994,#8022,.T.);
#8022 = SURFACE_CURVE('',#8023,(#8027,#8033),.PCURVE_S1.);
#8023 = LINE('',#8024,#8025);
#8024 = CARTESIAN_POINT('',(57.191606199259,103.09454992441,35.2));
#8025 = VECTOR('',#8026,1.);
#8026 = DIRECTION('',(-0.,-0.,-1.));
#8027 = PCURVE('',#2257,#8028);
#8028 = DEFINITIONAL_REPRESENTATION('',(#8029),#8032);
#8029 = B_SPLINE_CURVE_WITH_KNOTS('',1,(#8030,#8031),.UNSPECIFIED.,.F.,
  .F.,(2,2),(-3.0000006,-0.9999994),.PIECEWISE_BEZIER_KNOTS.);
#8030 = CARTESIAN_POINT('',(-4.128348737778,-3.0000006));
#8031 = CARTESIAN_POINT('',(-4.128348737778,-0.9999994));
#8032 = ( GEOMETRIC_REPRESENTATION_CONTEXT(2) 
PARAMETRIC_REPRESENTATION_CONTEXT() REPRESENTATION_CONTEXT('2D SPACE',''
  ) );
#8033 = PCURVE('',#2285,#8034);
#8034 = DEFINITIONAL_REPRESENTATION('',(#8035),#8038);
#8035 = B_SPLINE_CURVE_WITH_KNOTS('',1,(#8036,#8037),.UNSPECIFIED.,.F.,
  .F.,(2,2),(-3.0000006,-0.9999994),.PIECEWISE_BEZIER_KNOTS.);
#8036 = CARTESIAN_POINT('',(3.0000006,-29.87877538268));
#8037 = CARTESIAN_POINT('',(0.9999994,-29.87877538268));
#8038 = ( GEOMETRIC_REPRESENTATION_CONTEXT(2) 
PARAMETRIC_REPRESENTATION_CONTEXT() REPRESENTATION_CONTEXT('2D SPACE',''
  ) );
#8039 = ADVANCED_FACE('',(#8040),#2344,.F.);
#8040 = FACE_BOUND('',#8041,.F.);
#8041 = EDGE_LOOP('',(#8042,#8043,#8044,#8066));
#8042 = ORIENTED_EDGE('',*,*,#2330,.F.);
#8043 = ORIENTED_EDGE('',*,*,#7972,.T.);
#8044 = ORIENTED_EDGE('',*,*,#8045,.F.);
#8045 = EDGE_CURVE('',#8046,#7973,#8048,.T.);
#8046 = VERTEX_POINT('',#8047);
#8047 = CARTESIAN_POINT('',(62.349619375223,104.55332434993,36.2));
#8048 = SURFACE_CURVE('',#8049,(#8053,#8059),.PCURVE_S1.);
#8049 = LINE('',#8050,#8051);
#8050 = CARTESIAN_POINT('',(68.136753236815,98.766190488338,36.2));
#8051 = VECTOR('',#8052,1.);
#8052 = DIRECTION('',(0.707106781187,-0.707106781187,0.));
#8053 = PCURVE('',#2344,#8054);
#8054 = DEFINITIONAL_REPRESENTATION('',(#8055),#8058);
#8055 = B_SPLINE_CURVE_WITH_KNOTS('',1,(#8056,#8057),.UNSPECIFIED.,.F.,
  .F.,(2,2),(-36.,12.),.PIECEWISE_BEZIER_KNOTS.);
#8056 = CARTESIAN_POINT('',(1.,-48.));
#8057 = CARTESIAN_POINT('',(1.,0.));
#8058 = ( GEOMETRIC_REPRESENTATION_CONTEXT(2) 
PARAMETRIC_REPRESENTATION_CONTEXT() REPRESENTATION_CONTEXT('2D SPACE',''
  ) );
#8059 = PCURVE('',#5984,#8060);
#8060 = DEFINITIONAL_REPRESENTATION('',(#8061),#8065);
#8061 = LINE('',#8062,#8063);
#8062 = CARTESIAN_POINT('',(158.63675323681,96.266190488338));
#8063 = VECTOR('',#8064,1.);
#8064 = DIRECTION('',(0.707106781187,-0.707106781187));
#8065 = ( GEOMETRIC_REPRESENTATION_CONTEXT(2) 
PARAMETRIC_REPRESENTATION_CONTEXT() REPRESENTATION_CONTEXT('2D SPACE',''
  ) );
#8066 = ORIENTED_EDGE('',*,*,#8067,.F.);
#8067 = EDGE_CURVE('',#2298,#8046,#8068,.T.);
#8068 = SURFACE_CURVE('',#8069,(#8073,#8079),.PCURVE_S1.);
#8069 = LINE('',#8070,#8071);
#8070 = CARTESIAN_POINT('',(62.349619375223,104.55332434993,34.2));
#8071 = VECTOR('',#8072,1.);
#8072 = DIRECTION('',(-0.,-0.,-1.));
#8073 = PCURVE('',#2344,#8074);
#8074 = DEFINITIONAL_REPRESENTATION('',(#8075),#8078);
#8075 = B_SPLINE_CURVE_WITH_KNOTS('',1,(#8076,#8077),.UNSPECIFIED.,.F.,
  .F.,(2,2),(-4.0000006,-1.9999994),.PIECEWISE_BEZIER_KNOTS.);
#8076 = CARTESIAN_POINT('',(3.0000006,-20.18424319433));
#8077 = CARTESIAN_POINT('',(0.9999994,-20.18424319433));
#8078 = ( GEOMETRIC_REPRESENTATION_CONTEXT(2) 
PARAMETRIC_REPRESENTATION_CONTEXT() REPRESENTATION_CONTEXT('2D SPACE',''
  ) );
#8079 = PCURVE('',#2318,#8080);
#8080 = DEFINITIONAL_REPRESENTATION('',(#8081),#8084);
#8081 = B_SPLINE_CURVE_WITH_KNOTS('',1,(#8082,#8083),.UNSPECIFIED.,.F.,
  .F.,(2,2),(-4.0000006,-1.9999994),.PIECEWISE_BEZIER_KNOTS.);
#8082 = CARTESIAN_POINT('',(-5.193094489767,-4.0000006));
#8083 = CARTESIAN_POINT('',(-5.193094489767,-1.9999994));
#8084 = ( GEOMETRIC_REPRESENTATION_CONTEXT(2) 
PARAMETRIC_REPRESENTATION_CONTEXT() REPRESENTATION_CONTEXT('2D SPACE',''
  ) );
#8085 = ADVANCED_FACE('',(#8086),#2285,.F.);
#8086 = FACE_BOUND('',#8087,.F.);
#8087 = EDGE_LOOP('',(#8088,#8089,#8110,#8130));
#8088 = ORIENTED_EDGE('',*,*,#2269,.F.);
#8089 = ORIENTED_EDGE('',*,*,#8090,.T.);
#8090 = EDGE_CURVE('',#2270,#8091,#8093,.T.);
#8091 = VERTEX_POINT('',#8092);
#8092 = CARTESIAN_POINT('',(58.650380624777,104.55332434993,36.2));
#8093 = SURFACE_CURVE('',#8094,(#8098,#8104),.PCURVE_S1.);
#8094 = LINE('',#8095,#8096);
#8095 = CARTESIAN_POINT('',(58.650380624777,104.55332434993,34.2));
#8096 = VECTOR('',#8097,1.);
#8097 = DIRECTION('',(-0.,-0.,-1.));
#8098 = PCURVE('',#2285,#8099);
#8099 = DEFINITIONAL_REPRESENTATION('',(#8100),#8103);
#8100 = B_SPLINE_CURVE_WITH_KNOTS('',1,(#8101,#8102),.UNSPECIFIED.,.F.,
  .F.,(2,2),(-4.0000006,-1.9999994),.PIECEWISE_BEZIER_KNOTS.);
#8101 = CARTESIAN_POINT('',(3.0000006,-27.81575680566));
#8102 = CARTESIAN_POINT('',(0.9999994,-27.81575680566));
#8103 = ( GEOMETRIC_REPRESENTATION_CONTEXT(2) 
PARAMETRIC_REPRESENTATION_CONTEXT() REPRESENTATION_CONTEXT('2D SPACE',''
  ) );
#8104 = PCURVE('',#2318,#8105);
#8105 = DEFINITIONAL_REPRESENTATION('',(#8106),#8109);
#8106 = B_SPLINE_CURVE_WITH_KNOTS('',1,(#8107,#8108),.UNSPECIFIED.,.F.,
  .F.,(2,2),(-4.0000006,-1.9999994),.PIECEWISE_BEZIER_KNOTS.);
#8107 = CARTESIAN_POINT('',(-4.231683471003,-4.0000006));
#8108 = CARTESIAN_POINT('',(-4.231683471003,-1.9999994));
#8109 = ( GEOMETRIC_REPRESENTATION_CONTEXT(2) 
PARAMETRIC_REPRESENTATION_CONTEXT() REPRESENTATION_CONTEXT('2D SPACE',''
  ) );
#8110 = ORIENTED_EDGE('',*,*,#8111,.F.);
#8111 = EDGE_CURVE('',#7994,#8091,#8112,.T.);
#8112 = SURFACE_CURVE('',#8113,(#8117,#8123),.PCURVE_S1.);
#8113 = LINE('',#8114,#8115);
#8114 = CARTESIAN_POINT('',(69.833809511662,115.73675323681,36.2));
#8115 = VECTOR('',#8116,1.);
#8116 = DIRECTION('',(0.707106781187,0.707106781187,-0.));
#8117 = PCURVE('',#2285,#8118);
#8118 = DEFINITIONAL_REPRESENTATION('',(#8119),#8122);
#8119 = B_SPLINE_CURVE_WITH_KNOTS('',1,(#8120,#8121),.UNSPECIFIED.,.F.,
  .F.,(2,2),(-36.,12.),.PIECEWISE_BEZIER_KNOTS.);
#8120 = CARTESIAN_POINT('',(1.,-48.));
#8121 = CARTESIAN_POINT('',(1.,0.));
#8122 = ( GEOMETRIC_REPRESENTATION_CONTEXT(2) 
PARAMETRIC_REPRESENTATION_CONTEXT() REPRESENTATION_CONTEXT('2D SPACE',''
  ) );
#8123 = PCURVE('',#5984,#8124);
#8124 = DEFINITIONAL_REPRESENTATION('',(#8125),#8129);
#8125 = LINE('',#8126,#8127);
#8126 = CARTESIAN_POINT('',(160.33380951166,113.23675323681));
#8127 = VECTOR('',#8128,1.);
#8128 = DIRECTION('',(0.707106781187,0.707106781187));
#8129 = ( GEOMETRIC_REPRESENTATION_CONTEXT(2) 
PARAMETRIC_REPRESENTATION_CONTEXT() REPRESENTATION_CONTEXT('2D SPACE',''
  ) );
#8130 = ORIENTED_EDGE('',*,*,#8021,.F.);
#8131 = ADVANCED_FACE('',(#8132),#2318,.T.);
#8132 = FACE_BOUND('',#8133,.F.);
#8133 = EDGE_LOOP('',(#8134,#8135,#8136,#8162));
#8134 = ORIENTED_EDGE('',*,*,#2297,.F.);
#8135 = ORIENTED_EDGE('',*,*,#8067,.T.);
#8136 = ORIENTED_EDGE('',*,*,#8137,.T.);
#8137 = EDGE_CURVE('',#8046,#8091,#8138,.T.);
#8138 = SURFACE_CURVE('',#8139,(#8144,#8151),.PCURVE_S1.);
#8139 = CIRCLE('',#8140,4.);
#8140 = AXIS2_PLACEMENT_3D('',#8141,#8142,#8143);
#8141 = CARTESIAN_POINT('',(60.5,108.1,36.2));
#8142 = DIRECTION('',(0.,0.,-1.));
#8143 = DIRECTION('',(1.,0.,0.));
#8144 = PCURVE('',#2318,#8145);
#8145 = DEFINITIONAL_REPRESENTATION('',(#8146),#8150);
#8146 = LINE('',#8147,#8148);
#8147 = CARTESIAN_POINT('',(-6.28318530718,-2.));
#8148 = VECTOR('',#8149,1.);
#8149 = DIRECTION('',(1.,-0.));
#8150 = ( GEOMETRIC_REPRESENTATION_CONTEXT(2) 
PARAMETRIC_REPRESENTATION_CONTEXT() REPRESENTATION_CONTEXT('2D SPACE',''
  ) );
#8151 = PCURVE('',#5984,#8152);
#8152 = DEFINITIONAL_REPRESENTATION('',(#8153),#8161);
#8153 = ( BOUNDED_CURVE() B_SPLINE_CURVE(2,(#8154,#8155,#8156,#8157,
#8158,#8159,#8160),.UNSPECIFIED.,.T.,.F.) B_SPLINE_CURVE_WITH_KNOTS((1,2
    ,2,2,2,1),(-2.094395102393,0.,2.094395102393,4.188790204786,
6.28318530718,8.377580409573),.UNSPECIFIED.) CURVE() 
GEOMETRIC_REPRESENTATION_ITEM() RATIONAL_B_SPLINE_CURVE((1.,0.5,1.,0.5,
1.,0.5,1.)) REPRESENTATION_ITEM('') );
#8154 = CARTESIAN_POINT('',(155.,105.6));
#8155 = CARTESIAN_POINT('',(155.,98.671796769724));
#8156 = CARTESIAN_POINT('',(149.,102.13589838486));
#8157 = CARTESIAN_POINT('',(143.,105.6));
#8158 = CARTESIAN_POINT('',(149.,109.06410161513));
#8159 = CARTESIAN_POINT('',(155.,112.52820323027));
#8160 = CARTESIAN_POINT('',(155.,105.6));
#8161 = ( GEOMETRIC_REPRESENTATION_CONTEXT(2) 
PARAMETRIC_REPRESENTATION_CONTEXT() REPRESENTATION_CONTEXT('2D SPACE',''
  ) );
#8162 = ORIENTED_EDGE('',*,*,#8090,.F.);
#8163 = ADVANCED_FACE('',(#8164),#2381,.T.);
#8164 = FACE_BOUND('',#8165,.F.);
#8165 = EDGE_LOOP('',(#8166,#8167,#8188,#8216));
#8166 = ORIENTED_EDGE('',*,*,#2358,.F.);
#8167 = ORIENTED_EDGE('',*,*,#8168,.T.);
#8168 = EDGE_CURVE('',#2359,#8169,#8171,.T.);
#8169 = VERTEX_POINT('',#8170);
#8170 = CARTESIAN_POINT('',(49.788409457826,99.085465732674,36.2));
#8171 = SURFACE_CURVE('',#8172,(#8176,#8182),.PCURVE_S1.);
#8172 = LINE('',#8173,#8174);
#8173 = CARTESIAN_POINT('',(49.788409457826,99.085465732673,34.2));
#8174 = VECTOR('',#8175,1.);
#8175 = DIRECTION('',(-0.,-0.,-1.));
#8176 = PCURVE('',#2381,#8177);
#8177 = DEFINITIONAL_REPRESENTATION('',(#8178),#8181);
#8178 = B_SPLINE_CURVE_WITH_KNOTS('',1,(#8179,#8180),.UNSPECIFIED.,.F.,
  .F.,(2,2),(-4.0000006,-1.9999994),.PIECEWISE_BEZIER_KNOTS.);
#8179 = CARTESIAN_POINT('',(-3.841171226481,-4.0000006));
#8180 = CARTESIAN_POINT('',(-3.841171226481,-1.9999994));
#8181 = ( GEOMETRIC_REPRESENTATION_CONTEXT(2) 
PARAMETRIC_REPRESENTATION_CONTEXT() REPRESENTATION_CONTEXT('2D SPACE',''
  ) );
#8182 = PCURVE('',#2409,#8183);
#8183 = DEFINITIONAL_REPRESENTATION('',(#8184),#8187);
#8184 = B_SPLINE_CURVE_WITH_KNOTS('',1,(#8185,#8186),.UNSPECIFIED.,.F.,
  .F.,(2,2),(-4.0000006,-1.9999994),.PIECEWISE_BEZIER_KNOTS.);
#8185 = CARTESIAN_POINT('',(3.0000006,-37.94847661933));
#8186 = CARTESIAN_POINT('',(0.9999994,-37.94847661933));
#8187 = ( GEOMETRIC_REPRESENTATION_CONTEXT(2) 
PARAMETRIC_REPRESENTATION_CONTEXT() REPRESENTATION_CONTEXT('2D SPACE',''
  ) );
#8188 = ORIENTED_EDGE('',*,*,#8189,.T.);
#8189 = EDGE_CURVE('',#8169,#8190,#8192,.T.);
#8190 = VERTEX_POINT('',#8191);
#8191 = CARTESIAN_POINT('',(49.788409457826,117.11453426732,36.2));
#8192 = SURFACE_CURVE('',#8193,(#8198,#8205),.PCURVE_S1.);
#8193 = CIRCLE('',#8194,14.);
#8194 = AXIS2_PLACEMENT_3D('',#8195,#8196,#8197);
#8195 = CARTESIAN_POINT('',(60.5,108.1,36.2));
#8196 = DIRECTION('',(0.,0.,-1.));
#8197 = DIRECTION('',(1.,0.,0.));
#8198 = PCURVE('',#2381,#8199);
#8199 = DEFINITIONAL_REPRESENTATION('',(#8200),#8204);
#8200 = LINE('',#8201,#8202);
#8201 = CARTESIAN_POINT('',(-6.28318530718,-2.));
#8202 = VECTOR('',#8203,1.);
#8203 = DIRECTION('',(1.,-0.));
#8204 = ( GEOMETRIC_REPRESENTATION_CONTEXT(2) 
PARAMETRIC_REPRESENTATION_CONTEXT() REPRESENTATION_CONTEXT('2D SPACE',''
  ) );
#8205 = PCURVE('',#5984,#8206);
#8206 = DEFINITIONAL_REPRESENTATION('',(#8207),#8215);
#8207 = ( BOUNDED_CURVE() B_SPLINE_CURVE(2,(#8208,#8209,#8210,#8211,
#8212,#8213,#8214),.UNSPECIFIED.,.T.,.F.) B_SPLINE_CURVE_WITH_KNOTS((1,2
    ,2,2,2,1),(-2.094395102393,0.,2.094395102393,4.188790204786,
6.28318530718,8.377580409573),.UNSPECIFIED.) CURVE() 
GEOMETRIC_REPRESENTATION_ITEM() RATIONAL_B_SPLINE_CURVE((1.,0.5,1.,0.5,
1.,0.5,1.)) REPRESENTATION_ITEM('') );
#8208 = CARTESIAN_POINT('',(165.,105.6));
#8209 = CARTESIAN_POINT('',(165.,81.351288694036));
#8210 = CARTESIAN_POINT('',(144.,93.475644347018));
#8211 = CARTESIAN_POINT('',(123.,105.6));
#8212 = CARTESIAN_POINT('',(144.,117.72435565298));
#8213 = CARTESIAN_POINT('',(165.,129.84871130596));
#8214 = CARTESIAN_POINT('',(165.,105.6));
#8215 = ( GEOMETRIC_REPRESENTATION_CONTEXT(2) 
PARAMETRIC_REPRESENTATION_CONTEXT() REPRESENTATION_CONTEXT('2D SPACE',''
  ) );
#8216 = ORIENTED_EDGE('',*,*,#8217,.F.);
#8217 = EDGE_CURVE('',#2361,#8190,#8218,.T.);
#8218 = SURFACE_CURVE('',#8219,(#8223,#8229),.PCURVE_S1.);
#8219 = LINE('',#8220,#8221);
#8220 = CARTESIAN_POINT('',(49.788409457826,117.11453426732,34.2));
#8221 = VECTOR('',#8222,1.);
#8222 = DIRECTION('',(-0.,-0.,-1.));
#8223 = PCURVE('',#2381,#8224);
#8224 = DEFINITIONAL_REPRESENTATION('',(#8225),#8228);
#8225 = B_SPLINE_CURVE_WITH_KNOTS('',1,(#8226,#8227),.UNSPECIFIED.,.F.,
  .F.,(2,2),(-4.0000006,-1.9999994),.PIECEWISE_BEZIER_KNOTS.);
#8226 = CARTESIAN_POINT('',(-2.442014080698,-4.0000006));
#8227 = CARTESIAN_POINT('',(-2.442014080698,-1.9999994));
#8228 = ( GEOMETRIC_REPRESENTATION_CONTEXT(2) 
PARAMETRIC_REPRESENTATION_CONTEXT() REPRESENTATION_CONTEXT('2D SPACE',''
  ) );
#8229 = PCURVE('',#2468,#8230);
#8230 = DEFINITIONAL_REPRESENTATION('',(#8231),#8234);
#8231 = B_SPLINE_CURVE_WITH_KNOTS('',1,(#8232,#8233),.UNSPECIFIED.,.F.,
  .F.,(2,2),(-4.0000006,-1.9999994),.PIECEWISE_BEZIER_KNOTS.);
#8232 = CARTESIAN_POINT('',(3.0000006,-37.94847661933));
#8233 = CARTESIAN_POINT('',(0.9999994,-37.94847661933));
#8234 = ( GEOMETRIC_REPRESENTATION_CONTEXT(2) 
PARAMETRIC_REPRESENTATION_CONTEXT() REPRESENTATION_CONTEXT('2D SPACE',''
  ) );
#8235 = ADVANCED_FACE('',(#8236),#2409,.T.);
#8236 = FACE_BOUND('',#8237,.T.);
#8237 = EDGE_LOOP('',(#8238,#8239,#8240,#8262));
#8238 = ORIENTED_EDGE('',*,*,#2393,.F.);
#8239 = ORIENTED_EDGE('',*,*,#8168,.T.);
#8240 = ORIENTED_EDGE('',*,*,#8241,.F.);
#8241 = EDGE_CURVE('',#8242,#8169,#8244,.T.);
#8242 = VERTEX_POINT('',#8243);
#8243 = CARTESIAN_POINT('',(48.36962804164,97.666684316488,36.2));
#8244 = SURFACE_CURVE('',#8245,(#8249,#8255),.PCURVE_S1.);
#8245 = LINE('',#8246,#8247);
#8246 = CARTESIAN_POINT('',(68.136753236815,117.43380951166,36.2));
#8247 = VECTOR('',#8248,1.);
#8248 = DIRECTION('',(0.707106781187,0.707106781187,-0.));
#8249 = PCURVE('',#2409,#8250);
#8250 = DEFINITIONAL_REPRESENTATION('',(#8251),#8254);
#8251 = B_SPLINE_CURVE_WITH_KNOTS('',1,(#8252,#8253),.UNSPECIFIED.,.F.,
  .F.,(2,2),(-36.,12.),.PIECEWISE_BEZIER_KNOTS.);
#8252 = CARTESIAN_POINT('',(1.,-48.));
#8253 = CARTESIAN_POINT('',(1.,0.));
#8254 = ( GEOMETRIC_REPRESENTATION_CONTEXT(2) 
PARAMETRIC_REPRESENTATION_CONTEXT() REPRESENTATION_CONTEXT('2D SPACE',''
  ) );
#8255 = PCURVE('',#5984,#8256);
#8256 = DEFINITIONAL_REPRESENTATION('',(#8257),#8261);
#8257 = LINE('',#8258,#8259);
#8258 = CARTESIAN_POINT('',(158.63675323681,114.93380951166));
#8259 = VECTOR('',#8260,1.);
#8260 = DIRECTION('',(0.707106781187,0.707106781187));
#8261 = ( GEOMETRIC_REPRESENTATION_CONTEXT(2) 
PARAMETRIC_REPRESENTATION_CONTEXT() REPRESENTATION_CONTEXT('2D SPACE',''
  ) );
#8262 = ORIENTED_EDGE('',*,*,#8263,.F.);
#8263 = EDGE_CURVE('',#2394,#8242,#8264,.T.);
#8264 = SURFACE_CURVE('',#8265,(#8269,#8275),.PCURVE_S1.);
#8265 = LINE('',#8266,#8267);
#8266 = CARTESIAN_POINT('',(48.36962804164,97.666684316488,35.2));
#8267 = VECTOR('',#8268,1.);
#8268 = DIRECTION('',(-0.,-0.,-1.));
#8269 = PCURVE('',#2409,#8270);
#8270 = DEFINITIONAL_REPRESENTATION('',(#8271),#8274);
#8271 = B_SPLINE_CURVE_WITH_KNOTS('',1,(#8272,#8273),.UNSPECIFIED.,.F.,
  .F.,(2,2),(-3.0000006,-0.9999994),.PIECEWISE_BEZIER_KNOTS.);
#8272 = CARTESIAN_POINT('',(3.0000006,-39.95493654014));
#8273 = CARTESIAN_POINT('',(0.9999994,-39.95493654014));
#8274 = ( GEOMETRIC_REPRESENTATION_CONTEXT(2) 
PARAMETRIC_REPRESENTATION_CONTEXT() REPRESENTATION_CONTEXT('2D SPACE',''
  ) );
#8275 = PCURVE('',#2442,#8276);
#8276 = DEFINITIONAL_REPRESENTATION('',(#8277),#8280);
#8277 = B_SPLINE_CURVE_WITH_KNOTS('',1,(#8278,#8279),.UNSPECIFIED.,.F.,
  .F.,(2,2),(-3.0000006,-0.9999994),.PIECEWISE_BEZIER_KNOTS.);
#8278 = CARTESIAN_POINT('',(-3.851920325911,-3.0000006));
#8279 = CARTESIAN_POINT('',(-3.851920325911,-0.9999994));
#8280 = ( GEOMETRIC_REPRESENTATION_CONTEXT(2) 
PARAMETRIC_REPRESENTATION_CONTEXT() REPRESENTATION_CONTEXT('2D SPACE',''
  ) );
#8281 = ADVANCED_FACE('',(#8282),#2468,.F.);
#8282 = FACE_BOUND('',#8283,.F.);
#8283 = EDGE_LOOP('',(#8284,#8285,#8286,#8308));
#8284 = ORIENTED_EDGE('',*,*,#2454,.F.);
#8285 = ORIENTED_EDGE('',*,*,#8217,.T.);
#8286 = ORIENTED_EDGE('',*,*,#8287,.F.);
#8287 = EDGE_CURVE('',#8288,#8190,#8290,.T.);
#8288 = VERTEX_POINT('',#8289);
#8289 = CARTESIAN_POINT('',(48.36962804164,118.53331568351,36.2));
#8290 = SURFACE_CURVE('',#8291,(#8295,#8301),.PCURVE_S1.);
#8291 = LINE('',#8292,#8293);
#8292 = CARTESIAN_POINT('',(68.136753236815,98.766190488338,36.2));
#8293 = VECTOR('',#8294,1.);
#8294 = DIRECTION('',(0.707106781187,-0.707106781187,0.));
#8295 = PCURVE('',#2468,#8296);
#8296 = DEFINITIONAL_REPRESENTATION('',(#8297),#8300);
#8297 = B_SPLINE_CURVE_WITH_KNOTS('',1,(#8298,#8299),.UNSPECIFIED.,.F.,
  .F.,(2,2),(-36.,12.),.PIECEWISE_BEZIER_KNOTS.);
#8298 = CARTESIAN_POINT('',(1.,-48.));
#8299 = CARTESIAN_POINT('',(1.,0.));
#8300 = ( GEOMETRIC_REPRESENTATION_CONTEXT(2) 
PARAMETRIC_REPRESENTATION_CONTEXT() REPRESENTATION_CONTEXT('2D SPACE',''
  ) );
#8301 = PCURVE('',#5984,#8302);
#8302 = DEFINITIONAL_REPRESENTATION('',(#8303),#8307);
#8303 = LINE('',#8304,#8305);
#8304 = CARTESIAN_POINT('',(158.63675323681,96.266190488338));
#8305 = VECTOR('',#8306,1.);
#8306 = DIRECTION('',(0.707106781187,-0.707106781187));
#8307 = ( GEOMETRIC_REPRESENTATION_CONTEXT(2) 
PARAMETRIC_REPRESENTATION_CONTEXT() REPRESENTATION_CONTEXT('2D SPACE',''
  ) );
#8308 = ORIENTED_EDGE('',*,*,#8309,.F.);
#8309 = EDGE_CURVE('',#2422,#8288,#8310,.T.);
#8310 = SURFACE_CURVE('',#8311,(#8315,#8321),.PCURVE_S1.);
#8311 = LINE('',#8312,#8313);
#8312 = CARTESIAN_POINT('',(48.36962804164,118.53331568351,35.2));
#8313 = VECTOR('',#8314,1.);
#8314 = DIRECTION('',(-0.,-0.,-1.));
#8315 = PCURVE('',#2468,#8316);
#8316 = DEFINITIONAL_REPRESENTATION('',(#8317),#8320);
#8317 = B_SPLINE_CURVE_WITH_KNOTS('',1,(#8318,#8319),.UNSPECIFIED.,.F.,
  .F.,(2,2),(-3.0000006,-0.9999994),.PIECEWISE_BEZIER_KNOTS.);
#8318 = CARTESIAN_POINT('',(3.0000006,-39.95493654014));
#8319 = CARTESIAN_POINT('',(0.9999994,-39.95493654014));
#8320 = ( GEOMETRIC_REPRESENTATION_CONTEXT(2) 
PARAMETRIC_REPRESENTATION_CONTEXT() REPRESENTATION_CONTEXT('2D SPACE',''
  ) );
#8321 = PCURVE('',#2442,#8322);
#8322 = DEFINITIONAL_REPRESENTATION('',(#8323),#8326);
#8323 = B_SPLINE_CURVE_WITH_KNOTS('',1,(#8324,#8325),.UNSPECIFIED.,.F.,
  .F.,(2,2),(-3.0000006,-0.9999994),.PIECEWISE_BEZIER_KNOTS.);
#8324 = CARTESIAN_POINT('',(-2.431264981269,-3.0000006));
#8325 = CARTESIAN_POINT('',(-2.431264981269,-0.9999994));
#8326 = ( GEOMETRIC_REPRESENTATION_CONTEXT(2) 
PARAMETRIC_REPRESENTATION_CONTEXT() REPRESENTATION_CONTEXT('2D SPACE',''
  ) );
#8327 = ADVANCED_FACE('',(#8328),#2442,.F.);
#8328 = FACE_BOUND('',#8329,.T.);
#8329 = EDGE_LOOP('',(#8330,#8331,#8332,#8358));
#8330 = ORIENTED_EDGE('',*,*,#2421,.F.);
#8331 = ORIENTED_EDGE('',*,*,#8263,.T.);
#8332 = ORIENTED_EDGE('',*,*,#8333,.T.);
#8333 = EDGE_CURVE('',#8242,#8288,#8334,.T.);
#8334 = SURFACE_CURVE('',#8335,(#8340,#8347),.PCURVE_S1.);
#8335 = CIRCLE('',#8336,16.);
#8336 = AXIS2_PLACEMENT_3D('',#8337,#8338,#8339);
#8337 = CARTESIAN_POINT('',(60.5,108.1,36.2));
#8338 = DIRECTION('',(0.,0.,-1.));
#8339 = DIRECTION('',(1.,0.,0.));
#8340 = PCURVE('',#2442,#8341);
#8341 = DEFINITIONAL_REPRESENTATION('',(#8342),#8346);
#8342 = LINE('',#8343,#8344);
#8343 = CARTESIAN_POINT('',(-6.28318530718,-1.));
#8344 = VECTOR('',#8345,1.);
#8345 = DIRECTION('',(1.,-0.));
#8346 = ( GEOMETRIC_REPRESENTATION_CONTEXT(2) 
PARAMETRIC_REPRESENTATION_CONTEXT() REPRESENTATION_CONTEXT('2D SPACE',''
  ) );
#8347 = PCURVE('',#5984,#8348);
#8348 = DEFINITIONAL_REPRESENTATION('',(#8349),#8357);
#8349 = ( BOUNDED_CURVE() B_SPLINE_CURVE(2,(#8350,#8351,#8352,#8353,
#8354,#8355,#8356),.UNSPECIFIED.,.T.,.F.) B_SPLINE_CURVE_WITH_KNOTS((1,2
    ,2,2,2,1),(-2.094395102393,0.,2.094395102393,4.188790204786,
6.28318530718,8.377580409573),.UNSPECIFIED.) CURVE() 
GEOMETRIC_REPRESENTATION_ITEM() RATIONAL_B_SPLINE_CURVE((1.,0.5,1.,0.5,
1.,0.5,1.)) REPRESENTATION_ITEM('') );
#8350 = CARTESIAN_POINT('',(167.,105.6));
#8351 = CARTESIAN_POINT('',(167.,77.887187078898));
#8352 = CARTESIAN_POINT('',(143.,91.743593539449));
#8353 = CARTESIAN_POINT('',(119.,105.6));
#8354 = CARTESIAN_POINT('',(143.,119.45640646055));
#8355 = CARTESIAN_POINT('',(167.,133.3128129211));
#8356 = CARTESIAN_POINT('',(167.,105.6));
#8357 = ( GEOMETRIC_REPRESENTATION_CONTEXT(2) 
PARAMETRIC_REPRESENTATION_CONTEXT() REPRESENTATION_CONTEXT('2D SPACE',''
  ) );
#8358 = ORIENTED_EDGE('',*,*,#8309,.F.);
#8359 = ADVANCED_FACE('',(#8360),#2505,.T.);
#8360 = FACE_BOUND('',#8361,.F.);
#8361 = EDGE_LOOP('',(#8362,#8363,#8384,#8412));
#8362 = ORIENTED_EDGE('',*,*,#2482,.F.);
#8363 = ORIENTED_EDGE('',*,*,#8364,.T.);
#8364 = EDGE_CURVE('',#2483,#8365,#8367,.T.);
#8365 = VERTEX_POINT('',#8366);
#8366 = CARTESIAN_POINT('',(53.344333050087,102.64138932493,36.2));
#8367 = SURFACE_CURVE('',#8368,(#8372,#8378),.PCURVE_S1.);
#8368 = LINE('',#8369,#8370);
#8369 = CARTESIAN_POINT('',(53.344333050088,102.64138932493,34.2));
#8370 = VECTOR('',#8371,1.);
#8371 = DIRECTION('',(-0.,-0.,-1.));
#8372 = PCURVE('',#2505,#8373);
#8373 = DEFINITIONAL_REPRESENTATION('',(#8374),#8377);
#8374 = B_SPLINE_CURVE_WITH_KNOTS('',1,(#8375,#8376),.UNSPECIFIED.,.F.,
  .F.,(2,2),(-4.0000006,-1.9999994),.PIECEWISE_BEZIER_KNOTS.);
#8375 = CARTESIAN_POINT('',(-3.793259227577,-4.0000006));
#8376 = CARTESIAN_POINT('',(-3.793259227577,-1.9999994));
#8377 = ( GEOMETRIC_REPRESENTATION_CONTEXT(2) 
PARAMETRIC_REPRESENTATION_CONTEXT() REPRESENTATION_CONTEXT('2D SPACE',''
  ) );
#8378 = PCURVE('',#2533,#8379);
#8379 = DEFINITIONAL_REPRESENTATION('',(#8380),#8383);
#8380 = B_SPLINE_CURVE_WITH_KNOTS('',1,(#8381,#8382),.UNSPECIFIED.,.F.,
  .F.,(2,2),(-4.0000006,-1.9999994),.PIECEWISE_BEZIER_KNOTS.);
#8381 = CARTESIAN_POINT('',(3.0000006,-32.91964124839));
#8382 = CARTESIAN_POINT('',(0.9999994,-32.91964124839));
#8383 = ( GEOMETRIC_REPRESENTATION_CONTEXT(2) 
PARAMETRIC_REPRESENTATION_CONTEXT() REPRESENTATION_CONTEXT('2D SPACE',''
  ) );
#8384 = ORIENTED_EDGE('',*,*,#8385,.T.);
#8385 = EDGE_CURVE('',#8365,#8386,#8388,.T.);
#8386 = VERTEX_POINT('',#8387);
#8387 = CARTESIAN_POINT('',(53.344333050088,113.55861067506,36.2));
#8388 = SURFACE_CURVE('',#8389,(#8394,#8401),.PCURVE_S1.);
#8389 = CIRCLE('',#8390,9.);
#8390 = AXIS2_PLACEMENT_3D('',#8391,#8392,#8393);
#8391 = CARTESIAN_POINT('',(60.5,108.1,36.2));
#8392 = DIRECTION('',(0.,0.,-1.));
#8393 = DIRECTION('',(1.,0.,0.));
#8394 = PCURVE('',#2505,#8395);
#8395 = DEFINITIONAL_REPRESENTATION('',(#8396),#8400);
#8396 = LINE('',#8397,#8398);
#8397 = CARTESIAN_POINT('',(-6.28318530718,-2.));
#8398 = VECTOR('',#8399,1.);
#8399 = DIRECTION('',(1.,-0.));
#8400 = ( GEOMETRIC_REPRESENTATION_CONTEXT(2) 
PARAMETRIC_REPRESENTATION_CONTEXT() REPRESENTATION_CONTEXT('2D SPACE',''
  ) );
#8401 = PCURVE('',#5984,#8402);
#8402 = DEFINITIONAL_REPRESENTATION('',(#8403),#8411);
#8403 = ( BOUNDED_CURVE() B_SPLINE_CURVE(2,(#8404,#8405,#8406,#8407,
#8408,#8409,#8410),.UNSPECIFIED.,.T.,.F.) B_SPLINE_CURVE_WITH_KNOTS((1,2
    ,2,2,2,1),(-2.094395102393,0.,2.094395102393,4.188790204786,
6.28318530718,8.377580409573),.UNSPECIFIED.) CURVE() 
GEOMETRIC_REPRESENTATION_ITEM() RATIONAL_B_SPLINE_CURVE((1.,0.5,1.,0.5,
1.,0.5,1.)) REPRESENTATION_ITEM('') );
#8404 = CARTESIAN_POINT('',(160.,105.6));
#8405 = CARTESIAN_POINT('',(160.,90.01154273188));
#8406 = CARTESIAN_POINT('',(146.5,97.80577136594));
#8407 = CARTESIAN_POINT('',(133.,105.6));
#8408 = CARTESIAN_POINT('',(146.5,113.39422863406));
#8409 = CARTESIAN_POINT('',(160.,121.18845726812));
#8410 = CARTESIAN_POINT('',(160.,105.6));
#8411 = ( GEOMETRIC_REPRESENTATION_CONTEXT(2) 
PARAMETRIC_REPRESENTATION_CONTEXT() REPRESENTATION_CONTEXT('2D SPACE',''
  ) );
#8412 = ORIENTED_EDGE('',*,*,#8413,.F.);
#8413 = EDGE_CURVE('',#2485,#8386,#8414,.T.);
#8414 = SURFACE_CURVE('',#8415,(#8419,#8425),.PCURVE_S1.);
#8415 = LINE('',#8416,#8417);
#8416 = CARTESIAN_POINT('',(53.344333050088,113.55861067506,34.2));
#8417 = VECTOR('',#8418,1.);
#8418 = DIRECTION('',(-0.,-0.,-1.));
#8419 = PCURVE('',#2505,#8420);
#8420 = DEFINITIONAL_REPRESENTATION('',(#8421),#8424);
#8421 = B_SPLINE_CURVE_WITH_KNOTS('',1,(#8422,#8423),.UNSPECIFIED.,.F.,
  .F.,(2,2),(-4.0000006,-1.9999994),.PIECEWISE_BEZIER_KNOTS.);
#8422 = CARTESIAN_POINT('',(-2.489926079602,-4.0000006));
#8423 = CARTESIAN_POINT('',(-2.489926079602,-1.9999994));
#8424 = ( GEOMETRIC_REPRESENTATION_CONTEXT(2) 
PARAMETRIC_REPRESENTATION_CONTEXT() REPRESENTATION_CONTEXT('2D SPACE',''
  ) );
#8425 = PCURVE('',#2592,#8426);
#8426 = DEFINITIONAL_REPRESENTATION('',(#8427),#8430);
#8427 = B_SPLINE_CURVE_WITH_KNOTS('',1,(#8428,#8429),.UNSPECIFIED.,.F.,
  .F.,(2,2),(-4.0000006,-1.9999994),.PIECEWISE_BEZIER_KNOTS.);
#8428 = CARTESIAN_POINT('',(3.0000006,-32.91964124839));
#8429 = CARTESIAN_POINT('',(0.9999994,-32.91964124839));
#8430 = ( GEOMETRIC_REPRESENTATION_CONTEXT(2) 
PARAMETRIC_REPRESENTATION_CONTEXT() REPRESENTATION_CONTEXT('2D SPACE',''
  ) );
#8431 = ADVANCED_FACE('',(#8432),#2533,.T.);
#8432 = FACE_BOUND('',#8433,.T.);
#8433 = EDGE_LOOP('',(#8434,#8435,#8436,#8458));
#8434 = ORIENTED_EDGE('',*,*,#2517,.F.);
#8435 = ORIENTED_EDGE('',*,*,#8364,.T.);
#8436 = ORIENTED_EDGE('',*,*,#8437,.F.);
#8437 = EDGE_CURVE('',#8438,#8365,#8440,.T.);
#8438 = VERTEX_POINT('',#8439);
#8439 = CARTESIAN_POINT('',(51.919719150545,101.21677542539,36.2));
#8440 = SURFACE_CURVE('',#8441,(#8445,#8451),.PCURVE_S1.);
#8441 = LINE('',#8442,#8443);
#8442 = CARTESIAN_POINT('',(68.136753236815,117.43380951166,36.2));
#8443 = VECTOR('',#8444,1.);
#8444 = DIRECTION('',(0.707106781187,0.707106781187,-0.));
#8445 = PCURVE('',#2533,#8446);
#8446 = DEFINITIONAL_REPRESENTATION('',(#8447),#8450);
#8447 = B_SPLINE_CURVE_WITH_KNOTS('',1,(#8448,#8449),.UNSPECIFIED.,.F.,
  .F.,(2,2),(-36.,12.),.PIECEWISE_BEZIER_KNOTS.);
#8448 = CARTESIAN_POINT('',(1.,-48.));
#8449 = CARTESIAN_POINT('',(1.,0.));
#8450 = ( GEOMETRIC_REPRESENTATION_CONTEXT(2) 
PARAMETRIC_REPRESENTATION_CONTEXT() REPRESENTATION_CONTEXT('2D SPACE',''
  ) );
#8451 = PCURVE('',#5984,#8452);
#8452 = DEFINITIONAL_REPRESENTATION('',(#8453),#8457);
#8453 = LINE('',#8454,#8455);
#8454 = CARTESIAN_POINT('',(158.63675323681,114.93380951166));
#8455 = VECTOR('',#8456,1.);
#8456 = DIRECTION('',(0.707106781187,0.707106781187));
#8457 = ( GEOMETRIC_REPRESENTATION_CONTEXT(2) 
PARAMETRIC_REPRESENTATION_CONTEXT() REPRESENTATION_CONTEXT('2D SPACE',''
  ) );
#8458 = ORIENTED_EDGE('',*,*,#8459,.F.);
#8459 = EDGE_CURVE('',#2518,#8438,#8460,.T.);
#8460 = SURFACE_CURVE('',#8461,(#8465,#8471),.PCURVE_S1.);
#8461 = LINE('',#8462,#8463);
#8462 = CARTESIAN_POINT('',(51.919719150545,101.21677542539,35.2));
#8463 = VECTOR('',#8464,1.);
#8464 = DIRECTION('',(-0.,-0.,-1.));
#8465 = PCURVE('',#2533,#8466);
#8466 = DEFINITIONAL_REPRESENTATION('',(#8467),#8470);
#8467 = B_SPLINE_CURVE_WITH_KNOTS('',1,(#8468,#8469),.UNSPECIFIED.,.F.,
  .F.,(2,2),(-3.0000006,-0.9999994),.PIECEWISE_BEZIER_KNOTS.);
#8468 = CARTESIAN_POINT('',(3.0000006,-34.93434954626));
#8469 = CARTESIAN_POINT('',(0.9999994,-34.93434954626));
#8470 = ( GEOMETRIC_REPRESENTATION_CONTEXT(2) 
PARAMETRIC_REPRESENTATION_CONTEXT() REPRESENTATION_CONTEXT('2D SPACE',''
  ) );
#8471 = PCURVE('',#2566,#8472);
#8472 = DEFINITIONAL_REPRESENTATION('',(#8473),#8476);
#8473 = B_SPLINE_CURVE_WITH_KNOTS('',1,(#8474,#8475),.UNSPECIFIED.,.F.,
  .F.,(2,2),(-3.0000006,-0.9999994),.PIECEWISE_BEZIER_KNOTS.);
#8474 = CARTESIAN_POINT('',(-3.81768236217,-3.0000006));
#8475 = CARTESIAN_POINT('',(-3.81768236217,-0.9999994));
#8476 = ( GEOMETRIC_REPRESENTATION_CONTEXT(2) 
PARAMETRIC_REPRESENTATION_CONTEXT() REPRESENTATION_CONTEXT('2D SPACE',''
  ) );
#8477 = ADVANCED_FACE('',(#8478),#2592,.F.);
#8478 = FACE_BOUND('',#8479,.F.);
#8479 = EDGE_LOOP('',(#8480,#8481,#8482,#8504));
#8480 = ORIENTED_EDGE('',*,*,#2578,.F.);
#8481 = ORIENTED_EDGE('',*,*,#8413,.T.);
#8482 = ORIENTED_EDGE('',*,*,#8483,.F.);
#8483 = EDGE_CURVE('',#8484,#8386,#8486,.T.);
#8484 = VERTEX_POINT('',#8485);
#8485 = CARTESIAN_POINT('',(51.919719150545,114.9832245746,36.2));
#8486 = SURFACE_CURVE('',#8487,(#8491,#8497),.PCURVE_S1.);
#8487 = LINE('',#8488,#8489);
#8488 = CARTESIAN_POINT('',(68.136753236815,98.766190488338,36.2));
#8489 = VECTOR('',#8490,1.);
#8490 = DIRECTION('',(0.707106781187,-0.707106781187,0.));
#8491 = PCURVE('',#2592,#8492);
#8492 = DEFINITIONAL_REPRESENTATION('',(#8493),#8496);
#8493 = B_SPLINE_CURVE_WITH_KNOTS('',1,(#8494,#8495),.UNSPECIFIED.,.F.,
  .F.,(2,2),(-36.,12.),.PIECEWISE_BEZIER_KNOTS.);
#8494 = CARTESIAN_POINT('',(1.,-48.));
#8495 = CARTESIAN_POINT('',(1.,0.));
#8496 = ( GEOMETRIC_REPRESENTATION_CONTEXT(2) 
PARAMETRIC_REPRESENTATION_CONTEXT() REPRESENTATION_CONTEXT('2D SPACE',''
  ) );
#8497 = PCURVE('',#5984,#8498);
#8498 = DEFINITIONAL_REPRESENTATION('',(#8499),#8503);
#8499 = LINE('',#8500,#8501);
#8500 = CARTESIAN_POINT('',(158.63675323681,96.266190488338));
#8501 = VECTOR('',#8502,1.);
#8502 = DIRECTION('',(0.707106781187,-0.707106781187));
#8503 = ( GEOMETRIC_REPRESENTATION_CONTEXT(2) 
PARAMETRIC_REPRESENTATION_CONTEXT() REPRESENTATION_CONTEXT('2D SPACE',''
  ) );
#8504 = ORIENTED_EDGE('',*,*,#8505,.F.);
#8505 = EDGE_CURVE('',#2546,#8484,#8506,.T.);
#8506 = SURFACE_CURVE('',#8507,(#8511,#8517),.PCURVE_S1.);
#8507 = LINE('',#8508,#8509);
#8508 = CARTESIAN_POINT('',(51.919719150545,114.9832245746,35.2));
#8509 = VECTOR('',#8510,1.);
#8510 = DIRECTION('',(-0.,-0.,-1.));
#8511 = PCURVE('',#2592,#8512);
#8512 = DEFINITIONAL_REPRESENTATION('',(#8513),#8516);
#8513 = B_SPLINE_CURVE_WITH_KNOTS('',1,(#8514,#8515),.UNSPECIFIED.,.F.,
  .F.,(2,2),(-3.0000006,-0.9999994),.PIECEWISE_BEZIER_KNOTS.);
#8514 = CARTESIAN_POINT('',(3.0000006,-34.93434954626));
#8515 = CARTESIAN_POINT('',(0.9999994,-34.93434954626));
#8516 = ( GEOMETRIC_REPRESENTATION_CONTEXT(2) 
PARAMETRIC_REPRESENTATION_CONTEXT() REPRESENTATION_CONTEXT('2D SPACE',''
  ) );
#8517 = PCURVE('',#2566,#8518);
#8518 = DEFINITIONAL_REPRESENTATION('',(#8519),#8522);
#8519 = B_SPLINE_CURVE_WITH_KNOTS('',1,(#8520,#8521),.UNSPECIFIED.,.F.,
  .F.,(2,2),(-3.0000006,-0.9999994),.PIECEWISE_BEZIER_KNOTS.);
#8520 = CARTESIAN_POINT('',(-2.46550294501,-3.0000006));
#8521 = CARTESIAN_POINT('',(-2.46550294501,-0.9999994));
#8522 = ( GEOMETRIC_REPRESENTATION_CONTEXT(2) 
PARAMETRIC_REPRESENTATION_CONTEXT() REPRESENTATION_CONTEXT('2D SPACE',''
  ) );
#8523 = ADVANCED_FACE('',(#8524),#2566,.F.);
#8524 = FACE_BOUND('',#8525,.T.);
#8525 = EDGE_LOOP('',(#8526,#8527,#8528,#8554));
#8526 = ORIENTED_EDGE('',*,*,#2545,.F.);
#8527 = ORIENTED_EDGE('',*,*,#8459,.T.);
#8528 = ORIENTED_EDGE('',*,*,#8529,.T.);
#8529 = EDGE_CURVE('',#8438,#8484,#8530,.T.);
#8530 = SURFACE_CURVE('',#8531,(#8536,#8543),.PCURVE_S1.);
#8531 = CIRCLE('',#8532,11.);
#8532 = AXIS2_PLACEMENT_3D('',#8533,#8534,#8535);
#8533 = CARTESIAN_POINT('',(60.5,108.1,36.2));
#8534 = DIRECTION('',(0.,0.,-1.));
#8535 = DIRECTION('',(1.,0.,0.));
#8536 = PCURVE('',#2566,#8537);
#8537 = DEFINITIONAL_REPRESENTATION('',(#8538),#8542);
#8538 = LINE('',#8539,#8540);
#8539 = CARTESIAN_POINT('',(-6.28318530718,-1.));
#8540 = VECTOR('',#8541,1.);
#8541 = DIRECTION('',(1.,-0.));
#8542 = ( GEOMETRIC_REPRESENTATION_CONTEXT(2) 
PARAMETRIC_REPRESENTATION_CONTEXT() REPRESENTATION_CONTEXT('2D SPACE',''
  ) );
#8543 = PCURVE('',#5984,#8544);
#8544 = DEFINITIONAL_REPRESENTATION('',(#8545),#8553);
#8545 = ( BOUNDED_CURVE() B_SPLINE_CURVE(2,(#8546,#8547,#8548,#8549,
#8550,#8551,#8552),.UNSPECIFIED.,.T.,.F.) B_SPLINE_CURVE_WITH_KNOTS((1,2
    ,2,2,2,1),(-2.094395102393,0.,2.094395102393,4.188790204786,
6.28318530718,8.377580409573),.UNSPECIFIED.) CURVE() 
GEOMETRIC_REPRESENTATION_ITEM() RATIONAL_B_SPLINE_CURVE((1.,0.5,1.,0.5,
1.,0.5,1.)) REPRESENTATION_ITEM('') );
#8546 = CARTESIAN_POINT('',(162.,105.6));
#8547 = CARTESIAN_POINT('',(162.,86.547441116742));
#8548 = CARTESIAN_POINT('',(145.5,96.073720558371));
#8549 = CARTESIAN_POINT('',(129.,105.6));
#8550 = CARTESIAN_POINT('',(145.5,115.12627944162));
#8551 = CARTESIAN_POINT('',(162.,124.65255888325));
#8552 = CARTESIAN_POINT('',(162.,105.6));
#8553 = ( GEOMETRIC_REPRESENTATION_CONTEXT(2) 
PARAMETRIC_REPRESENTATION_CONTEXT() REPRESENTATION_CONTEXT('2D SPACE',''
  ) );
#8554 = ORIENTED_EDGE('',*,*,#8505,.F.);
#8555 = ADVANCED_FACE('',(#8556),#2629,.T.);
#8556 = FACE_BOUND('',#8557,.F.);
#8557 = EDGE_LOOP('',(#8558,#8559,#8580,#8608));
#8558 = ORIENTED_EDGE('',*,*,#2606,.F.);
#8559 = ORIENTED_EDGE('',*,*,#8560,.T.);
#8560 = EDGE_CURVE('',#2607,#8561,#8563,.T.);
#8561 = VERTEX_POINT('',#8562);
#8562 = CARTESIAN_POINT('',(56.95332434993,106.25038062477,36.2));
#8563 = SURFACE_CURVE('',#8564,(#8568,#8574),.PCURVE_S1.);
#8564 = LINE('',#8565,#8566);
#8565 = CARTESIAN_POINT('',(56.95332434993,106.25038062477,34.2));
#8566 = VECTOR('',#8567,1.);
#8567 = DIRECTION('',(-0.,-0.,-1.));
#8568 = PCURVE('',#2629,#8569);
#8569 = DEFINITIONAL_REPRESENTATION('',(#8570),#8573);
#8570 = B_SPLINE_CURVE_WITH_KNOTS('',1,(#8571,#8572),.UNSPECIFIED.,.F.,
  .F.,(2,2),(-4.0000006,-1.9999994),.PIECEWISE_BEZIER_KNOTS.);
#8571 = CARTESIAN_POINT('',(-3.622298162972,-4.0000006));
#8572 = CARTESIAN_POINT('',(-3.622298162972,-1.9999994));
#8573 = ( GEOMETRIC_REPRESENTATION_CONTEXT(2) 
PARAMETRIC_REPRESENTATION_CONTEXT() REPRESENTATION_CONTEXT('2D SPACE',''
  ) );
#8574 = PCURVE('',#2657,#8575);
#8575 = DEFINITIONAL_REPRESENTATION('',(#8576),#8579);
#8576 = B_SPLINE_CURVE_WITH_KNOTS('',1,(#8577,#8578),.UNSPECIFIED.,.F.,
  .F.,(2,2),(-4.0000006,-1.9999994),.PIECEWISE_BEZIER_KNOTS.);
#8577 = CARTESIAN_POINT('',(3.0000006,-27.81575680566));
#8578 = CARTESIAN_POINT('',(0.9999994,-27.81575680566));
#8579 = ( GEOMETRIC_REPRESENTATION_CONTEXT(2) 
PARAMETRIC_REPRESENTATION_CONTEXT() REPRESENTATION_CONTEXT('2D SPACE',''
  ) );
#8580 = ORIENTED_EDGE('',*,*,#8581,.T.);
#8581 = EDGE_CURVE('',#8561,#8582,#8584,.T.);
#8582 = VERTEX_POINT('',#8583);
#8583 = CARTESIAN_POINT('',(56.95332434993,109.94961937522,36.2));
#8584 = SURFACE_CURVE('',#8585,(#8590,#8597),.PCURVE_S1.);
#8585 = CIRCLE('',#8586,4.);
#8586 = AXIS2_PLACEMENT_3D('',#8587,#8588,#8589);
#8587 = CARTESIAN_POINT('',(60.5,108.1,36.2));
#8588 = DIRECTION('',(0.,0.,-1.));
#8589 = DIRECTION('',(1.,0.,0.));
#8590 = PCURVE('',#2629,#8591);
#8591 = DEFINITIONAL_REPRESENTATION('',(#8592),#8596);
#8592 = LINE('',#8593,#8594);
#8593 = CARTESIAN_POINT('',(-6.28318530718,-2.));
#8594 = VECTOR('',#8595,1.);
#8595 = DIRECTION('',(1.,-0.));
#8596 = ( GEOMETRIC_REPRESENTATION_CONTEXT(2) 
PARAMETRIC_REPRESENTATION_CONTEXT() REPRESENTATION_CONTEXT('2D SPACE',''
  ) );
#8597 = PCURVE('',#5984,#8598);
#8598 = DEFINITIONAL_REPRESENTATION('',(#8599),#8607);
#8599 = ( BOUNDED_CURVE() B_SPLINE_CURVE(2,(#8600,#8601,#8602,#8603,
#8604,#8605,#8606),.UNSPECIFIED.,.T.,.F.) B_SPLINE_CURVE_WITH_KNOTS((1,2
    ,2,2,2,1),(-2.094395102393,0.,2.094395102393,4.188790204786,
6.28318530718,8.377580409573),.UNSPECIFIED.) CURVE() 
GEOMETRIC_REPRESENTATION_ITEM() RATIONAL_B_SPLINE_CURVE((1.,0.5,1.,0.5,
1.,0.5,1.)) REPRESENTATION_ITEM('') );
#8600 = CARTESIAN_POINT('',(155.,105.6));
#8601 = CARTESIAN_POINT('',(155.,98.671796769724));
#8602 = CARTESIAN_POINT('',(149.,102.13589838486));
#8603 = CARTESIAN_POINT('',(143.,105.6));
#8604 = CARTESIAN_POINT('',(149.,109.06410161513));
#8605 = CARTESIAN_POINT('',(155.,112.52820323027));
#8606 = CARTESIAN_POINT('',(155.,105.6));
#8607 = ( GEOMETRIC_REPRESENTATION_CONTEXT(2) 
PARAMETRIC_REPRESENTATION_CONTEXT() REPRESENTATION_CONTEXT('2D SPACE',''
  ) );
#8608 = ORIENTED_EDGE('',*,*,#8609,.F.);
#8609 = EDGE_CURVE('',#2609,#8582,#8610,.T.);
#8610 = SURFACE_CURVE('',#8611,(#8615,#8621),.PCURVE_S1.);
#8611 = LINE('',#8612,#8613);
#8612 = CARTESIAN_POINT('',(56.95332434993,109.94961937522,34.2));
#8613 = VECTOR('',#8614,1.);
#8614 = DIRECTION('',(-0.,-0.,-1.));
#8615 = PCURVE('',#2629,#8616);
#8616 = DEFINITIONAL_REPRESENTATION('',(#8617),#8620);
#8617 = B_SPLINE_CURVE_WITH_KNOTS('',1,(#8618,#8619),.UNSPECIFIED.,.F.,
  .F.,(2,2),(-4.0000006,-1.9999994),.PIECEWISE_BEZIER_KNOTS.);
#8618 = CARTESIAN_POINT('',(-2.660887144208,-4.0000006));
#8619 = CARTESIAN_POINT('',(-2.660887144208,-1.9999994));
#8620 = ( GEOMETRIC_REPRESENTATION_CONTEXT(2) 
PARAMETRIC_REPRESENTATION_CONTEXT() REPRESENTATION_CONTEXT('2D SPACE',''
  ) );
#8621 = PCURVE('',#2716,#8622);
#8622 = DEFINITIONAL_REPRESENTATION('',(#8623),#8626);
#8623 = B_SPLINE_CURVE_WITH_KNOTS('',1,(#8624,#8625),.UNSPECIFIED.,.F.,
  .F.,(2,2),(-4.0000006,-1.9999994),.PIECEWISE_BEZIER_KNOTS.);
#8624 = CARTESIAN_POINT('',(3.0000006,-27.81575680566));
#8625 = CARTESIAN_POINT('',(0.9999994,-27.81575680566));
#8626 = ( GEOMETRIC_REPRESENTATION_CONTEXT(2) 
PARAMETRIC_REPRESENTATION_CONTEXT() REPRESENTATION_CONTEXT('2D SPACE',''
  ) );
#8627 = ADVANCED_FACE('',(#8628),#2657,.T.);
#8628 = FACE_BOUND('',#8629,.T.);
#8629 = EDGE_LOOP('',(#8630,#8631,#8632,#8654));
#8630 = ORIENTED_EDGE('',*,*,#2641,.F.);
#8631 = ORIENTED_EDGE('',*,*,#8560,.T.);
#8632 = ORIENTED_EDGE('',*,*,#8633,.F.);
#8633 = EDGE_CURVE('',#8634,#8561,#8636,.T.);
#8634 = VERTEX_POINT('',#8635);
#8635 = CARTESIAN_POINT('',(55.494549924411,104.79160619925,36.2));
#8636 = SURFACE_CURVE('',#8637,(#8641,#8647),.PCURVE_S1.);
#8637 = LINE('',#8638,#8639);
#8638 = CARTESIAN_POINT('',(68.136753236815,117.43380951166,36.2));
#8639 = VECTOR('',#8640,1.);
#8640 = DIRECTION('',(0.707106781187,0.707106781187,-0.));
#8641 = PCURVE('',#2657,#8642);
#8642 = DEFINITIONAL_REPRESENTATION('',(#8643),#8646);
#8643 = B_SPLINE_CURVE_WITH_KNOTS('',1,(#8644,#8645),.UNSPECIFIED.,.F.,
  .F.,(2,2),(-36.,12.),.PIECEWISE_BEZIER_KNOTS.);
#8644 = CARTESIAN_POINT('',(1.,-48.));
#8645 = CARTESIAN_POINT('',(1.,0.));
#8646 = ( GEOMETRIC_REPRESENTATION_CONTEXT(2) 
PARAMETRIC_REPRESENTATION_CONTEXT() REPRESENTATION_CONTEXT('2D SPACE',''
  ) );
#8647 = PCURVE('',#5984,#8648);
#8648 = DEFINITIONAL_REPRESENTATION('',(#8649),#8653);
#8649 = LINE('',#8650,#8651);
#8650 = CARTESIAN_POINT('',(158.63675323681,114.93380951166));
#8651 = VECTOR('',#8652,1.);
#8652 = DIRECTION('',(0.707106781187,0.707106781187));
#8653 = ( GEOMETRIC_REPRESENTATION_CONTEXT(2) 
PARAMETRIC_REPRESENTATION_CONTEXT() REPRESENTATION_CONTEXT('2D SPACE',''
  ) );
#8654 = ORIENTED_EDGE('',*,*,#8655,.F.);
#8655 = EDGE_CURVE('',#2642,#8634,#8656,.T.);
#8656 = SURFACE_CURVE('',#8657,(#8661,#8667),.PCURVE_S1.);
#8657 = LINE('',#8658,#8659);
#8658 = CARTESIAN_POINT('',(55.494549924411,104.79160619925,35.2));
#8659 = VECTOR('',#8660,1.);
#8660 = DIRECTION('',(-0.,-0.,-1.));
#8661 = PCURVE('',#2657,#8662);
#8662 = DEFINITIONAL_REPRESENTATION('',(#8663),#8666);
#8663 = B_SPLINE_CURVE_WITH_KNOTS('',1,(#8664,#8665),.UNSPECIFIED.,.F.,
  .F.,(2,2),(-3.0000006,-0.9999994),.PIECEWISE_BEZIER_KNOTS.);
#8664 = CARTESIAN_POINT('',(3.0000006,-29.87877538268));
#8665 = CARTESIAN_POINT('',(0.9999994,-29.87877538268));
#8666 = ( GEOMETRIC_REPRESENTATION_CONTEXT(2) 
PARAMETRIC_REPRESENTATION_CONTEXT() REPRESENTATION_CONTEXT('2D SPACE',''
  ) );
#8667 = PCURVE('',#2690,#8668);
#8668 = DEFINITIONAL_REPRESENTATION('',(#8669),#8672);
#8669 = B_SPLINE_CURVE_WITH_KNOTS('',1,(#8670,#8671),.UNSPECIFIED.,.F.,
  .F.,(2,2),(-3.0000006,-0.9999994),.PIECEWISE_BEZIER_KNOTS.);
#8670 = CARTESIAN_POINT('',(-3.725632896197,-3.0000006));
#8671 = CARTESIAN_POINT('',(-3.725632896197,-0.9999994));
#8672 = ( GEOMETRIC_REPRESENTATION_CONTEXT(2) 
PARAMETRIC_REPRESENTATION_CONTEXT() REPRESENTATION_CONTEXT('2D SPACE',''
  ) );
#8673 = ADVANCED_FACE('',(#8674),#2716,.F.);
#8674 = FACE_BOUND('',#8675,.F.);
#8675 = EDGE_LOOP('',(#8676,#8677,#8678,#8700));
#8676 = ORIENTED_EDGE('',*,*,#2702,.F.);
#8677 = ORIENTED_EDGE('',*,*,#8609,.T.);
#8678 = ORIENTED_EDGE('',*,*,#8679,.F.);
#8679 = EDGE_CURVE('',#8680,#8582,#8682,.T.);
#8680 = VERTEX_POINT('',#8681);
#8681 = CARTESIAN_POINT('',(55.494549924411,111.40839380074,36.2));
#8682 = SURFACE_CURVE('',#8683,(#8687,#8693),.PCURVE_S1.);
#8683 = LINE('',#8684,#8685);
#8684 = CARTESIAN_POINT('',(68.136753236815,98.766190488338,36.2));
#8685 = VECTOR('',#8686,1.);
#8686 = DIRECTION('',(0.707106781187,-0.707106781187,0.));
#8687 = PCURVE('',#2716,#8688);
#8688 = DEFINITIONAL_REPRESENTATION('',(#8689),#8692);
#8689 = B_SPLINE_CURVE_WITH_KNOTS('',1,(#8690,#8691),.UNSPECIFIED.,.F.,
  .F.,(2,2),(-36.,12.),.PIECEWISE_BEZIER_KNOTS.);
#8690 = CARTESIAN_POINT('',(1.,-48.));
#8691 = CARTESIAN_POINT('',(1.,0.));
#8692 = ( GEOMETRIC_REPRESENTATION_CONTEXT(2) 
PARAMETRIC_REPRESENTATION_CONTEXT() REPRESENTATION_CONTEXT('2D SPACE',''
  ) );
#8693 = PCURVE('',#5984,#8694);
#8694 = DEFINITIONAL_REPRESENTATION('',(#8695),#8699);
#8695 = LINE('',#8696,#8697);
#8696 = CARTESIAN_POINT('',(158.63675323681,96.266190488338));
#8697 = VECTOR('',#8698,1.);
#8698 = DIRECTION('',(0.707106781187,-0.707106781187));
#8699 = ( GEOMETRIC_REPRESENTATION_CONTEXT(2) 
PARAMETRIC_REPRESENTATION_CONTEXT() REPRESENTATION_CONTEXT('2D SPACE',''
  ) );
#8700 = ORIENTED_EDGE('',*,*,#8701,.F.);
#8701 = EDGE_CURVE('',#2670,#8680,#8702,.T.);
#8702 = SURFACE_CURVE('',#8703,(#8707,#8713),.PCURVE_S1.);
#8703 = LINE('',#8704,#8705);
#8704 = CARTESIAN_POINT('',(55.494549924411,111.40839380074,35.2));
#8705 = VECTOR('',#8706,1.);
#8706 = DIRECTION('',(-0.,-0.,-1.));
#8707 = PCURVE('',#2716,#8708);
#8708 = DEFINITIONAL_REPRESENTATION('',(#8709),#8712);
#8709 = B_SPLINE_CURVE_WITH_KNOTS('',1,(#8710,#8711),.UNSPECIFIED.,.F.,
  .F.,(2,2),(-3.0000006,-0.9999994),.PIECEWISE_BEZIER_KNOTS.);
#8710 = CARTESIAN_POINT('',(3.0000006,-29.87877538268));
#8711 = CARTESIAN_POINT('',(0.9999994,-29.87877538268));
#8712 = ( GEOMETRIC_REPRESENTATION_CONTEXT(2) 
PARAMETRIC_REPRESENTATION_CONTEXT() REPRESENTATION_CONTEXT('2D SPACE',''
  ) );
#8713 = PCURVE('',#2690,#8714);
#8714 = DEFINITIONAL_REPRESENTATION('',(#8715),#8718);
#8715 = B_SPLINE_CURVE_WITH_KNOTS('',1,(#8716,#8717),.UNSPECIFIED.,.F.,
  .F.,(2,2),(-3.0000006,-0.9999994),.PIECEWISE_BEZIER_KNOTS.);
#8716 = CARTESIAN_POINT('',(-2.557552410983,-3.0000006));
#8717 = CARTESIAN_POINT('',(-2.557552410983,-0.9999994));
#8718 = ( GEOMETRIC_REPRESENTATION_CONTEXT(2) 
PARAMETRIC_REPRESENTATION_CONTEXT() REPRESENTATION_CONTEXT('2D SPACE',''
  ) );
#8719 = ADVANCED_FACE('',(#8720),#2690,.F.);
#8720 = FACE_BOUND('',#8721,.T.);
#8721 = EDGE_LOOP('',(#8722,#8723,#8724,#8750));
#8722 = ORIENTED_EDGE('',*,*,#2669,.F.);
#8723 = ORIENTED_EDGE('',*,*,#8655,.T.);
#8724 = ORIENTED_EDGE('',*,*,#8725,.T.);
#8725 = EDGE_CURVE('',#8634,#8680,#8726,.T.);
#8726 = SURFACE_CURVE('',#8727,(#8732,#8739),.PCURVE_S1.);
#8727 = CIRCLE('',#8728,6.);
#8728 = AXIS2_PLACEMENT_3D('',#8729,#8730,#8731);
#8729 = CARTESIAN_POINT('',(60.5,108.1,36.2));
#8730 = DIRECTION('',(0.,0.,-1.));
#8731 = DIRECTION('',(1.,0.,0.));
#8732 = PCURVE('',#2690,#8733);
#8733 = DEFINITIONAL_REPRESENTATION('',(#8734),#8738);
#8734 = LINE('',#8735,#8736);
#8735 = CARTESIAN_POINT('',(-6.28318530718,-1.));
#8736 = VECTOR('',#8737,1.);
#8737 = DIRECTION('',(1.,-0.));
#8738 = ( GEOMETRIC_REPRESENTATION_CONTEXT(2) 
PARAMETRIC_REPRESENTATION_CONTEXT() REPRESENTATION_CONTEXT('2D SPACE',''
  ) );
#8739 = PCURVE('',#5984,#8740);
#8740 = DEFINITIONAL_REPRESENTATION('',(#8741),#8749);
#8741 = ( BOUNDED_CURVE() B_SPLINE_CURVE(2,(#8742,#8743,#8744,#8745,
#8746,#8747,#8748),.UNSPECIFIED.,.T.,.F.) B_SPLINE_CURVE_WITH_KNOTS((1,2
    ,2,2,2,1),(-2.094395102393,0.,2.094395102393,4.188790204786,
6.28318530718,8.377580409573),.UNSPECIFIED.) CURVE() 
GEOMETRIC_REPRESENTATION_ITEM() RATIONAL_B_SPLINE_CURVE((1.,0.5,1.,0.5,
1.,0.5,1.)) REPRESENTATION_ITEM('') );
#8742 = CARTESIAN_POINT('',(157.,105.6));
#8743 = CARTESIAN_POINT('',(157.,95.207695154587));
#8744 = CARTESIAN_POINT('',(148.,100.40384757729));
#8745 = CARTESIAN_POINT('',(139.,105.6));
#8746 = CARTESIAN_POINT('',(148.,110.7961524227));
#8747 = CARTESIAN_POINT('',(157.,115.99230484541));
#8748 = CARTESIAN_POINT('',(157.,105.6));
#8749 = ( GEOMETRIC_REPRESENTATION_CONTEXT(2) 
PARAMETRIC_REPRESENTATION_CONTEXT() REPRESENTATION_CONTEXT('2D SPACE',''
  ) );
#8750 = ORIENTED_EDGE('',*,*,#8701,.F.);
#8751 = ADVANCED_FACE('',(#8752),#2749,.T.);
#8752 = FACE_BOUND('',#8753,.F.);
#8753 = EDGE_LOOP('',(#8754,#8775,#8803,#8822));
#8754 = ORIENTED_EDGE('',*,*,#8755,.T.);
#8755 = EDGE_CURVE('',#2733,#8756,#8758,.T.);
#8756 = VERTEX_POINT('',#8757);
#8757 = CARTESIAN_POINT('',(64.04667565007,109.94961937522,36.2));
#8758 = SURFACE_CURVE('',#8759,(#8763,#8769),.PCURVE_S1.);
#8759 = LINE('',#8760,#8761);
#8760 = CARTESIAN_POINT('',(64.04667565007,109.94961937522,34.2));
#8761 = VECTOR('',#8762,1.);
#8762 = DIRECTION('',(-0.,-0.,-1.));
#8763 = PCURVE('',#2749,#8764);
#8764 = DEFINITIONAL_REPRESENTATION('',(#8765),#8768);
#8765 = B_SPLINE_CURVE_WITH_KNOTS('',1,(#8766,#8767),.UNSPECIFIED.,.F.,
  .F.,(2,2),(-4.0000006,-1.9999994),.PIECEWISE_BEZIER_KNOTS.);
#8766 = CARTESIAN_POINT('',(-6.763890816562,-4.0000006));
#8767 = CARTESIAN_POINT('',(-6.763890816562,-1.9999994));
#8768 = ( GEOMETRIC_REPRESENTATION_CONTEXT(2) 
PARAMETRIC_REPRESENTATION_CONTEXT() REPRESENTATION_CONTEXT('2D SPACE',''
  ) );
#8769 = PCURVE('',#2777,#8770);
#8770 = DEFINITIONAL_REPRESENTATION('',(#8771),#8774);
#8771 = B_SPLINE_CURVE_WITH_KNOTS('',1,(#8772,#8773),.UNSPECIFIED.,.F.,
  .F.,(2,2),(-4.0000006,-1.9999994),.PIECEWISE_BEZIER_KNOTS.);
#8772 = CARTESIAN_POINT('',(3.0000006,-20.18424319433));
#8773 = CARTESIAN_POINT('',(0.9999994,-20.18424319433));
#8774 = ( GEOMETRIC_REPRESENTATION_CONTEXT(2) 
PARAMETRIC_REPRESENTATION_CONTEXT() REPRESENTATION_CONTEXT('2D SPACE',''
  ) );
#8775 = ORIENTED_EDGE('',*,*,#8776,.T.);
#8776 = EDGE_CURVE('',#8756,#8777,#8779,.T.);
#8777 = VERTEX_POINT('',#8778);
#8778 = CARTESIAN_POINT('',(64.04667565007,106.25038062477,36.2));
#8779 = SURFACE_CURVE('',#8780,(#8785,#8792),.PCURVE_S1.);
#8780 = CIRCLE('',#8781,4.);
#8781 = AXIS2_PLACEMENT_3D('',#8782,#8783,#8784);
#8782 = CARTESIAN_POINT('',(60.5,108.1,36.2));
#8783 = DIRECTION('',(0.,0.,-1.));
#8784 = DIRECTION('',(-0.462404843806,0.886668912518,0.));
#8785 = PCURVE('',#2749,#8786);
#8786 = DEFINITIONAL_REPRESENTATION('',(#8787),#8791);
#8787 = LINE('',#8788,#8789);
#8788 = CARTESIAN_POINT('',(-8.334687143357,-2.));
#8789 = VECTOR('',#8790,1.);
#8790 = DIRECTION('',(1.,-0.));
#8791 = ( GEOMETRIC_REPRESENTATION_CONTEXT(2) 
PARAMETRIC_REPRESENTATION_CONTEXT() REPRESENTATION_CONTEXT('2D SPACE',''
  ) );
#8792 = PCURVE('',#5984,#8793);
#8793 = DEFINITIONAL_REPRESENTATION('',(#8794),#8802);
#8794 = ( BOUNDED_CURVE() B_SPLINE_CURVE(2,(#8795,#8796,#8797,#8798,
#8799,#8800,#8801),.UNSPECIFIED.,.T.,.F.) B_SPLINE_CURVE_WITH_KNOTS((1,2
    ,2,2,2,1),(-2.094395102393,0.,2.094395102393,4.188790204786,
6.28318530718,8.377580409573),.UNSPECIFIED.) CURVE() 
GEOMETRIC_REPRESENTATION_ITEM() RATIONAL_B_SPLINE_CURVE((1.,0.5,1.,0.5,
1.,0.5,1.)) REPRESENTATION_ITEM('') );
#8795 = CARTESIAN_POINT('',(149.15038062477,109.14667565007));
#8796 = CARTESIAN_POINT('',(155.29340304866,112.35031038262));
#8797 = CARTESIAN_POINT('',(154.99632089955,105.42847954124));
#8798 = CARTESIAN_POINT('',(154.69923875044,98.50664869986));
#8799 = CARTESIAN_POINT('',(148.85329847566,102.22484480869));
#8800 = CARTESIAN_POINT('',(143.00735820088,105.94304091752));
#8801 = CARTESIAN_POINT('',(149.15038062477,109.14667565007));
#8802 = ( GEOMETRIC_REPRESENTATION_CONTEXT(2) 
PARAMETRIC_REPRESENTATION_CONTEXT() REPRESENTATION_CONTEXT('2D SPACE',''
  ) );
#8803 = ORIENTED_EDGE('',*,*,#8804,.F.);
#8804 = EDGE_CURVE('',#2731,#8777,#8805,.T.);
#8805 = SURFACE_CURVE('',#8806,(#8810,#8816),.PCURVE_S1.);
#8806 = LINE('',#8807,#8808);
#8807 = CARTESIAN_POINT('',(64.04667565007,106.25038062477,34.2));
#8808 = VECTOR('',#8809,1.);
#8809 = DIRECTION('',(-0.,-0.,-1.));
#8810 = PCURVE('',#2749,#8811);
#8811 = DEFINITIONAL_REPRESENTATION('',(#8812),#8815);
#8812 = B_SPLINE_CURVE_WITH_KNOTS('',1,(#8813,#8814),.UNSPECIFIED.,.F.,
  .F.,(2,2),(-4.,-2.),.PIECEWISE_BEZIER_KNOTS.);
#8813 = CARTESIAN_POINT('',(-5.802479797798,-4.));
#8814 = CARTESIAN_POINT('',(-5.802479797798,-2.));
#8815 = ( GEOMETRIC_REPRESENTATION_CONTEXT(2) 
PARAMETRIC_REPRESENTATION_CONTEXT() REPRESENTATION_CONTEXT('2D SPACE',''
  ) );
#8816 = PCURVE('',#2836,#8817);
#8817 = DEFINITIONAL_REPRESENTATION('',(#8818),#8821);
#8818 = B_SPLINE_CURVE_WITH_KNOTS('',1,(#8819,#8820),.UNSPECIFIED.,.F.,
  .F.,(2,2),(-4.0000006,-1.9999994),.PIECEWISE_BEZIER_KNOTS.);
#8819 = CARTESIAN_POINT('',(3.0000006,-20.18424319433));
#8820 = CARTESIAN_POINT('',(0.9999994,-20.18424319433));
#8821 = ( GEOMETRIC_REPRESENTATION_CONTEXT(2) 
PARAMETRIC_REPRESENTATION_CONTEXT() REPRESENTATION_CONTEXT('2D SPACE',''
  ) );
#8822 = ORIENTED_EDGE('',*,*,#2730,.T.);
#8823 = ADVANCED_FACE('',(#8824),#2836,.T.);
#8824 = FACE_BOUND('',#8825,.T.);
#8825 = EDGE_LOOP('',(#8826,#8827,#8848,#8868));
#8826 = ORIENTED_EDGE('',*,*,#2822,.F.);
#8827 = ORIENTED_EDGE('',*,*,#8828,.T.);
#8828 = EDGE_CURVE('',#2790,#8829,#8831,.T.);
#8829 = VERTEX_POINT('',#8830);
#8830 = CARTESIAN_POINT('',(65.505450075589,104.79160619925,36.2));
#8831 = SURFACE_CURVE('',#8832,(#8836,#8842),.PCURVE_S1.);
#8832 = LINE('',#8833,#8834);
#8833 = CARTESIAN_POINT('',(65.505450075589,104.79160619925,35.2));
#8834 = VECTOR('',#8835,1.);
#8835 = DIRECTION('',(-0.,-0.,-1.));
#8836 = PCURVE('',#2836,#8837);
#8837 = DEFINITIONAL_REPRESENTATION('',(#8838),#8841);
#8838 = B_SPLINE_CURVE_WITH_KNOTS('',1,(#8839,#8840),.UNSPECIFIED.,.F.,
  .F.,(2,2),(-3.0000006,-0.9999994),.PIECEWISE_BEZIER_KNOTS.);
#8839 = CARTESIAN_POINT('',(3.0000006,-18.12122461732));
#8840 = CARTESIAN_POINT('',(0.9999994,-18.12122461732));
#8841 = ( GEOMETRIC_REPRESENTATION_CONTEXT(2) 
PARAMETRIC_REPRESENTATION_CONTEXT() REPRESENTATION_CONTEXT('2D SPACE',''
  ) );
#8842 = PCURVE('',#2810,#8843);
#8843 = DEFINITIONAL_REPRESENTATION('',(#8844),#8847);
#8844 = B_SPLINE_CURVE_WITH_KNOTS('',1,(#8845,#8846),.UNSPECIFIED.,.F.,
  .F.,(2,2),(-3.,-1.),.PIECEWISE_BEZIER_KNOTS.);
#8845 = CARTESIAN_POINT('',(-5.699145064572,-3.));
#8846 = CARTESIAN_POINT('',(-5.699145064572,-1.));
#8847 = ( GEOMETRIC_REPRESENTATION_CONTEXT(2) 
PARAMETRIC_REPRESENTATION_CONTEXT() REPRESENTATION_CONTEXT('2D SPACE',''
  ) );
#8848 = ORIENTED_EDGE('',*,*,#8849,.F.);
#8849 = EDGE_CURVE('',#8777,#8829,#8850,.T.);
#8850 = SURFACE_CURVE('',#8851,(#8855,#8861),.PCURVE_S1.);
#8851 = LINE('',#8852,#8853);
#8852 = CARTESIAN_POINT('',(69.833809511662,100.46324676318,36.2));
#8853 = VECTOR('',#8854,1.);
#8854 = DIRECTION('',(0.707106781187,-0.707106781187,0.));
#8855 = PCURVE('',#2836,#8856);
#8856 = DEFINITIONAL_REPRESENTATION('',(#8857),#8860);
#8857 = B_SPLINE_CURVE_WITH_KNOTS('',1,(#8858,#8859),.UNSPECIFIED.,.F.,
  .F.,(2,2),(-36.,12.),.PIECEWISE_BEZIER_KNOTS.);
#8858 = CARTESIAN_POINT('',(1.,-48.));
#8859 = CARTESIAN_POINT('',(1.,0.));
#8860 = ( GEOMETRIC_REPRESENTATION_CONTEXT(2) 
PARAMETRIC_REPRESENTATION_CONTEXT() REPRESENTATION_CONTEXT('2D SPACE',''
  ) );
#8861 = PCURVE('',#5984,#8862);
#8862 = DEFINITIONAL_REPRESENTATION('',(#8863),#8867);
#8863 = LINE('',#8864,#8865);
#8864 = CARTESIAN_POINT('',(160.33380951166,97.963246763185));
#8865 = VECTOR('',#8866,1.);
#8866 = DIRECTION('',(0.707106781187,-0.707106781187));
#8867 = ( GEOMETRIC_REPRESENTATION_CONTEXT(2) 
PARAMETRIC_REPRESENTATION_CONTEXT() REPRESENTATION_CONTEXT('2D SPACE',''
  ) );
#8868 = ORIENTED_EDGE('',*,*,#8804,.F.);
#8869 = ADVANCED_FACE('',(#8870),#2777,.F.);
#8870 = FACE_BOUND('',#8871,.F.);
#8871 = EDGE_LOOP('',(#8872,#8873,#8894,#8914));
#8872 = ORIENTED_EDGE('',*,*,#2761,.F.);
#8873 = ORIENTED_EDGE('',*,*,#8874,.T.);
#8874 = EDGE_CURVE('',#2762,#8875,#8877,.T.);
#8875 = VERTEX_POINT('',#8876);
#8876 = CARTESIAN_POINT('',(65.505450075589,111.40839380074,36.2));
#8877 = SURFACE_CURVE('',#8878,(#8882,#8888),.PCURVE_S1.);
#8878 = LINE('',#8879,#8880);
#8879 = CARTESIAN_POINT('',(65.505450075589,111.40839380074,35.2));
#8880 = VECTOR('',#8881,1.);
#8881 = DIRECTION('',(-0.,-0.,-1.));
#8882 = PCURVE('',#2777,#8883);
#8883 = DEFINITIONAL_REPRESENTATION('',(#8884),#8887);
#8884 = B_SPLINE_CURVE_WITH_KNOTS('',1,(#8885,#8886),.UNSPECIFIED.,.F.,
  .F.,(2,2),(-3.0000006,-0.9999994),.PIECEWISE_BEZIER_KNOTS.);
#8885 = CARTESIAN_POINT('',(3.0000006,-18.12122461732));
#8886 = CARTESIAN_POINT('',(0.9999994,-18.12122461732));
#8887 = ( GEOMETRIC_REPRESENTATION_CONTEXT(2) 
PARAMETRIC_REPRESENTATION_CONTEXT() REPRESENTATION_CONTEXT('2D SPACE',''
  ) );
#8888 = PCURVE('',#2810,#8889);
#8889 = DEFINITIONAL_REPRESENTATION('',(#8890),#8893);
#8890 = B_SPLINE_CURVE_WITH_KNOTS('',1,(#8891,#8892),.UNSPECIFIED.,.F.,
  .F.,(2,2),(-3.0000006,-0.9999994),.PIECEWISE_BEZIER_KNOTS.);
#8891 = CARTESIAN_POINT('',(-6.867225549787,-3.0000006));
#8892 = CARTESIAN_POINT('',(-6.867225549787,-0.9999994));
#8893 = ( GEOMETRIC_REPRESENTATION_CONTEXT(2) 
PARAMETRIC_REPRESENTATION_CONTEXT() REPRESENTATION_CONTEXT('2D SPACE',''
  ) );
#8894 = ORIENTED_EDGE('',*,*,#8895,.F.);
#8895 = EDGE_CURVE('',#8756,#8875,#8896,.T.);
#8896 = SURFACE_CURVE('',#8897,(#8901,#8907),.PCURVE_S1.);
#8897 = LINE('',#8898,#8899);
#8898 = CARTESIAN_POINT('',(69.833809511662,115.73675323681,36.2));
#8899 = VECTOR('',#8900,1.);
#8900 = DIRECTION('',(0.707106781187,0.707106781187,-0.));
#8901 = PCURVE('',#2777,#8902);
#8902 = DEFINITIONAL_REPRESENTATION('',(#8903),#8906);
#8903 = B_SPLINE_CURVE_WITH_KNOTS('',1,(#8904,#8905),.UNSPECIFIED.,.F.,
  .F.,(2,2),(-36.,12.),.PIECEWISE_BEZIER_KNOTS.);
#8904 = CARTESIAN_POINT('',(1.,-48.));
#8905 = CARTESIAN_POINT('',(1.,0.));
#8906 = ( GEOMETRIC_REPRESENTATION_CONTEXT(2) 
PARAMETRIC_REPRESENTATION_CONTEXT() REPRESENTATION_CONTEXT('2D SPACE',''
  ) );
#8907 = PCURVE('',#5984,#8908);
#8908 = DEFINITIONAL_REPRESENTATION('',(#8909),#8913);
#8909 = LINE('',#8910,#8911);
#8910 = CARTESIAN_POINT('',(160.33380951166,113.23675323681));
#8911 = VECTOR('',#8912,1.);
#8912 = DIRECTION('',(0.707106781187,0.707106781187));
#8913 = ( GEOMETRIC_REPRESENTATION_CONTEXT(2) 
PARAMETRIC_REPRESENTATION_CONTEXT() REPRESENTATION_CONTEXT('2D SPACE',''
  ) );
#8914 = ORIENTED_EDGE('',*,*,#8755,.F.);
#8915 = ADVANCED_FACE('',(#8916),#2810,.F.);
#8916 = FACE_BOUND('',#8917,.T.);
#8917 = EDGE_LOOP('',(#8918,#8919,#8920,#8942));
#8918 = ORIENTED_EDGE('',*,*,#2789,.F.);
#8919 = ORIENTED_EDGE('',*,*,#8874,.T.);
#8920 = ORIENTED_EDGE('',*,*,#8921,.F.);
#8921 = EDGE_CURVE('',#8829,#8875,#8922,.T.);
#8922 = SURFACE_CURVE('',#8923,(#8928,#8935),.PCURVE_S1.);
#8923 = CIRCLE('',#8924,6.);
#8924 = AXIS2_PLACEMENT_3D('',#8925,#8926,#8927);
#8925 = CARTESIAN_POINT('',(60.5,108.1,36.2));
#8926 = DIRECTION('',(-0.,0.,1.));
#8927 = DIRECTION('',(0.834241679265,-0.55139896679,0.));
#8928 = PCURVE('',#2810,#8929);
#8929 = DEFINITIONAL_REPRESENTATION('',(#8930),#8934);
#8930 = LINE('',#8931,#8932);
#8931 = CARTESIAN_POINT('',(-5.699145064572,-1.));
#8932 = VECTOR('',#8933,1.);
#8933 = DIRECTION('',(-1.,-0.));
#8934 = ( GEOMETRIC_REPRESENTATION_CONTEXT(2) 
PARAMETRIC_REPRESENTATION_CONTEXT() REPRESENTATION_CONTEXT('2D SPACE',''
  ) );
#8935 = PCURVE('',#5984,#8936);
#8936 = DEFINITIONAL_REPRESENTATION('',(#8937),#8941);
#8937 = CIRCLE('',#8938,6.);
#8938 = AXIS2_PLACEMENT_2D('',#8939,#8940);
#8939 = CARTESIAN_POINT('',(151.,105.6));
#8940 = DIRECTION('',(0.834241679265,-0.55139896679));
#8941 = ( GEOMETRIC_REPRESENTATION_CONTEXT(2) 
PARAMETRIC_REPRESENTATION_CONTEXT() REPRESENTATION_CONTEXT('2D SPACE',''
  ) );
#8942 = ORIENTED_EDGE('',*,*,#8828,.F.);
#8943 = ADVANCED_FACE('',(#8944),#2869,.T.);
#8944 = FACE_BOUND('',#8945,.F.);
#8945 = EDGE_LOOP('',(#8946,#8967,#8995,#9014));
#8946 = ORIENTED_EDGE('',*,*,#8947,.T.);
#8947 = EDGE_CURVE('',#2853,#8948,#8950,.T.);
#8948 = VERTEX_POINT('',#8949);
#8949 = CARTESIAN_POINT('',(67.655666949912,113.55861067506,36.2));
#8950 = SURFACE_CURVE('',#8951,(#8955,#8961),.PCURVE_S1.);
#8951 = LINE('',#8952,#8953);
#8952 = CARTESIAN_POINT('',(67.655666949912,113.55861067506,34.2));
#8953 = VECTOR('',#8954,1.);
#8954 = DIRECTION('',(-0.,-0.,-1.));
#8955 = PCURVE('',#2869,#8956);
#8956 = DEFINITIONAL_REPRESENTATION('',(#8957),#8960);
#8957 = B_SPLINE_CURVE_WITH_KNOTS('',1,(#8958,#8959),.UNSPECIFIED.,.F.,
  .F.,(2,2),(-4.0000006,-1.9999994),.PIECEWISE_BEZIER_KNOTS.);
#8958 = CARTESIAN_POINT('',(-6.934851881167,-4.0000006));
#8959 = CARTESIAN_POINT('',(-6.934851881167,-1.9999994));
#8960 = ( GEOMETRIC_REPRESENTATION_CONTEXT(2) 
PARAMETRIC_REPRESENTATION_CONTEXT() REPRESENTATION_CONTEXT('2D SPACE',''
  ) );
#8961 = PCURVE('',#2897,#8962);
#8962 = DEFINITIONAL_REPRESENTATION('',(#8963),#8966);
#8963 = B_SPLINE_CURVE_WITH_KNOTS('',1,(#8964,#8965),.UNSPECIFIED.,.F.,
  .F.,(2,2),(-4.0000006,-1.9999994),.PIECEWISE_BEZIER_KNOTS.);
#8964 = CARTESIAN_POINT('',(3.0000006,-15.0803587516));
#8965 = CARTESIAN_POINT('',(0.9999994,-15.0803587516));
#8966 = ( GEOMETRIC_REPRESENTATION_CONTEXT(2) 
PARAMETRIC_REPRESENTATION_CONTEXT() REPRESENTATION_CONTEXT('2D SPACE',''
  ) );
#8967 = ORIENTED_EDGE('',*,*,#8968,.T.);
#8968 = EDGE_CURVE('',#8948,#8969,#8971,.T.);
#8969 = VERTEX_POINT('',#8970);
#8970 = CARTESIAN_POINT('',(67.655666949912,102.64138932493,36.2));
#8971 = SURFACE_CURVE('',#8972,(#8977,#8984),.PCURVE_S1.);
#8972 = CIRCLE('',#8973,9.);
#8973 = AXIS2_PLACEMENT_3D('',#8974,#8975,#8976);
#8974 = CARTESIAN_POINT('',(60.5,108.1,36.2));
#8975 = DIRECTION('',(0.,0.,-1.));
#8976 = DIRECTION('',(-0.606512297229,0.795074105546,0.));
#8977 = PCURVE('',#2869,#8978);
#8978 = DEFINITIONAL_REPRESENTATION('',(#8979),#8983);
#8979 = LINE('',#8980,#8981);
#8980 = CARTESIAN_POINT('',(-8.505648207962,-2.));
#8981 = VECTOR('',#8982,1.);
#8982 = DIRECTION('',(1.,-0.));
#8983 = ( GEOMETRIC_REPRESENTATION_CONTEXT(2) 
PARAMETRIC_REPRESENTATION_CONTEXT() REPRESENTATION_CONTEXT('2D SPACE',''
  ) );
#8984 = PCURVE('',#5984,#8985);
#8985 = DEFINITIONAL_REPRESENTATION('',(#8986),#8994);
#8986 = ( BOUNDED_CURVE() B_SPLINE_CURVE(2,(#8987,#8988,#8989,#8990,
#8991,#8992,#8993),.UNSPECIFIED.,.T.,.F.) B_SPLINE_CURVE_WITH_KNOTS((1,2
    ,2,2,2,1),(-2.094395102393,0.,2.094395102393,4.188790204786,
6.28318530718,8.377580409573),.UNSPECIFIED.) CURVE() 
GEOMETRIC_REPRESENTATION_ITEM() RATIONAL_B_SPLINE_CURVE((1.,0.5,1.,0.5,
1.,0.5,1.)) REPRESENTATION_ITEM('') );
#8987 = CARTESIAN_POINT('',(145.54138932493,112.75566694991));
#8988 = CARTESIAN_POINT('',(157.93536804422,122.21025797786));
#8989 = CARTESIAN_POINT('',(159.92629469717,106.74946203901));
#8990 = CARTESIAN_POINT('',(161.91722135013,91.288666100175));
#8991 = CARTESIAN_POINT('',(147.53231597788,97.294871011069));
#8992 = CARTESIAN_POINT('',(133.14741060564,103.30107592196));
#8993 = CARTESIAN_POINT('',(145.54138932493,112.75566694991));
#8994 = ( GEOMETRIC_REPRESENTATION_CONTEXT(2) 
PARAMETRIC_REPRESENTATION_CONTEXT() REPRESENTATION_CONTEXT('2D SPACE',''
  ) );
#8995 = ORIENTED_EDGE('',*,*,#8996,.F.);
#8996 = EDGE_CURVE('',#2851,#8969,#8997,.T.);
#8997 = SURFACE_CURVE('',#8998,(#9002,#9008),.PCURVE_S1.);
#8998 = LINE('',#8999,#9000);
#8999 = CARTESIAN_POINT('',(67.655666949912,102.64138932493,34.2));
#9000 = VECTOR('',#9001,1.);
#9001 = DIRECTION('',(-0.,-0.,-1.));
#9002 = PCURVE('',#2869,#9003);
#9003 = DEFINITIONAL_REPRESENTATION('',(#9004),#9007);
#9004 = B_SPLINE_CURVE_WITH_KNOTS('',1,(#9005,#9006),.UNSPECIFIED.,.F.,
  .F.,(2,2),(-4.,-2.),.PIECEWISE_BEZIER_KNOTS.);
#9005 = CARTESIAN_POINT('',(-5.631518733192,-4.));
#9006 = CARTESIAN_POINT('',(-5.631518733192,-2.));
#9007 = ( GEOMETRIC_REPRESENTATION_CONTEXT(2) 
PARAMETRIC_REPRESENTATION_CONTEXT() REPRESENTATION_CONTEXT('2D SPACE',''
  ) );
#9008 = PCURVE('',#2956,#9009);
#9009 = DEFINITIONAL_REPRESENTATION('',(#9010),#9013);
#9010 = B_SPLINE_CURVE_WITH_KNOTS('',1,(#9011,#9012),.UNSPECIFIED.,.F.,
  .F.,(2,2),(-4.0000006,-1.9999994),.PIECEWISE_BEZIER_KNOTS.);
#9011 = CARTESIAN_POINT('',(3.0000006,-15.0803587516));
#9012 = CARTESIAN_POINT('',(0.9999994,-15.0803587516));
#9013 = ( GEOMETRIC_REPRESENTATION_CONTEXT(2) 
PARAMETRIC_REPRESENTATION_CONTEXT() REPRESENTATION_CONTEXT('2D SPACE',''
  ) );
#9014 = ORIENTED_EDGE('',*,*,#2850,.T.);
#9015 = ADVANCED_FACE('',(#9016),#2956,.T.);
#9016 = FACE_BOUND('',#9017,.T.);
#9017 = EDGE_LOOP('',(#9018,#9019,#9040,#9060));
#9018 = ORIENTED_EDGE('',*,*,#2942,.F.);
#9019 = ORIENTED_EDGE('',*,*,#9020,.T.);
#9020 = EDGE_CURVE('',#2910,#9021,#9023,.T.);
#9021 = VERTEX_POINT('',#9022);
#9022 = CARTESIAN_POINT('',(69.080280849455,101.21677542539,36.2));
#9023 = SURFACE_CURVE('',#9024,(#9028,#9034),.PCURVE_S1.);
#9024 = LINE('',#9025,#9026);
#9025 = CARTESIAN_POINT('',(69.080280849455,101.21677542539,35.2));
#9026 = VECTOR('',#9027,1.);
#9027 = DIRECTION('',(-0.,-0.,-1.));
#9028 = PCURVE('',#2956,#9029);
#9029 = DEFINITIONAL_REPRESENTATION('',(#9030),#9033);
#9030 = B_SPLINE_CURVE_WITH_KNOTS('',1,(#9031,#9032),.UNSPECIFIED.,.F.,
  .F.,(2,2),(-3.0000006,-0.9999994),.PIECEWISE_BEZIER_KNOTS.);
#9031 = CARTESIAN_POINT('',(3.0000006,-13.06565045373));
#9032 = CARTESIAN_POINT('',(0.9999994,-13.06565045373));
#9033 = ( GEOMETRIC_REPRESENTATION_CONTEXT(2) 
PARAMETRIC_REPRESENTATION_CONTEXT() REPRESENTATION_CONTEXT('2D SPACE',''
  ) );
#9034 = PCURVE('',#2930,#9035);
#9035 = DEFINITIONAL_REPRESENTATION('',(#9036),#9039);
#9036 = B_SPLINE_CURVE_WITH_KNOTS('',1,(#9037,#9038),.UNSPECIFIED.,.F.,
  .F.,(2,2),(-3.,-1.),.PIECEWISE_BEZIER_KNOTS.);
#9037 = CARTESIAN_POINT('',(-5.6070955986,-3.));
#9038 = CARTESIAN_POINT('',(-5.6070955986,-1.));
#9039 = ( GEOMETRIC_REPRESENTATION_CONTEXT(2) 
PARAMETRIC_REPRESENTATION_CONTEXT() REPRESENTATION_CONTEXT('2D SPACE',''
  ) );
#9040 = ORIENTED_EDGE('',*,*,#9041,.F.);
#9041 = EDGE_CURVE('',#8969,#9021,#9042,.T.);
#9042 = SURFACE_CURVE('',#9043,(#9047,#9053),.PCURVE_S1.);
#9043 = LINE('',#9044,#9045);
#9044 = CARTESIAN_POINT('',(69.833809511662,100.46324676318,36.2));
#9045 = VECTOR('',#9046,1.);
#9046 = DIRECTION('',(0.707106781187,-0.707106781187,0.));
#9047 = PCURVE('',#2956,#9048);
#9048 = DEFINITIONAL_REPRESENTATION('',(#9049),#9052);
#9049 = B_SPLINE_CURVE_WITH_KNOTS('',1,(#9050,#9051),.UNSPECIFIED.,.F.,
  .F.,(2,2),(-36.,12.),.PIECEWISE_BEZIER_KNOTS.);
#9050 = CARTESIAN_POINT('',(1.,-48.));
#9051 = CARTESIAN_POINT('',(1.,0.));
#9052 = ( GEOMETRIC_REPRESENTATION_CONTEXT(2) 
PARAMETRIC_REPRESENTATION_CONTEXT() REPRESENTATION_CONTEXT('2D SPACE',''
  ) );
#9053 = PCURVE('',#5984,#9054);
#9054 = DEFINITIONAL_REPRESENTATION('',(#9055),#9059);
#9055 = LINE('',#9056,#9057);
#9056 = CARTESIAN_POINT('',(160.33380951166,97.963246763185));
#9057 = VECTOR('',#9058,1.);
#9058 = DIRECTION('',(0.707106781187,-0.707106781187));
#9059 = ( GEOMETRIC_REPRESENTATION_CONTEXT(2) 
PARAMETRIC_REPRESENTATION_CONTEXT() REPRESENTATION_CONTEXT('2D SPACE',''
  ) );
#9060 = ORIENTED_EDGE('',*,*,#8996,.F.);
#9061 = ADVANCED_FACE('',(#9062),#2897,.F.);
#9062 = FACE_BOUND('',#9063,.F.);
#9063 = EDGE_LOOP('',(#9064,#9065,#9086,#9106));
#9064 = ORIENTED_EDGE('',*,*,#2881,.F.);
#9065 = ORIENTED_EDGE('',*,*,#9066,.T.);
#9066 = EDGE_CURVE('',#2882,#9067,#9069,.T.);
#9067 = VERTEX_POINT('',#9068);
#9068 = CARTESIAN_POINT('',(69.080280849455,114.9832245746,36.2));
#9069 = SURFACE_CURVE('',#9070,(#9074,#9080),.PCURVE_S1.);
#9070 = LINE('',#9071,#9072);
#9071 = CARTESIAN_POINT('',(69.080280849455,114.9832245746,35.2));
#9072 = VECTOR('',#9073,1.);
#9073 = DIRECTION('',(-0.,-0.,-1.));
#9074 = PCURVE('',#2897,#9075);
#9075 = DEFINITIONAL_REPRESENTATION('',(#9076),#9079);
#9076 = B_SPLINE_CURVE_WITH_KNOTS('',1,(#9077,#9078),.UNSPECIFIED.,.F.,
  .F.,(2,2),(-3.0000006,-0.9999994),.PIECEWISE_BEZIER_KNOTS.);
#9077 = CARTESIAN_POINT('',(3.0000006,-13.06565045373));
#9078 = CARTESIAN_POINT('',(0.9999994,-13.06565045373));
#9079 = ( GEOMETRIC_REPRESENTATION_CONTEXT(2) 
PARAMETRIC_REPRESENTATION_CONTEXT() REPRESENTATION_CONTEXT('2D SPACE',''
  ) );
#9080 = PCURVE('',#2930,#9081);
#9081 = DEFINITIONAL_REPRESENTATION('',(#9082),#9085);
#9082 = B_SPLINE_CURVE_WITH_KNOTS('',1,(#9083,#9084),.UNSPECIFIED.,.F.,
  .F.,(2,2),(-3.0000006,-0.9999994),.PIECEWISE_BEZIER_KNOTS.);
#9083 = CARTESIAN_POINT('',(-6.95927501576,-3.0000006));
#9084 = CARTESIAN_POINT('',(-6.95927501576,-0.9999994));
#9085 = ( GEOMETRIC_REPRESENTATION_CONTEXT(2) 
PARAMETRIC_REPRESENTATION_CONTEXT() REPRESENTATION_CONTEXT('2D SPACE',''
  ) );
#9086 = ORIENTED_EDGE('',*,*,#9087,.F.);
#9087 = EDGE_CURVE('',#8948,#9067,#9088,.T.);
#9088 = SURFACE_CURVE('',#9089,(#9093,#9099),.PCURVE_S1.);
#9089 = LINE('',#9090,#9091);
#9090 = CARTESIAN_POINT('',(69.833809511662,115.73675323681,36.2));
#9091 = VECTOR('',#9092,1.);
#9092 = DIRECTION('',(0.707106781187,0.707106781187,-0.));
#9093 = PCURVE('',#2897,#9094);
#9094 = DEFINITIONAL_REPRESENTATION('',(#9095),#9098);
#9095 = B_SPLINE_CURVE_WITH_KNOTS('',1,(#9096,#9097),.UNSPECIFIED.,.F.,
  .F.,(2,2),(-36.,12.),.PIECEWISE_BEZIER_KNOTS.);
#9096 = CARTESIAN_POINT('',(1.,-48.));
#9097 = CARTESIAN_POINT('',(1.,0.));
#9098 = ( GEOMETRIC_REPRESENTATION_CONTEXT(2) 
PARAMETRIC_REPRESENTATION_CONTEXT() REPRESENTATION_CONTEXT('2D SPACE',''
  ) );
#9099 = PCURVE('',#5984,#9100);
#9100 = DEFINITIONAL_REPRESENTATION('',(#9101),#9105);
#9101 = LINE('',#9102,#9103);
#9102 = CARTESIAN_POINT('',(160.33380951166,113.23675323681));
#9103 = VECTOR('',#9104,1.);
#9104 = DIRECTION('',(0.707106781187,0.707106781187));
#9105 = ( GEOMETRIC_REPRESENTATION_CONTEXT(2) 
PARAMETRIC_REPRESENTATION_CONTEXT() REPRESENTATION_CONTEXT('2D SPACE',''
  ) );
#9106 = ORIENTED_EDGE('',*,*,#8947,.F.);
#9107 = ADVANCED_FACE('',(#9108),#2930,.F.);
#9108 = FACE_BOUND('',#9109,.T.);
#9109 = EDGE_LOOP('',(#9110,#9111,#9112,#9134));
#9110 = ORIENTED_EDGE('',*,*,#2909,.F.);
#9111 = ORIENTED_EDGE('',*,*,#9066,.T.);
#9112 = ORIENTED_EDGE('',*,*,#9113,.F.);
#9113 = EDGE_CURVE('',#9021,#9067,#9114,.T.);
#9114 = SURFACE_CURVE('',#9115,(#9120,#9127),.PCURVE_S1.);
#9115 = CIRCLE('',#9116,11.);
#9116 = AXIS2_PLACEMENT_3D('',#9117,#9118,#9119);
#9117 = CARTESIAN_POINT('',(60.5,108.1,36.2));
#9118 = DIRECTION('',(-0.,0.,1.));
#9119 = DIRECTION('',(0.780025531769,-0.625747688601,0.));
#9120 = PCURVE('',#2930,#9121);
#9121 = DEFINITIONAL_REPRESENTATION('',(#9122),#9126);
#9122 = LINE('',#9123,#9124);
#9123 = CARTESIAN_POINT('',(-5.6070955986,-1.));
#9124 = VECTOR('',#9125,1.);
#9125 = DIRECTION('',(-1.,-0.));
#9126 = ( GEOMETRIC_REPRESENTATION_CONTEXT(2) 
PARAMETRIC_REPRESENTATION_CONTEXT() REPRESENTATION_CONTEXT('2D SPACE',''
  ) );
#9127 = PCURVE('',#5984,#9128);
#9128 = DEFINITIONAL_REPRESENTATION('',(#9129),#9133);
#9129 = CIRCLE('',#9130,11.);
#9130 = AXIS2_PLACEMENT_2D('',#9131,#9132);
#9131 = CARTESIAN_POINT('',(151.,105.6));
#9132 = DIRECTION('',(0.780025531769,-0.625747688601));
#9133 = ( GEOMETRIC_REPRESENTATION_CONTEXT(2) 
PARAMETRIC_REPRESENTATION_CONTEXT() REPRESENTATION_CONTEXT('2D SPACE',''
  ) );
#9134 = ORIENTED_EDGE('',*,*,#9020,.F.);
#9135 = ADVANCED_FACE('',(#9136),#2989,.T.);
#9136 = FACE_BOUND('',#9137,.F.);
#9137 = EDGE_LOOP('',(#9138,#9159,#9187,#9206));
#9138 = ORIENTED_EDGE('',*,*,#9139,.T.);
#9139 = EDGE_CURVE('',#2973,#9140,#9142,.T.);
#9140 = VERTEX_POINT('',#9141);
#9141 = CARTESIAN_POINT('',(71.211590542174,117.11453426732,36.2));
#9142 = SURFACE_CURVE('',#9143,(#9147,#9153),.PCURVE_S1.);
#9143 = LINE('',#9144,#9145);
#9144 = CARTESIAN_POINT('',(71.211590542174,117.11453426732,34.2));
#9145 = VECTOR('',#9146,1.);
#9146 = DIRECTION('',(-0.,-0.,-1.));
#9147 = PCURVE('',#2989,#9148);
#9148 = DEFINITIONAL_REPRESENTATION('',(#9149),#9152);
#9149 = B_SPLINE_CURVE_WITH_KNOTS('',1,(#9150,#9151),.UNSPECIFIED.,.F.,
  .F.,(2,2),(-4.0000006,-1.9999994),.PIECEWISE_BEZIER_KNOTS.);
#9150 = CARTESIAN_POINT('',(-6.982763880071,-4.0000006));
#9151 = CARTESIAN_POINT('',(-6.982763880071,-1.9999994));
#9152 = ( GEOMETRIC_REPRESENTATION_CONTEXT(2) 
PARAMETRIC_REPRESENTATION_CONTEXT() REPRESENTATION_CONTEXT('2D SPACE',''
  ) );
#9153 = PCURVE('',#3017,#9154);
#9154 = DEFINITIONAL_REPRESENTATION('',(#9155),#9158);
#9155 = B_SPLINE_CURVE_WITH_KNOTS('',1,(#9156,#9157),.UNSPECIFIED.,.F.,
  .F.,(2,2),(-4.0000006,-1.9999994),.PIECEWISE_BEZIER_KNOTS.);
#9156 = CARTESIAN_POINT('',(3.0000006,-10.05152338067));
#9157 = CARTESIAN_POINT('',(0.9999994,-10.05152338067));
#9158 = ( GEOMETRIC_REPRESENTATION_CONTEXT(2) 
PARAMETRIC_REPRESENTATION_CONTEXT() REPRESENTATION_CONTEXT('2D SPACE',''
  ) );
#9159 = ORIENTED_EDGE('',*,*,#9160,.T.);
#9160 = EDGE_CURVE('',#9140,#9161,#9163,.T.);
#9161 = VERTEX_POINT('',#9162);
#9162 = CARTESIAN_POINT('',(71.211590542174,99.085465732674,36.2));
#9163 = SURFACE_CURVE('',#9164,(#9169,#9176),.PCURVE_S1.);
#9164 = CIRCLE('',#9165,14.);
#9165 = AXIS2_PLACEMENT_3D('',#9166,#9167,#9168);
#9166 = CARTESIAN_POINT('',(60.5,108.1,36.2));
#9167 = DIRECTION('',(0.,0.,-1.));
#9168 = DIRECTION('',(-0.643895304809,0.765113610155,0.));
#9169 = PCURVE('',#2989,#9170);
#9170 = DEFINITIONAL_REPRESENTATION('',(#9171),#9175);
#9171 = LINE('',#9172,#9173);
#9172 = CARTESIAN_POINT('',(-8.553560206866,-2.));
#9173 = VECTOR('',#9174,1.);
#9174 = DIRECTION('',(1.,-0.));
#9175 = ( GEOMETRIC_REPRESENTATION_CONTEXT(2) 
PARAMETRIC_REPRESENTATION_CONTEXT() REPRESENTATION_CONTEXT('2D SPACE',''
  ) );
#9176 = PCURVE('',#5984,#9177);
#9177 = DEFINITIONAL_REPRESENTATION('',(#9178),#9186);
#9178 = ( BOUNDED_CURVE() B_SPLINE_CURVE(2,(#9179,#9180,#9181,#9182,
#9183,#9184,#9185),.UNSPECIFIED.,.T.,.F.) B_SPLINE_CURVE_WITH_KNOTS((1,2
    ,2,2,2,1),(-2.094395102393,0.,2.094395102393,4.188790204786,
6.28318530718,8.377580409573),.UNSPECIFIED.) CURVE() 
GEOMETRIC_REPRESENTATION_ITEM() RATIONAL_B_SPLINE_CURVE((1.,0.5,1.,0.5,
1.,0.5,1.)) REPRESENTATION_ITEM('') );
#9179 = CARTESIAN_POINT('',(141.98546573267,116.31159054217));
#9180 = CARTESIAN_POINT('',(160.53848478159,131.92522189975));
#9181 = CARTESIAN_POINT('',(164.78377665812,108.0510204077));
#9182 = CARTESIAN_POINT('',(169.02906853465,84.176818915651));
#9183 = CARTESIAN_POINT('',(146.2307576092,92.437389050123));
#9184 = CARTESIAN_POINT('',(123.43244668375,100.69795918459));
#9185 = CARTESIAN_POINT('',(141.98546573267,116.31159054217));
#9186 = ( GEOMETRIC_REPRESENTATION_CONTEXT(2) 
PARAMETRIC_REPRESENTATION_CONTEXT() REPRESENTATION_CONTEXT('2D SPACE',''
  ) );
#9187 = ORIENTED_EDGE('',*,*,#9188,.F.);
#9188 = EDGE_CURVE('',#2971,#9161,#9189,.T.);
#9189 = SURFACE_CURVE('',#9190,(#9194,#9200),.PCURVE_S1.);
#9190 = LINE('',#9191,#9192);
#9191 = CARTESIAN_POINT('',(71.211590542174,99.085465732673,34.2));
#9192 = VECTOR('',#9193,1.);
#9193 = DIRECTION('',(-0.,-0.,-1.));
#9194 = PCURVE('',#2989,#9195);
#9195 = DEFINITIONAL_REPRESENTATION('',(#9196),#9199);
#9196 = B_SPLINE_CURVE_WITH_KNOTS('',1,(#9197,#9198),.UNSPECIFIED.,.F.,
  .F.,(2,2),(-4.,-2.),.PIECEWISE_BEZIER_KNOTS.);
#9197 = CARTESIAN_POINT('',(-5.583606734288,-4.));
#9198 = CARTESIAN_POINT('',(-5.583606734288,-2.));
#9199 = ( GEOMETRIC_REPRESENTATION_CONTEXT(2) 
PARAMETRIC_REPRESENTATION_CONTEXT() REPRESENTATION_CONTEXT('2D SPACE',''
  ) );
#9200 = PCURVE('',#3076,#9201);
#9201 = DEFINITIONAL_REPRESENTATION('',(#9202),#9205);
#9202 = B_SPLINE_CURVE_WITH_KNOTS('',1,(#9203,#9204),.UNSPECIFIED.,.F.,
  .F.,(2,2),(-4.0000006,-1.9999994),.PIECEWISE_BEZIER_KNOTS.);
#9203 = CARTESIAN_POINT('',(3.0000006,-10.05152338067));
#9204 = CARTESIAN_POINT('',(0.9999994,-10.05152338067));
#9205 = ( GEOMETRIC_REPRESENTATION_CONTEXT(2) 
PARAMETRIC_REPRESENTATION_CONTEXT() REPRESENTATION_CONTEXT('2D SPACE',''
  ) );
#9206 = ORIENTED_EDGE('',*,*,#2970,.T.);
#9207 = ADVANCED_FACE('',(#9208),#3076,.T.);
#9208 = FACE_BOUND('',#9209,.T.);
#9209 = EDGE_LOOP('',(#9210,#9211,#9232,#9252));
#9210 = ORIENTED_EDGE('',*,*,#3062,.F.);
#9211 = ORIENTED_EDGE('',*,*,#9212,.T.);
#9212 = EDGE_CURVE('',#3030,#9213,#9215,.T.);
#9213 = VERTEX_POINT('',#9214);
#9214 = CARTESIAN_POINT('',(72.63037195836,97.666684316487,36.2));
#9215 = SURFACE_CURVE('',#9216,(#9220,#9226),.PCURVE_S1.);
#9216 = LINE('',#9217,#9218);
#9217 = CARTESIAN_POINT('',(72.63037195836,97.666684316488,35.2));
#9218 = VECTOR('',#9219,1.);
#9219 = DIRECTION('',(-0.,-0.,-1.));
#9220 = PCURVE('',#3076,#9221);
#9221 = DEFINITIONAL_REPRESENTATION('',(#9222),#9225);
#9222 = B_SPLINE_CURVE_WITH_KNOTS('',1,(#9223,#9224),.UNSPECIFIED.,.F.,
  .F.,(2,2),(-3.0000006,-0.9999994),.PIECEWISE_BEZIER_KNOTS.);
#9223 = CARTESIAN_POINT('',(3.0000006,-8.045063459857));
#9224 = CARTESIAN_POINT('',(0.9999994,-8.045063459857));
#9225 = ( GEOMETRIC_REPRESENTATION_CONTEXT(2) 
PARAMETRIC_REPRESENTATION_CONTEXT() REPRESENTATION_CONTEXT('2D SPACE',''
  ) );
#9226 = PCURVE('',#3050,#9227);
#9227 = DEFINITIONAL_REPRESENTATION('',(#9228),#9231);
#9228 = B_SPLINE_CURVE_WITH_KNOTS('',1,(#9229,#9230),.UNSPECIFIED.,.F.,
  .F.,(2,2),(-3.,-1.),.PIECEWISE_BEZIER_KNOTS.);
#9229 = CARTESIAN_POINT('',(-5.572857634859,-3.));
#9230 = CARTESIAN_POINT('',(-5.572857634859,-1.));
#9231 = ( GEOMETRIC_REPRESENTATION_CONTEXT(2) 
PARAMETRIC_REPRESENTATION_CONTEXT() REPRESENTATION_CONTEXT('2D SPACE',''
  ) );
#9232 = ORIENTED_EDGE('',*,*,#9233,.F.);
#9233 = EDGE_CURVE('',#9161,#9213,#9234,.T.);
#9234 = SURFACE_CURVE('',#9235,(#9239,#9245),.PCURVE_S1.);
#9235 = LINE('',#9236,#9237);
#9236 = CARTESIAN_POINT('',(69.833809511662,100.46324676318,36.2));
#9237 = VECTOR('',#9238,1.);
#9238 = DIRECTION('',(0.707106781187,-0.707106781187,0.));
#9239 = PCURVE('',#3076,#9240);
#9240 = DEFINITIONAL_REPRESENTATION('',(#9241),#9244);
#9241 = B_SPLINE_CURVE_WITH_KNOTS('',1,(#9242,#9243),.UNSPECIFIED.,.F.,
  .F.,(2,2),(-36.,12.),.PIECEWISE_BEZIER_KNOTS.);
#9242 = CARTESIAN_POINT('',(1.,-48.));
#9243 = CARTESIAN_POINT('',(1.,0.));
#9244 = ( GEOMETRIC_REPRESENTATION_CONTEXT(2) 
PARAMETRIC_REPRESENTATION_CONTEXT() REPRESENTATION_CONTEXT('2D SPACE',''
  ) );
#9245 = PCURVE('',#5984,#9246);
#9246 = DEFINITIONAL_REPRESENTATION('',(#9247),#9251);
#9247 = LINE('',#9248,#9249);
#9248 = CARTESIAN_POINT('',(160.33380951166,97.963246763185));
#9249 = VECTOR('',#9250,1.);
#9250 = DIRECTION('',(0.707106781187,-0.707106781187));
#9251 = ( GEOMETRIC_REPRESENTATION_CONTEXT(2) 
PARAMETRIC_REPRESENTATION_CONTEXT() REPRESENTATION_CONTEXT('2D SPACE',''
  ) );
#9252 = ORIENTED_EDGE('',*,*,#9188,.F.);
#9253 = ADVANCED_FACE('',(#9254),#3017,.F.);
#9254 = FACE_BOUND('',#9255,.F.);
#9255 = EDGE_LOOP('',(#9256,#9257,#9278,#9298));
#9256 = ORIENTED_EDGE('',*,*,#3001,.F.);
#9257 = ORIENTED_EDGE('',*,*,#9258,.T.);
#9258 = EDGE_CURVE('',#3002,#9259,#9261,.T.);
#9259 = VERTEX_POINT('',#9260);
#9260 = CARTESIAN_POINT('',(72.63037195836,118.53331568351,36.2));
#9261 = SURFACE_CURVE('',#9262,(#9266,#9272),.PCURVE_S1.);
#9262 = LINE('',#9263,#9264);
#9263 = CARTESIAN_POINT('',(72.63037195836,118.53331568351,35.2));
#9264 = VECTOR('',#9265,1.);
#9265 = DIRECTION('',(-0.,-0.,-1.));
#9266 = PCURVE('',#3017,#9267);
#9267 = DEFINITIONAL_REPRESENTATION('',(#9268),#9271);
#9268 = B_SPLINE_CURVE_WITH_KNOTS('',1,(#9269,#9270),.UNSPECIFIED.,.F.,
  .F.,(2,2),(-3.0000006,-0.9999994),.PIECEWISE_BEZIER_KNOTS.);
#9269 = CARTESIAN_POINT('',(3.0000006,-8.045063459857));
#9270 = CARTESIAN_POINT('',(0.9999994,-8.045063459857));
#9271 = ( GEOMETRIC_REPRESENTATION_CONTEXT(2) 
PARAMETRIC_REPRESENTATION_CONTEXT() REPRESENTATION_CONTEXT('2D SPACE',''
  ) );
#9272 = PCURVE('',#3050,#9273);
#9273 = DEFINITIONAL_REPRESENTATION('',(#9274),#9277);
#9274 = B_SPLINE_CURVE_WITH_KNOTS('',1,(#9275,#9276),.UNSPECIFIED.,.F.,
  .F.,(2,2),(-3.0000006,-0.9999994),.PIECEWISE_BEZIER_KNOTS.);
#9275 = CARTESIAN_POINT('',(-6.9935129795,-3.0000006));
#9276 = CARTESIAN_POINT('',(-6.9935129795,-0.9999994));
#9277 = ( GEOMETRIC_REPRESENTATION_CONTEXT(2) 
PARAMETRIC_REPRESENTATION_CONTEXT() REPRESENTATION_CONTEXT('2D SPACE',''
  ) );
#9278 = ORIENTED_EDGE('',*,*,#9279,.F.);
#9279 = EDGE_CURVE('',#9140,#9259,#9280,.T.);
#9280 = SURFACE_CURVE('',#9281,(#9285,#9291),.PCURVE_S1.);
#9281 = LINE('',#9282,#9283);
#9282 = CARTESIAN_POINT('',(69.833809511662,115.73675323681,36.2));
#9283 = VECTOR('',#9284,1.);
#9284 = DIRECTION('',(0.707106781187,0.707106781187,-0.));
#9285 = PCURVE('',#3017,#9286);
#9286 = DEFINITIONAL_REPRESENTATION('',(#9287),#9290);
#9287 = B_SPLINE_CURVE_WITH_KNOTS('',1,(#9288,#9289),.UNSPECIFIED.,.F.,
  .F.,(2,2),(-36.,12.),.PIECEWISE_BEZIER_KNOTS.);
#9288 = CARTESIAN_POINT('',(1.,-48.));
#9289 = CARTESIAN_POINT('',(1.,0.));
#9290 = ( GEOMETRIC_REPRESENTATION_CONTEXT(2) 
PARAMETRIC_REPRESENTATION_CONTEXT() REPRESENTATION_CONTEXT('2D SPACE',''
  ) );
#9291 = PCURVE('',#5984,#9292);
#9292 = DEFINITIONAL_REPRESENTATION('',(#9293),#9297);
#9293 = LINE('',#9294,#9295);
#9294 = CARTESIAN_POINT('',(160.33380951166,113.23675323681));
#9295 = VECTOR('',#9296,1.);
#9296 = DIRECTION('',(0.707106781187,0.707106781187));
#9297 = ( GEOMETRIC_REPRESENTATION_CONTEXT(2) 
PARAMETRIC_REPRESENTATION_CONTEXT() REPRESENTATION_CONTEXT('2D SPACE',''
  ) );
#9298 = ORIENTED_EDGE('',*,*,#9139,.F.);
#9299 = ADVANCED_FACE('',(#9300),#3050,.F.);
#9300 = FACE_BOUND('',#9301,.T.);
#9301 = EDGE_LOOP('',(#9302,#9303,#9304,#9326));
#9302 = ORIENTED_EDGE('',*,*,#3029,.F.);
#9303 = ORIENTED_EDGE('',*,*,#9258,.T.);
#9304 = ORIENTED_EDGE('',*,*,#9305,.F.);
#9305 = EDGE_CURVE('',#9213,#9259,#9306,.T.);
#9306 = SURFACE_CURVE('',#9307,(#9312,#9319),.PCURVE_S1.);
#9307 = CIRCLE('',#9308,16.);
#9308 = AXIS2_PLACEMENT_3D('',#9309,#9310,#9311);
#9309 = CARTESIAN_POINT('',(60.5,108.1,36.2));
#9310 = DIRECTION('',(-0.,0.,1.));
#9311 = DIRECTION('',(0.758148247398,-0.65208223022,0.));
#9312 = PCURVE('',#3050,#9313);
#9313 = DEFINITIONAL_REPRESENTATION('',(#9314),#9318);
#9314 = LINE('',#9315,#9316);
#9315 = CARTESIAN_POINT('',(-5.572857634859,-1.));
#9316 = VECTOR('',#9317,1.);
#9317 = DIRECTION('',(-1.,-0.));
#9318 = ( GEOMETRIC_REPRESENTATION_CONTEXT(2) 
PARAMETRIC_REPRESENTATION_CONTEXT() REPRESENTATION_CONTEXT('2D SPACE',''
  ) );
#9319 = PCURVE('',#5984,#9320);
#9320 = DEFINITIONAL_REPRESENTATION('',(#9321),#9325);
#9321 = CIRCLE('',#9322,16.);
#9322 = AXIS2_PLACEMENT_2D('',#9323,#9324);
#9323 = CARTESIAN_POINT('',(151.,105.6));
#9324 = DIRECTION('',(0.758148247398,-0.65208223022));
#9325 = ( GEOMETRIC_REPRESENTATION_CONTEXT(2) 
PARAMETRIC_REPRESENTATION_CONTEXT() REPRESENTATION_CONTEXT('2D SPACE',''
  ) );
#9326 = ORIENTED_EDGE('',*,*,#9212,.F.);
#9327 = ADVANCED_FACE('',(#9328),#3109,.T.);
#9328 = FACE_BOUND('',#9329,.F.);
#9329 = EDGE_LOOP('',(#9330,#9351,#9379,#9398));
#9330 = ORIENTED_EDGE('',*,*,#9331,.T.);
#9331 = EDGE_CURVE('',#3093,#9332,#9334,.T.);
#9332 = VERTEX_POINT('',#9333);
#9333 = CARTESIAN_POINT('',(74.756734579748,120.6596783049,36.2));
#9334 = SURFACE_CURVE('',#9335,(#9339,#9345),.PCURVE_S1.);
#9335 = LINE('',#9336,#9337);
#9336 = CARTESIAN_POINT('',(74.756734579749,120.6596783049,34.2));
#9337 = VECTOR('',#9338,1.);
#9338 = DIRECTION('',(-0.,-0.,-1.));
#9339 = PCURVE('',#3109,#9340);
#9340 = DEFINITIONAL_REPRESENTATION('',(#9341),#9344);
#9341 = B_SPLINE_CURVE_WITH_KNOTS('',1,(#9342,#9343),.UNSPECIFIED.,.F.,
  .F.,(2,2),(-4.0000006,-1.9999994),.PIECEWISE_BEZIER_KNOTS.);
#9342 = CARTESIAN_POINT('',(-7.005383511663,-4.0000006));
#9343 = CARTESIAN_POINT('',(-7.005383511663,-1.9999994));
#9344 = ( GEOMETRIC_REPRESENTATION_CONTEXT(2) 
PARAMETRIC_REPRESENTATION_CONTEXT() REPRESENTATION_CONTEXT('2D SPACE',''
  ) );
#9345 = PCURVE('',#3137,#9346);
#9346 = DEFINITIONAL_REPRESENTATION('',(#9347),#9350);
#9347 = B_SPLINE_CURVE_WITH_KNOTS('',1,(#9348,#9349),.UNSPECIFIED.,.F.,
  .F.,(2,2),(-4.0000006,-1.9999994),.PIECEWISE_BEZIER_KNOTS.);
#9348 = CARTESIAN_POINT('',(3.0000006,-5.037932602166));
#9349 = CARTESIAN_POINT('',(0.9999994,-5.037932602166));
#9350 = ( GEOMETRIC_REPRESENTATION_CONTEXT(2) 
PARAMETRIC_REPRESENTATION_CONTEXT() REPRESENTATION_CONTEXT('2D SPACE',''
  ) );
#9351 = ORIENTED_EDGE('',*,*,#9352,.T.);
#9352 = EDGE_CURVE('',#9332,#9353,#9355,.T.);
#9353 = VERTEX_POINT('',#9354);
#9354 = CARTESIAN_POINT('',(74.756734579748,95.540321695099,36.2));
#9355 = SURFACE_CURVE('',#9356,(#9361,#9368),.PCURVE_S1.);
#9356 = CIRCLE('',#9357,19.);
#9357 = AXIS2_PLACEMENT_3D('',#9358,#9359,#9360);
#9358 = CARTESIAN_POINT('',(60.5,108.1,36.2));
#9359 = DIRECTION('',(0.,0.,-1.));
#9360 = DIRECTION('',(-0.661035700258,0.750354451566,0.));
#9361 = PCURVE('',#3109,#9362);
#9362 = DEFINITIONAL_REPRESENTATION('',(#9363),#9367);
#9363 = LINE('',#9364,#9365);
#9364 = CARTESIAN_POINT('',(-8.576179838457,-2.));
#9365 = VECTOR('',#9366,1.);
#9366 = DIRECTION('',(1.,-0.));
#9367 = ( GEOMETRIC_REPRESENTATION_CONTEXT(2) 
PARAMETRIC_REPRESENTATION_CONTEXT() REPRESENTATION_CONTEXT('2D SPACE',''
  ) );
#9368 = PCURVE('',#5984,#9369);
#9369 = DEFINITIONAL_REPRESENTATION('',(#9370),#9378);
#9370 = ( BOUNDED_CURVE() B_SPLINE_CURVE(2,(#9371,#9372,#9373,#9374,
#9375,#9376,#9377),.UNSPECIFIED.,.T.,.F.) B_SPLINE_CURVE_WITH_KNOTS((1,2
    ,2,2,2,1),(-2.094395102393,0.,2.094395102393,4.188790204786,
6.28318530718,8.377580409573),.UNSPECIFIED.) CURVE() 
GEOMETRIC_REPRESENTATION_ITEM() RATIONAL_B_SPLINE_CURVE((1.,0.5,1.,0.5,
1.,0.5,1.)) REPRESENTATION_ITEM('') );
#9371 = CARTESIAN_POINT('',(138.44032169509,119.85673457974));
#9372 = CARTESIAN_POINT('',(163.13371033724,141.61073553055));
#9373 = CARTESIAN_POINT('',(169.62653347352,109.34863318553));
#9374 = CARTESIAN_POINT('',(176.1193566098,77.086530840503));
#9375 = CARTESIAN_POINT('',(144.93314483137,87.594632234721));
#9376 = CARTESIAN_POINT('',(113.74693305295,98.102733628939));
#9377 = CARTESIAN_POINT('',(138.44032169509,119.85673457974));
#9378 = ( GEOMETRIC_REPRESENTATION_CONTEXT(2) 
PARAMETRIC_REPRESENTATION_CONTEXT() REPRESENTATION_CONTEXT('2D SPACE',''
  ) );
#9379 = ORIENTED_EDGE('',*,*,#9380,.F.);
#9380 = EDGE_CURVE('',#3091,#9353,#9381,.T.);
#9381 = SURFACE_CURVE('',#9382,(#9386,#9392),.PCURVE_S1.);
#9382 = LINE('',#9383,#9384);
#9383 = CARTESIAN_POINT('',(74.756734579749,95.540321695099,34.2));
#9384 = VECTOR('',#9385,1.);
#9385 = DIRECTION('',(-0.,-0.,-1.));
#9386 = PCURVE('',#3109,#9387);
#9387 = DEFINITIONAL_REPRESENTATION('',(#9388),#9391);
#9388 = B_SPLINE_CURVE_WITH_KNOTS('',1,(#9389,#9390),.UNSPECIFIED.,.F.,
  .F.,(2,2),(-4.,-2.),.PIECEWISE_BEZIER_KNOTS.);
#9389 = CARTESIAN_POINT('',(-5.560987102697,-4.));
#9390 = CARTESIAN_POINT('',(-5.560987102697,-2.));
#9391 = ( GEOMETRIC_REPRESENTATION_CONTEXT(2) 
PARAMETRIC_REPRESENTATION_CONTEXT() REPRESENTATION_CONTEXT('2D SPACE',''
  ) );
#9392 = PCURVE('',#3196,#9393);
#9393 = DEFINITIONAL_REPRESENTATION('',(#9394),#9397);
#9394 = B_SPLINE_CURVE_WITH_KNOTS('',1,(#9395,#9396),.UNSPECIFIED.,.F.,
  .F.,(2,2),(-4.0000006,-1.9999994),.PIECEWISE_BEZIER_KNOTS.);
#9395 = CARTESIAN_POINT('',(3.0000006,-5.037932602166));
#9396 = CARTESIAN_POINT('',(0.9999994,-5.037932602166));
#9397 = ( GEOMETRIC_REPRESENTATION_CONTEXT(2) 
PARAMETRIC_REPRESENTATION_CONTEXT() REPRESENTATION_CONTEXT('2D SPACE',''
  ) );
#9398 = ORIENTED_EDGE('',*,*,#3090,.T.);
#9399 = ADVANCED_FACE('',(#9400),#3196,.T.);
#9400 = FACE_BOUND('',#9401,.T.);
#9401 = EDGE_LOOP('',(#9402,#9403,#9424,#9444));
#9402 = ORIENTED_EDGE('',*,*,#3182,.F.);
#9403 = ORIENTED_EDGE('',*,*,#9404,.T.);
#9404 = EDGE_CURVE('',#3150,#9405,#9407,.T.);
#9405 = VERTEX_POINT('',#9406);
#9406 = CARTESIAN_POINT('',(76.173507058151,94.123549216697,36.2));
#9407 = SURFACE_CURVE('',#9408,(#9412,#9418),.PCURVE_S1.);
#9408 = LINE('',#9409,#9410);
#9409 = CARTESIAN_POINT('',(76.173507058151,94.123549216697,35.2));
#9410 = VECTOR('',#9411,1.);
#9411 = DIRECTION('',(-0.,-0.,-1.));
#9412 = PCURVE('',#3196,#9413);
#9413 = DEFINITIONAL_REPRESENTATION('',(#9414),#9417);
#9414 = B_SPLINE_CURVE_WITH_KNOTS('',1,(#9415,#9416),.UNSPECIFIED.,.F.,
  .F.,(2,2),(-3.0000006,-0.9999994),.PIECEWISE_BEZIER_KNOTS.);
#9415 = CARTESIAN_POINT('',(3.0000006,-3.034313748413));
#9416 = CARTESIAN_POINT('',(0.9999994,-3.034313748413));
#9417 = ( GEOMETRIC_REPRESENTATION_CONTEXT(2) 
PARAMETRIC_REPRESENTATION_CONTEXT() REPRESENTATION_CONTEXT('2D SPACE',''
  ) );
#9418 = PCURVE('',#3170,#9419);
#9419 = DEFINITIONAL_REPRESENTATION('',(#9420),#9423);
#9420 = B_SPLINE_CURVE_WITH_KNOTS('',1,(#9421,#9422),.UNSPECIFIED.,.F.,
  .F.,(2,2),(-3.,-1.),.PIECEWISE_BEZIER_KNOTS.);
#9421 = CARTESIAN_POINT('',(-5.554961144863,-3.));
#9422 = CARTESIAN_POINT('',(-5.554961144863,-1.));
#9423 = ( GEOMETRIC_REPRESENTATION_CONTEXT(2) 
PARAMETRIC_REPRESENTATION_CONTEXT() REPRESENTATION_CONTEXT('2D SPACE',''
  ) );
#9424 = ORIENTED_EDGE('',*,*,#9425,.F.);
#9425 = EDGE_CURVE('',#9353,#9405,#9426,.T.);
#9426 = SURFACE_CURVE('',#9427,(#9431,#9437),.PCURVE_S1.);
#9427 = LINE('',#9428,#9429);
#9428 = CARTESIAN_POINT('',(69.833809511662,100.46324676318,36.2));
#9429 = VECTOR('',#9430,1.);
#9430 = DIRECTION('',(0.707106781187,-0.707106781187,0.));
#9431 = PCURVE('',#3196,#9432);
#9432 = DEFINITIONAL_REPRESENTATION('',(#9433),#9436);
#9433 = B_SPLINE_CURVE_WITH_KNOTS('',1,(#9434,#9435),.UNSPECIFIED.,.F.,
  .F.,(2,2),(-36.,12.),.PIECEWISE_BEZIER_KNOTS.);
#9434 = CARTESIAN_POINT('',(1.,-48.));
#9435 = CARTESIAN_POINT('',(1.,0.));
#9436 = ( GEOMETRIC_REPRESENTATION_CONTEXT(2) 
PARAMETRIC_REPRESENTATION_CONTEXT() REPRESENTATION_CONTEXT('2D SPACE',''
  ) );
#9437 = PCURVE('',#5984,#9438);
#9438 = DEFINITIONAL_REPRESENTATION('',(#9439),#9443);
#9439 = LINE('',#9440,#9441);
#9440 = CARTESIAN_POINT('',(160.33380951166,97.963246763185));
#9441 = VECTOR('',#9442,1.);
#9442 = DIRECTION('',(0.707106781187,-0.707106781187));
#9443 = ( GEOMETRIC_REPRESENTATION_CONTEXT(2) 
PARAMETRIC_REPRESENTATION_CONTEXT() REPRESENTATION_CONTEXT('2D SPACE',''
  ) );
#9444 = ORIENTED_EDGE('',*,*,#9380,.F.);
#9445 = ADVANCED_FACE('',(#9446),#3137,.F.);
#9446 = FACE_BOUND('',#9447,.F.);
#9447 = EDGE_LOOP('',(#9448,#9449,#9470,#9490));
#9448 = ORIENTED_EDGE('',*,*,#3121,.F.);
#9449 = ORIENTED_EDGE('',*,*,#9450,.T.);
#9450 = EDGE_CURVE('',#3122,#9451,#9453,.T.);
#9451 = VERTEX_POINT('',#9452);
#9452 = CARTESIAN_POINT('',(76.173507058151,122.0764507833,36.2));
#9453 = SURFACE_CURVE('',#9454,(#9458,#9464),.PCURVE_S1.);
#9454 = LINE('',#9455,#9456);
#9455 = CARTESIAN_POINT('',(76.173507058151,122.0764507833,35.2));
#9456 = VECTOR('',#9457,1.);
#9457 = DIRECTION('',(-0.,-0.,-1.));
#9458 = PCURVE('',#3137,#9459);
#9459 = DEFINITIONAL_REPRESENTATION('',(#9460),#9463);
#9460 = B_SPLINE_CURVE_WITH_KNOTS('',1,(#9461,#9462),.UNSPECIFIED.,.F.,
  .F.,(2,2),(-3.0000006,-0.9999994),.PIECEWISE_BEZIER_KNOTS.);
#9461 = CARTESIAN_POINT('',(3.0000006,-3.034313748413));
#9462 = CARTESIAN_POINT('',(0.9999994,-3.034313748413));
#9463 = ( GEOMETRIC_REPRESENTATION_CONTEXT(2) 
PARAMETRIC_REPRESENTATION_CONTEXT() REPRESENTATION_CONTEXT('2D SPACE',''
  ) );
#9464 = PCURVE('',#3170,#9465);
#9465 = DEFINITIONAL_REPRESENTATION('',(#9466),#9469);
#9466 = B_SPLINE_CURVE_WITH_KNOTS('',1,(#9467,#9468),.UNSPECIFIED.,.F.,
  .F.,(2,2),(-3.0000006,-0.9999994),.PIECEWISE_BEZIER_KNOTS.);
#9467 = CARTESIAN_POINT('',(-7.011409469496,-3.0000006));
#9468 = CARTESIAN_POINT('',(-7.011409469496,-0.9999994));
#9469 = ( GEOMETRIC_REPRESENTATION_CONTEXT(2) 
PARAMETRIC_REPRESENTATION_CONTEXT() REPRESENTATION_CONTEXT('2D SPACE',''
  ) );
#9470 = ORIENTED_EDGE('',*,*,#9471,.F.);
#9471 = EDGE_CURVE('',#9332,#9451,#9472,.T.);
#9472 = SURFACE_CURVE('',#9473,(#9477,#9483),.PCURVE_S1.);
#9473 = LINE('',#9474,#9475);
#9474 = CARTESIAN_POINT('',(69.833809511662,115.73675323681,36.2));
#9475 = VECTOR('',#9476,1.);
#9476 = DIRECTION('',(0.707106781187,0.707106781187,-0.));
#9477 = PCURVE('',#3137,#9478);
#9478 = DEFINITIONAL_REPRESENTATION('',(#9479),#9482);
#9479 = B_SPLINE_CURVE_WITH_KNOTS('',1,(#9480,#9481),.UNSPECIFIED.,.F.,
  .F.,(2,2),(-36.,12.),.PIECEWISE_BEZIER_KNOTS.);
#9480 = CARTESIAN_POINT('',(1.,-48.));
#9481 = CARTESIAN_POINT('',(1.,0.));
#9482 = ( GEOMETRIC_REPRESENTATION_CONTEXT(2) 
PARAMETRIC_REPRESENTATION_CONTEXT() REPRESENTATION_CONTEXT('2D SPACE',''
  ) );
#9483 = PCURVE('',#5984,#9484);
#9484 = DEFINITIONAL_REPRESENTATION('',(#9485),#9489);
#9485 = LINE('',#9486,#9487);
#9486 = CARTESIAN_POINT('',(160.33380951166,113.23675323681));
#9487 = VECTOR('',#9488,1.);
#9488 = DIRECTION('',(0.707106781187,0.707106781187));
#9489 = ( GEOMETRIC_REPRESENTATION_CONTEXT(2) 
PARAMETRIC_REPRESENTATION_CONTEXT() REPRESENTATION_CONTEXT('2D SPACE',''
  ) );
#9490 = ORIENTED_EDGE('',*,*,#9331,.F.);
#9491 = ADVANCED_FACE('',(#9492),#3170,.F.);
#9492 = FACE_BOUND('',#9493,.T.);
#9493 = EDGE_LOOP('',(#9494,#9495,#9521,#9522));
#9494 = ORIENTED_EDGE('',*,*,#9450,.T.);
#9495 = ORIENTED_EDGE('',*,*,#9496,.T.);
#9496 = EDGE_CURVE('',#9451,#9405,#9497,.T.);
#9497 = SURFACE_CURVE('',#9498,(#9503,#9510),.PCURVE_S1.);
#9498 = CIRCLE('',#9499,21.);
#9499 = AXIS2_PLACEMENT_3D('',#9500,#9501,#9502);
#9500 = CARTESIAN_POINT('',(60.5,108.1,36.2));
#9501 = DIRECTION('',(0.,0.,-1.));
#9502 = DIRECTION('',(-0.665545275395,0.74635747896,0.));
#9503 = PCURVE('',#3170,#9504);
#9504 = DEFINITIONAL_REPRESENTATION('',(#9505),#9509);
#9505 = LINE('',#9506,#9507);
#9506 = CARTESIAN_POINT('',(-8.582205796291,-1.));
#9507 = VECTOR('',#9508,1.);
#9508 = DIRECTION('',(1.,-0.));
#9509 = ( GEOMETRIC_REPRESENTATION_CONTEXT(2) 
PARAMETRIC_REPRESENTATION_CONTEXT() REPRESENTATION_CONTEXT('2D SPACE',''
  ) );
#9510 = PCURVE('',#5984,#9511);
#9511 = DEFINITIONAL_REPRESENTATION('',(#9512),#9520);
#9512 = ( BOUNDED_CURVE() B_SPLINE_CURVE(2,(#9513,#9514,#9515,#9516,
#9517,#9518,#9519),.UNSPECIFIED.,.T.,.F.) B_SPLINE_CURVE_WITH_KNOTS((1,2
    ,2,2,2,1),(-2.094395102393,0.,2.094395102393,4.188790204786,
6.28318530718,8.377580409573),.UNSPECIFIED.) CURVE() 
GEOMETRIC_REPRESENTATION_ITEM() RATIONAL_B_SPLINE_CURVE((1.,0.5,1.,0.5,
1.,0.5,1.)) REPRESENTATION_ITEM('') );
#9513 = CARTESIAN_POINT('',(137.02354921669,121.27350705815));
#9514 = CARTESIAN_POINT('',(164.1708597742,145.48142992431));
#9515 = CARTESIAN_POINT('',(171.5618806704,109.867207904));
#9516 = CARTESIAN_POINT('',(178.9529015666,74.252985883698));
#9517 = CARTESIAN_POINT('',(144.41457011289,85.659285037841));
#9518 = CARTESIAN_POINT('',(109.87623865919,97.065584191984));
#9519 = CARTESIAN_POINT('',(137.02354921669,121.27350705815));
#9520 = ( GEOMETRIC_REPRESENTATION_CONTEXT(2) 
PARAMETRIC_REPRESENTATION_CONTEXT() REPRESENTATION_CONTEXT('2D SPACE',''
  ) );
#9521 = ORIENTED_EDGE('',*,*,#9404,.F.);
#9522 = ORIENTED_EDGE('',*,*,#3149,.F.);
#9523 = ADVANCED_FACE('',(#9524),#3233,.F.);
#9524 = FACE_BOUND('',#9525,.T.);
#9525 = EDGE_LOOP('',(#9526,#9527,#9548,#9572));
#9526 = ORIENTED_EDGE('',*,*,#3210,.F.);
#9527 = ORIENTED_EDGE('',*,*,#9528,.T.);
#9528 = EDGE_CURVE('',#3211,#9529,#9531,.T.);
#9529 = VERTEX_POINT('',#9530);
#9530 = CARTESIAN_POINT('',(57.191606199259,113.10545007558,36.2));
#9531 = SURFACE_CURVE('',#9532,(#9536,#9542),.PCURVE_S1.);
#9532 = LINE('',#9533,#9534);
#9533 = CARTESIAN_POINT('',(57.191606199259,113.10545007558,35.2));
#9534 = VECTOR('',#9535,1.);
#9535 = DIRECTION('',(-0.,-0.,-1.));
#9536 = PCURVE('',#3233,#9537);
#9537 = DEFINITIONAL_REPRESENTATION('',(#9538),#9541);
#9538 = B_SPLINE_CURVE_WITH_KNOTS('',1,(#9539,#9540),.UNSPECIFIED.,.F.,
  .F.,(2,2),(-3.,-1.),.PIECEWISE_BEZIER_KNOTS.);
#9539 = CARTESIAN_POINT('',(-8.438021876582,-3.));
#9540 = CARTESIAN_POINT('',(-8.438021876582,-1.));
#9541 = ( GEOMETRIC_REPRESENTATION_CONTEXT(2) 
PARAMETRIC_REPRESENTATION_CONTEXT() REPRESENTATION_CONTEXT('2D SPACE',''
  ) );
#9542 = PCURVE('',#3316,#9543);
#9543 = DEFINITIONAL_REPRESENTATION('',(#9544),#9547);
#9544 = B_SPLINE_CURVE_WITH_KNOTS('',1,(#9545,#9546),.UNSPECIFIED.,.F.,
  .F.,(2,2),(-3.0000006,-0.9999994),.PIECEWISE_BEZIER_KNOTS.);
#9545 = CARTESIAN_POINT('',(3.0000006,-29.87877538268));
#9546 = CARTESIAN_POINT('',(0.9999994,-29.87877538268));
#9547 = ( GEOMETRIC_REPRESENTATION_CONTEXT(2) 
PARAMETRIC_REPRESENTATION_CONTEXT() REPRESENTATION_CONTEXT('2D SPACE',''
  ) );
#9548 = ORIENTED_EDGE('',*,*,#9549,.F.);
#9549 = EDGE_CURVE('',#9550,#9529,#9552,.T.);
#9550 = VERTEX_POINT('',#9551);
#9551 = CARTESIAN_POINT('',(63.808393800741,113.10545007558,36.2));
#9552 = SURFACE_CURVE('',#9553,(#9558,#9565),.PCURVE_S1.);
#9553 = CIRCLE('',#9554,6.);
#9554 = AXIS2_PLACEMENT_3D('',#9555,#9556,#9557);
#9555 = CARTESIAN_POINT('',(60.5,108.1,36.2));
#9556 = DIRECTION('',(-0.,0.,1.));
#9557 = DIRECTION('',(0.834241679265,-0.55139896679,0.));
#9558 = PCURVE('',#3233,#9559);
#9559 = DEFINITIONAL_REPRESENTATION('',(#9560),#9564);
#9560 = LINE('',#9561,#9562);
#9561 = CARTESIAN_POINT('',(-5.699145064572,-1.));
#9562 = VECTOR('',#9563,1.);
#9563 = DIRECTION('',(-1.,-0.));
#9564 = ( GEOMETRIC_REPRESENTATION_CONTEXT(2) 
PARAMETRIC_REPRESENTATION_CONTEXT() REPRESENTATION_CONTEXT('2D SPACE',''
  ) );
#9565 = PCURVE('',#5984,#9566);
#9566 = DEFINITIONAL_REPRESENTATION('',(#9567),#9571);
#9567 = CIRCLE('',#9568,6.);
#9568 = AXIS2_PLACEMENT_2D('',#9569,#9570);
#9569 = CARTESIAN_POINT('',(151.,105.6));
#9570 = DIRECTION('',(0.834241679265,-0.55139896679));
#9571 = ( GEOMETRIC_REPRESENTATION_CONTEXT(2) 
PARAMETRIC_REPRESENTATION_CONTEXT() REPRESENTATION_CONTEXT('2D SPACE',''
  ) );
#9572 = ORIENTED_EDGE('',*,*,#9573,.F.);
#9573 = EDGE_CURVE('',#3213,#9550,#9574,.T.);
#9574 = SURFACE_CURVE('',#9575,(#9579,#9585),.PCURVE_S1.);
#9575 = LINE('',#9576,#9577);
#9576 = CARTESIAN_POINT('',(63.808393800741,113.10545007558,35.2));
#9577 = VECTOR('',#9578,1.);
#9578 = DIRECTION('',(-0.,-0.,-1.));
#9579 = PCURVE('',#3233,#9580);
#9580 = DEFINITIONAL_REPRESENTATION('',(#9581),#9584);
#9581 = B_SPLINE_CURVE_WITH_KNOTS('',1,(#9582,#9583),.UNSPECIFIED.,.F.,
  .F.,(2,2),(-3.0000006,-0.9999994),.PIECEWISE_BEZIER_KNOTS.);
#9582 = CARTESIAN_POINT('',(-7.269941391367,-3.0000006));
#9583 = CARTESIAN_POINT('',(-7.269941391367,-0.9999994));
#9584 = ( GEOMETRIC_REPRESENTATION_CONTEXT(2) 
PARAMETRIC_REPRESENTATION_CONTEXT() REPRESENTATION_CONTEXT('2D SPACE',''
  ) );
#9585 = PCURVE('',#3261,#9586);
#9586 = DEFINITIONAL_REPRESENTATION('',(#9587),#9590);
#9587 = B_SPLINE_CURVE_WITH_KNOTS('',1,(#9588,#9589),.UNSPECIFIED.,.F.,
  .F.,(2,2),(-3.0000006,-0.9999994),.PIECEWISE_BEZIER_KNOTS.);
#9588 = CARTESIAN_POINT('',(3.0000006,-18.12122461732));
#9589 = CARTESIAN_POINT('',(0.9999994,-18.12122461732));
#9590 = ( GEOMETRIC_REPRESENTATION_CONTEXT(2) 
PARAMETRIC_REPRESENTATION_CONTEXT() REPRESENTATION_CONTEXT('2D SPACE',''
  ) );
#9591 = ADVANCED_FACE('',(#9592),#3316,.T.);
#9592 = FACE_BOUND('',#9593,.T.);
#9593 = EDGE_LOOP('',(#9594,#9595,#9616,#9636));
#9594 = ORIENTED_EDGE('',*,*,#3302,.F.);
#9595 = ORIENTED_EDGE('',*,*,#9596,.T.);
#9596 = EDGE_CURVE('',#3274,#9597,#9599,.T.);
#9597 = VERTEX_POINT('',#9598);
#9598 = CARTESIAN_POINT('',(58.650380624777,111.64667565007,36.2));
#9599 = SURFACE_CURVE('',#9600,(#9604,#9610),.PCURVE_S1.);
#9600 = LINE('',#9601,#9602);
#9601 = CARTESIAN_POINT('',(58.650380624777,111.64667565007,34.2));
#9602 = VECTOR('',#9603,1.);
#9603 = DIRECTION('',(-0.,-0.,-1.));
#9604 = PCURVE('',#3316,#9605);
#9605 = DEFINITIONAL_REPRESENTATION('',(#9606),#9609);
#9606 = B_SPLINE_CURVE_WITH_KNOTS('',1,(#9607,#9608),.UNSPECIFIED.,.F.,
  .F.,(2,2),(-4.0000006,-1.9999994),.PIECEWISE_BEZIER_KNOTS.);
#9607 = CARTESIAN_POINT('',(3.0000006,-27.81575680566));
#9608 = CARTESIAN_POINT('',(0.9999994,-27.81575680566));
#9609 = ( GEOMETRIC_REPRESENTATION_CONTEXT(2) 
PARAMETRIC_REPRESENTATION_CONTEXT() REPRESENTATION_CONTEXT('2D SPACE',''
  ) );
#9610 = PCURVE('',#3290,#9611);
#9611 = DEFINITIONAL_REPRESENTATION('',(#9612),#9615);
#9612 = B_SPLINE_CURVE_WITH_KNOTS('',1,(#9613,#9614),.UNSPECIFIED.,.F.,
  .F.,(2,2),(-4.,-2.),.PIECEWISE_BEZIER_KNOTS.);
#9613 = CARTESIAN_POINT('',(-8.334687143357,-4.));
#9614 = CARTESIAN_POINT('',(-8.334687143357,-2.));
#9615 = ( GEOMETRIC_REPRESENTATION_CONTEXT(2) 
PARAMETRIC_REPRESENTATION_CONTEXT() REPRESENTATION_CONTEXT('2D SPACE',''
  ) );
#9616 = ORIENTED_EDGE('',*,*,#9617,.F.);
#9617 = EDGE_CURVE('',#9529,#9597,#9618,.T.);
#9618 = SURFACE_CURVE('',#9619,(#9623,#9629),.PCURVE_S1.);
#9619 = LINE('',#9620,#9621);
#9620 = CARTESIAN_POINT('',(69.833809511662,100.46324676318,36.2));
#9621 = VECTOR('',#9622,1.);
#9622 = DIRECTION('',(0.707106781187,-0.707106781187,0.));
#9623 = PCURVE('',#3316,#9624);
#9624 = DEFINITIONAL_REPRESENTATION('',(#9625),#9628);
#9625 = B_SPLINE_CURVE_WITH_KNOTS('',1,(#9626,#9627),.UNSPECIFIED.,.F.,
  .F.,(2,2),(-36.,12.),.PIECEWISE_BEZIER_KNOTS.);
#9626 = CARTESIAN_POINT('',(1.,-48.));
#9627 = CARTESIAN_POINT('',(1.,0.));
#9628 = ( GEOMETRIC_REPRESENTATION_CONTEXT(2) 
PARAMETRIC_REPRESENTATION_CONTEXT() REPRESENTATION_CONTEXT('2D SPACE',''
  ) );
#9629 = PCURVE('',#5984,#9630);
#9630 = DEFINITIONAL_REPRESENTATION('',(#9631),#9635);
#9631 = LINE('',#9632,#9633);
#9632 = CARTESIAN_POINT('',(160.33380951166,97.963246763185));
#9633 = VECTOR('',#9634,1.);
#9634 = DIRECTION('',(0.707106781187,-0.707106781187));
#9635 = ( GEOMETRIC_REPRESENTATION_CONTEXT(2) 
PARAMETRIC_REPRESENTATION_CONTEXT() REPRESENTATION_CONTEXT('2D SPACE',''
  ) );
#9636 = ORIENTED_EDGE('',*,*,#9528,.F.);
#9637 = ADVANCED_FACE('',(#9638),#3261,.T.);
#9638 = FACE_BOUND('',#9639,.T.);
#9639 = EDGE_LOOP('',(#9640,#9641,#9642,#9664));
#9640 = ORIENTED_EDGE('',*,*,#3245,.F.);
#9641 = ORIENTED_EDGE('',*,*,#9573,.T.);
#9642 = ORIENTED_EDGE('',*,*,#9643,.F.);
#9643 = EDGE_CURVE('',#9644,#9550,#9646,.T.);
#9644 = VERTEX_POINT('',#9645);
#9645 = CARTESIAN_POINT('',(62.349619375223,111.64667565007,36.2));
#9646 = SURFACE_CURVE('',#9647,(#9651,#9657),.PCURVE_S1.);
#9647 = LINE('',#9648,#9649);
#9648 = CARTESIAN_POINT('',(68.136753236815,117.43380951166,36.2));
#9649 = VECTOR('',#9650,1.);
#9650 = DIRECTION('',(0.707106781187,0.707106781187,-0.));
#9651 = PCURVE('',#3261,#9652);
#9652 = DEFINITIONAL_REPRESENTATION('',(#9653),#9656);
#9653 = B_SPLINE_CURVE_WITH_KNOTS('',1,(#9654,#9655),.UNSPECIFIED.,.F.,
  .F.,(2,2),(-36.,12.),.PIECEWISE_BEZIER_KNOTS.);
#9654 = CARTESIAN_POINT('',(1.,-48.));
#9655 = CARTESIAN_POINT('',(1.,0.));
#9656 = ( GEOMETRIC_REPRESENTATION_CONTEXT(2) 
PARAMETRIC_REPRESENTATION_CONTEXT() REPRESENTATION_CONTEXT('2D SPACE',''
  ) );
#9657 = PCURVE('',#5984,#9658);
#9658 = DEFINITIONAL_REPRESENTATION('',(#9659),#9663);
#9659 = LINE('',#9660,#9661);
#9660 = CARTESIAN_POINT('',(158.63675323681,114.93380951166));
#9661 = VECTOR('',#9662,1.);
#9662 = DIRECTION('',(0.707106781187,0.707106781187));
#9663 = ( GEOMETRIC_REPRESENTATION_CONTEXT(2) 
PARAMETRIC_REPRESENTATION_CONTEXT() REPRESENTATION_CONTEXT('2D SPACE',''
  ) );
#9664 = ORIENTED_EDGE('',*,*,#9665,.F.);
#9665 = EDGE_CURVE('',#3246,#9644,#9666,.T.);
#9666 = SURFACE_CURVE('',#9667,(#9671,#9677),.PCURVE_S1.);
#9667 = LINE('',#9668,#9669);
#9668 = CARTESIAN_POINT('',(62.349619375223,111.64667565007,34.2));
#9669 = VECTOR('',#9670,1.);
#9670 = DIRECTION('',(-0.,-0.,-1.));
#9671 = PCURVE('',#3261,#9672);
#9672 = DEFINITIONAL_REPRESENTATION('',(#9673),#9676);
#9673 = B_SPLINE_CURVE_WITH_KNOTS('',1,(#9674,#9675),.UNSPECIFIED.,.F.,
  .F.,(2,2),(-4.0000006,-1.9999994),.PIECEWISE_BEZIER_KNOTS.);
#9674 = CARTESIAN_POINT('',(3.0000006,-20.18424319433));
#9675 = CARTESIAN_POINT('',(0.9999994,-20.18424319433));
#9676 = ( GEOMETRIC_REPRESENTATION_CONTEXT(2) 
PARAMETRIC_REPRESENTATION_CONTEXT() REPRESENTATION_CONTEXT('2D SPACE',''
  ) );
#9677 = PCURVE('',#3290,#9678);
#9678 = DEFINITIONAL_REPRESENTATION('',(#9679),#9682);
#9679 = B_SPLINE_CURVE_WITH_KNOTS('',1,(#9680,#9681),.UNSPECIFIED.,.F.,
  .F.,(2,2),(-4.0000006,-1.9999994),.PIECEWISE_BEZIER_KNOTS.);
#9680 = CARTESIAN_POINT('',(-7.373276124592,-4.0000006));
#9681 = CARTESIAN_POINT('',(-7.373276124592,-1.9999994));
#9682 = ( GEOMETRIC_REPRESENTATION_CONTEXT(2) 
PARAMETRIC_REPRESENTATION_CONTEXT() REPRESENTATION_CONTEXT('2D SPACE',''
  ) );
#9683 = ADVANCED_FACE('',(#9684),#3290,.T.);
#9684 = FACE_BOUND('',#9685,.F.);
#9685 = EDGE_LOOP('',(#9686,#9687,#9713,#9714));
#9686 = ORIENTED_EDGE('',*,*,#9596,.T.);
#9687 = ORIENTED_EDGE('',*,*,#9688,.T.);
#9688 = EDGE_CURVE('',#9597,#9644,#9689,.T.);
#9689 = SURFACE_CURVE('',#9690,(#9695,#9702),.PCURVE_S1.);
#9690 = CIRCLE('',#9691,4.);
#9691 = AXIS2_PLACEMENT_3D('',#9692,#9693,#9694);
#9692 = CARTESIAN_POINT('',(60.5,108.1,36.2));
#9693 = DIRECTION('',(0.,0.,-1.));
#9694 = DIRECTION('',(-0.462404843806,0.886668912518,0.));
#9695 = PCURVE('',#3290,#9696);
#9696 = DEFINITIONAL_REPRESENTATION('',(#9697),#9701);
#9697 = LINE('',#9698,#9699);
#9698 = CARTESIAN_POINT('',(-8.334687143357,-2.));
#9699 = VECTOR('',#9700,1.);
#9700 = DIRECTION('',(1.,-0.));
#9701 = ( GEOMETRIC_REPRESENTATION_CONTEXT(2) 
PARAMETRIC_REPRESENTATION_CONTEXT() REPRESENTATION_CONTEXT('2D SPACE',''
  ) );
#9702 = PCURVE('',#5984,#9703);
#9703 = DEFINITIONAL_REPRESENTATION('',(#9704),#9712);
#9704 = ( BOUNDED_CURVE() B_SPLINE_CURVE(2,(#9705,#9706,#9707,#9708,
#9709,#9710,#9711),.UNSPECIFIED.,.T.,.F.) B_SPLINE_CURVE_WITH_KNOTS((1,2
    ,2,2,2,1),(-2.094395102393,0.,2.094395102393,4.188790204786,
6.28318530718,8.377580409573),.UNSPECIFIED.) CURVE() 
GEOMETRIC_REPRESENTATION_ITEM() RATIONAL_B_SPLINE_CURVE((1.,0.5,1.,0.5,
1.,0.5,1.)) REPRESENTATION_ITEM('') );
#9705 = CARTESIAN_POINT('',(149.15038062477,109.14667565007));
#9706 = CARTESIAN_POINT('',(155.29340304866,112.35031038262));
#9707 = CARTESIAN_POINT('',(154.99632089955,105.42847954124));
#9708 = CARTESIAN_POINT('',(154.69923875044,98.50664869986));
#9709 = CARTESIAN_POINT('',(148.85329847566,102.22484480869));
#9710 = CARTESIAN_POINT('',(143.00735820088,105.94304091752));
#9711 = CARTESIAN_POINT('',(149.15038062477,109.14667565007));
#9712 = ( GEOMETRIC_REPRESENTATION_CONTEXT(2) 
PARAMETRIC_REPRESENTATION_CONTEXT() REPRESENTATION_CONTEXT('2D SPACE',''
  ) );
#9713 = ORIENTED_EDGE('',*,*,#9665,.F.);
#9714 = ORIENTED_EDGE('',*,*,#3273,.T.);
#9715 = ADVANCED_FACE('',(#9716),#3353,.F.);
#9716 = FACE_BOUND('',#9717,.T.);
#9717 = EDGE_LOOP('',(#9718,#9719,#9740,#9764));
#9718 = ORIENTED_EDGE('',*,*,#3330,.F.);
#9719 = ORIENTED_EDGE('',*,*,#9720,.T.);
#9720 = EDGE_CURVE('',#3331,#9721,#9723,.T.);
#9721 = VERTEX_POINT('',#9722);
#9722 = CARTESIAN_POINT('',(53.616775425393,116.68028084945,36.2));
#9723 = SURFACE_CURVE('',#9724,(#9728,#9734),.PCURVE_S1.);
#9724 = LINE('',#9725,#9726);
#9725 = CARTESIAN_POINT('',(53.616775425393,116.68028084945,35.2));
#9726 = VECTOR('',#9727,1.);
#9727 = DIRECTION('',(-0.,-0.,-1.));
#9728 = PCURVE('',#3353,#9729);
#9729 = DEFINITIONAL_REPRESENTATION('',(#9730),#9733);
#9730 = B_SPLINE_CURVE_WITH_KNOTS('',1,(#9731,#9732),.UNSPECIFIED.,.F.,
  .F.,(2,2),(-3.,-1.),.PIECEWISE_BEZIER_KNOTS.);
#9731 = CARTESIAN_POINT('',(-8.530071342554,-3.));
#9732 = CARTESIAN_POINT('',(-8.530071342554,-1.));
#9733 = ( GEOMETRIC_REPRESENTATION_CONTEXT(2) 
PARAMETRIC_REPRESENTATION_CONTEXT() REPRESENTATION_CONTEXT('2D SPACE',''
  ) );
#9734 = PCURVE('',#3436,#9735);
#9735 = DEFINITIONAL_REPRESENTATION('',(#9736),#9739);
#9736 = B_SPLINE_CURVE_WITH_KNOTS('',1,(#9737,#9738),.UNSPECIFIED.,.F.,
  .F.,(2,2),(-3.0000006,-0.9999994),.PIECEWISE_BEZIER_KNOTS.);
#9737 = CARTESIAN_POINT('',(3.0000006,-34.93434954626));
#9738 = CARTESIAN_POINT('',(0.9999994,-34.93434954626));
#9739 = ( GEOMETRIC_REPRESENTATION_CONTEXT(2) 
PARAMETRIC_REPRESENTATION_CONTEXT() REPRESENTATION_CONTEXT('2D SPACE',''
  ) );
#9740 = ORIENTED_EDGE('',*,*,#9741,.F.);
#9741 = EDGE_CURVE('',#9742,#9721,#9744,.T.);
#9742 = VERTEX_POINT('',#9743);
#9743 = CARTESIAN_POINT('',(67.383224574607,116.68028084945,36.2));
#9744 = SURFACE_CURVE('',#9745,(#9750,#9757),.PCURVE_S1.);
#9745 = CIRCLE('',#9746,11.);
#9746 = AXIS2_PLACEMENT_3D('',#9747,#9748,#9749);
#9747 = CARTESIAN_POINT('',(60.5,108.1,36.2));
#9748 = DIRECTION('',(-0.,0.,1.));
#9749 = DIRECTION('',(0.780025531769,-0.625747688601,0.));
#9750 = PCURVE('',#3353,#9751);
#9751 = DEFINITIONAL_REPRESENTATION('',(#9752),#9756);
#9752 = LINE('',#9753,#9754);
#9753 = CARTESIAN_POINT('',(-5.6070955986,-1.));
#9754 = VECTOR('',#9755,1.);
#9755 = DIRECTION('',(-1.,-0.));
#9756 = ( GEOMETRIC_REPRESENTATION_CONTEXT(2) 
PARAMETRIC_REPRESENTATION_CONTEXT() REPRESENTATION_CONTEXT('2D SPACE',''
  ) );
#9757 = PCURVE('',#5984,#9758);
#9758 = DEFINITIONAL_REPRESENTATION('',(#9759),#9763);
#9759 = CIRCLE('',#9760,11.);
#9760 = AXIS2_PLACEMENT_2D('',#9761,#9762);
#9761 = CARTESIAN_POINT('',(151.,105.6));
#9762 = DIRECTION('',(0.780025531769,-0.625747688601));
#9763 = ( GEOMETRIC_REPRESENTATION_CONTEXT(2) 
PARAMETRIC_REPRESENTATION_CONTEXT() REPRESENTATION_CONTEXT('2D SPACE',''
  ) );
#9764 = ORIENTED_EDGE('',*,*,#9765,.F.);
#9765 = EDGE_CURVE('',#3333,#9742,#9766,.T.);
#9766 = SURFACE_CURVE('',#9767,(#9771,#9777),.PCURVE_S1.);
#9767 = LINE('',#9768,#9769);
#9768 = CARTESIAN_POINT('',(67.383224574607,116.68028084945,35.2));
#9769 = VECTOR('',#9770,1.);
#9770 = DIRECTION('',(-0.,-0.,-1.));
#9771 = PCURVE('',#3353,#9772);
#9772 = DEFINITIONAL_REPRESENTATION('',(#9773),#9776);
#9773 = B_SPLINE_CURVE_WITH_KNOTS('',1,(#9774,#9775),.UNSPECIFIED.,.F.,
  .F.,(2,2),(-3.0000006,-0.9999994),.PIECEWISE_BEZIER_KNOTS.);
#9774 = CARTESIAN_POINT('',(-7.177891925395,-3.0000006));
#9775 = CARTESIAN_POINT('',(-7.177891925395,-0.9999994));
#9776 = ( GEOMETRIC_REPRESENTATION_CONTEXT(2) 
PARAMETRIC_REPRESENTATION_CONTEXT() REPRESENTATION_CONTEXT('2D SPACE',''
  ) );
#9777 = PCURVE('',#3381,#9778);
#9778 = DEFINITIONAL_REPRESENTATION('',(#9779),#9782);
#9779 = B_SPLINE_CURVE_WITH_KNOTS('',1,(#9780,#9781),.UNSPECIFIED.,.F.,
  .F.,(2,2),(-3.0000006,-0.9999994),.PIECEWISE_BEZIER_KNOTS.);
#9780 = CARTESIAN_POINT('',(3.0000006,-13.06565045373));
#9781 = CARTESIAN_POINT('',(0.9999994,-13.06565045373));
#9782 = ( GEOMETRIC_REPRESENTATION_CONTEXT(2) 
PARAMETRIC_REPRESENTATION_CONTEXT() REPRESENTATION_CONTEXT('2D SPACE',''
  ) );
#9783 = ADVANCED_FACE('',(#9784),#3436,.T.);
#9784 = FACE_BOUND('',#9785,.T.);
#9785 = EDGE_LOOP('',(#9786,#9787,#9808,#9828));
#9786 = ORIENTED_EDGE('',*,*,#3422,.F.);
#9787 = ORIENTED_EDGE('',*,*,#9788,.T.);
#9788 = EDGE_CURVE('',#3394,#9789,#9791,.T.);
#9789 = VERTEX_POINT('',#9790);
#9790 = CARTESIAN_POINT('',(55.041389324935,115.25566694991,36.2));
#9791 = SURFACE_CURVE('',#9792,(#9796,#9802),.PCURVE_S1.);
#9792 = LINE('',#9793,#9794);
#9793 = CARTESIAN_POINT('',(55.041389324935,115.25566694991,34.2));
#9794 = VECTOR('',#9795,1.);
#9795 = DIRECTION('',(-0.,-0.,-1.));
#9796 = PCURVE('',#3436,#9797);
#9797 = DEFINITIONAL_REPRESENTATION('',(#9798),#9801);
#9798 = B_SPLINE_CURVE_WITH_KNOTS('',1,(#9799,#9800),.UNSPECIFIED.,.F.,
  .F.,(2,2),(-4.0000006,-1.9999994),.PIECEWISE_BEZIER_KNOTS.);
#9799 = CARTESIAN_POINT('',(3.0000006,-32.91964124839));
#9800 = CARTESIAN_POINT('',(0.9999994,-32.91964124839));
#9801 = ( GEOMETRIC_REPRESENTATION_CONTEXT(2) 
PARAMETRIC_REPRESENTATION_CONTEXT() REPRESENTATION_CONTEXT('2D SPACE',''
  ) );
#9802 = PCURVE('',#3410,#9803);
#9803 = DEFINITIONAL_REPRESENTATION('',(#9804),#9807);
#9804 = B_SPLINE_CURVE_WITH_KNOTS('',1,(#9805,#9806),.UNSPECIFIED.,.F.,
  .F.,(2,2),(-4.,-2.),.PIECEWISE_BEZIER_KNOTS.);
#9805 = CARTESIAN_POINT('',(-8.505648207962,-4.));
#9806 = CARTESIAN_POINT('',(-8.505648207962,-2.));
#9807 = ( GEOMETRIC_REPRESENTATION_CONTEXT(2) 
PARAMETRIC_REPRESENTATION_CONTEXT() REPRESENTATION_CONTEXT('2D SPACE',''
  ) );
#9808 = ORIENTED_EDGE('',*,*,#9809,.F.);
#9809 = EDGE_CURVE('',#9721,#9789,#9810,.T.);
#9810 = SURFACE_CURVE('',#9811,(#9815,#9821),.PCURVE_S1.);
#9811 = LINE('',#9812,#9813);
#9812 = CARTESIAN_POINT('',(69.833809511662,100.46324676318,36.2));
#9813 = VECTOR('',#9814,1.);
#9814 = DIRECTION('',(0.707106781187,-0.707106781187,0.));
#9815 = PCURVE('',#3436,#9816);
#9816 = DEFINITIONAL_REPRESENTATION('',(#9817),#9820);
#9817 = B_SPLINE_CURVE_WITH_KNOTS('',1,(#9818,#9819),.UNSPECIFIED.,.F.,
  .F.,(2,2),(-36.,12.),.PIECEWISE_BEZIER_KNOTS.);
#9818 = CARTESIAN_POINT('',(1.,-48.));
#9819 = CARTESIAN_POINT('',(1.,0.));
#9820 = ( GEOMETRIC_REPRESENTATION_CONTEXT(2) 
PARAMETRIC_REPRESENTATION_CONTEXT() REPRESENTATION_CONTEXT('2D SPACE',''
  ) );
#9821 = PCURVE('',#5984,#9822);
#9822 = DEFINITIONAL_REPRESENTATION('',(#9823),#9827);
#9823 = LINE('',#9824,#9825);
#9824 = CARTESIAN_POINT('',(160.33380951166,97.963246763185));
#9825 = VECTOR('',#9826,1.);
#9826 = DIRECTION('',(0.707106781187,-0.707106781187));
#9827 = ( GEOMETRIC_REPRESENTATION_CONTEXT(2) 
PARAMETRIC_REPRESENTATION_CONTEXT() REPRESENTATION_CONTEXT('2D SPACE',''
  ) );
#9828 = ORIENTED_EDGE('',*,*,#9720,.F.);
#9829 = ADVANCED_FACE('',(#9830),#3381,.T.);
#9830 = FACE_BOUND('',#9831,.T.);
#9831 = EDGE_LOOP('',(#9832,#9833,#9834,#9856));
#9832 = ORIENTED_EDGE('',*,*,#3365,.F.);
#9833 = ORIENTED_EDGE('',*,*,#9765,.T.);
#9834 = ORIENTED_EDGE('',*,*,#9835,.F.);
#9835 = EDGE_CURVE('',#9836,#9742,#9838,.T.);
#9836 = VERTEX_POINT('',#9837);
#9837 = CARTESIAN_POINT('',(65.958610675065,115.25566694991,36.2));
#9838 = SURFACE_CURVE('',#9839,(#9843,#9849),.PCURVE_S1.);
#9839 = LINE('',#9840,#9841);
#9840 = CARTESIAN_POINT('',(68.136753236815,117.43380951166,36.2));
#9841 = VECTOR('',#9842,1.);
#9842 = DIRECTION('',(0.707106781187,0.707106781187,-0.));
#9843 = PCURVE('',#3381,#9844);
#9844 = DEFINITIONAL_REPRESENTATION('',(#9845),#9848);
#9845 = B_SPLINE_CURVE_WITH_KNOTS('',1,(#9846,#9847),.UNSPECIFIED.,.F.,
  .F.,(2,2),(-36.,12.),.PIECEWISE_BEZIER_KNOTS.);
#9846 = CARTESIAN_POINT('',(1.,-48.));
#9847 = CARTESIAN_POINT('',(1.,0.));
#9848 = ( GEOMETRIC_REPRESENTATION_CONTEXT(2) 
PARAMETRIC_REPRESENTATION_CONTEXT() REPRESENTATION_CONTEXT('2D SPACE',''
  ) );
#9849 = PCURVE('',#5984,#9850);
#9850 = DEFINITIONAL_REPRESENTATION('',(#9851),#9855);
#9851 = LINE('',#9852,#9853);
#9852 = CARTESIAN_POINT('',(158.63675323681,114.93380951166));
#9853 = VECTOR('',#9854,1.);
#9854 = DIRECTION('',(0.707106781187,0.707106781187));
#9855 = ( GEOMETRIC_REPRESENTATION_CONTEXT(2) 
PARAMETRIC_REPRESENTATION_CONTEXT() REPRESENTATION_CONTEXT('2D SPACE',''
  ) );
#9856 = ORIENTED_EDGE('',*,*,#9857,.F.);
#9857 = EDGE_CURVE('',#3366,#9836,#9858,.T.);
#9858 = SURFACE_CURVE('',#9859,(#9863,#9869),.PCURVE_S1.);
#9859 = LINE('',#9860,#9861);
#9860 = CARTESIAN_POINT('',(65.958610675065,115.25566694991,34.2));
#9861 = VECTOR('',#9862,1.);
#9862 = DIRECTION('',(-0.,-0.,-1.));
#9863 = PCURVE('',#3381,#9864);
#9864 = DEFINITIONAL_REPRESENTATION('',(#9865),#9868);
#9865 = B_SPLINE_CURVE_WITH_KNOTS('',1,(#9866,#9867),.UNSPECIFIED.,.F.,
  .F.,(2,2),(-4.0000006,-1.9999994),.PIECEWISE_BEZIER_KNOTS.);
#9866 = CARTESIAN_POINT('',(3.0000006,-15.0803587516));
#9867 = CARTESIAN_POINT('',(0.9999994,-15.0803587516));
#9868 = ( GEOMETRIC_REPRESENTATION_CONTEXT(2) 
PARAMETRIC_REPRESENTATION_CONTEXT() REPRESENTATION_CONTEXT('2D SPACE',''
  ) );
#9869 = PCURVE('',#3410,#9870);
#9870 = DEFINITIONAL_REPRESENTATION('',(#9871),#9874);
#9871 = B_SPLINE_CURVE_WITH_KNOTS('',1,(#9872,#9873),.UNSPECIFIED.,.F.,
  .F.,(2,2),(-4.0000006,-1.9999994),.PIECEWISE_BEZIER_KNOTS.);
#9872 = CARTESIAN_POINT('',(-7.202315059987,-4.0000006));
#9873 = CARTESIAN_POINT('',(-7.202315059987,-1.9999994));
#9874 = ( GEOMETRIC_REPRESENTATION_CONTEXT(2) 
PARAMETRIC_REPRESENTATION_CONTEXT() REPRESENTATION_CONTEXT('2D SPACE',''
  ) );
#9875 = ADVANCED_FACE('',(#9876),#3410,.T.);
#9876 = FACE_BOUND('',#9877,.F.);
#9877 = EDGE_LOOP('',(#9878,#9879,#9905,#9906));
#9878 = ORIENTED_EDGE('',*,*,#9788,.T.);
#9879 = ORIENTED_EDGE('',*,*,#9880,.T.);
#9880 = EDGE_CURVE('',#9789,#9836,#9881,.T.);
#9881 = SURFACE_CURVE('',#9882,(#9887,#9894),.PCURVE_S1.);
#9882 = CIRCLE('',#9883,9.);
#9883 = AXIS2_PLACEMENT_3D('',#9884,#9885,#9886);
#9884 = CARTESIAN_POINT('',(60.5,108.1,36.2));
#9885 = DIRECTION('',(0.,0.,-1.));
#9886 = DIRECTION('',(-0.606512297229,0.795074105546,0.));
#9887 = PCURVE('',#3410,#9888);
#9888 = DEFINITIONAL_REPRESENTATION('',(#9889),#9893);
#9889 = LINE('',#9890,#9891);
#9890 = CARTESIAN_POINT('',(-8.505648207962,-2.));
#9891 = VECTOR('',#9892,1.);
#9892 = DIRECTION('',(1.,-0.));
#9893 = ( GEOMETRIC_REPRESENTATION_CONTEXT(2) 
PARAMETRIC_REPRESENTATION_CONTEXT() REPRESENTATION_CONTEXT('2D SPACE',''
  ) );
#9894 = PCURVE('',#5984,#9895);
#9895 = DEFINITIONAL_REPRESENTATION('',(#9896),#9904);
#9896 = ( BOUNDED_CURVE() B_SPLINE_CURVE(2,(#9897,#9898,#9899,#9900,
#9901,#9902,#9903),.UNSPECIFIED.,.T.,.F.) B_SPLINE_CURVE_WITH_KNOTS((1,2
    ,2,2,2,1),(-2.094395102393,0.,2.094395102393,4.188790204786,
6.28318530718,8.377580409573),.UNSPECIFIED.) CURVE() 
GEOMETRIC_REPRESENTATION_ITEM() RATIONAL_B_SPLINE_CURVE((1.,0.5,1.,0.5,
1.,0.5,1.)) REPRESENTATION_ITEM('') );
#9897 = CARTESIAN_POINT('',(145.54138932493,112.75566694991));
#9898 = CARTESIAN_POINT('',(157.93536804422,122.21025797786));
#9899 = CARTESIAN_POINT('',(159.92629469717,106.74946203901));
#9900 = CARTESIAN_POINT('',(161.91722135013,91.288666100175));
#9901 = CARTESIAN_POINT('',(147.53231597788,97.294871011069));
#9902 = CARTESIAN_POINT('',(133.14741060564,103.30107592196));
#9903 = CARTESIAN_POINT('',(145.54138932493,112.75566694991));
#9904 = ( GEOMETRIC_REPRESENTATION_CONTEXT(2) 
PARAMETRIC_REPRESENTATION_CONTEXT() REPRESENTATION_CONTEXT('2D SPACE',''
  ) );
#9905 = ORIENTED_EDGE('',*,*,#9857,.F.);
#9906 = ORIENTED_EDGE('',*,*,#3393,.T.);
#9907 = ADVANCED_FACE('',(#9908),#3471,.F.);
#9908 = FACE_BOUND('',#9909,.T.);
#9909 = EDGE_LOOP('',(#9910,#9933,#9934,#9935));
#9910 = ORIENTED_EDGE('',*,*,#9911,.F.);
#9911 = EDGE_CURVE('',#3451,#9912,#9914,.T.);
#9912 = VERTEX_POINT('',#9913);
#9913 = CARTESIAN_POINT('',(-86.6,140.05,36.09));
#9914 = SEAM_CURVE('',#9915,(#9919,#9926),.PCURVE_S1.);
#9915 = LINE('',#9916,#9917);
#9916 = CARTESIAN_POINT('',(-86.6,140.05,38.2));
#9917 = VECTOR('',#9918,1.);
#9918 = DIRECTION('',(0.,0.,-1.));
#9919 = PCURVE('',#3471,#9920);
#9920 = DEFINITIONAL_REPRESENTATION('',(#9921),#9925);
#9921 = LINE('',#9922,#9923);
#9922 = CARTESIAN_POINT('',(-0.,-3.));
#9923 = VECTOR('',#9924,1.);
#9924 = DIRECTION('',(0.,1.));
#9925 = ( GEOMETRIC_REPRESENTATION_CONTEXT(2) 
PARAMETRIC_REPRESENTATION_CONTEXT() REPRESENTATION_CONTEXT('2D SPACE',''
  ) );
#9926 = PCURVE('',#3471,#9927);
#9927 = DEFINITIONAL_REPRESENTATION('',(#9928),#9932);
#9928 = LINE('',#9929,#9930);
#9929 = CARTESIAN_POINT('',(-6.28318530718,-3.));
#9930 = VECTOR('',#9931,1.);
#9931 = DIRECTION('',(0.,1.));
#9932 = ( GEOMETRIC_REPRESENTATION_CONTEXT(2) 
PARAMETRIC_REPRESENTATION_CONTEXT() REPRESENTATION_CONTEXT('2D SPACE',''
  ) );
#9933 = ORIENTED_EDGE('',*,*,#3450,.F.);
#9934 = ORIENTED_EDGE('',*,*,#9911,.T.);
#9935 = ORIENTED_EDGE('',*,*,#9936,.F.);
#9936 = EDGE_CURVE('',#9912,#9912,#9937,.T.);
#9937 = SURFACE_CURVE('',#9938,(#9943,#9950),.PCURVE_S1.);
#9938 = CIRCLE('',#9939,1.4);
#9939 = AXIS2_PLACEMENT_3D('',#9940,#9941,#9942);
#9940 = CARTESIAN_POINT('',(-88.,140.05,36.09));
#9941 = DIRECTION('',(0.,0.,1.));
#9942 = DIRECTION('',(1.,0.,0.));
#9943 = PCURVE('',#3471,#9944);
#9944 = DEFINITIONAL_REPRESENTATION('',(#9945),#9949);
#9945 = LINE('',#9946,#9947);
#9946 = CARTESIAN_POINT('',(-0.,-0.89));
#9947 = VECTOR('',#9948,1.);
#9948 = DIRECTION('',(-1.,0.));
#9949 = ( GEOMETRIC_REPRESENTATION_CONTEXT(2) 
PARAMETRIC_REPRESENTATION_CONTEXT() REPRESENTATION_CONTEXT('2D SPACE',''
  ) );
#9950 = PCURVE('',#9951,#9956);
#9951 = CONICAL_SURFACE('',#9952,2.7,0.748378047524);
#9952 = AXIS2_PLACEMENT_3D('',#9953,#9954,#9955);
#9953 = CARTESIAN_POINT('',(-88.,140.05,34.69));
#9954 = DIRECTION('',(-0.,-0.,-1.));
#9955 = DIRECTION('',(1.,0.,0.));
#9956 = DEFINITIONAL_REPRESENTATION('',(#9957),#9961);
#9957 = LINE('',#9958,#9959);
#9958 = CARTESIAN_POINT('',(-0.,-1.4));
#9959 = VECTOR('',#9960,1.);
#9960 = DIRECTION('',(-1.,-0.));
#9961 = ( GEOMETRIC_REPRESENTATION_CONTEXT(2) 
PARAMETRIC_REPRESENTATION_CONTEXT() REPRESENTATION_CONTEXT('2D SPACE',''
  ) );
#9962 = ADVANCED_FACE('',(#9963),#3506,.F.);
#9963 = FACE_BOUND('',#9964,.T.);
#9964 = EDGE_LOOP('',(#9965,#9994,#10015,#10016));
#9965 = ORIENTED_EDGE('',*,*,#9966,.F.);
#9966 = EDGE_CURVE('',#9967,#9967,#9969,.T.);
#9967 = VERTEX_POINT('',#9968);
#9968 = CARTESIAN_POINT('',(-49.4,138.,36.));
#9969 = SURFACE_CURVE('',#9970,(#9975,#9982),.PCURVE_S1.);
#9970 = CIRCLE('',#9971,2.6);
#9971 = AXIS2_PLACEMENT_3D('',#9972,#9973,#9974);
#9972 = CARTESIAN_POINT('',(-52.,138.,36.));
#9973 = DIRECTION('',(0.,0.,1.));
#9974 = DIRECTION('',(1.,0.,0.));
#9975 = PCURVE('',#3506,#9976);
#9976 = DEFINITIONAL_REPRESENTATION('',(#9977),#9981);
#9977 = LINE('',#9978,#9979);
#9978 = CARTESIAN_POINT('',(-0.,0.));
#9979 = VECTOR('',#9980,1.);
#9980 = DIRECTION('',(-1.,0.));
#9981 = ( GEOMETRIC_REPRESENTATION_CONTEXT(2) 
PARAMETRIC_REPRESENTATION_CONTEXT() REPRESENTATION_CONTEXT('2D SPACE',''
  ) );
#9982 = PCURVE('',#9983,#9988);
#9983 = PLANE('',#9984);
#9984 = AXIS2_PLACEMENT_3D('',#9985,#9986,#9987);
#9985 = CARTESIAN_POINT('',(-52.,138.,36.));
#9986 = DIRECTION('',(0.,0.,1.));
#9987 = DIRECTION('',(1.,0.,-0.));
#9988 = DEFINITIONAL_REPRESENTATION('',(#9989),#9993);
#9989 = CIRCLE('',#9990,2.6);
#9990 = AXIS2_PLACEMENT_2D('',#9991,#9992);
#9991 = CARTESIAN_POINT('',(0.,0.));
#9992 = DIRECTION('',(1.,0.));
#9993 = ( GEOMETRIC_REPRESENTATION_CONTEXT(2) 
PARAMETRIC_REPRESENTATION_CONTEXT() REPRESENTATION_CONTEXT('2D SPACE',''
  ) );
#9994 = ORIENTED_EDGE('',*,*,#9995,.T.);
#9995 = EDGE_CURVE('',#9967,#3486,#9996,.T.);
#9996 = SEAM_CURVE('',#9997,(#10001,#10008),.PCURVE_S1.);
#9997 = LINE('',#9998,#9999);
#9998 = CARTESIAN_POINT('',(-49.4,138.,36.));
#9999 = VECTOR('',#10000,1.);
#10000 = DIRECTION('',(0.,0.,1.));
#10001 = PCURVE('',#3506,#10002);
#10002 = DEFINITIONAL_REPRESENTATION('',(#10003),#10007);
#10003 = LINE('',#10004,#10005);
#10004 = CARTESIAN_POINT('',(-6.28318530718,0.));
#10005 = VECTOR('',#10006,1.);
#10006 = DIRECTION('',(-0.,-1.));
#10007 = ( GEOMETRIC_REPRESENTATION_CONTEXT(2) 
PARAMETRIC_REPRESENTATION_CONTEXT() REPRESENTATION_CONTEXT('2D SPACE',''
  ) );
#10008 = PCURVE('',#3506,#10009);
#10009 = DEFINITIONAL_REPRESENTATION('',(#10010),#10014);
#10010 = LINE('',#10011,#10012);
#10011 = CARTESIAN_POINT('',(-0.,0.));
#10012 = VECTOR('',#10013,1.);
#10013 = DIRECTION('',(-0.,-1.));
#10014 = ( GEOMETRIC_REPRESENTATION_CONTEXT(2) 
PARAMETRIC_REPRESENTATION_CONTEXT() REPRESENTATION_CONTEXT('2D SPACE',''
  ) );
#10015 = ORIENTED_EDGE('',*,*,#3485,.F.);
#10016 = ORIENTED_EDGE('',*,*,#9995,.F.);
#10017 = ADVANCED_FACE('',(#10018),#3541,.F.);
#10018 = FACE_BOUND('',#10019,.T.);
#10019 = EDGE_LOOP('',(#10020,#10043,#10044,#10045));
#10020 = ORIENTED_EDGE('',*,*,#10021,.F.);
#10021 = EDGE_CURVE('',#3521,#10022,#10024,.T.);
#10022 = VERTEX_POINT('',#10023);
#10023 = CARTESIAN_POINT('',(-63.8,140.05,36.09));
#10024 = SEAM_CURVE('',#10025,(#10029,#10036),.PCURVE_S1.);
#10025 = LINE('',#10026,#10027);
#10026 = CARTESIAN_POINT('',(-63.8,140.05,38.2));
#10027 = VECTOR('',#10028,1.);
#10028 = DIRECTION('',(0.,0.,-1.));
#10029 = PCURVE('',#3541,#10030);
#10030 = DEFINITIONAL_REPRESENTATION('',(#10031),#10035);
#10031 = LINE('',#10032,#10033);
#10032 = CARTESIAN_POINT('',(-0.,-3.));
#10033 = VECTOR('',#10034,1.);
#10034 = DIRECTION('',(0.,1.));
#10035 = ( GEOMETRIC_REPRESENTATION_CONTEXT(2) 
PARAMETRIC_REPRESENTATION_CONTEXT() REPRESENTATION_CONTEXT('2D SPACE',''
  ) );
#10036 = PCURVE('',#3541,#10037);
#10037 = DEFINITIONAL_REPRESENTATION('',(#10038),#10042);
#10038 = LINE('',#10039,#10040);
#10039 = CARTESIAN_POINT('',(-6.28318530718,-3.));
#10040 = VECTOR('',#10041,1.);
#10041 = DIRECTION('',(0.,1.));
#10042 = ( GEOMETRIC_REPRESENTATION_CONTEXT(2) 
PARAMETRIC_REPRESENTATION_CONTEXT() REPRESENTATION_CONTEXT('2D SPACE',''
  ) );
#10043 = ORIENTED_EDGE('',*,*,#3520,.F.);
#10044 = ORIENTED_EDGE('',*,*,#10021,.T.);
#10045 = ORIENTED_EDGE('',*,*,#10046,.F.);
#10046 = EDGE_CURVE('',#10022,#10022,#10047,.T.);
#10047 = SURFACE_CURVE('',#10048,(#10053,#10060),.PCURVE_S1.);
#10048 = CIRCLE('',#10049,1.4);
#10049 = AXIS2_PLACEMENT_3D('',#10050,#10051,#10052);
#10050 = CARTESIAN_POINT('',(-65.2,140.05,36.09));
#10051 = DIRECTION('',(0.,0.,1.));
#10052 = DIRECTION('',(1.,0.,0.));
#10053 = PCURVE('',#3541,#10054);
#10054 = DEFINITIONAL_REPRESENTATION('',(#10055),#10059);
#10055 = LINE('',#10056,#10057);
#10056 = CARTESIAN_POINT('',(-0.,-0.89));
#10057 = VECTOR('',#10058,1.);
#10058 = DIRECTION('',(-1.,0.));
#10059 = ( GEOMETRIC_REPRESENTATION_CONTEXT(2) 
PARAMETRIC_REPRESENTATION_CONTEXT() REPRESENTATION_CONTEXT('2D SPACE',''
  ) );
#10060 = PCURVE('',#10061,#10066);
#10061 = CONICAL_SURFACE('',#10062,2.7,0.748378047524);
#10062 = AXIS2_PLACEMENT_3D('',#10063,#10064,#10065);
#10063 = CARTESIAN_POINT('',(-65.2,140.05,34.69));
#10064 = DIRECTION('',(-0.,-0.,-1.));
#10065 = DIRECTION('',(1.,0.,0.));
#10066 = DEFINITIONAL_REPRESENTATION('',(#10067),#10071);
#10067 = LINE('',#10068,#10069);
#10068 = CARTESIAN_POINT('',(-0.,-1.4));
#10069 = VECTOR('',#10070,1.);
#10070 = DIRECTION('',(-1.,-0.));
#10071 = ( GEOMETRIC_REPRESENTATION_CONTEXT(2) 
PARAMETRIC_REPRESENTATION_CONTEXT() REPRESENTATION_CONTEXT('2D SPACE',''
  ) );
#10072 = ADVANCED_FACE('',(#10073),#3576,.F.);
#10073 = FACE_BOUND('',#10074,.T.);
#10074 = EDGE_LOOP('',(#10075,#10098,#10099,#10100));
#10075 = ORIENTED_EDGE('',*,*,#10076,.F.);
#10076 = EDGE_CURVE('',#3556,#10077,#10079,.T.);
#10077 = VERTEX_POINT('',#10078);
#10078 = CARTESIAN_POINT('',(-86.6,148.85,36.09));
#10079 = SEAM_CURVE('',#10080,(#10084,#10091),.PCURVE_S1.);
#10080 = LINE('',#10081,#10082);
#10081 = CARTESIAN_POINT('',(-86.6,148.85,38.2));
#10082 = VECTOR('',#10083,1.);
#10083 = DIRECTION('',(0.,0.,-1.));
#10084 = PCURVE('',#3576,#10085);
#10085 = DEFINITIONAL_REPRESENTATION('',(#10086),#10090);
#10086 = LINE('',#10087,#10088);
#10087 = CARTESIAN_POINT('',(-0.,-3.));
#10088 = VECTOR('',#10089,1.);
#10089 = DIRECTION('',(0.,1.));
#10090 = ( GEOMETRIC_REPRESENTATION_CONTEXT(2) 
PARAMETRIC_REPRESENTATION_CONTEXT() REPRESENTATION_CONTEXT('2D SPACE',''
  ) );
#10091 = PCURVE('',#3576,#10092);
#10092 = DEFINITIONAL_REPRESENTATION('',(#10093),#10097);
#10093 = LINE('',#10094,#10095);
#10094 = CARTESIAN_POINT('',(-6.28318530718,-3.));
#10095 = VECTOR('',#10096,1.);
#10096 = DIRECTION('',(0.,1.));
#10097 = ( GEOMETRIC_REPRESENTATION_CONTEXT(2) 
PARAMETRIC_REPRESENTATION_CONTEXT() REPRESENTATION_CONTEXT('2D SPACE',''
  ) );
#10098 = ORIENTED_EDGE('',*,*,#3555,.F.);
#10099 = ORIENTED_EDGE('',*,*,#10076,.T.);
#10100 = ORIENTED_EDGE('',*,*,#10101,.F.);
#10101 = EDGE_CURVE('',#10077,#10077,#10102,.T.);
#10102 = SURFACE_CURVE('',#10103,(#10108,#10115),.PCURVE_S1.);
#10103 = CIRCLE('',#10104,1.4);
#10104 = AXIS2_PLACEMENT_3D('',#10105,#10106,#10107);
#10105 = CARTESIAN_POINT('',(-88.,148.85,36.09));
#10106 = DIRECTION('',(0.,0.,1.));
#10107 = DIRECTION('',(1.,0.,0.));
#10108 = PCURVE('',#3576,#10109);
#10109 = DEFINITIONAL_REPRESENTATION('',(#10110),#10114);
#10110 = LINE('',#10111,#10112);
#10111 = CARTESIAN_POINT('',(-0.,-0.89));
#10112 = VECTOR('',#10113,1.);
#10113 = DIRECTION('',(-1.,0.));
#10114 = ( GEOMETRIC_REPRESENTATION_CONTEXT(2) 
PARAMETRIC_REPRESENTATION_CONTEXT() REPRESENTATION_CONTEXT('2D SPACE',''
  ) );
#10115 = PCURVE('',#10116,#10121);
#10116 = CONICAL_SURFACE('',#10117,2.7,0.748378047524);
#10117 = AXIS2_PLACEMENT_3D('',#10118,#10119,#10120);
#10118 = CARTESIAN_POINT('',(-88.,148.85,34.69));
#10119 = DIRECTION('',(-0.,-0.,-1.));
#10120 = DIRECTION('',(1.,0.,0.));
#10121 = DEFINITIONAL_REPRESENTATION('',(#10122),#10126);
#10122 = LINE('',#10123,#10124);
#10123 = CARTESIAN_POINT('',(-0.,-1.4));
#10124 = VECTOR('',#10125,1.);
#10125 = DIRECTION('',(-1.,-0.));
#10126 = ( GEOMETRIC_REPRESENTATION_CONTEXT(2) 
PARAMETRIC_REPRESENTATION_CONTEXT() REPRESENTATION_CONTEXT('2D SPACE',''
  ) );
#10127 = ADVANCED_FACE('',(#10128),#3611,.F.);
#10128 = FACE_BOUND('',#10129,.T.);
#10129 = EDGE_LOOP('',(#10130,#10153,#10154,#10155));
#10130 = ORIENTED_EDGE('',*,*,#10131,.F.);
#10131 = EDGE_CURVE('',#3591,#10132,#10134,.T.);
#10132 = VERTEX_POINT('',#10133);
#10133 = CARTESIAN_POINT('',(-63.8,148.85,36.09));
#10134 = SEAM_CURVE('',#10135,(#10139,#10146),.PCURVE_S1.);
#10135 = LINE('',#10136,#10137);
#10136 = CARTESIAN_POINT('',(-63.8,148.85,38.2));
#10137 = VECTOR('',#10138,1.);
#10138 = DIRECTION('',(0.,0.,-1.));
#10139 = PCURVE('',#3611,#10140);
#10140 = DEFINITIONAL_REPRESENTATION('',(#10141),#10145);
#10141 = LINE('',#10142,#10143);
#10142 = CARTESIAN_POINT('',(-0.,-3.));
#10143 = VECTOR('',#10144,1.);
#10144 = DIRECTION('',(0.,1.));
#10145 = ( GEOMETRIC_REPRESENTATION_CONTEXT(2) 
PARAMETRIC_REPRESENTATION_CONTEXT() REPRESENTATION_CONTEXT('2D SPACE',''
  ) );
#10146 = PCURVE('',#3611,#10147);
#10147 = DEFINITIONAL_REPRESENTATION('',(#10148),#10152);
#10148 = LINE('',#10149,#10150);
#10149 = CARTESIAN_POINT('',(-6.28318530718,-3.));
#10150 = VECTOR('',#10151,1.);
#10151 = DIRECTION('',(0.,1.));
#10152 = ( GEOMETRIC_REPRESENTATION_CONTEXT(2) 
PARAMETRIC_REPRESENTATION_CONTEXT() REPRESENTATION_CONTEXT('2D SPACE',''
  ) );
#10153 = ORIENTED_EDGE('',*,*,#3590,.F.);
#10154 = ORIENTED_EDGE('',*,*,#10131,.T.);
#10155 = ORIENTED_EDGE('',*,*,#10156,.F.);
#10156 = EDGE_CURVE('',#10132,#10132,#10157,.T.);
#10157 = SURFACE_CURVE('',#10158,(#10163,#10170),.PCURVE_S1.);
#10158 = CIRCLE('',#10159,1.4);
#10159 = AXIS2_PLACEMENT_3D('',#10160,#10161,#10162);
#10160 = CARTESIAN_POINT('',(-65.2,148.85,36.09));
#10161 = DIRECTION('',(0.,0.,1.));
#10162 = DIRECTION('',(1.,0.,0.));
#10163 = PCURVE('',#3611,#10164);
#10164 = DEFINITIONAL_REPRESENTATION('',(#10165),#10169);
#10165 = LINE('',#10166,#10167);
#10166 = CARTESIAN_POINT('',(-0.,-0.89));
#10167 = VECTOR('',#10168,1.);
#10168 = DIRECTION('',(-1.,0.));
#10169 = ( GEOMETRIC_REPRESENTATION_CONTEXT(2) 
PARAMETRIC_REPRESENTATION_CONTEXT() REPRESENTATION_CONTEXT('2D SPACE',''
  ) );
#10170 = PCURVE('',#10171,#10176);
#10171 = CONICAL_SURFACE('',#10172,2.7,0.748378047524);
#10172 = AXIS2_PLACEMENT_3D('',#10173,#10174,#10175);
#10173 = CARTESIAN_POINT('',(-65.2,148.85,34.69));
#10174 = DIRECTION('',(-0.,-0.,-1.));
#10175 = DIRECTION('',(1.,0.,0.));
#10176 = DEFINITIONAL_REPRESENTATION('',(#10177),#10181);
#10177 = LINE('',#10178,#10179);
#10178 = CARTESIAN_POINT('',(-0.,-1.4));
#10179 = VECTOR('',#10180,1.);
#10180 = DIRECTION('',(-1.,-0.));
#10181 = ( GEOMETRIC_REPRESENTATION_CONTEXT(2) 
PARAMETRIC_REPRESENTATION_CONTEXT() REPRESENTATION_CONTEXT('2D SPACE',''
  ) );
#10182 = ADVANCED_FACE('',(#10183),#3642,.T.);
#10183 = FACE_BOUND('',#10184,.T.);
#10184 = EDGE_LOOP('',(#10185,#10208,#10229,#10250));
#10185 = ORIENTED_EDGE('',*,*,#10186,.F.);
#10186 = EDGE_CURVE('',#10187,#3626,#10189,.T.);
#10187 = VERTEX_POINT('',#10188);
#10188 = CARTESIAN_POINT('',(3.,139.7,36.2));
#10189 = SURFACE_CURVE('',#10190,(#10194,#10201),.PCURVE_S1.);
#10190 = LINE('',#10191,#10192);
#10191 = CARTESIAN_POINT('',(3.,139.7,35.2));
#10192 = VECTOR('',#10193,1.);
#10193 = DIRECTION('',(0.,0.,1.));
#10194 = PCURVE('',#3642,#10195);
#10195 = DEFINITIONAL_REPRESENTATION('',(#10196),#10200);
#10196 = LINE('',#10197,#10198);
#10197 = CARTESIAN_POINT('',(0.,26.));
#10198 = VECTOR('',#10199,1.);
#10199 = DIRECTION('',(1.,0.));
#10200 = ( GEOMETRIC_REPRESENTATION_CONTEXT(2) 
PARAMETRIC_REPRESENTATION_CONTEXT() REPRESENTATION_CONTEXT('2D SPACE',''
  ) );
#10201 = PCURVE('',#3718,#10202);
#10202 = DEFINITIONAL_REPRESENTATION('',(#10203),#10207);
#10203 = LINE('',#10204,#10205);
#10204 = CARTESIAN_POINT('',(0.,0.));
#10205 = VECTOR('',#10206,1.);
#10206 = DIRECTION('',(1.,0.));
#10207 = ( GEOMETRIC_REPRESENTATION_CONTEXT(2) 
PARAMETRIC_REPRESENTATION_CONTEXT() REPRESENTATION_CONTEXT('2D SPACE',''
  ) );
#10208 = ORIENTED_EDGE('',*,*,#10209,.T.);
#10209 = EDGE_CURVE('',#10187,#10210,#10212,.T.);
#10210 = VERTEX_POINT('',#10211);
#10211 = CARTESIAN_POINT('',(-23.,139.7,36.2));
#10212 = SURFACE_CURVE('',#10213,(#10217,#10223),.PCURVE_S1.);
#10213 = LINE('',#10214,#10215);
#10214 = CARTESIAN_POINT('',(-56.75,139.7,36.2));
#10215 = VECTOR('',#10216,1.);
#10216 = DIRECTION('',(-1.,0.,0.));
#10217 = PCURVE('',#3642,#10218);
#10218 = DEFINITIONAL_REPRESENTATION('',(#10219),#10222);
#10219 = B_SPLINE_CURVE_WITH_KNOTS('',1,(#10220,#10221),.UNSPECIFIED.,
  .F.,.F.,(2,2),(-59.75,-33.75),.PIECEWISE_BEZIER_KNOTS.);
#10220 = CARTESIAN_POINT('',(1.,26.));
#10221 = CARTESIAN_POINT('',(1.,0.));
#10222 = ( GEOMETRIC_REPRESENTATION_CONTEXT(2) 
PARAMETRIC_REPRESENTATION_CONTEXT() REPRESENTATION_CONTEXT('2D SPACE',''
  ) );
#10223 = PCURVE('',#5984,#10224);
#10224 = DEFINITIONAL_REPRESENTATION('',(#10225),#10228);
#10225 = B_SPLINE_CURVE_WITH_KNOTS('',1,(#10226,#10227),.UNSPECIFIED.,
  .F.,.F.,(2,2),(-59.75,-33.75),.PIECEWISE_BEZIER_KNOTS.);
#10226 = CARTESIAN_POINT('',(93.5,137.2));
#10227 = CARTESIAN_POINT('',(67.5,137.2));
#10228 = ( GEOMETRIC_REPRESENTATION_CONTEXT(2) 
PARAMETRIC_REPRESENTATION_CONTEXT() REPRESENTATION_CONTEXT('2D SPACE',''
  ) );
#10229 = ORIENTED_EDGE('',*,*,#10230,.T.);
#10230 = EDGE_CURVE('',#10210,#3628,#10231,.T.);
#10231 = SURFACE_CURVE('',#10232,(#10236,#10243),.PCURVE_S1.);
#10232 = LINE('',#10233,#10234);
#10233 = CARTESIAN_POINT('',(-23.,139.7,35.2));
#10234 = VECTOR('',#10235,1.);
#10235 = DIRECTION('',(0.,0.,1.));
#10236 = PCURVE('',#3642,#10237);
#10237 = DEFINITIONAL_REPRESENTATION('',(#10238),#10242);
#10238 = LINE('',#10239,#10240);
#10239 = CARTESIAN_POINT('',(0.,0.));
#10240 = VECTOR('',#10241,1.);
#10241 = DIRECTION('',(1.,0.));
#10242 = ( GEOMETRIC_REPRESENTATION_CONTEXT(2) 
PARAMETRIC_REPRESENTATION_CONTEXT() REPRESENTATION_CONTEXT('2D SPACE',''
  ) );
#10243 = PCURVE('',#3668,#10244);
#10244 = DEFINITIONAL_REPRESENTATION('',(#10245),#10249);
#10245 = LINE('',#10246,#10247);
#10246 = CARTESIAN_POINT('',(0.,0.));
#10247 = VECTOR('',#10248,1.);
#10248 = DIRECTION('',(1.,0.));
#10249 = ( GEOMETRIC_REPRESENTATION_CONTEXT(2) 
PARAMETRIC_REPRESENTATION_CONTEXT() REPRESENTATION_CONTEXT('2D SPACE',''
  ) );
#10250 = ORIENTED_EDGE('',*,*,#3625,.F.);
#10251 = ADVANCED_FACE('',(#10252),#3718,.F.);
#10252 = FACE_BOUND('',#10253,.F.);
#10253 = EDGE_LOOP('',(#10254,#10255,#10276,#10297));
#10254 = ORIENTED_EDGE('',*,*,#10186,.F.);
#10255 = ORIENTED_EDGE('',*,*,#10256,.T.);
#10256 = EDGE_CURVE('',#10187,#10257,#10259,.T.);
#10257 = VERTEX_POINT('',#10258);
#10258 = CARTESIAN_POINT('',(3.,147.7,36.2));
#10259 = SURFACE_CURVE('',#10260,(#10264,#10270),.PCURVE_S1.);
#10260 = LINE('',#10261,#10262);
#10261 = CARTESIAN_POINT('',(3.,71.1,36.2));
#10262 = VECTOR('',#10263,1.);
#10263 = DIRECTION('',(0.,1.,0.));
#10264 = PCURVE('',#3718,#10265);
#10265 = DEFINITIONAL_REPRESENTATION('',(#10266),#10269);
#10266 = B_SPLINE_CURVE_WITH_KNOTS('',1,(#10267,#10268),.UNSPECIFIED.,
  .F.,.F.,(2,2),(68.6,76.6),.PIECEWISE_BEZIER_KNOTS.);
#10267 = CARTESIAN_POINT('',(1.,0.));
#10268 = CARTESIAN_POINT('',(1.,-8.));
#10269 = ( GEOMETRIC_REPRESENTATION_CONTEXT(2) 
PARAMETRIC_REPRESENTATION_CONTEXT() REPRESENTATION_CONTEXT('2D SPACE',''
  ) );
#10270 = PCURVE('',#5984,#10271);
#10271 = DEFINITIONAL_REPRESENTATION('',(#10272),#10275);
#10272 = B_SPLINE_CURVE_WITH_KNOTS('',1,(#10273,#10274),.UNSPECIFIED.,
  .F.,.F.,(2,2),(68.6,76.6),.PIECEWISE_BEZIER_KNOTS.);
#10273 = CARTESIAN_POINT('',(93.5,137.2));
#10274 = CARTESIAN_POINT('',(93.5,145.2));
#10275 = ( GEOMETRIC_REPRESENTATION_CONTEXT(2) 
PARAMETRIC_REPRESENTATION_CONTEXT() REPRESENTATION_CONTEXT('2D SPACE',''
  ) );
#10276 = ORIENTED_EDGE('',*,*,#10277,.T.);
#10277 = EDGE_CURVE('',#10257,#3680,#10278,.T.);
#10278 = SURFACE_CURVE('',#10279,(#10283,#10290),.PCURVE_S1.);
#10279 = LINE('',#10280,#10281);
#10280 = CARTESIAN_POINT('',(3.,147.7,35.2));
#10281 = VECTOR('',#10282,1.);
#10282 = DIRECTION('',(0.,0.,1.));
#10283 = PCURVE('',#3718,#10284);
#10284 = DEFINITIONAL_REPRESENTATION('',(#10285),#10289);
#10285 = LINE('',#10286,#10287);
#10286 = CARTESIAN_POINT('',(0.,-8.));
#10287 = VECTOR('',#10288,1.);
#10288 = DIRECTION('',(1.,0.));
#10289 = ( GEOMETRIC_REPRESENTATION_CONTEXT(2) 
PARAMETRIC_REPRESENTATION_CONTEXT() REPRESENTATION_CONTEXT('2D SPACE',''
  ) );
#10290 = PCURVE('',#3694,#10291);
#10291 = DEFINITIONAL_REPRESENTATION('',(#10292),#10296);
#10292 = LINE('',#10293,#10294);
#10293 = CARTESIAN_POINT('',(0.,26.));
#10294 = VECTOR('',#10295,1.);
#10295 = DIRECTION('',(1.,0.));
#10296 = ( GEOMETRIC_REPRESENTATION_CONTEXT(2) 
PARAMETRIC_REPRESENTATION_CONTEXT() REPRESENTATION_CONTEXT('2D SPACE',''
  ) );
#10297 = ORIENTED_EDGE('',*,*,#3705,.F.);
#10298 = ADVANCED_FACE('',(#10299),#3694,.F.);
#10299 = FACE_BOUND('',#10300,.F.);
#10300 = EDGE_LOOP('',(#10301,#10302,#10323,#10344));
#10301 = ORIENTED_EDGE('',*,*,#10277,.F.);
#10302 = ORIENTED_EDGE('',*,*,#10303,.T.);
#10303 = EDGE_CURVE('',#10257,#10304,#10306,.T.);
#10304 = VERTEX_POINT('',#10305);
#10305 = CARTESIAN_POINT('',(-23.,147.7,36.2));
#10306 = SURFACE_CURVE('',#10307,(#10311,#10317),.PCURVE_S1.);
#10307 = LINE('',#10308,#10309);
#10308 = CARTESIAN_POINT('',(-56.75,147.7,36.2));
#10309 = VECTOR('',#10310,1.);
#10310 = DIRECTION('',(-1.,0.,0.));
#10311 = PCURVE('',#3694,#10312);
#10312 = DEFINITIONAL_REPRESENTATION('',(#10313),#10316);
#10313 = B_SPLINE_CURVE_WITH_KNOTS('',1,(#10314,#10315),.UNSPECIFIED.,
  .F.,.F.,(2,2),(-59.75,-33.75),.PIECEWISE_BEZIER_KNOTS.);
#10314 = CARTESIAN_POINT('',(1.,26.));
#10315 = CARTESIAN_POINT('',(1.,0.));
#10316 = ( GEOMETRIC_REPRESENTATION_CONTEXT(2) 
PARAMETRIC_REPRESENTATION_CONTEXT() REPRESENTATION_CONTEXT('2D SPACE',''
  ) );
#10317 = PCURVE('',#5984,#10318);
#10318 = DEFINITIONAL_REPRESENTATION('',(#10319),#10322);
#10319 = B_SPLINE_CURVE_WITH_KNOTS('',1,(#10320,#10321),.UNSPECIFIED.,
  .F.,.F.,(2,2),(-59.75,-33.75),.PIECEWISE_BEZIER_KNOTS.);
#10320 = CARTESIAN_POINT('',(93.5,145.2));
#10321 = CARTESIAN_POINT('',(67.5,145.2));
#10322 = ( GEOMETRIC_REPRESENTATION_CONTEXT(2) 
PARAMETRIC_REPRESENTATION_CONTEXT() REPRESENTATION_CONTEXT('2D SPACE',''
  ) );
#10323 = ORIENTED_EDGE('',*,*,#10324,.T.);
#10324 = EDGE_CURVE('',#10304,#3654,#10325,.T.);
#10325 = SURFACE_CURVE('',#10326,(#10330,#10337),.PCURVE_S1.);
#10326 = LINE('',#10327,#10328);
#10327 = CARTESIAN_POINT('',(-23.,147.7,35.2));
#10328 = VECTOR('',#10329,1.);
#10329 = DIRECTION('',(0.,0.,1.));
#10330 = PCURVE('',#3694,#10331);
#10331 = DEFINITIONAL_REPRESENTATION('',(#10332),#10336);
#10332 = LINE('',#10333,#10334);
#10333 = CARTESIAN_POINT('',(0.,0.));
#10334 = VECTOR('',#10335,1.);
#10335 = DIRECTION('',(1.,0.));
#10336 = ( GEOMETRIC_REPRESENTATION_CONTEXT(2) 
PARAMETRIC_REPRESENTATION_CONTEXT() REPRESENTATION_CONTEXT('2D SPACE',''
  ) );
#10337 = PCURVE('',#3668,#10338);
#10338 = DEFINITIONAL_REPRESENTATION('',(#10339),#10343);
#10339 = LINE('',#10340,#10341);
#10340 = CARTESIAN_POINT('',(0.,-8.));
#10341 = VECTOR('',#10342,1.);
#10342 = DIRECTION('',(1.,0.));
#10343 = ( GEOMETRIC_REPRESENTATION_CONTEXT(2) 
PARAMETRIC_REPRESENTATION_CONTEXT() REPRESENTATION_CONTEXT('2D SPACE',''
  ) );
#10344 = ORIENTED_EDGE('',*,*,#3679,.F.);
#10345 = ADVANCED_FACE('',(#10346),#3668,.T.);
#10346 = FACE_BOUND('',#10347,.T.);
#10347 = EDGE_LOOP('',(#10348,#10349,#10368,#10369));
#10348 = ORIENTED_EDGE('',*,*,#10230,.F.);
#10349 = ORIENTED_EDGE('',*,*,#10350,.T.);
#10350 = EDGE_CURVE('',#10210,#10304,#10351,.T.);
#10351 = SURFACE_CURVE('',#10352,(#10356,#10362),.PCURVE_S1.);
#10352 = LINE('',#10353,#10354);
#10353 = CARTESIAN_POINT('',(-23.,71.1,36.2));
#10354 = VECTOR('',#10355,1.);
#10355 = DIRECTION('',(0.,1.,0.));
#10356 = PCURVE('',#3668,#10357);
#10357 = DEFINITIONAL_REPRESENTATION('',(#10358),#10361);
#10358 = B_SPLINE_CURVE_WITH_KNOTS('',1,(#10359,#10360),.UNSPECIFIED.,
  .F.,.F.,(2,2),(68.6,76.6),.PIECEWISE_BEZIER_KNOTS.);
#10359 = CARTESIAN_POINT('',(1.,0.));
#10360 = CARTESIAN_POINT('',(1.,-8.));
#10361 = ( GEOMETRIC_REPRESENTATION_CONTEXT(2) 
PARAMETRIC_REPRESENTATION_CONTEXT() REPRESENTATION_CONTEXT('2D SPACE',''
  ) );
#10362 = PCURVE('',#5984,#10363);
#10363 = DEFINITIONAL_REPRESENTATION('',(#10364),#10367);
#10364 = B_SPLINE_CURVE_WITH_KNOTS('',1,(#10365,#10366),.UNSPECIFIED.,
  .F.,.F.,(2,2),(68.6,76.6),.PIECEWISE_BEZIER_KNOTS.);
#10365 = CARTESIAN_POINT('',(67.5,137.2));
#10366 = CARTESIAN_POINT('',(67.5,145.2));
#10367 = ( GEOMETRIC_REPRESENTATION_CONTEXT(2) 
PARAMETRIC_REPRESENTATION_CONTEXT() REPRESENTATION_CONTEXT('2D SPACE',''
  ) );
#10368 = ORIENTED_EDGE('',*,*,#10324,.T.);
#10369 = ORIENTED_EDGE('',*,*,#3653,.F.);
#10370 = ADVANCED_FACE('',(#10371),#3752,.F.);
#10371 = FACE_BOUND('',#10372,.T.);
#10372 = EDGE_LOOP('',(#10373,#10401,#10422,#10423));
#10373 = ORIENTED_EDGE('',*,*,#10374,.T.);
#10374 = EDGE_CURVE('',#10375,#10375,#10377,.T.);
#10375 = VERTEX_POINT('',#10376);
#10376 = CARTESIAN_POINT('',(45.85,124.1,36.2));
#10377 = SURFACE_CURVE('',#10378,(#10383,#10390),.PCURVE_S1.);
#10378 = CIRCLE('',#10379,1.35);
#10379 = AXIS2_PLACEMENT_3D('',#10380,#10381,#10382);
#10380 = CARTESIAN_POINT('',(44.5,124.1,36.2));
#10381 = DIRECTION('',(0.,0.,-1.));
#10382 = DIRECTION('',(1.,0.,0.));
#10383 = PCURVE('',#3752,#10384);
#10384 = DEFINITIONAL_REPRESENTATION('',(#10385),#10389);
#10385 = LINE('',#10386,#10387);
#10386 = CARTESIAN_POINT('',(-6.28318530718,-1.));
#10387 = VECTOR('',#10388,1.);
#10388 = DIRECTION('',(1.,-0.));
#10389 = ( GEOMETRIC_REPRESENTATION_CONTEXT(2) 
PARAMETRIC_REPRESENTATION_CONTEXT() REPRESENTATION_CONTEXT('2D SPACE',''
  ) );
#10390 = PCURVE('',#5984,#10391);
#10391 = DEFINITIONAL_REPRESENTATION('',(#10392),#10400);
#10392 = ( BOUNDED_CURVE() B_SPLINE_CURVE(2,(#10393,#10394,#10395,#10396
    ,#10397,#10398,#10399),.UNSPECIFIED.,.T.,.F.) 
B_SPLINE_CURVE_WITH_KNOTS((1,2,2,2,2,1),(-2.094395102393,0.,
    2.094395102393,4.188790204786,6.28318530718,8.377580409573),
.UNSPECIFIED.) CURVE() GEOMETRIC_REPRESENTATION_ITEM() 
RATIONAL_B_SPLINE_CURVE((1.,0.5,1.,0.5,1.,0.5,1.)) REPRESENTATION_ITEM(
  '') );
#10393 = CARTESIAN_POINT('',(136.35,121.6));
#10394 = CARTESIAN_POINT('',(136.35,119.26173140978));
#10395 = CARTESIAN_POINT('',(134.325,120.43086570489));
#10396 = CARTESIAN_POINT('',(132.3,121.6));
#10397 = CARTESIAN_POINT('',(134.325,122.7691342951));
#10398 = CARTESIAN_POINT('',(136.35,123.93826859021));
#10399 = CARTESIAN_POINT('',(136.35,121.6));
#10400 = ( GEOMETRIC_REPRESENTATION_CONTEXT(2) 
PARAMETRIC_REPRESENTATION_CONTEXT() REPRESENTATION_CONTEXT('2D SPACE',''
  ) );
#10401 = ORIENTED_EDGE('',*,*,#10402,.T.);
#10402 = EDGE_CURVE('',#10375,#3732,#10403,.T.);
#10403 = SEAM_CURVE('',#10404,(#10408,#10415),.PCURVE_S1.);
#10404 = LINE('',#10405,#10406);
#10405 = CARTESIAN_POINT('',(45.85,124.1,35.2));
#10406 = VECTOR('',#10407,1.);
#10407 = DIRECTION('',(0.,0.,1.));
#10408 = PCURVE('',#3752,#10409);
#10409 = DEFINITIONAL_REPRESENTATION('',(#10410),#10414);
#10410 = LINE('',#10411,#10412);
#10411 = CARTESIAN_POINT('',(-6.28318530718,0.));
#10412 = VECTOR('',#10413,1.);
#10413 = DIRECTION('',(-0.,-1.));
#10414 = ( GEOMETRIC_REPRESENTATION_CONTEXT(2) 
PARAMETRIC_REPRESENTATION_CONTEXT() REPRESENTATION_CONTEXT('2D SPACE',''
  ) );
#10415 = PCURVE('',#3752,#10416);
#10416 = DEFINITIONAL_REPRESENTATION('',(#10417),#10421);
#10417 = LINE('',#10418,#10419);
#10418 = CARTESIAN_POINT('',(-0.,0.));
#10419 = VECTOR('',#10420,1.);
#10420 = DIRECTION('',(-0.,-1.));
#10421 = ( GEOMETRIC_REPRESENTATION_CONTEXT(2) 
PARAMETRIC_REPRESENTATION_CONTEXT() REPRESENTATION_CONTEXT('2D SPACE',''
  ) );
#10422 = ORIENTED_EDGE('',*,*,#3731,.F.);
#10423 = ORIENTED_EDGE('',*,*,#10402,.F.);
#10424 = ADVANCED_FACE('',(#10425),#3789,.F.);
#10425 = FACE_BOUND('',#10426,.T.);
#10426 = EDGE_LOOP('',(#10427,#10428,#10449,#10473));
#10427 = ORIENTED_EDGE('',*,*,#3766,.F.);
#10428 = ORIENTED_EDGE('',*,*,#10429,.T.);
#10429 = EDGE_CURVE('',#3767,#10430,#10432,.T.);
#10430 = VERTEX_POINT('',#10431);
#10431 = CARTESIAN_POINT('',(50.066684316487,120.23037195836,36.2));
#10432 = SURFACE_CURVE('',#10433,(#10437,#10443),.PCURVE_S1.);
#10433 = LINE('',#10434,#10435);
#10434 = CARTESIAN_POINT('',(50.066684316487,120.23037195836,35.2));
#10435 = VECTOR('',#10436,1.);
#10436 = DIRECTION('',(-0.,-0.,-1.));
#10437 = PCURVE('',#3789,#10438);
#10438 = DEFINITIONAL_REPRESENTATION('',(#10439),#10442);
#10439 = B_SPLINE_CURVE_WITH_KNOTS('',1,(#10440,#10441),.UNSPECIFIED.,
  .F.,.F.,(2,2),(-3.,-1.),.PIECEWISE_BEZIER_KNOTS.);
#10440 = CARTESIAN_POINT('',(-8.564309306295,-3.));
#10441 = CARTESIAN_POINT('',(-8.564309306295,-1.));
#10442 = ( GEOMETRIC_REPRESENTATION_CONTEXT(2) 
PARAMETRIC_REPRESENTATION_CONTEXT() REPRESENTATION_CONTEXT('2D SPACE',''
  ) );
#10443 = PCURVE('',#3872,#10444);
#10444 = DEFINITIONAL_REPRESENTATION('',(#10445),#10448);
#10445 = B_SPLINE_CURVE_WITH_KNOTS('',1,(#10446,#10447),.UNSPECIFIED.,
  .F.,.F.,(2,2),(-3.0000006,-0.9999994),.PIECEWISE_BEZIER_KNOTS.);
#10446 = CARTESIAN_POINT('',(3.0000006,-39.95493654014));
#10447 = CARTESIAN_POINT('',(0.9999994,-39.95493654014));
#10448 = ( GEOMETRIC_REPRESENTATION_CONTEXT(2) 
PARAMETRIC_REPRESENTATION_CONTEXT() REPRESENTATION_CONTEXT('2D SPACE',''
  ) );
#10449 = ORIENTED_EDGE('',*,*,#10450,.F.);
#10450 = EDGE_CURVE('',#10451,#10430,#10453,.T.);
#10451 = VERTEX_POINT('',#10452);
#10452 = CARTESIAN_POINT('',(70.933315683512,120.23037195836,36.2));
#10453 = SURFACE_CURVE('',#10454,(#10459,#10466),.PCURVE_S1.);
#10454 = CIRCLE('',#10455,16.);
#10455 = AXIS2_PLACEMENT_3D('',#10456,#10457,#10458);
#10456 = CARTESIAN_POINT('',(60.5,108.1,36.2));
#10457 = DIRECTION('',(-0.,0.,1.));
#10458 = DIRECTION('',(0.758148247398,-0.65208223022,0.));
#10459 = PCURVE('',#3789,#10460);
#10460 = DEFINITIONAL_REPRESENTATION('',(#10461),#10465);
#10461 = LINE('',#10462,#10463);
#10462 = CARTESIAN_POINT('',(-5.572857634859,-1.));
#10463 = VECTOR('',#10464,1.);
#10464 = DIRECTION('',(-1.,-0.));
#10465 = ( GEOMETRIC_REPRESENTATION_CONTEXT(2) 
PARAMETRIC_REPRESENTATION_CONTEXT() REPRESENTATION_CONTEXT('2D SPACE',''
  ) );
#10466 = PCURVE('',#5984,#10467);
#10467 = DEFINITIONAL_REPRESENTATION('',(#10468),#10472);
#10468 = CIRCLE('',#10469,16.);
#10469 = AXIS2_PLACEMENT_2D('',#10470,#10471);
#10470 = CARTESIAN_POINT('',(151.,105.6));
#10471 = DIRECTION('',(0.758148247398,-0.65208223022));
#10472 = ( GEOMETRIC_REPRESENTATION_CONTEXT(2) 
PARAMETRIC_REPRESENTATION_CONTEXT() REPRESENTATION_CONTEXT('2D SPACE',''
  ) );
#10473 = ORIENTED_EDGE('',*,*,#10474,.F.);
#10474 = EDGE_CURVE('',#3769,#10451,#10475,.T.);
#10475 = SURFACE_CURVE('',#10476,(#10480,#10486),.PCURVE_S1.);
#10476 = LINE('',#10477,#10478);
#10477 = CARTESIAN_POINT('',(70.933315683513,120.23037195836,35.2));
#10478 = VECTOR('',#10479,1.);
#10479 = DIRECTION('',(-0.,-0.,-1.));
#10480 = PCURVE('',#3789,#10481);
#10481 = DEFINITIONAL_REPRESENTATION('',(#10482),#10485);
#10482 = B_SPLINE_CURVE_WITH_KNOTS('',1,(#10483,#10484),.UNSPECIFIED.,
  .F.,.F.,(2,2),(-3.0000006,-0.9999994),.PIECEWISE_BEZIER_KNOTS.);
#10483 = CARTESIAN_POINT('',(-7.143653961654,-3.0000006));
#10484 = CARTESIAN_POINT('',(-7.143653961654,-0.9999994));
#10485 = ( GEOMETRIC_REPRESENTATION_CONTEXT(2) 
PARAMETRIC_REPRESENTATION_CONTEXT() REPRESENTATION_CONTEXT('2D SPACE',''
  ) );
#10486 = PCURVE('',#3817,#10487);
#10487 = DEFINITIONAL_REPRESENTATION('',(#10488),#10491);
#10488 = B_SPLINE_CURVE_WITH_KNOTS('',1,(#10489,#10490),.UNSPECIFIED.,
  .F.,.F.,(2,2),(-3.0000006,-0.9999994),.PIECEWISE_BEZIER_KNOTS.);
#10489 = CARTESIAN_POINT('',(3.0000006,-8.045063459857));
#10490 = CARTESIAN_POINT('',(0.9999994,-8.045063459857));
#10491 = ( GEOMETRIC_REPRESENTATION_CONTEXT(2) 
PARAMETRIC_REPRESENTATION_CONTEXT() REPRESENTATION_CONTEXT('2D SPACE',''
  ) );
#10492 = ADVANCED_FACE('',(#10493),#3872,.T.);
#10493 = FACE_BOUND('',#10494,.T.);
#10494 = EDGE_LOOP('',(#10495,#10496,#10517,#10537));
#10495 = ORIENTED_EDGE('',*,*,#3858,.F.);
#10496 = ORIENTED_EDGE('',*,*,#10497,.T.);
#10497 = EDGE_CURVE('',#3830,#10498,#10500,.T.);
#10498 = VERTEX_POINT('',#10499);
#10499 = CARTESIAN_POINT('',(51.485465732674,118.81159054217,36.2));
#10500 = SURFACE_CURVE('',#10501,(#10505,#10511),.PCURVE_S1.);
#10501 = LINE('',#10502,#10503);
#10502 = CARTESIAN_POINT('',(51.485465732673,118.81159054217,34.2));
#10503 = VECTOR('',#10504,1.);
#10504 = DIRECTION('',(-0.,-0.,-1.));
#10505 = PCURVE('',#3872,#10506);
#10506 = DEFINITIONAL_REPRESENTATION('',(#10507),#10510);
#10507 = B_SPLINE_CURVE_WITH_KNOTS('',1,(#10508,#10509),.UNSPECIFIED.,
  .F.,.F.,(2,2),(-4.0000006,-1.9999994),.PIECEWISE_BEZIER_KNOTS.);
#10508 = CARTESIAN_POINT('',(3.0000006,-37.94847661933));
#10509 = CARTESIAN_POINT('',(0.9999994,-37.94847661933));
#10510 = ( GEOMETRIC_REPRESENTATION_CONTEXT(2) 
PARAMETRIC_REPRESENTATION_CONTEXT() REPRESENTATION_CONTEXT('2D SPACE',''
  ) );
#10511 = PCURVE('',#3846,#10512);
#10512 = DEFINITIONAL_REPRESENTATION('',(#10513),#10516);
#10513 = B_SPLINE_CURVE_WITH_KNOTS('',1,(#10514,#10515),.UNSPECIFIED.,
  .F.,.F.,(2,2),(-4.,-2.),.PIECEWISE_BEZIER_KNOTS.);
#10514 = CARTESIAN_POINT('',(-8.553560206866,-4.));
#10515 = CARTESIAN_POINT('',(-8.553560206866,-2.));
#10516 = ( GEOMETRIC_REPRESENTATION_CONTEXT(2) 
PARAMETRIC_REPRESENTATION_CONTEXT() REPRESENTATION_CONTEXT('2D SPACE',''
  ) );
#10517 = ORIENTED_EDGE('',*,*,#10518,.F.);
#10518 = EDGE_CURVE('',#10430,#10498,#10519,.T.);
#10519 = SURFACE_CURVE('',#10520,(#10524,#10530),.PCURVE_S1.);
#10520 = LINE('',#10521,#10522);
#10521 = CARTESIAN_POINT('',(69.833809511662,100.46324676318,36.2));
#10522 = VECTOR('',#10523,1.);
#10523 = DIRECTION('',(0.707106781187,-0.707106781187,0.));
#10524 = PCURVE('',#3872,#10525);
#10525 = DEFINITIONAL_REPRESENTATION('',(#10526),#10529);
#10526 = B_SPLINE_CURVE_WITH_KNOTS('',1,(#10527,#10528),.UNSPECIFIED.,
  .F.,.F.,(2,2),(-36.,12.),.PIECEWISE_BEZIER_KNOTS.);
#10527 = CARTESIAN_POINT('',(1.,-48.));
#10528 = CARTESIAN_POINT('',(1.,0.));
#10529 = ( GEOMETRIC_REPRESENTATION_CONTEXT(2) 
PARAMETRIC_REPRESENTATION_CONTEXT() REPRESENTATION_CONTEXT('2D SPACE',''
  ) );
#10530 = PCURVE('',#5984,#10531);
#10531 = DEFINITIONAL_REPRESENTATION('',(#10532),#10536);
#10532 = LINE('',#10533,#10534);
#10533 = CARTESIAN_POINT('',(160.33380951166,97.963246763185));
#10534 = VECTOR('',#10535,1.);
#10535 = DIRECTION('',(0.707106781187,-0.707106781187));
#10536 = ( GEOMETRIC_REPRESENTATION_CONTEXT(2) 
PARAMETRIC_REPRESENTATION_CONTEXT() REPRESENTATION_CONTEXT('2D SPACE',''
  ) );
#10537 = ORIENTED_EDGE('',*,*,#10429,.F.);
#10538 = ADVANCED_FACE('',(#10539),#3817,.T.);
#10539 = FACE_BOUND('',#10540,.T.);
#10540 = EDGE_LOOP('',(#10541,#10542,#10543,#10565));
#10541 = ORIENTED_EDGE('',*,*,#3801,.F.);
#10542 = ORIENTED_EDGE('',*,*,#10474,.T.);
#10543 = ORIENTED_EDGE('',*,*,#10544,.F.);
#10544 = EDGE_CURVE('',#10545,#10451,#10547,.T.);
#10545 = VERTEX_POINT('',#10546);
#10546 = CARTESIAN_POINT('',(69.514534267326,118.81159054217,36.2));
#10547 = SURFACE_CURVE('',#10548,(#10552,#10558),.PCURVE_S1.);
#10548 = LINE('',#10549,#10550);
#10549 = CARTESIAN_POINT('',(68.136753236815,117.43380951166,36.2));
#10550 = VECTOR('',#10551,1.);
#10551 = DIRECTION('',(0.707106781187,0.707106781187,-0.));
#10552 = PCURVE('',#3817,#10553);
#10553 = DEFINITIONAL_REPRESENTATION('',(#10554),#10557);
#10554 = B_SPLINE_CURVE_WITH_KNOTS('',1,(#10555,#10556),.UNSPECIFIED.,
  .F.,.F.,(2,2),(-36.,12.),.PIECEWISE_BEZIER_KNOTS.);
#10555 = CARTESIAN_POINT('',(1.,-48.));
#10556 = CARTESIAN_POINT('',(1.,0.));
#10557 = ( GEOMETRIC_REPRESENTATION_CONTEXT(2) 
PARAMETRIC_REPRESENTATION_CONTEXT() REPRESENTATION_CONTEXT('2D SPACE',''
  ) );
#10558 = PCURVE('',#5984,#10559);
#10559 = DEFINITIONAL_REPRESENTATION('',(#10560),#10564);
#10560 = LINE('',#10561,#10562);
#10561 = CARTESIAN_POINT('',(158.63675323681,114.93380951166));
#10562 = VECTOR('',#10563,1.);
#10563 = DIRECTION('',(0.707106781187,0.707106781187));
#10564 = ( GEOMETRIC_REPRESENTATION_CONTEXT(2) 
PARAMETRIC_REPRESENTATION_CONTEXT() REPRESENTATION_CONTEXT('2D SPACE',''
  ) );
#10565 = ORIENTED_EDGE('',*,*,#10566,.F.);
#10566 = EDGE_CURVE('',#3802,#10545,#10567,.T.);
#10567 = SURFACE_CURVE('',#10568,(#10572,#10578),.PCURVE_S1.);
#10568 = LINE('',#10569,#10570);
#10569 = CARTESIAN_POINT('',(69.514534267327,118.81159054217,34.2));
#10570 = VECTOR('',#10571,1.);
#10571 = DIRECTION('',(-0.,-0.,-1.));
#10572 = PCURVE('',#3817,#10573);
#10573 = DEFINITIONAL_REPRESENTATION('',(#10574),#10577);
#10574 = B_SPLINE_CURVE_WITH_KNOTS('',1,(#10575,#10576),.UNSPECIFIED.,
  .F.,.F.,(2,2),(-4.0000006,-1.9999994),.PIECEWISE_BEZIER_KNOTS.);
#10575 = CARTESIAN_POINT('',(3.0000006,-10.05152338067));
#10576 = CARTESIAN_POINT('',(0.9999994,-10.05152338067));
#10577 = ( GEOMETRIC_REPRESENTATION_CONTEXT(2) 
PARAMETRIC_REPRESENTATION_CONTEXT() REPRESENTATION_CONTEXT('2D SPACE',''
  ) );
#10578 = PCURVE('',#3846,#10579);
#10579 = DEFINITIONAL_REPRESENTATION('',(#10580),#10583);
#10580 = B_SPLINE_CURVE_WITH_KNOTS('',1,(#10581,#10582),.UNSPECIFIED.,
  .F.,.F.,(2,2),(-4.0000006,-1.9999994),.PIECEWISE_BEZIER_KNOTS.);
#10581 = CARTESIAN_POINT('',(-7.154403061083,-4.0000006));
#10582 = CARTESIAN_POINT('',(-7.154403061083,-1.9999994));
#10583 = ( GEOMETRIC_REPRESENTATION_CONTEXT(2) 
PARAMETRIC_REPRESENTATION_CONTEXT() REPRESENTATION_CONTEXT('2D SPACE',''
  ) );
#10584 = ADVANCED_FACE('',(#10585),#3846,.T.);
#10585 = FACE_BOUND('',#10586,.F.);
#10586 = EDGE_LOOP('',(#10587,#10588,#10614,#10615));
#10587 = ORIENTED_EDGE('',*,*,#10497,.T.);
#10588 = ORIENTED_EDGE('',*,*,#10589,.T.);
#10589 = EDGE_CURVE('',#10498,#10545,#10590,.T.);
#10590 = SURFACE_CURVE('',#10591,(#10596,#10603),.PCURVE_S1.);
#10591 = CIRCLE('',#10592,14.);
#10592 = AXIS2_PLACEMENT_3D('',#10593,#10594,#10595);
#10593 = CARTESIAN_POINT('',(60.5,108.1,36.2));
#10594 = DIRECTION('',(0.,0.,-1.));
#10595 = DIRECTION('',(-0.643895304809,0.765113610155,0.));
#10596 = PCURVE('',#3846,#10597);
#10597 = DEFINITIONAL_REPRESENTATION('',(#10598),#10602);
#10598 = LINE('',#10599,#10600);
#10599 = CARTESIAN_POINT('',(-8.553560206866,-2.));
#10600 = VECTOR('',#10601,1.);
#10601 = DIRECTION('',(1.,-0.));
#10602 = ( GEOMETRIC_REPRESENTATION_CONTEXT(2) 
PARAMETRIC_REPRESENTATION_CONTEXT() REPRESENTATION_CONTEXT('2D SPACE',''
  ) );
#10603 = PCURVE('',#5984,#10604);
#10604 = DEFINITIONAL_REPRESENTATION('',(#10605),#10613);
#10605 = ( BOUNDED_CURVE() B_SPLINE_CURVE(2,(#10606,#10607,#10608,#10609
    ,#10610,#10611,#10612),.UNSPECIFIED.,.T.,.F.) 
B_SPLINE_CURVE_WITH_KNOTS((1,2,2,2,2,1),(-2.094395102393,0.,
    2.094395102393,4.188790204786,6.28318530718,8.377580409573),
.UNSPECIFIED.) CURVE() GEOMETRIC_REPRESENTATION_ITEM() 
RATIONAL_B_SPLINE_CURVE((1.,0.5,1.,0.5,1.,0.5,1.)) REPRESENTATION_ITEM(
  '') );
#10606 = CARTESIAN_POINT('',(141.98546573267,116.31159054217));
#10607 = CARTESIAN_POINT('',(160.53848478159,131.92522189975));
#10608 = CARTESIAN_POINT('',(164.78377665812,108.0510204077));
#10609 = CARTESIAN_POINT('',(169.02906853465,84.176818915651));
#10610 = CARTESIAN_POINT('',(146.2307576092,92.437389050123));
#10611 = CARTESIAN_POINT('',(123.43244668375,100.69795918459));
#10612 = CARTESIAN_POINT('',(141.98546573267,116.31159054217));
#10613 = ( GEOMETRIC_REPRESENTATION_CONTEXT(2) 
PARAMETRIC_REPRESENTATION_CONTEXT() REPRESENTATION_CONTEXT('2D SPACE',''
  ) );
#10614 = ORIENTED_EDGE('',*,*,#10566,.F.);
#10615 = ORIENTED_EDGE('',*,*,#3829,.T.);
#10616 = ADVANCED_FACE('',(#10617),#3904,.T.);
#10617 = FACE_BOUND('',#10618,.T.);
#10618 = EDGE_LOOP('',(#10619,#10620,#10641,#10663));
#10619 = ORIENTED_EDGE('',*,*,#3886,.F.);
#10620 = ORIENTED_EDGE('',*,*,#10621,.T.);
#10621 = EDGE_CURVE('',#3887,#10622,#10624,.T.);
#10622 = VERTEX_POINT('',#10623);
#10623 = CARTESIAN_POINT('',(47.940321695099,122.35673457974,36.2));
#10624 = SURFACE_CURVE('',#10625,(#10629,#10635),.PCURVE_S1.);
#10625 = LINE('',#10626,#10627);
#10626 = CARTESIAN_POINT('',(47.940321695099,122.35673457974,34.2));
#10627 = VECTOR('',#10628,1.);
#10628 = DIRECTION('',(-0.,-0.,-1.));
#10629 = PCURVE('',#3904,#10630);
#10630 = DEFINITIONAL_REPRESENTATION('',(#10631),#10634);
#10631 = B_SPLINE_CURVE_WITH_KNOTS('',1,(#10632,#10633),.UNSPECIFIED.,
  .F.,.F.,(2,2),(-4.0000006,-1.9999994),.PIECEWISE_BEZIER_KNOTS.);
#10632 = CARTESIAN_POINT('',(3.0000006,-42.96206739783));
#10633 = CARTESIAN_POINT('',(0.9999994,-42.96206739783));
#10634 = ( GEOMETRIC_REPRESENTATION_CONTEXT(2) 
PARAMETRIC_REPRESENTATION_CONTEXT() REPRESENTATION_CONTEXT('2D SPACE',''
  ) );
#10635 = PCURVE('',#3992,#10636);
#10636 = DEFINITIONAL_REPRESENTATION('',(#10637),#10640);
#10637 = B_SPLINE_CURVE_WITH_KNOTS('',1,(#10638,#10639),.UNSPECIFIED.,
  .F.,.F.,(2,2),(-4.,-2.),.PIECEWISE_BEZIER_KNOTS.);
#10638 = CARTESIAN_POINT('',(-8.576179838457,-4.));
#10639 = CARTESIAN_POINT('',(-8.576179838457,-2.));
#10640 = ( GEOMETRIC_REPRESENTATION_CONTEXT(2) 
PARAMETRIC_REPRESENTATION_CONTEXT() REPRESENTATION_CONTEXT('2D SPACE',''
  ) );
#10641 = ORIENTED_EDGE('',*,*,#10642,.F.);
#10642 = EDGE_CURVE('',#10643,#10622,#10645,.T.);
#10643 = VERTEX_POINT('',#10644);
#10644 = CARTESIAN_POINT('',(46.523549216697,123.77350705815,36.2));
#10645 = SURFACE_CURVE('',#10646,(#10650,#10656),.PCURVE_S1.);
#10646 = LINE('',#10647,#10648);
#10647 = CARTESIAN_POINT('',(69.833809511662,100.46324676318,36.2));
#10648 = VECTOR('',#10649,1.);
#10649 = DIRECTION('',(0.707106781187,-0.707106781187,0.));
#10650 = PCURVE('',#3904,#10651);
#10651 = DEFINITIONAL_REPRESENTATION('',(#10652),#10655);
#10652 = B_SPLINE_CURVE_WITH_KNOTS('',1,(#10653,#10654),.UNSPECIFIED.,
  .F.,.F.,(2,2),(-36.,12.),.PIECEWISE_BEZIER_KNOTS.);
#10653 = CARTESIAN_POINT('',(1.,-48.));
#10654 = CARTESIAN_POINT('',(1.,0.));
#10655 = ( GEOMETRIC_REPRESENTATION_CONTEXT(2) 
PARAMETRIC_REPRESENTATION_CONTEXT() REPRESENTATION_CONTEXT('2D SPACE',''
  ) );
#10656 = PCURVE('',#5984,#10657);
#10657 = DEFINITIONAL_REPRESENTATION('',(#10658),#10662);
#10658 = LINE('',#10659,#10660);
#10659 = CARTESIAN_POINT('',(160.33380951166,97.963246763185));
#10660 = VECTOR('',#10661,1.);
#10661 = DIRECTION('',(0.707106781187,-0.707106781187));
#10662 = ( GEOMETRIC_REPRESENTATION_CONTEXT(2) 
PARAMETRIC_REPRESENTATION_CONTEXT() REPRESENTATION_CONTEXT('2D SPACE',''
  ) );
#10663 = ORIENTED_EDGE('',*,*,#10664,.F.);
#10664 = EDGE_CURVE('',#3889,#10643,#10665,.T.);
#10665 = SURFACE_CURVE('',#10666,(#10670,#10676),.PCURVE_S1.);
#10666 = LINE('',#10667,#10668);
#10667 = CARTESIAN_POINT('',(46.523549216697,123.77350705815,35.2));
#10668 = VECTOR('',#10669,1.);
#10669 = DIRECTION('',(-0.,-0.,-1.));
#10670 = PCURVE('',#3904,#10671);
#10671 = DEFINITIONAL_REPRESENTATION('',(#10672),#10675);
#10672 = B_SPLINE_CURVE_WITH_KNOTS('',1,(#10673,#10674),.UNSPECIFIED.,
  .F.,.F.,(2,2),(-3.0000006,-0.9999994),.PIECEWISE_BEZIER_KNOTS.);
#10673 = CARTESIAN_POINT('',(3.0000006,-44.96568625158));
#10674 = CARTESIAN_POINT('',(0.9999994,-44.96568625158));
#10675 = ( GEOMETRIC_REPRESENTATION_CONTEXT(2) 
PARAMETRIC_REPRESENTATION_CONTEXT() REPRESENTATION_CONTEXT('2D SPACE',''
  ) );
#10676 = PCURVE('',#3937,#10677);
#10677 = DEFINITIONAL_REPRESENTATION('',(#10678),#10681);
#10678 = B_SPLINE_CURVE_WITH_KNOTS('',1,(#10679,#10680),.UNSPECIFIED.,
  .F.,.F.,(2,2),(-3.,-1.),.PIECEWISE_BEZIER_KNOTS.);
#10679 = CARTESIAN_POINT('',(-8.582205796291,-3.));
#10680 = CARTESIAN_POINT('',(-8.582205796291,-1.));
#10681 = ( GEOMETRIC_REPRESENTATION_CONTEXT(2) 
PARAMETRIC_REPRESENTATION_CONTEXT() REPRESENTATION_CONTEXT('2D SPACE',''
  ) );
#10682 = ADVANCED_FACE('',(#10683),#3992,.T.);
#10683 = FACE_BOUND('',#10684,.F.);
#10684 = EDGE_LOOP('',(#10685,#10686,#10714,#10733));
#10685 = ORIENTED_EDGE('',*,*,#10621,.T.);
#10686 = ORIENTED_EDGE('',*,*,#10687,.T.);
#10687 = EDGE_CURVE('',#10622,#10688,#10690,.T.);
#10688 = VERTEX_POINT('',#10689);
#10689 = CARTESIAN_POINT('',(73.059678304901,122.35673457974,36.2));
#10690 = SURFACE_CURVE('',#10691,(#10696,#10703),.PCURVE_S1.);
#10691 = CIRCLE('',#10692,19.);
#10692 = AXIS2_PLACEMENT_3D('',#10693,#10694,#10695);
#10693 = CARTESIAN_POINT('',(60.5,108.1,36.2));
#10694 = DIRECTION('',(0.,0.,-1.));
#10695 = DIRECTION('',(-0.661035700258,0.750354451566,0.));
#10696 = PCURVE('',#3992,#10697);
#10697 = DEFINITIONAL_REPRESENTATION('',(#10698),#10702);
#10698 = LINE('',#10699,#10700);
#10699 = CARTESIAN_POINT('',(-8.576179838457,-2.));
#10700 = VECTOR('',#10701,1.);
#10701 = DIRECTION('',(1.,-0.));
#10702 = ( GEOMETRIC_REPRESENTATION_CONTEXT(2) 
PARAMETRIC_REPRESENTATION_CONTEXT() REPRESENTATION_CONTEXT('2D SPACE',''
  ) );
#10703 = PCURVE('',#5984,#10704);
#10704 = DEFINITIONAL_REPRESENTATION('',(#10705),#10713);
#10705 = ( BOUNDED_CURVE() B_SPLINE_CURVE(2,(#10706,#10707,#10708,#10709
    ,#10710,#10711,#10712),.UNSPECIFIED.,.T.,.F.) 
B_SPLINE_CURVE_WITH_KNOTS((1,2,2,2,2,1),(-2.094395102393,0.,
    2.094395102393,4.188790204786,6.28318530718,8.377580409573),
.UNSPECIFIED.) CURVE() GEOMETRIC_REPRESENTATION_ITEM() 
RATIONAL_B_SPLINE_CURVE((1.,0.5,1.,0.5,1.,0.5,1.)) REPRESENTATION_ITEM(
  '') );
#10706 = CARTESIAN_POINT('',(138.44032169509,119.85673457974));
#10707 = CARTESIAN_POINT('',(163.13371033724,141.61073553055));
#10708 = CARTESIAN_POINT('',(169.62653347352,109.34863318553));
#10709 = CARTESIAN_POINT('',(176.1193566098,77.086530840503));
#10710 = CARTESIAN_POINT('',(144.93314483137,87.594632234721));
#10711 = CARTESIAN_POINT('',(113.74693305295,98.102733628939));
#10712 = CARTESIAN_POINT('',(138.44032169509,119.85673457974));
#10713 = ( GEOMETRIC_REPRESENTATION_CONTEXT(2) 
PARAMETRIC_REPRESENTATION_CONTEXT() REPRESENTATION_CONTEXT('2D SPACE',''
  ) );
#10714 = ORIENTED_EDGE('',*,*,#10715,.F.);
#10715 = EDGE_CURVE('',#3950,#10688,#10716,.T.);
#10716 = SURFACE_CURVE('',#10717,(#10721,#10727),.PCURVE_S1.);
#10717 = LINE('',#10718,#10719);
#10718 = CARTESIAN_POINT('',(73.059678304901,122.35673457974,34.2));
#10719 = VECTOR('',#10720,1.);
#10720 = DIRECTION('',(-0.,-0.,-1.));
#10721 = PCURVE('',#3992,#10722);
#10722 = DEFINITIONAL_REPRESENTATION('',(#10723),#10726);
#10723 = B_SPLINE_CURVE_WITH_KNOTS('',1,(#10724,#10725),.UNSPECIFIED.,
  .F.,.F.,(2,2),(-4.0000006,-1.9999994),.PIECEWISE_BEZIER_KNOTS.);
#10724 = CARTESIAN_POINT('',(-7.131783429492,-4.0000006));
#10725 = CARTESIAN_POINT('',(-7.131783429492,-1.9999994));
#10726 = ( GEOMETRIC_REPRESENTATION_CONTEXT(2) 
PARAMETRIC_REPRESENTATION_CONTEXT() REPRESENTATION_CONTEXT('2D SPACE',''
  ) );
#10727 = PCURVE('',#3965,#10728);
#10728 = DEFINITIONAL_REPRESENTATION('',(#10729),#10732);
#10729 = B_SPLINE_CURVE_WITH_KNOTS('',1,(#10730,#10731),.UNSPECIFIED.,
  .F.,.F.,(2,2),(-4.0000006,-1.9999994),.PIECEWISE_BEZIER_KNOTS.);
#10730 = CARTESIAN_POINT('',(3.0000006,-5.037932602166));
#10731 = CARTESIAN_POINT('',(0.9999994,-5.037932602166));
#10732 = ( GEOMETRIC_REPRESENTATION_CONTEXT(2) 
PARAMETRIC_REPRESENTATION_CONTEXT() REPRESENTATION_CONTEXT('2D SPACE',''
  ) );
#10733 = ORIENTED_EDGE('',*,*,#3977,.T.);
#10734 = ADVANCED_FACE('',(#10735),#3937,.F.);
#10735 = FACE_BOUND('',#10736,.T.);
#10736 = EDGE_LOOP('',(#10737,#10738,#10766,#10785));
#10737 = ORIENTED_EDGE('',*,*,#10664,.T.);
#10738 = ORIENTED_EDGE('',*,*,#10739,.T.);
#10739 = EDGE_CURVE('',#10643,#10740,#10742,.T.);
#10740 = VERTEX_POINT('',#10741);
#10741 = CARTESIAN_POINT('',(74.476450783303,123.77350705815,36.2));
#10742 = SURFACE_CURVE('',#10743,(#10748,#10755),.PCURVE_S1.);
#10743 = CIRCLE('',#10744,21.);
#10744 = AXIS2_PLACEMENT_3D('',#10745,#10746,#10747);
#10745 = CARTESIAN_POINT('',(60.5,108.1,36.2));
#10746 = DIRECTION('',(0.,0.,-1.));
#10747 = DIRECTION('',(-0.665545275395,0.74635747896,0.));
#10748 = PCURVE('',#3937,#10749);
#10749 = DEFINITIONAL_REPRESENTATION('',(#10750),#10754);
#10750 = LINE('',#10751,#10752);
#10751 = CARTESIAN_POINT('',(-8.582205796291,-1.));
#10752 = VECTOR('',#10753,1.);
#10753 = DIRECTION('',(1.,-0.));
#10754 = ( GEOMETRIC_REPRESENTATION_CONTEXT(2) 
PARAMETRIC_REPRESENTATION_CONTEXT() REPRESENTATION_CONTEXT('2D SPACE',''
  ) );
#10755 = PCURVE('',#5984,#10756);
#10756 = DEFINITIONAL_REPRESENTATION('',(#10757),#10765);
#10757 = ( BOUNDED_CURVE() B_SPLINE_CURVE(2,(#10758,#10759,#10760,#10761
    ,#10762,#10763,#10764),.UNSPECIFIED.,.T.,.F.) 
B_SPLINE_CURVE_WITH_KNOTS((1,2,2,2,2,1),(-2.094395102393,0.,
    2.094395102393,4.188790204786,6.28318530718,8.377580409573),
.UNSPECIFIED.) CURVE() GEOMETRIC_REPRESENTATION_ITEM() 
RATIONAL_B_SPLINE_CURVE((1.,0.5,1.,0.5,1.,0.5,1.)) REPRESENTATION_ITEM(
  '') );
#10758 = CARTESIAN_POINT('',(137.02354921669,121.27350705815));
#10759 = CARTESIAN_POINT('',(164.1708597742,145.48142992431));
#10760 = CARTESIAN_POINT('',(171.5618806704,109.867207904));
#10761 = CARTESIAN_POINT('',(178.9529015666,74.252985883698));
#10762 = CARTESIAN_POINT('',(144.41457011289,85.659285037841));
#10763 = CARTESIAN_POINT('',(109.87623865919,97.065584191984));
#10764 = CARTESIAN_POINT('',(137.02354921669,121.27350705815));
#10765 = ( GEOMETRIC_REPRESENTATION_CONTEXT(2) 
PARAMETRIC_REPRESENTATION_CONTEXT() REPRESENTATION_CONTEXT('2D SPACE',''
  ) );
#10766 = ORIENTED_EDGE('',*,*,#10767,.F.);
#10767 = EDGE_CURVE('',#3917,#10740,#10768,.T.);
#10768 = SURFACE_CURVE('',#10769,(#10773,#10779),.PCURVE_S1.);
#10769 = LINE('',#10770,#10771);
#10770 = CARTESIAN_POINT('',(74.476450783303,123.77350705815,35.2));
#10771 = VECTOR('',#10772,1.);
#10772 = DIRECTION('',(-0.,-0.,-1.));
#10773 = PCURVE('',#3937,#10774);
#10774 = DEFINITIONAL_REPRESENTATION('',(#10775),#10778);
#10775 = B_SPLINE_CURVE_WITH_KNOTS('',1,(#10776,#10777),.UNSPECIFIED.,
  .F.,.F.,(2,2),(-3.0000006,-0.9999994),.PIECEWISE_BEZIER_KNOTS.);
#10776 = CARTESIAN_POINT('',(-7.125757471658,-3.0000006));
#10777 = CARTESIAN_POINT('',(-7.125757471658,-0.9999994));
#10778 = ( GEOMETRIC_REPRESENTATION_CONTEXT(2) 
PARAMETRIC_REPRESENTATION_CONTEXT() REPRESENTATION_CONTEXT('2D SPACE',''
  ) );
#10779 = PCURVE('',#3965,#10780);
#10780 = DEFINITIONAL_REPRESENTATION('',(#10781),#10784);
#10781 = B_SPLINE_CURVE_WITH_KNOTS('',1,(#10782,#10783),.UNSPECIFIED.,
  .F.,.F.,(2,2),(-3.0000006,-0.9999994),.PIECEWISE_BEZIER_KNOTS.);
#10782 = CARTESIAN_POINT('',(3.0000006,-3.034313748413));
#10783 = CARTESIAN_POINT('',(0.9999994,-3.034313748413));
#10784 = ( GEOMETRIC_REPRESENTATION_CONTEXT(2) 
PARAMETRIC_REPRESENTATION_CONTEXT() REPRESENTATION_CONTEXT('2D SPACE',''
  ) );
#10785 = ORIENTED_EDGE('',*,*,#3916,.F.);
#10786 = ADVANCED_FACE('',(#10787),#3965,.T.);
#10787 = FACE_BOUND('',#10788,.T.);
#10788 = EDGE_LOOP('',(#10789,#10790,#10791,#10811));
#10789 = ORIENTED_EDGE('',*,*,#3949,.F.);
#10790 = ORIENTED_EDGE('',*,*,#10767,.T.);
#10791 = ORIENTED_EDGE('',*,*,#10792,.F.);
#10792 = EDGE_CURVE('',#10688,#10740,#10793,.T.);
#10793 = SURFACE_CURVE('',#10794,(#10798,#10804),.PCURVE_S1.);
#10794 = LINE('',#10795,#10796);
#10795 = CARTESIAN_POINT('',(68.136753236815,117.43380951166,36.2));
#10796 = VECTOR('',#10797,1.);
#10797 = DIRECTION('',(0.707106781187,0.707106781187,-0.));
#10798 = PCURVE('',#3965,#10799);
#10799 = DEFINITIONAL_REPRESENTATION('',(#10800),#10803);
#10800 = B_SPLINE_CURVE_WITH_KNOTS('',1,(#10801,#10802),.UNSPECIFIED.,
  .F.,.F.,(2,2),(-36.,12.),.PIECEWISE_BEZIER_KNOTS.);
#10801 = CARTESIAN_POINT('',(1.,-48.));
#10802 = CARTESIAN_POINT('',(1.,0.));
#10803 = ( GEOMETRIC_REPRESENTATION_CONTEXT(2) 
PARAMETRIC_REPRESENTATION_CONTEXT() REPRESENTATION_CONTEXT('2D SPACE',''
  ) );
#10804 = PCURVE('',#5984,#10805);
#10805 = DEFINITIONAL_REPRESENTATION('',(#10806),#10810);
#10806 = LINE('',#10807,#10808);
#10807 = CARTESIAN_POINT('',(158.63675323681,114.93380951166));
#10808 = VECTOR('',#10809,1.);
#10809 = DIRECTION('',(0.707106781187,0.707106781187));
#10810 = ( GEOMETRIC_REPRESENTATION_CONTEXT(2) 
PARAMETRIC_REPRESENTATION_CONTEXT() REPRESENTATION_CONTEXT('2D SPACE',''
  ) );
#10811 = ORIENTED_EDGE('',*,*,#10715,.F.);
#10812 = ADVANCED_FACE('',(#10813),#4027,.F.);
#10813 = FACE_BOUND('',#10814,.T.);
#10814 = EDGE_LOOP('',(#10815,#10843,#10864,#10865));
#10815 = ORIENTED_EDGE('',*,*,#10816,.T.);
#10816 = EDGE_CURVE('',#10817,#10817,#10819,.T.);
#10817 = VERTEX_POINT('',#10818);
#10818 = CARTESIAN_POINT('',(77.85,124.1,36.2));
#10819 = SURFACE_CURVE('',#10820,(#10825,#10832),.PCURVE_S1.);
#10820 = CIRCLE('',#10821,1.35);
#10821 = AXIS2_PLACEMENT_3D('',#10822,#10823,#10824);
#10822 = CARTESIAN_POINT('',(76.5,124.1,36.2));
#10823 = DIRECTION('',(0.,0.,-1.));
#10824 = DIRECTION('',(1.,0.,0.));
#10825 = PCURVE('',#4027,#10826);
#10826 = DEFINITIONAL_REPRESENTATION('',(#10827),#10831);
#10827 = LINE('',#10828,#10829);
#10828 = CARTESIAN_POINT('',(-6.28318530718,-1.));
#10829 = VECTOR('',#10830,1.);
#10830 = DIRECTION('',(1.,-0.));
#10831 = ( GEOMETRIC_REPRESENTATION_CONTEXT(2) 
PARAMETRIC_REPRESENTATION_CONTEXT() REPRESENTATION_CONTEXT('2D SPACE',''
  ) );
#10832 = PCURVE('',#5984,#10833);
#10833 = DEFINITIONAL_REPRESENTATION('',(#10834),#10842);
#10834 = ( BOUNDED_CURVE() B_SPLINE_CURVE(2,(#10835,#10836,#10837,#10838
    ,#10839,#10840,#10841),.UNSPECIFIED.,.T.,.F.) 
B_SPLINE_CURVE_WITH_KNOTS((1,2,2,2,2,1),(-2.094395102393,0.,
    2.094395102393,4.188790204786,6.28318530718,8.377580409573),
.UNSPECIFIED.) CURVE() GEOMETRIC_REPRESENTATION_ITEM() 
RATIONAL_B_SPLINE_CURVE((1.,0.5,1.,0.5,1.,0.5,1.)) REPRESENTATION_ITEM(
  '') );
#10835 = CARTESIAN_POINT('',(168.35,121.6));
#10836 = CARTESIAN_POINT('',(168.35,119.26173140978));
#10837 = CARTESIAN_POINT('',(166.325,120.43086570489));
#10838 = CARTESIAN_POINT('',(164.3,121.6));
#10839 = CARTESIAN_POINT('',(166.325,122.7691342951));
#10840 = CARTESIAN_POINT('',(168.35,123.93826859021));
#10841 = CARTESIAN_POINT('',(168.35,121.6));
#10842 = ( GEOMETRIC_REPRESENTATION_CONTEXT(2) 
PARAMETRIC_REPRESENTATION_CONTEXT() REPRESENTATION_CONTEXT('2D SPACE',''
  ) );
#10843 = ORIENTED_EDGE('',*,*,#10844,.T.);
#10844 = EDGE_CURVE('',#10817,#4007,#10845,.T.);
#10845 = SEAM_CURVE('',#10846,(#10850,#10857),.PCURVE_S1.);
#10846 = LINE('',#10847,#10848);
#10847 = CARTESIAN_POINT('',(77.85,124.1,35.2));
#10848 = VECTOR('',#10849,1.);
#10849 = DIRECTION('',(0.,0.,1.));
#10850 = PCURVE('',#4027,#10851);
#10851 = DEFINITIONAL_REPRESENTATION('',(#10852),#10856);
#10852 = LINE('',#10853,#10854);
#10853 = CARTESIAN_POINT('',(-6.28318530718,0.));
#10854 = VECTOR('',#10855,1.);
#10855 = DIRECTION('',(-0.,-1.));
#10856 = ( GEOMETRIC_REPRESENTATION_CONTEXT(2) 
PARAMETRIC_REPRESENTATION_CONTEXT() REPRESENTATION_CONTEXT('2D SPACE',''
  ) );
#10857 = PCURVE('',#4027,#10858);
#10858 = DEFINITIONAL_REPRESENTATION('',(#10859),#10863);
#10859 = LINE('',#10860,#10861);
#10860 = CARTESIAN_POINT('',(-0.,0.));
#10861 = VECTOR('',#10862,1.);
#10862 = DIRECTION('',(-0.,-1.));
#10863 = ( GEOMETRIC_REPRESENTATION_CONTEXT(2) 
PARAMETRIC_REPRESENTATION_CONTEXT() REPRESENTATION_CONTEXT('2D SPACE',''
  ) );
#10864 = ORIENTED_EDGE('',*,*,#4006,.F.);
#10865 = ORIENTED_EDGE('',*,*,#10844,.F.);
#10866 = ADVANCED_FACE('',(#10867),#4062,.F.);
#10867 = FACE_BOUND('',#10868,.T.);
#10868 = EDGE_LOOP('',(#10869,#10898,#10919,#10920));
#10869 = ORIENTED_EDGE('',*,*,#10870,.F.);
#10870 = EDGE_CURVE('',#10871,#10871,#10873,.T.);
#10871 = VERTEX_POINT('',#10872);
#10872 = CARTESIAN_POINT('',(54.6,138.,36.));
#10873 = SURFACE_CURVE('',#10874,(#10879,#10886),.PCURVE_S1.);
#10874 = CIRCLE('',#10875,2.6);
#10875 = AXIS2_PLACEMENT_3D('',#10876,#10877,#10878);
#10876 = CARTESIAN_POINT('',(52.,138.,36.));
#10877 = DIRECTION('',(0.,0.,1.));
#10878 = DIRECTION('',(1.,0.,0.));
#10879 = PCURVE('',#4062,#10880);
#10880 = DEFINITIONAL_REPRESENTATION('',(#10881),#10885);
#10881 = LINE('',#10882,#10883);
#10882 = CARTESIAN_POINT('',(-0.,0.));
#10883 = VECTOR('',#10884,1.);
#10884 = DIRECTION('',(-1.,0.));
#10885 = ( GEOMETRIC_REPRESENTATION_CONTEXT(2) 
PARAMETRIC_REPRESENTATION_CONTEXT() REPRESENTATION_CONTEXT('2D SPACE',''
  ) );
#10886 = PCURVE('',#10887,#10892);
#10887 = PLANE('',#10888);
#10888 = AXIS2_PLACEMENT_3D('',#10889,#10890,#10891);
#10889 = CARTESIAN_POINT('',(52.,138.,36.));
#10890 = DIRECTION('',(0.,0.,1.));
#10891 = DIRECTION('',(1.,0.,-0.));
#10892 = DEFINITIONAL_REPRESENTATION('',(#10893),#10897);
#10893 = CIRCLE('',#10894,2.6);
#10894 = AXIS2_PLACEMENT_2D('',#10895,#10896);
#10895 = CARTESIAN_POINT('',(0.,0.));
#10896 = DIRECTION('',(1.,0.));
#10897 = ( GEOMETRIC_REPRESENTATION_CONTEXT(2) 
PARAMETRIC_REPRESENTATION_CONTEXT() REPRESENTATION_CONTEXT('2D SPACE',''
  ) );
#10898 = ORIENTED_EDGE('',*,*,#10899,.T.);
#10899 = EDGE_CURVE('',#10871,#4042,#10900,.T.);
#10900 = SEAM_CURVE('',#10901,(#10905,#10912),.PCURVE_S1.);
#10901 = LINE('',#10902,#10903);
#10902 = CARTESIAN_POINT('',(54.6,138.,36.));
#10903 = VECTOR('',#10904,1.);
#10904 = DIRECTION('',(0.,0.,1.));
#10905 = PCURVE('',#4062,#10906);
#10906 = DEFINITIONAL_REPRESENTATION('',(#10907),#10911);
#10907 = LINE('',#10908,#10909);
#10908 = CARTESIAN_POINT('',(-6.28318530718,0.));
#10909 = VECTOR('',#10910,1.);
#10910 = DIRECTION('',(-0.,-1.));
#10911 = ( GEOMETRIC_REPRESENTATION_CONTEXT(2) 
PARAMETRIC_REPRESENTATION_CONTEXT() REPRESENTATION_CONTEXT('2D SPACE',''
  ) );
#10912 = PCURVE('',#4062,#10913);
#10913 = DEFINITIONAL_REPRESENTATION('',(#10914),#10918);
#10914 = LINE('',#10915,#10916);
#10915 = CARTESIAN_POINT('',(-0.,0.));
#10916 = VECTOR('',#10917,1.);
#10917 = DIRECTION('',(-0.,-1.));
#10918 = ( GEOMETRIC_REPRESENTATION_CONTEXT(2) 
PARAMETRIC_REPRESENTATION_CONTEXT() REPRESENTATION_CONTEXT('2D SPACE',''
  ) );
#10919 = ORIENTED_EDGE('',*,*,#4041,.F.);
#10920 = ORIENTED_EDGE('',*,*,#10899,.F.);
#10921 = ADVANCED_FACE('',(#10922),#4097,.F.);
#10922 = FACE_BOUND('',#10923,.T.);
#10923 = EDGE_LOOP('',(#10924,#10947,#10948,#10949));
#10924 = ORIENTED_EDGE('',*,*,#10925,.F.);
#10925 = EDGE_CURVE('',#4077,#10926,#10928,.T.);
#10926 = VERTEX_POINT('',#10927);
#10927 = CARTESIAN_POINT('',(66.6,140.05,36.09));
#10928 = SEAM_CURVE('',#10929,(#10933,#10940),.PCURVE_S1.);
#10929 = LINE('',#10930,#10931);
#10930 = CARTESIAN_POINT('',(66.6,140.05,38.2));
#10931 = VECTOR('',#10932,1.);
#10932 = DIRECTION('',(0.,0.,-1.));
#10933 = PCURVE('',#4097,#10934);
#10934 = DEFINITIONAL_REPRESENTATION('',(#10935),#10939);
#10935 = LINE('',#10936,#10937);
#10936 = CARTESIAN_POINT('',(-0.,-3.));
#10937 = VECTOR('',#10938,1.);
#10938 = DIRECTION('',(0.,1.));
#10939 = ( GEOMETRIC_REPRESENTATION_CONTEXT(2) 
PARAMETRIC_REPRESENTATION_CONTEXT() REPRESENTATION_CONTEXT('2D SPACE',''
  ) );
#10940 = PCURVE('',#4097,#10941);
#10941 = DEFINITIONAL_REPRESENTATION('',(#10942),#10946);
#10942 = LINE('',#10943,#10944);
#10943 = CARTESIAN_POINT('',(-6.28318530718,-3.));
#10944 = VECTOR('',#10945,1.);
#10945 = DIRECTION('',(0.,1.));
#10946 = ( GEOMETRIC_REPRESENTATION_CONTEXT(2) 
PARAMETRIC_REPRESENTATION_CONTEXT() REPRESENTATION_CONTEXT('2D SPACE',''
  ) );
#10947 = ORIENTED_EDGE('',*,*,#4076,.F.);
#10948 = ORIENTED_EDGE('',*,*,#10925,.T.);
#10949 = ORIENTED_EDGE('',*,*,#10950,.F.);
#10950 = EDGE_CURVE('',#10926,#10926,#10951,.T.);
#10951 = SURFACE_CURVE('',#10952,(#10957,#10964),.PCURVE_S1.);
#10952 = CIRCLE('',#10953,1.4);
#10953 = AXIS2_PLACEMENT_3D('',#10954,#10955,#10956);
#10954 = CARTESIAN_POINT('',(65.2,140.05,36.09));
#10955 = DIRECTION('',(0.,0.,1.));
#10956 = DIRECTION('',(1.,0.,0.));
#10957 = PCURVE('',#4097,#10958);
#10958 = DEFINITIONAL_REPRESENTATION('',(#10959),#10963);
#10959 = LINE('',#10960,#10961);
#10960 = CARTESIAN_POINT('',(-0.,-0.89));
#10961 = VECTOR('',#10962,1.);
#10962 = DIRECTION('',(-1.,0.));
#10963 = ( GEOMETRIC_REPRESENTATION_CONTEXT(2) 
PARAMETRIC_REPRESENTATION_CONTEXT() REPRESENTATION_CONTEXT('2D SPACE',''
  ) );
#10964 = PCURVE('',#10965,#10970);
#10965 = CONICAL_SURFACE('',#10966,2.7,0.748378047524);
#10966 = AXIS2_PLACEMENT_3D('',#10967,#10968,#10969);
#10967 = CARTESIAN_POINT('',(65.2,140.05,34.69));
#10968 = DIRECTION('',(-0.,-0.,-1.));
#10969 = DIRECTION('',(1.,0.,0.));
#10970 = DEFINITIONAL_REPRESENTATION('',(#10971),#10975);
#10971 = LINE('',#10972,#10973);
#10972 = CARTESIAN_POINT('',(-0.,-1.4));
#10973 = VECTOR('',#10974,1.);
#10974 = DIRECTION('',(-1.,-0.));
#10975 = ( GEOMETRIC_REPRESENTATION_CONTEXT(2) 
PARAMETRIC_REPRESENTATION_CONTEXT() REPRESENTATION_CONTEXT('2D SPACE',''
  ) );
#10976 = ADVANCED_FACE('',(#10977),#4132,.F.);
#10977 = FACE_BOUND('',#10978,.T.);
#10978 = EDGE_LOOP('',(#10979,#11002,#11003,#11004));
#10979 = ORIENTED_EDGE('',*,*,#10980,.F.);
#10980 = EDGE_CURVE('',#4112,#10981,#10983,.T.);
#10981 = VERTEX_POINT('',#10982);
#10982 = CARTESIAN_POINT('',(89.4,140.05,36.09));
#10983 = SEAM_CURVE('',#10984,(#10988,#10995),.PCURVE_S1.);
#10984 = LINE('',#10985,#10986);
#10985 = CARTESIAN_POINT('',(89.4,140.05,38.2));
#10986 = VECTOR('',#10987,1.);
#10987 = DIRECTION('',(0.,0.,-1.));
#10988 = PCURVE('',#4132,#10989);
#10989 = DEFINITIONAL_REPRESENTATION('',(#10990),#10994);
#10990 = LINE('',#10991,#10992);
#10991 = CARTESIAN_POINT('',(-0.,-3.));
#10992 = VECTOR('',#10993,1.);
#10993 = DIRECTION('',(0.,1.));
#10994 = ( GEOMETRIC_REPRESENTATION_CONTEXT(2) 
PARAMETRIC_REPRESENTATION_CONTEXT() REPRESENTATION_CONTEXT('2D SPACE',''
  ) );
#10995 = PCURVE('',#4132,#10996);
#10996 = DEFINITIONAL_REPRESENTATION('',(#10997),#11001);
#10997 = LINE('',#10998,#10999);
#10998 = CARTESIAN_POINT('',(-6.28318530718,-3.));
#10999 = VECTOR('',#11000,1.);
#11000 = DIRECTION('',(0.,1.));
#11001 = ( GEOMETRIC_REPRESENTATION_CONTEXT(2) 
PARAMETRIC_REPRESENTATION_CONTEXT() REPRESENTATION_CONTEXT('2D SPACE',''
  ) );
#11002 = ORIENTED_EDGE('',*,*,#4111,.F.);
#11003 = ORIENTED_EDGE('',*,*,#10980,.T.);
#11004 = ORIENTED_EDGE('',*,*,#11005,.F.);
#11005 = EDGE_CURVE('',#10981,#10981,#11006,.T.);
#11006 = SURFACE_CURVE('',#11007,(#11012,#11019),.PCURVE_S1.);
#11007 = CIRCLE('',#11008,1.4);
#11008 = AXIS2_PLACEMENT_3D('',#11009,#11010,#11011);
#11009 = CARTESIAN_POINT('',(88.,140.05,36.09));
#11010 = DIRECTION('',(0.,0.,1.));
#11011 = DIRECTION('',(1.,0.,0.));
#11012 = PCURVE('',#4132,#11013);
#11013 = DEFINITIONAL_REPRESENTATION('',(#11014),#11018);
#11014 = LINE('',#11015,#11016);
#11015 = CARTESIAN_POINT('',(-0.,-0.89));
#11016 = VECTOR('',#11017,1.);
#11017 = DIRECTION('',(-1.,0.));
#11018 = ( GEOMETRIC_REPRESENTATION_CONTEXT(2) 
PARAMETRIC_REPRESENTATION_CONTEXT() REPRESENTATION_CONTEXT('2D SPACE',''
  ) );
#11019 = PCURVE('',#11020,#11025);
#11020 = CONICAL_SURFACE('',#11021,2.7,0.748378047524);
#11021 = AXIS2_PLACEMENT_3D('',#11022,#11023,#11024);
#11022 = CARTESIAN_POINT('',(88.,140.05,34.69));
#11023 = DIRECTION('',(-0.,-0.,-1.));
#11024 = DIRECTION('',(1.,0.,0.));
#11025 = DEFINITIONAL_REPRESENTATION('',(#11026),#11030);
#11026 = LINE('',#11027,#11028);
#11027 = CARTESIAN_POINT('',(-0.,-1.4));
#11028 = VECTOR('',#11029,1.);
#11029 = DIRECTION('',(-1.,-0.));
#11030 = ( GEOMETRIC_REPRESENTATION_CONTEXT(2) 
PARAMETRIC_REPRESENTATION_CONTEXT() REPRESENTATION_CONTEXT('2D SPACE',''
  ) );
#11031 = ADVANCED_FACE('',(#11032),#4167,.F.);
#11032 = FACE_BOUND('',#11033,.T.);
#11033 = EDGE_LOOP('',(#11034,#11057,#11058,#11059));
#11034 = ORIENTED_EDGE('',*,*,#11035,.F.);
#11035 = EDGE_CURVE('',#4147,#11036,#11038,.T.);
#11036 = VERTEX_POINT('',#11037);
#11037 = CARTESIAN_POINT('',(66.6,148.85,36.09));
#11038 = SEAM_CURVE('',#11039,(#11043,#11050),.PCURVE_S1.);
#11039 = LINE('',#11040,#11041);
#11040 = CARTESIAN_POINT('',(66.6,148.85,38.2));
#11041 = VECTOR('',#11042,1.);
#11042 = DIRECTION('',(0.,0.,-1.));
#11043 = PCURVE('',#4167,#11044);
#11044 = DEFINITIONAL_REPRESENTATION('',(#11045),#11049);
#11045 = LINE('',#11046,#11047);
#11046 = CARTESIAN_POINT('',(-0.,-3.));
#11047 = VECTOR('',#11048,1.);
#11048 = DIRECTION('',(0.,1.));
#11049 = ( GEOMETRIC_REPRESENTATION_CONTEXT(2) 
PARAMETRIC_REPRESENTATION_CONTEXT() REPRESENTATION_CONTEXT('2D SPACE',''
  ) );
#11050 = PCURVE('',#4167,#11051);
#11051 = DEFINITIONAL_REPRESENTATION('',(#11052),#11056);
#11052 = LINE('',#11053,#11054);
#11053 = CARTESIAN_POINT('',(-6.28318530718,-3.));
#11054 = VECTOR('',#11055,1.);
#11055 = DIRECTION('',(0.,1.));
#11056 = ( GEOMETRIC_REPRESENTATION_CONTEXT(2) 
PARAMETRIC_REPRESENTATION_CONTEXT() REPRESENTATION_CONTEXT('2D SPACE',''
  ) );
#11057 = ORIENTED_EDGE('',*,*,#4146,.F.);
#11058 = ORIENTED_EDGE('',*,*,#11035,.T.);
#11059 = ORIENTED_EDGE('',*,*,#11060,.F.);
#11060 = EDGE_CURVE('',#11036,#11036,#11061,.T.);
#11061 = SURFACE_CURVE('',#11062,(#11067,#11074),.PCURVE_S1.);
#11062 = CIRCLE('',#11063,1.4);
#11063 = AXIS2_PLACEMENT_3D('',#11064,#11065,#11066);
#11064 = CARTESIAN_POINT('',(65.2,148.85,36.09));
#11065 = DIRECTION('',(0.,0.,1.));
#11066 = DIRECTION('',(1.,0.,0.));
#11067 = PCURVE('',#4167,#11068);
#11068 = DEFINITIONAL_REPRESENTATION('',(#11069),#11073);
#11069 = LINE('',#11070,#11071);
#11070 = CARTESIAN_POINT('',(-0.,-0.89));
#11071 = VECTOR('',#11072,1.);
#11072 = DIRECTION('',(-1.,0.));
#11073 = ( GEOMETRIC_REPRESENTATION_CONTEXT(2) 
PARAMETRIC_REPRESENTATION_CONTEXT() REPRESENTATION_CONTEXT('2D SPACE',''
  ) );
#11074 = PCURVE('',#11075,#11080);
#11075 = CONICAL_SURFACE('',#11076,2.7,0.748378047524);
#11076 = AXIS2_PLACEMENT_3D('',#11077,#11078,#11079);
#11077 = CARTESIAN_POINT('',(65.2,148.85,34.69));
#11078 = DIRECTION('',(-0.,-0.,-1.));
#11079 = DIRECTION('',(1.,0.,0.));
#11080 = DEFINITIONAL_REPRESENTATION('',(#11081),#11085);
#11081 = LINE('',#11082,#11083);
#11082 = CARTESIAN_POINT('',(-0.,-1.4));
#11083 = VECTOR('',#11084,1.);
#11084 = DIRECTION('',(-1.,-0.));
#11085 = ( GEOMETRIC_REPRESENTATION_CONTEXT(2) 
PARAMETRIC_REPRESENTATION_CONTEXT() REPRESENTATION_CONTEXT('2D SPACE',''
  ) );
#11086 = ADVANCED_FACE('',(#11087),#4202,.F.);
#11087 = FACE_BOUND('',#11088,.T.);
#11088 = EDGE_LOOP('',(#11089,#11112,#11113,#11114));
#11089 = ORIENTED_EDGE('',*,*,#11090,.F.);
#11090 = EDGE_CURVE('',#4182,#11091,#11093,.T.);
#11091 = VERTEX_POINT('',#11092);
#11092 = CARTESIAN_POINT('',(89.4,148.85,36.09));
#11093 = SEAM_CURVE('',#11094,(#11098,#11105),.PCURVE_S1.);
#11094 = LINE('',#11095,#11096);
#11095 = CARTESIAN_POINT('',(89.4,148.85,38.2));
#11096 = VECTOR('',#11097,1.);
#11097 = DIRECTION('',(0.,0.,-1.));
#11098 = PCURVE('',#4202,#11099);
#11099 = DEFINITIONAL_REPRESENTATION('',(#11100),#11104);
#11100 = LINE('',#11101,#11102);
#11101 = CARTESIAN_POINT('',(-0.,-3.));
#11102 = VECTOR('',#11103,1.);
#11103 = DIRECTION('',(0.,1.));
#11104 = ( GEOMETRIC_REPRESENTATION_CONTEXT(2) 
PARAMETRIC_REPRESENTATION_CONTEXT() REPRESENTATION_CONTEXT('2D SPACE',''
  ) );
#11105 = PCURVE('',#4202,#11106);
#11106 = DEFINITIONAL_REPRESENTATION('',(#11107),#11111);
#11107 = LINE('',#11108,#11109);
#11108 = CARTESIAN_POINT('',(-6.28318530718,-3.));
#11109 = VECTOR('',#11110,1.);
#11110 = DIRECTION('',(0.,1.));
#11111 = ( GEOMETRIC_REPRESENTATION_CONTEXT(2) 
PARAMETRIC_REPRESENTATION_CONTEXT() REPRESENTATION_CONTEXT('2D SPACE',''
  ) );
#11112 = ORIENTED_EDGE('',*,*,#4181,.F.);
#11113 = ORIENTED_EDGE('',*,*,#11090,.T.);
#11114 = ORIENTED_EDGE('',*,*,#11115,.F.);
#11115 = EDGE_CURVE('',#11091,#11091,#11116,.T.);
#11116 = SURFACE_CURVE('',#11117,(#11122,#11129),.PCURVE_S1.);
#11117 = CIRCLE('',#11118,1.4);
#11118 = AXIS2_PLACEMENT_3D('',#11119,#11120,#11121);
#11119 = CARTESIAN_POINT('',(88.,148.85,36.09));
#11120 = DIRECTION('',(0.,0.,1.));
#11121 = DIRECTION('',(1.,0.,0.));
#11122 = PCURVE('',#4202,#11123);
#11123 = DEFINITIONAL_REPRESENTATION('',(#11124),#11128);
#11124 = LINE('',#11125,#11126);
#11125 = CARTESIAN_POINT('',(-0.,-0.89));
#11126 = VECTOR('',#11127,1.);
#11127 = DIRECTION('',(-1.,0.));
#11128 = ( GEOMETRIC_REPRESENTATION_CONTEXT(2) 
PARAMETRIC_REPRESENTATION_CONTEXT() REPRESENTATION_CONTEXT('2D SPACE',''
  ) );
#11129 = PCURVE('',#11130,#11135);
#11130 = CONICAL_SURFACE('',#11131,2.7,0.748378047524);
#11131 = AXIS2_PLACEMENT_3D('',#11132,#11133,#11134);
#11132 = CARTESIAN_POINT('',(88.,148.85,34.69));
#11133 = DIRECTION('',(-0.,-0.,-1.));
#11134 = DIRECTION('',(1.,0.,0.));
#11135 = DEFINITIONAL_REPRESENTATION('',(#11136),#11140);
#11136 = LINE('',#11137,#11138);
#11137 = CARTESIAN_POINT('',(-0.,-1.4));
#11138 = VECTOR('',#11139,1.);
#11139 = DIRECTION('',(-1.,-0.));
#11140 = ( GEOMETRIC_REPRESENTATION_CONTEXT(2) 
PARAMETRIC_REPRESENTATION_CONTEXT() REPRESENTATION_CONTEXT('2D SPACE',''
  ) );
#11141 = ADVANCED_FACE('',(#11142),#4328,.T.);
#11142 = FACE_BOUND('',#11143,.T.);
#11143 = EDGE_LOOP('',(#11144,#11169,#11188,#11189,#11190,#11191,#11192,
    #11193,#11216,#11244,#11270,#11296,#11325,#11351,#11380,#11406,
    #11432,#11455,#11481,#11507,#11536,#11562,#11591,#11612));
#11144 = ORIENTED_EDGE('',*,*,#11145,.F.);
#11145 = EDGE_CURVE('',#11146,#11148,#11150,.T.);
#11146 = VERTEX_POINT('',#11147);
#11147 = CARTESIAN_POINT('',(-90.5,77.1,36.2));
#11148 = VERTEX_POINT('',#11149);
#11149 = CARTESIAN_POINT('',(-90.5,138.05250156445,36.2));
#11150 = SURFACE_CURVE('',#11151,(#11155,#11162),.PCURVE_S1.);
#11151 = LINE('',#11152,#11153);
#11152 = CARTESIAN_POINT('',(-90.5,2.5,36.2));
#11153 = VECTOR('',#11154,1.);
#11154 = DIRECTION('',(0.,1.,0.));
#11155 = PCURVE('',#4328,#11156);
#11156 = DEFINITIONAL_REPRESENTATION('',(#11157),#11161);
#11157 = LINE('',#11158,#11159);
#11158 = CARTESIAN_POINT('',(14.7,0.));
#11159 = VECTOR('',#11160,1.);
#11160 = DIRECTION('',(0.,-1.));
#11161 = ( GEOMETRIC_REPRESENTATION_CONTEXT(2) 
PARAMETRIC_REPRESENTATION_CONTEXT() REPRESENTATION_CONTEXT('2D SPACE',''
  ) );
#11162 = PCURVE('',#5984,#11163);
#11163 = DEFINITIONAL_REPRESENTATION('',(#11164),#11168);
#11164 = LINE('',#11165,#11166);
#11165 = CARTESIAN_POINT('',(0.,0.));
#11166 = VECTOR('',#11167,1.);
#11167 = DIRECTION('',(0.,1.));
#11168 = ( GEOMETRIC_REPRESENTATION_CONTEXT(2) 
PARAMETRIC_REPRESENTATION_CONTEXT() REPRESENTATION_CONTEXT('2D SPACE',''
  ) );
#11169 = ORIENTED_EDGE('',*,*,#11170,.F.);
#11170 = EDGE_CURVE('',#4514,#11146,#11171,.T.);
#11171 = SURFACE_CURVE('',#11172,(#11176,#11182),.PCURVE_S1.);
#11172 = LINE('',#11173,#11174);
#11173 = CARTESIAN_POINT('',(-90.5,77.1,21.5));
#11174 = VECTOR('',#11175,1.);
#11175 = DIRECTION('',(0.,0.,1.));
#11176 = PCURVE('',#4328,#11177);
#11177 = DEFINITIONAL_REPRESENTATION('',(#11178),#11181);
#11178 = B_SPLINE_CURVE_WITH_KNOTS('',1,(#11179,#11180),.UNSPECIFIED.,
  .F.,.F.,(2,2),(0.,14.7),.PIECEWISE_BEZIER_KNOTS.);
#11179 = CARTESIAN_POINT('',(0.,-74.6));
#11180 = CARTESIAN_POINT('',(14.7,-74.6));
#11181 = ( GEOMETRIC_REPRESENTATION_CONTEXT(2) 
PARAMETRIC_REPRESENTATION_CONTEXT() REPRESENTATION_CONTEXT('2D SPACE',''
  ) );
#11182 = PCURVE('',#4529,#11183);
#11183 = DEFINITIONAL_REPRESENTATION('',(#11184),#11187);
#11184 = B_SPLINE_CURVE_WITH_KNOTS('',1,(#11185,#11186),.UNSPECIFIED.,
  .F.,.F.,(2,2),(0.,14.7),.PIECEWISE_BEZIER_KNOTS.);
#11185 = CARTESIAN_POINT('',(0.,1.8));
#11186 = CARTESIAN_POINT('',(14.7,1.8));
#11187 = ( GEOMETRIC_REPRESENTATION_CONTEXT(2) 
PARAMETRIC_REPRESENTATION_CONTEXT() REPRESENTATION_CONTEXT('2D SPACE',''
  ) );
#11188 = ORIENTED_EDGE('',*,*,#4540,.T.);
#11189 = ORIENTED_EDGE('',*,*,#5280,.T.);
#11190 = ORIENTED_EDGE('',*,*,#5257,.F.);
#11191 = ORIENTED_EDGE('',*,*,#5208,.F.);
#11192 = ORIENTED_EDGE('',*,*,#4312,.T.);
#11193 = ORIENTED_EDGE('',*,*,#11194,.T.);
#11194 = EDGE_CURVE('',#4313,#11195,#11197,.T.);
#11195 = VERTEX_POINT('',#11196);
#11196 = CARTESIAN_POINT('',(-90.5,151.5,36.2));
#11197 = SURFACE_CURVE('',#11198,(#11202,#11209),.PCURVE_S1.);
#11198 = LINE('',#11199,#11200);
#11199 = CARTESIAN_POINT('',(-90.5,151.5,21.5));
#11200 = VECTOR('',#11201,1.);
#11201 = DIRECTION('',(0.,0.,1.));
#11202 = PCURVE('',#4328,#11203);
#11203 = DEFINITIONAL_REPRESENTATION('',(#11204),#11208);
#11204 = LINE('',#11205,#11206);
#11205 = CARTESIAN_POINT('',(0.,-149.));
#11206 = VECTOR('',#11207,1.);
#11207 = DIRECTION('',(1.,0.));
#11208 = ( GEOMETRIC_REPRESENTATION_CONTEXT(2) 
PARAMETRIC_REPRESENTATION_CONTEXT() REPRESENTATION_CONTEXT('2D SPACE',''
  ) );
#11209 = PCURVE('',#4355,#11210);
#11210 = DEFINITIONAL_REPRESENTATION('',(#11211),#11215);
#11211 = LINE('',#11212,#11213);
#11212 = CARTESIAN_POINT('',(0.,0.));
#11213 = VECTOR('',#11214,1.);
#11214 = DIRECTION('',(1.,0.));
#11215 = ( GEOMETRIC_REPRESENTATION_CONTEXT(2) 
PARAMETRIC_REPRESENTATION_CONTEXT() REPRESENTATION_CONTEXT('2D SPACE',''
  ) );
#11216 = ORIENTED_EDGE('',*,*,#11217,.F.);
#11217 = EDGE_CURVE('',#11218,#11195,#11220,.T.);
#11218 = VERTEX_POINT('',#11219);
#11219 = CARTESIAN_POINT('',(-90.5,150.84749843554,36.2));
#11220 = SURFACE_CURVE('',#11221,(#11225,#11232),.PCURVE_S1.);
#11221 = LINE('',#11222,#11223);
#11222 = CARTESIAN_POINT('',(-90.5,2.5,36.2));
#11223 = VECTOR('',#11224,1.);
#11224 = DIRECTION('',(0.,1.,0.));
#11225 = PCURVE('',#4328,#11226);
#11226 = DEFINITIONAL_REPRESENTATION('',(#11227),#11231);
#11227 = LINE('',#11228,#11229);
#11228 = CARTESIAN_POINT('',(14.7,0.));
#11229 = VECTOR('',#11230,1.);
#11230 = DIRECTION('',(0.,-1.));
#11231 = ( GEOMETRIC_REPRESENTATION_CONTEXT(2) 
PARAMETRIC_REPRESENTATION_CONTEXT() REPRESENTATION_CONTEXT('2D SPACE',''
  ) );
#11232 = PCURVE('',#11233,#11238);
#11233 = PLANE('',#11234);
#11234 = AXIS2_PLACEMENT_3D('',#11235,#11236,#11237);
#11235 = CARTESIAN_POINT('',(-90.5,2.5,36.2));
#11236 = DIRECTION('',(0.,0.,1.));
#11237 = DIRECTION('',(1.,0.,0.));
#11238 = DEFINITIONAL_REPRESENTATION('',(#11239),#11243);
#11239 = LINE('',#11240,#11241);
#11240 = CARTESIAN_POINT('',(0.,0.));
#11241 = VECTOR('',#11242,1.);
#11242 = DIRECTION('',(0.,1.));
#11243 = ( GEOMETRIC_REPRESENTATION_CONTEXT(2) 
PARAMETRIC_REPRESENTATION_CONTEXT() REPRESENTATION_CONTEXT('2D SPACE',''
  ) );
#11244 = ORIENTED_EDGE('',*,*,#11245,.T.);
#11245 = EDGE_CURVE('',#11218,#11246,#11248,.T.);
#11246 = VERTEX_POINT('',#11247);
#11247 = CARTESIAN_POINT('',(-90.5,150.84749843554,34.7));
#11248 = SURFACE_CURVE('',#11249,(#11253,#11259),.PCURVE_S1.);
#11249 = LINE('',#11250,#11251);
#11250 = CARTESIAN_POINT('',(-90.5,150.84749843554,34.7));
#11251 = VECTOR('',#11252,1.);
#11252 = DIRECTION('',(-0.,-0.,-1.));
#11253 = PCURVE('',#4328,#11254);
#11254 = DEFINITIONAL_REPRESENTATION('',(#11255),#11258);
#11255 = B_SPLINE_CURVE_WITH_KNOTS('',1,(#11256,#11257),.UNSPECIFIED.,
  .F.,.F.,(2,2),(-1.5100006,5.999999999062E-07),
  .PIECEWISE_BEZIER_KNOTS.);
#11256 = CARTESIAN_POINT('',(14.7100006,-148.3474984355));
#11257 = CARTESIAN_POINT('',(13.1999994,-148.3474984355));
#11258 = ( GEOMETRIC_REPRESENTATION_CONTEXT(2) 
PARAMETRIC_REPRESENTATION_CONTEXT() REPRESENTATION_CONTEXT('2D SPACE',''
  ) );
#11259 = PCURVE('',#11260,#11265);
#11260 = CYLINDRICAL_SURFACE('',#11261,3.2);
#11261 = AXIS2_PLACEMENT_3D('',#11262,#11263,#11264);
#11262 = CARTESIAN_POINT('',(-88.,148.85,34.7));
#11263 = DIRECTION('',(-0.,-0.,-1.));
#11264 = DIRECTION('',(1.,0.,0.));
#11265 = DEFINITIONAL_REPRESENTATION('',(#11266),#11269);
#11266 = B_SPLINE_CURVE_WITH_KNOTS('',1,(#11267,#11268),.UNSPECIFIED.,
  .F.,.F.,(2,2),(-1.5100006,5.999999999062E-07),
  .PIECEWISE_BEZIER_KNOTS.);
#11267 = CARTESIAN_POINT('',(-2.467462146922,-1.5100006));
#11268 = CARTESIAN_POINT('',(-2.467462146922,5.999999999062E-07));
#11269 = ( GEOMETRIC_REPRESENTATION_CONTEXT(2) 
PARAMETRIC_REPRESENTATION_CONTEXT() REPRESENTATION_CONTEXT('2D SPACE',''
  ) );
#11270 = ORIENTED_EDGE('',*,*,#11271,.T.);
#11271 = EDGE_CURVE('',#11246,#11272,#11274,.T.);
#11272 = VERTEX_POINT('',#11273);
#11273 = CARTESIAN_POINT('',(-90.5,149.84495897772,34.7));
#11274 = SURFACE_CURVE('',#11275,(#11279,#11285),.PCURVE_S1.);
#11275 = LINE('',#11276,#11277);
#11276 = CARTESIAN_POINT('',(-90.5,75.675,34.7));
#11277 = VECTOR('',#11278,1.);
#11278 = DIRECTION('',(0.,-1.,0.));
#11279 = PCURVE('',#4328,#11280);
#11280 = DEFINITIONAL_REPRESENTATION('',(#11281),#11284);
#11281 = B_SPLINE_CURVE_WITH_KNOTS('',1,(#11282,#11283),.UNSPECIFIED.,
  .F.,.F.,(2,2),(-75.825,-69.975),.PIECEWISE_BEZIER_KNOTS.);
#11282 = CARTESIAN_POINT('',(13.2,-149.));
#11283 = CARTESIAN_POINT('',(13.2,-143.15));
#11284 = ( GEOMETRIC_REPRESENTATION_CONTEXT(2) 
PARAMETRIC_REPRESENTATION_CONTEXT() REPRESENTATION_CONTEXT('2D SPACE',''
  ) );
#11285 = PCURVE('',#11286,#11291);
#11286 = PLANE('',#11287);
#11287 = AXIS2_PLACEMENT_3D('',#11288,#11289,#11290);
#11288 = CARTESIAN_POINT('',(-88.,148.85,34.7));
#11289 = DIRECTION('',(0.,0.,1.));
#11290 = DIRECTION('',(1.,0.,-0.));
#11291 = DEFINITIONAL_REPRESENTATION('',(#11292),#11295);
#11292 = B_SPLINE_CURVE_WITH_KNOTS('',1,(#11293,#11294),.UNSPECIFIED.,
  .F.,.F.,(2,2),(-75.825,-69.975),.PIECEWISE_BEZIER_KNOTS.);
#11293 = CARTESIAN_POINT('',(-2.5,2.65));
#11294 = CARTESIAN_POINT('',(-2.5,-3.2));
#11295 = ( GEOMETRIC_REPRESENTATION_CONTEXT(2) 
PARAMETRIC_REPRESENTATION_CONTEXT() REPRESENTATION_CONTEXT('2D SPACE',''
  ) );
#11296 = ORIENTED_EDGE('',*,*,#11297,.T.);
#11297 = EDGE_CURVE('',#11272,#11298,#11300,.T.);
#11298 = VERTEX_POINT('',#11299);
#11299 = CARTESIAN_POINT('',(-90.5,149.86980390271,34.69));
#11300 = SURFACE_CURVE('',#11301,(#11306,#11313),.PCURVE_S1.);
#11301 = HYPERBOLA('',#11302,2.692307692308,2.5);
#11302 = AXIS2_PLACEMENT_3D('',#11303,#11304,#11305);
#11303 = CARTESIAN_POINT('',(-90.5,148.85,37.597692307692));
#11304 = DIRECTION('',(1.,0.,0.));
#11305 = DIRECTION('',(0.,0.,-1.));
#11306 = PCURVE('',#4328,#11307);
#11307 = DEFINITIONAL_REPRESENTATION('',(#11308),#11312);
#11308 = ( BOUNDED_CURVE() B_SPLINE_CURVE(2,(#11309,#11310,#11311),
.UNSPECIFIED.,.F.,.F.) B_SPLINE_CURVE_WITH_KNOTS((3,3),(-0.397380220698,
0.397380220698),.PIECEWISE_BEZIER_KNOTS.) CURVE() 
GEOMETRIC_REPRESENTATION_ITEM() RATIONAL_B_SPLINE_CURVE((1.,1.08,1.)) 
REPRESENTATION_ITEM('') );
#11309 = CARTESIAN_POINT('',(13.19,-145.3301960972));
#11310 = CARTESIAN_POINT('',(13.604814814815,-146.35));
#11311 = CARTESIAN_POINT('',(13.19,-147.3698039027));
#11312 = ( GEOMETRIC_REPRESENTATION_CONTEXT(2) 
PARAMETRIC_REPRESENTATION_CONTEXT() REPRESENTATION_CONTEXT('2D SPACE',''
  ) );
#11313 = PCURVE('',#10116,#11314);
#11314 = DEFINITIONAL_REPRESENTATION('',(#11315),#11324);
#11315 = B_SPLINE_CURVE_WITH_KNOTS('',7,(#11316,#11317,#11318,#11319,
    #11320,#11321,#11322,#11323),.UNSPECIFIED.,.F.,.F.,(8,8),(
    -0.397380220698,0.397380220698),.PIECEWISE_BEZIER_KNOTS.);
#11316 = CARTESIAN_POINT('',(-3.528909254478,1.32861758125E-15));
#11317 = CARTESIAN_POINT('',(-3.423782211966,-0.124692276902));
#11318 = CARTESIAN_POINT('',(-3.31339536442,-0.205655359108));
#11319 = CARTESIAN_POINT('',(-3.199332867632,-0.24551448501));
#11320 = CARTESIAN_POINT('',(-3.083852439549,-0.24551448501));
#11321 = CARTESIAN_POINT('',(-2.969789942759,-0.205655359108));
#11322 = CARTESIAN_POINT('',(-2.859403095214,-0.124692276902));
#11323 = CARTESIAN_POINT('',(-2.754276052701,1.32861758125E-15));
#11324 = ( GEOMETRIC_REPRESENTATION_CONTEXT(2) 
PARAMETRIC_REPRESENTATION_CONTEXT() REPRESENTATION_CONTEXT('2D SPACE',''
  ) );
#11325 = ORIENTED_EDGE('',*,*,#11326,.T.);
#11326 = EDGE_CURVE('',#11298,#11327,#11329,.T.);
#11327 = VERTEX_POINT('',#11328);
#11328 = CARTESIAN_POINT('',(-90.5,147.83019609728,34.69));
#11329 = SURFACE_CURVE('',#11330,(#11334,#11340),.PCURVE_S1.);
#11330 = LINE('',#11331,#11332);
#11331 = CARTESIAN_POINT('',(-90.5,75.675,34.69));
#11332 = VECTOR('',#11333,1.);
#11333 = DIRECTION('',(0.,-1.,0.));
#11334 = PCURVE('',#4328,#11335);
#11335 = DEFINITIONAL_REPRESENTATION('',(#11336),#11339);
#11336 = B_SPLINE_CURVE_WITH_KNOTS('',1,(#11337,#11338),.UNSPECIFIED.,
  .F.,.F.,(2,2),(-75.825,-70.475),.PIECEWISE_BEZIER_KNOTS.);
#11337 = CARTESIAN_POINT('',(13.19,-149.));
#11338 = CARTESIAN_POINT('',(13.19,-143.65));
#11339 = ( GEOMETRIC_REPRESENTATION_CONTEXT(2) 
PARAMETRIC_REPRESENTATION_CONTEXT() REPRESENTATION_CONTEXT('2D SPACE',''
  ) );
#11340 = PCURVE('',#11341,#11346);
#11341 = PLANE('',#11342);
#11342 = AXIS2_PLACEMENT_3D('',#11343,#11344,#11345);
#11343 = CARTESIAN_POINT('',(-88.,148.85,34.69));
#11344 = DIRECTION('',(0.,0.,1.));
#11345 = DIRECTION('',(1.,0.,0.));
#11346 = DEFINITIONAL_REPRESENTATION('',(#11347),#11350);
#11347 = B_SPLINE_CURVE_WITH_KNOTS('',1,(#11348,#11349),.UNSPECIFIED.,
  .F.,.F.,(2,2),(-75.825,-70.475),.PIECEWISE_BEZIER_KNOTS.);
#11348 = CARTESIAN_POINT('',(-2.5,2.65));
#11349 = CARTESIAN_POINT('',(-2.5,-2.7));
#11350 = ( GEOMETRIC_REPRESENTATION_CONTEXT(2) 
PARAMETRIC_REPRESENTATION_CONTEXT() REPRESENTATION_CONTEXT('2D SPACE',''
  ) );
#11351 = ORIENTED_EDGE('',*,*,#11352,.T.);
#11352 = EDGE_CURVE('',#11327,#11353,#11355,.T.);
#11353 = VERTEX_POINT('',#11354);
#11354 = CARTESIAN_POINT('',(-90.5,147.85504102227,34.7));
#11355 = SURFACE_CURVE('',#11356,(#11361,#11368),.PCURVE_S1.);
#11356 = HYPERBOLA('',#11357,2.692307692308,2.5);
#11357 = AXIS2_PLACEMENT_3D('',#11358,#11359,#11360);
#11358 = CARTESIAN_POINT('',(-90.5,148.85,37.597692307692));
#11359 = DIRECTION('',(1.,0.,0.));
#11360 = DIRECTION('',(0.,0.,-1.));
#11361 = PCURVE('',#4328,#11362);
#11362 = DEFINITIONAL_REPRESENTATION('',(#11363),#11367);
#11363 = ( BOUNDED_CURVE() B_SPLINE_CURVE(2,(#11364,#11365,#11366),
.UNSPECIFIED.,.F.,.F.) B_SPLINE_CURVE_WITH_KNOTS((3,3),(-0.397380220698,
0.397380220698),.PIECEWISE_BEZIER_KNOTS.) CURVE() 
GEOMETRIC_REPRESENTATION_ITEM() RATIONAL_B_SPLINE_CURVE((1.,1.08,1.)) 
REPRESENTATION_ITEM('') );
#11364 = CARTESIAN_POINT('',(13.19,-145.3301960972));
#11365 = CARTESIAN_POINT('',(13.604814814815,-146.35));
#11366 = CARTESIAN_POINT('',(13.19,-147.3698039027));
#11367 = ( GEOMETRIC_REPRESENTATION_CONTEXT(2) 
PARAMETRIC_REPRESENTATION_CONTEXT() REPRESENTATION_CONTEXT('2D SPACE',''
  ) );
#11368 = PCURVE('',#10116,#11369);
#11369 = DEFINITIONAL_REPRESENTATION('',(#11370),#11379);
#11370 = B_SPLINE_CURVE_WITH_KNOTS('',7,(#11371,#11372,#11373,#11374,
    #11375,#11376,#11377,#11378),.UNSPECIFIED.,.F.,.F.,(8,8),(
    -0.397380220698,0.397380220698),.PIECEWISE_BEZIER_KNOTS.);
#11371 = CARTESIAN_POINT('',(-3.528909254478,1.32861758125E-15));
#11372 = CARTESIAN_POINT('',(-3.423782211966,-0.124692276902));
#11373 = CARTESIAN_POINT('',(-3.31339536442,-0.205655359108));
#11374 = CARTESIAN_POINT('',(-3.199332867632,-0.24551448501));
#11375 = CARTESIAN_POINT('',(-3.083852439549,-0.24551448501));
#11376 = CARTESIAN_POINT('',(-2.969789942759,-0.205655359108));
#11377 = CARTESIAN_POINT('',(-2.859403095214,-0.124692276902));
#11378 = CARTESIAN_POINT('',(-2.754276052701,1.32861758125E-15));
#11379 = ( GEOMETRIC_REPRESENTATION_CONTEXT(2) 
PARAMETRIC_REPRESENTATION_CONTEXT() REPRESENTATION_CONTEXT('2D SPACE',''
  ) );
#11380 = ORIENTED_EDGE('',*,*,#11381,.T.);
#11381 = EDGE_CURVE('',#11353,#11382,#11384,.T.);
#11382 = VERTEX_POINT('',#11383);
#11383 = CARTESIAN_POINT('',(-90.5,146.85250156445,34.7));
#11384 = SURFACE_CURVE('',#11385,(#11389,#11395),.PCURVE_S1.);
#11385 = LINE('',#11386,#11387);
#11386 = CARTESIAN_POINT('',(-90.5,75.675,34.7));
#11387 = VECTOR('',#11388,1.);
#11388 = DIRECTION('',(0.,-1.,0.));
#11389 = PCURVE('',#4328,#11390);
#11390 = DEFINITIONAL_REPRESENTATION('',(#11391),#11394);
#11391 = B_SPLINE_CURVE_WITH_KNOTS('',1,(#11392,#11393),.UNSPECIFIED.,
  .F.,.F.,(2,2),(-75.825,-69.975),.PIECEWISE_BEZIER_KNOTS.);
#11392 = CARTESIAN_POINT('',(13.2,-149.));
#11393 = CARTESIAN_POINT('',(13.2,-143.15));
#11394 = ( GEOMETRIC_REPRESENTATION_CONTEXT(2) 
PARAMETRIC_REPRESENTATION_CONTEXT() REPRESENTATION_CONTEXT('2D SPACE',''
  ) );
#11395 = PCURVE('',#11396,#11401);
#11396 = PLANE('',#11397);
#11397 = AXIS2_PLACEMENT_3D('',#11398,#11399,#11400);
#11398 = CARTESIAN_POINT('',(-88.,148.85,34.7));
#11399 = DIRECTION('',(0.,0.,1.));
#11400 = DIRECTION('',(1.,0.,-0.));
#11401 = DEFINITIONAL_REPRESENTATION('',(#11402),#11405);
#11402 = B_SPLINE_CURVE_WITH_KNOTS('',1,(#11403,#11404),.UNSPECIFIED.,
  .F.,.F.,(2,2),(-75.825,-69.975),.PIECEWISE_BEZIER_KNOTS.);
#11403 = CARTESIAN_POINT('',(-2.5,2.65));
#11404 = CARTESIAN_POINT('',(-2.5,-3.2));
#11405 = ( GEOMETRIC_REPRESENTATION_CONTEXT(2) 
PARAMETRIC_REPRESENTATION_CONTEXT() REPRESENTATION_CONTEXT('2D SPACE',''
  ) );
#11406 = ORIENTED_EDGE('',*,*,#11407,.F.);
#11407 = EDGE_CURVE('',#11408,#11382,#11410,.T.);
#11408 = VERTEX_POINT('',#11409);
#11409 = CARTESIAN_POINT('',(-90.5,146.85250156445,36.2));
#11410 = SURFACE_CURVE('',#11411,(#11415,#11421),.PCURVE_S1.);
#11411 = LINE('',#11412,#11413);
#11412 = CARTESIAN_POINT('',(-90.5,146.85250156445,34.7));
#11413 = VECTOR('',#11414,1.);
#11414 = DIRECTION('',(-0.,-0.,-1.));
#11415 = PCURVE('',#4328,#11416);
#11416 = DEFINITIONAL_REPRESENTATION('',(#11417),#11420);
#11417 = B_SPLINE_CURVE_WITH_KNOTS('',1,(#11418,#11419),.UNSPECIFIED.,
  .F.,.F.,(2,2),(-1.5100006,5.999999999062E-07),
  .PIECEWISE_BEZIER_KNOTS.);
#11418 = CARTESIAN_POINT('',(14.7100006,-144.3525015644));
#11419 = CARTESIAN_POINT('',(13.1999994,-144.3525015644));
#11420 = ( GEOMETRIC_REPRESENTATION_CONTEXT(2) 
PARAMETRIC_REPRESENTATION_CONTEXT() REPRESENTATION_CONTEXT('2D SPACE',''
  ) );
#11421 = PCURVE('',#11422,#11427);
#11422 = CYLINDRICAL_SURFACE('',#11423,3.2);
#11423 = AXIS2_PLACEMENT_3D('',#11424,#11425,#11426);
#11424 = CARTESIAN_POINT('',(-88.,148.85,34.7));
#11425 = DIRECTION('',(-0.,-0.,-1.));
#11426 = DIRECTION('',(1.,0.,0.));
#11427 = DEFINITIONAL_REPRESENTATION('',(#11428),#11431);
#11428 = B_SPLINE_CURVE_WITH_KNOTS('',1,(#11429,#11430),.UNSPECIFIED.,
  .F.,.F.,(2,2),(-1.5,-0.),.PIECEWISE_BEZIER_KNOTS.);
#11429 = CARTESIAN_POINT('',(-3.815723160257,-1.5));
#11430 = CARTESIAN_POINT('',(-3.815723160257,0.));
#11431 = ( GEOMETRIC_REPRESENTATION_CONTEXT(2) 
PARAMETRIC_REPRESENTATION_CONTEXT() REPRESENTATION_CONTEXT('2D SPACE',''
  ) );
#11432 = ORIENTED_EDGE('',*,*,#11433,.F.);
#11433 = EDGE_CURVE('',#11434,#11408,#11436,.T.);
#11434 = VERTEX_POINT('',#11435);
#11435 = CARTESIAN_POINT('',(-90.5,142.04749843554,36.2));
#11436 = SURFACE_CURVE('',#11437,(#11441,#11448),.PCURVE_S1.);
#11437 = LINE('',#11438,#11439);
#11438 = CARTESIAN_POINT('',(-90.5,2.5,36.2));
#11439 = VECTOR('',#11440,1.);
#11440 = DIRECTION('',(0.,1.,0.));
#11441 = PCURVE('',#4328,#11442);
#11442 = DEFINITIONAL_REPRESENTATION('',(#11443),#11447);
#11443 = LINE('',#11444,#11445);
#11444 = CARTESIAN_POINT('',(14.7,0.));
#11445 = VECTOR('',#11446,1.);
#11446 = DIRECTION('',(0.,-1.));
#11447 = ( GEOMETRIC_REPRESENTATION_CONTEXT(2) 
PARAMETRIC_REPRESENTATION_CONTEXT() REPRESENTATION_CONTEXT('2D SPACE',''
  ) );
#11448 = PCURVE('',#5984,#11449);
#11449 = DEFINITIONAL_REPRESENTATION('',(#11450),#11454);
#11450 = LINE('',#11451,#11452);
#11451 = CARTESIAN_POINT('',(0.,0.));
#11452 = VECTOR('',#11453,1.);
#11453 = DIRECTION('',(0.,1.));
#11454 = ( GEOMETRIC_REPRESENTATION_CONTEXT(2) 
PARAMETRIC_REPRESENTATION_CONTEXT() REPRESENTATION_CONTEXT('2D SPACE',''
  ) );
#11455 = ORIENTED_EDGE('',*,*,#11456,.T.);
#11456 = EDGE_CURVE('',#11434,#11457,#11459,.T.);
#11457 = VERTEX_POINT('',#11458);
#11458 = CARTESIAN_POINT('',(-90.5,142.04749843554,34.7));
#11459 = SURFACE_CURVE('',#11460,(#11464,#11470),.PCURVE_S1.);
#11460 = LINE('',#11461,#11462);
#11461 = CARTESIAN_POINT('',(-90.5,142.04749843554,34.7));
#11462 = VECTOR('',#11463,1.);
#11463 = DIRECTION('',(-0.,-0.,-1.));
#11464 = PCURVE('',#4328,#11465);
#11465 = DEFINITIONAL_REPRESENTATION('',(#11466),#11469);
#11466 = B_SPLINE_CURVE_WITH_KNOTS('',1,(#11467,#11468),.UNSPECIFIED.,
  .F.,.F.,(2,2),(-1.5100006,5.999999999062E-07),
  .PIECEWISE_BEZIER_KNOTS.);
#11467 = CARTESIAN_POINT('',(14.7100006,-139.5474984355));
#11468 = CARTESIAN_POINT('',(13.1999994,-139.5474984355));
#11469 = ( GEOMETRIC_REPRESENTATION_CONTEXT(2) 
PARAMETRIC_REPRESENTATION_CONTEXT() REPRESENTATION_CONTEXT('2D SPACE',''
  ) );
#11470 = PCURVE('',#11471,#11476);
#11471 = CYLINDRICAL_SURFACE('',#11472,3.2);
#11472 = AXIS2_PLACEMENT_3D('',#11473,#11474,#11475);
#11473 = CARTESIAN_POINT('',(-88.,140.05,34.7));
#11474 = DIRECTION('',(-0.,-0.,-1.));
#11475 = DIRECTION('',(1.,0.,0.));
#11476 = DEFINITIONAL_REPRESENTATION('',(#11477),#11480);
#11477 = B_SPLINE_CURVE_WITH_KNOTS('',1,(#11478,#11479),.UNSPECIFIED.,
  .F.,.F.,(2,2),(-1.5,0.),.PIECEWISE_BEZIER_KNOTS.);
#11478 = CARTESIAN_POINT('',(-8.750647454102,-1.5));
#11479 = CARTESIAN_POINT('',(-8.750647454102,0.));
#11480 = ( GEOMETRIC_REPRESENTATION_CONTEXT(2) 
PARAMETRIC_REPRESENTATION_CONTEXT() REPRESENTATION_CONTEXT('2D SPACE',''
  ) );
#11481 = ORIENTED_EDGE('',*,*,#11482,.T.);
#11482 = EDGE_CURVE('',#11457,#11483,#11485,.T.);
#11483 = VERTEX_POINT('',#11484);
#11484 = CARTESIAN_POINT('',(-90.5,141.04495897772,34.7));
#11485 = SURFACE_CURVE('',#11486,(#11490,#11496),.PCURVE_S1.);
#11486 = LINE('',#11487,#11488);
#11487 = CARTESIAN_POINT('',(-90.5,71.275,34.7));
#11488 = VECTOR('',#11489,1.);
#11489 = DIRECTION('',(0.,-1.,0.));
#11490 = PCURVE('',#4328,#11491);
#11491 = DEFINITIONAL_REPRESENTATION('',(#11492),#11495);
#11492 = B_SPLINE_CURVE_WITH_KNOTS('',1,(#11493,#11494),.UNSPECIFIED.,
  .F.,.F.,(2,2),(-71.975,-65.575),.PIECEWISE_BEZIER_KNOTS.);
#11493 = CARTESIAN_POINT('',(13.2,-140.75));
#11494 = CARTESIAN_POINT('',(13.2,-134.35));
#11495 = ( GEOMETRIC_REPRESENTATION_CONTEXT(2) 
PARAMETRIC_REPRESENTATION_CONTEXT() REPRESENTATION_CONTEXT('2D SPACE',''
  ) );
#11496 = PCURVE('',#11497,#11502);
#11497 = PLANE('',#11498);
#11498 = AXIS2_PLACEMENT_3D('',#11499,#11500,#11501);
#11499 = CARTESIAN_POINT('',(-88.,140.05,34.7));
#11500 = DIRECTION('',(0.,0.,1.));
#11501 = DIRECTION('',(1.,0.,-0.));
#11502 = DEFINITIONAL_REPRESENTATION('',(#11503),#11506);
#11503 = B_SPLINE_CURVE_WITH_KNOTS('',1,(#11504,#11505),.UNSPECIFIED.,
  .F.,.F.,(2,2),(-71.975,-65.575),.PIECEWISE_BEZIER_KNOTS.);
#11504 = CARTESIAN_POINT('',(-2.5,3.2));
#11505 = CARTESIAN_POINT('',(-2.5,-3.2));
#11506 = ( GEOMETRIC_REPRESENTATION_CONTEXT(2) 
PARAMETRIC_REPRESENTATION_CONTEXT() REPRESENTATION_CONTEXT('2D SPACE',''
  ) );
#11507 = ORIENTED_EDGE('',*,*,#11508,.T.);
#11508 = EDGE_CURVE('',#11483,#11509,#11511,.T.);
#11509 = VERTEX_POINT('',#11510);
#11510 = CARTESIAN_POINT('',(-90.5,141.06980390271,34.69));
#11511 = SURFACE_CURVE('',#11512,(#11517,#11524),.PCURVE_S1.);
#11512 = HYPERBOLA('',#11513,2.692307692308,2.5);
#11513 = AXIS2_PLACEMENT_3D('',#11514,#11515,#11516);
#11514 = CARTESIAN_POINT('',(-90.5,140.05,37.597692307692));
#11515 = DIRECTION('',(1.,0.,0.));
#11516 = DIRECTION('',(0.,0.,-1.));
#11517 = PCURVE('',#4328,#11518);
#11518 = DEFINITIONAL_REPRESENTATION('',(#11519),#11523);
#11519 = ( BOUNDED_CURVE() B_SPLINE_CURVE(2,(#11520,#11521,#11522),
.UNSPECIFIED.,.F.,.F.) B_SPLINE_CURVE_WITH_KNOTS((3,3),(-0.397380220698,
0.397380220698),.PIECEWISE_BEZIER_KNOTS.) CURVE() 
GEOMETRIC_REPRESENTATION_ITEM() RATIONAL_B_SPLINE_CURVE((1.,1.08,1.)) 
REPRESENTATION_ITEM('') );
#11520 = CARTESIAN_POINT('',(13.19,-136.5301960972));
#11521 = CARTESIAN_POINT('',(13.604814814815,-137.55));
#11522 = CARTESIAN_POINT('',(13.19,-138.5698039027));
#11523 = ( GEOMETRIC_REPRESENTATION_CONTEXT(2) 
PARAMETRIC_REPRESENTATION_CONTEXT() REPRESENTATION_CONTEXT('2D SPACE',''
  ) );
#11524 = PCURVE('',#9951,#11525);
#11525 = DEFINITIONAL_REPRESENTATION('',(#11526),#11535);
#11526 = B_SPLINE_CURVE_WITH_KNOTS('',7,(#11527,#11528,#11529,#11530,
    #11531,#11532,#11533,#11534),.UNSPECIFIED.,.F.,.F.,(8,8),(
    -0.397380220698,0.397380220698),.PIECEWISE_BEZIER_KNOTS.);
#11527 = CARTESIAN_POINT('',(-3.528909254478,1.32861758125E-15));
#11528 = CARTESIAN_POINT('',(-3.423782211966,-0.124692276902));
#11529 = CARTESIAN_POINT('',(-3.31339536442,-0.205655359108));
#11530 = CARTESIAN_POINT('',(-3.199332867632,-0.24551448501));
#11531 = CARTESIAN_POINT('',(-3.083852439549,-0.24551448501));
#11532 = CARTESIAN_POINT('',(-2.969789942759,-0.205655359108));
#11533 = CARTESIAN_POINT('',(-2.859403095214,-0.124692276902));
#11534 = CARTESIAN_POINT('',(-2.754276052701,1.32861758125E-15));
#11535 = ( GEOMETRIC_REPRESENTATION_CONTEXT(2) 
PARAMETRIC_REPRESENTATION_CONTEXT() REPRESENTATION_CONTEXT('2D SPACE',''
  ) );
#11536 = ORIENTED_EDGE('',*,*,#11537,.T.);
#11537 = EDGE_CURVE('',#11509,#11538,#11540,.T.);
#11538 = VERTEX_POINT('',#11539);
#11539 = CARTESIAN_POINT('',(-90.5,139.03019609728,34.69));
#11540 = SURFACE_CURVE('',#11541,(#11545,#11551),.PCURVE_S1.);
#11541 = LINE('',#11542,#11543);
#11542 = CARTESIAN_POINT('',(-90.5,71.275,34.69));
#11543 = VECTOR('',#11544,1.);
#11544 = DIRECTION('',(0.,-1.,0.));
#11545 = PCURVE('',#4328,#11546);
#11546 = DEFINITIONAL_REPRESENTATION('',(#11547),#11550);
#11547 = B_SPLINE_CURVE_WITH_KNOTS('',1,(#11548,#11549),.UNSPECIFIED.,
  .F.,.F.,(2,2),(-71.475,-66.075),.PIECEWISE_BEZIER_KNOTS.);
#11548 = CARTESIAN_POINT('',(13.19,-140.25));
#11549 = CARTESIAN_POINT('',(13.19,-134.85));
#11550 = ( GEOMETRIC_REPRESENTATION_CONTEXT(2) 
PARAMETRIC_REPRESENTATION_CONTEXT() REPRESENTATION_CONTEXT('2D SPACE',''
  ) );
#11551 = PCURVE('',#11552,#11557);
#11552 = PLANE('',#11553);
#11553 = AXIS2_PLACEMENT_3D('',#11554,#11555,#11556);
#11554 = CARTESIAN_POINT('',(-88.,140.05,34.69));
#11555 = DIRECTION('',(0.,0.,1.));
#11556 = DIRECTION('',(1.,0.,0.));
#11557 = DEFINITIONAL_REPRESENTATION('',(#11558),#11561);
#11558 = B_SPLINE_CURVE_WITH_KNOTS('',1,(#11559,#11560),.UNSPECIFIED.,
  .F.,.F.,(2,2),(-71.475,-66.075),.PIECEWISE_BEZIER_KNOTS.);
#11559 = CARTESIAN_POINT('',(-2.5,2.7));
#11560 = CARTESIAN_POINT('',(-2.5,-2.7));
#11561 = ( GEOMETRIC_REPRESENTATION_CONTEXT(2) 
PARAMETRIC_REPRESENTATION_CONTEXT() REPRESENTATION_CONTEXT('2D SPACE',''
  ) );
#11562 = ORIENTED_EDGE('',*,*,#11563,.T.);
#11563 = EDGE_CURVE('',#11538,#11564,#11566,.T.);
#11564 = VERTEX_POINT('',#11565);
#11565 = CARTESIAN_POINT('',(-90.5,139.05504102227,34.7));
#11566 = SURFACE_CURVE('',#11567,(#11572,#11579),.PCURVE_S1.);
#11567 = HYPERBOLA('',#11568,2.692307692308,2.5);
#11568 = AXIS2_PLACEMENT_3D('',#11569,#11570,#11571);
#11569 = CARTESIAN_POINT('',(-90.5,140.05,37.597692307692));
#11570 = DIRECTION('',(1.,0.,0.));
#11571 = DIRECTION('',(0.,0.,-1.));
#11572 = PCURVE('',#4328,#11573);
#11573 = DEFINITIONAL_REPRESENTATION('',(#11574),#11578);
#11574 = ( BOUNDED_CURVE() B_SPLINE_CURVE(2,(#11575,#11576,#11577),
.UNSPECIFIED.,.F.,.F.) B_SPLINE_CURVE_WITH_KNOTS((3,3),(-0.397380220698,
0.397380220698),.PIECEWISE_BEZIER_KNOTS.) CURVE() 
GEOMETRIC_REPRESENTATION_ITEM() RATIONAL_B_SPLINE_CURVE((1.,1.08,1.)) 
REPRESENTATION_ITEM('') );
#11575 = CARTESIAN_POINT('',(13.19,-136.5301960972));
#11576 = CARTESIAN_POINT('',(13.604814814815,-137.55));
#11577 = CARTESIAN_POINT('',(13.19,-138.5698039027));
#11578 = ( GEOMETRIC_REPRESENTATION_CONTEXT(2) 
PARAMETRIC_REPRESENTATION_CONTEXT() REPRESENTATION_CONTEXT('2D SPACE',''
  ) );
#11579 = PCURVE('',#9951,#11580);
#11580 = DEFINITIONAL_REPRESENTATION('',(#11581),#11590);
#11581 = B_SPLINE_CURVE_WITH_KNOTS('',7,(#11582,#11583,#11584,#11585,
    #11586,#11587,#11588,#11589),.UNSPECIFIED.,.F.,.F.,(8,8),(
    -0.397380220698,0.397380220698),.PIECEWISE_BEZIER_KNOTS.);
#11582 = CARTESIAN_POINT('',(-3.528909254478,1.32861758125E-15));
#11583 = CARTESIAN_POINT('',(-3.423782211966,-0.124692276902));
#11584 = CARTESIAN_POINT('',(-3.31339536442,-0.205655359108));
#11585 = CARTESIAN_POINT('',(-3.199332867632,-0.24551448501));
#11586 = CARTESIAN_POINT('',(-3.083852439549,-0.24551448501));
#11587 = CARTESIAN_POINT('',(-2.969789942759,-0.205655359108));
#11588 = CARTESIAN_POINT('',(-2.859403095214,-0.124692276902));
#11589 = CARTESIAN_POINT('',(-2.754276052701,1.32861758125E-15));
#11590 = ( GEOMETRIC_REPRESENTATION_CONTEXT(2) 
PARAMETRIC_REPRESENTATION_CONTEXT() REPRESENTATION_CONTEXT('2D SPACE',''
  ) );
#11591 = ORIENTED_EDGE('',*,*,#11592,.T.);
#11592 = EDGE_CURVE('',#11564,#11593,#11595,.T.);
#11593 = VERTEX_POINT('',#11594);
#11594 = CARTESIAN_POINT('',(-90.5,138.05250156445,34.7));
#11595 = SURFACE_CURVE('',#11596,(#11600,#11606),.PCURVE_S1.);
#11596 = LINE('',#11597,#11598);
#11597 = CARTESIAN_POINT('',(-90.5,71.275,34.7));
#11598 = VECTOR('',#11599,1.);
#11599 = DIRECTION('',(0.,-1.,0.));
#11600 = PCURVE('',#4328,#11601);
#11601 = DEFINITIONAL_REPRESENTATION('',(#11602),#11605);
#11602 = B_SPLINE_CURVE_WITH_KNOTS('',1,(#11603,#11604),.UNSPECIFIED.,
  .F.,.F.,(2,2),(-71.975,-65.575),.PIECEWISE_BEZIER_KNOTS.);
#11603 = CARTESIAN_POINT('',(13.2,-140.75));
#11604 = CARTESIAN_POINT('',(13.2,-134.35));
#11605 = ( GEOMETRIC_REPRESENTATION_CONTEXT(2) 
PARAMETRIC_REPRESENTATION_CONTEXT() REPRESENTATION_CONTEXT('2D SPACE',''
  ) );
#11606 = PCURVE('',#11497,#11607);
#11607 = DEFINITIONAL_REPRESENTATION('',(#11608),#11611);
#11608 = B_SPLINE_CURVE_WITH_KNOTS('',1,(#11609,#11610),.UNSPECIFIED.,
  .F.,.F.,(2,2),(-71.975,-65.575),.PIECEWISE_BEZIER_KNOTS.);
#11609 = CARTESIAN_POINT('',(-2.5,3.2));
#11610 = CARTESIAN_POINT('',(-2.5,-3.2));
#11611 = ( GEOMETRIC_REPRESENTATION_CONTEXT(2) 
PARAMETRIC_REPRESENTATION_CONTEXT() REPRESENTATION_CONTEXT('2D SPACE',''
  ) );
#11612 = ORIENTED_EDGE('',*,*,#11613,.F.);
#11613 = EDGE_CURVE('',#11148,#11593,#11614,.T.);
#11614 = SURFACE_CURVE('',#11615,(#11619,#11625),.PCURVE_S1.);
#11615 = LINE('',#11616,#11617);
#11616 = CARTESIAN_POINT('',(-90.5,138.05250156445,34.7));
#11617 = VECTOR('',#11618,1.);
#11618 = DIRECTION('',(-0.,-0.,-1.));
#11619 = PCURVE('',#4328,#11620);
#11620 = DEFINITIONAL_REPRESENTATION('',(#11621),#11624);
#11621 = B_SPLINE_CURVE_WITH_KNOTS('',1,(#11622,#11623),.UNSPECIFIED.,
  .F.,.F.,(2,2),(-1.5100006,5.999999999062E-07),
  .PIECEWISE_BEZIER_KNOTS.);
#11622 = CARTESIAN_POINT('',(14.7100006,-135.5525015644));
#11623 = CARTESIAN_POINT('',(13.1999994,-135.5525015644));
#11624 = ( GEOMETRIC_REPRESENTATION_CONTEXT(2) 
PARAMETRIC_REPRESENTATION_CONTEXT() REPRESENTATION_CONTEXT('2D SPACE',''
  ) );
#11625 = PCURVE('',#11471,#11626);
#11626 = DEFINITIONAL_REPRESENTATION('',(#11627),#11630);
#11627 = B_SPLINE_CURVE_WITH_KNOTS('',1,(#11628,#11629),.UNSPECIFIED.,
  .F.,.F.,(2,2),(-1.5,-0.),.PIECEWISE_BEZIER_KNOTS.);
#11628 = CARTESIAN_POINT('',(-3.815723160257,-1.5));
#11629 = CARTESIAN_POINT('',(-3.815723160257,0.));
#11630 = ( GEOMETRIC_REPRESENTATION_CONTEXT(2) 
PARAMETRIC_REPRESENTATION_CONTEXT() REPRESENTATION_CONTEXT('2D SPACE',''
  ) );
#11631 = ADVANCED_FACE('',(#11632),#4529,.T.);
#11632 = FACE_BOUND('',#11633,.T.);
#11633 = EDGE_LOOP('',(#11634,#11655,#11656,#11657));
#11634 = ORIENTED_EDGE('',*,*,#11635,.T.);
#11635 = EDGE_CURVE('',#11636,#4481,#11638,.T.);
#11636 = VERTEX_POINT('',#11637);
#11637 = CARTESIAN_POINT('',(-86.49799919935,77.1,36.2));
#11638 = SURFACE_CURVE('',#11639,(#11643,#11649),.PCURVE_S1.);
#11639 = LINE('',#11640,#11641);
#11640 = CARTESIAN_POINT('',(-86.49799919935,77.1,22.5));
#11641 = VECTOR('',#11642,1.);
#11642 = DIRECTION('',(-0.,-0.,-1.));
#11643 = PCURVE('',#4529,#11644);
#11644 = DEFINITIONAL_REPRESENTATION('',(#11645),#11648);
#11645 = B_SPLINE_CURVE_WITH_KNOTS('',1,(#11646,#11647),.UNSPECIFIED.,
  .F.,.F.,(2,2),(-13.7000006,5.999999999062E-07),
  .PIECEWISE_BEZIER_KNOTS.);
#11646 = CARTESIAN_POINT('',(14.7000006,5.802000800641));
#11647 = CARTESIAN_POINT('',(0.9999994,5.802000800641));
#11648 = ( GEOMETRIC_REPRESENTATION_CONTEXT(2) 
PARAMETRIC_REPRESENTATION_CONTEXT() REPRESENTATION_CONTEXT('2D SPACE',''
  ) );
#11649 = PCURVE('',#4501,#11650);
#11650 = DEFINITIONAL_REPRESENTATION('',(#11651),#11654);
#11651 = B_SPLINE_CURVE_WITH_KNOTS('',1,(#11652,#11653),.UNSPECIFIED.,
  .F.,.F.,(2,2),(-13.7,0.),.PIECEWISE_BEZIER_KNOTS.);
#11652 = CARTESIAN_POINT('',(-10.0999094937,-13.7));
#11653 = CARTESIAN_POINT('',(-10.0999094937,0.));
#11654 = ( GEOMETRIC_REPRESENTATION_CONTEXT(2) 
PARAMETRIC_REPRESENTATION_CONTEXT() REPRESENTATION_CONTEXT('2D SPACE',''
  ) );
#11655 = ORIENTED_EDGE('',*,*,#4513,.T.);
#11656 = ORIENTED_EDGE('',*,*,#11170,.T.);
#11657 = ORIENTED_EDGE('',*,*,#11658,.F.);
#11658 = EDGE_CURVE('',#11636,#11146,#11659,.T.);
#11659 = SURFACE_CURVE('',#11660,(#11664,#11670),.PCURVE_S1.);
#11660 = LINE('',#11661,#11662);
#11661 = CARTESIAN_POINT('',(-91.4,77.1,36.2));
#11662 = VECTOR('',#11663,1.);
#11663 = DIRECTION('',(-1.,0.,0.));
#11664 = PCURVE('',#4529,#11665);
#11665 = DEFINITIONAL_REPRESENTATION('',(#11666),#11669);
#11666 = B_SPLINE_CURVE_WITH_KNOTS('',1,(#11667,#11668),.UNSPECIFIED.,
  .F.,.F.,(2,2),(-181.9,-0.9),.PIECEWISE_BEZIER_KNOTS.);
#11667 = CARTESIAN_POINT('',(14.7,182.8));
#11668 = CARTESIAN_POINT('',(14.7,1.8));
#11669 = ( GEOMETRIC_REPRESENTATION_CONTEXT(2) 
PARAMETRIC_REPRESENTATION_CONTEXT() REPRESENTATION_CONTEXT('2D SPACE',''
  ) );
#11670 = PCURVE('',#5984,#11671);
#11671 = DEFINITIONAL_REPRESENTATION('',(#11672),#11676);
#11672 = LINE('',#11673,#11674);
#11673 = CARTESIAN_POINT('',(-0.9,74.6));
#11674 = VECTOR('',#11675,1.);
#11675 = DIRECTION('',(-1.,0.));
#11676 = ( GEOMETRIC_REPRESENTATION_CONTEXT(2) 
PARAMETRIC_REPRESENTATION_CONTEXT() REPRESENTATION_CONTEXT('2D SPACE',''
  ) );
#11677 = ADVANCED_FACE('',(#11678),#4501,.T.);
#11678 = FACE_BOUND('',#11679,.F.);
#11679 = EDGE_LOOP('',(#11680,#11681,#11702,#11724));
#11680 = ORIENTED_EDGE('',*,*,#4480,.T.);
#11681 = ORIENTED_EDGE('',*,*,#11682,.F.);
#11682 = EDGE_CURVE('',#11683,#4454,#11685,.T.);
#11683 = VERTEX_POINT('',#11684);
#11684 = CARTESIAN_POINT('',(-81.50200080064,77.1,36.2));
#11685 = SURFACE_CURVE('',#11686,(#11690,#11696),.PCURVE_S1.);
#11686 = LINE('',#11687,#11688);
#11687 = CARTESIAN_POINT('',(-81.50200080064,77.1,22.5));
#11688 = VECTOR('',#11689,1.);
#11689 = DIRECTION('',(-0.,-0.,-1.));
#11690 = PCURVE('',#4501,#11691);
#11691 = DEFINITIONAL_REPRESENTATION('',(#11692),#11695);
#11692 = B_SPLINE_CURVE_WITH_KNOTS('',1,(#11693,#11694),.UNSPECIFIED.,
  .F.,.F.,(2,2),(-13.7,-0.),.PIECEWISE_BEZIER_KNOTS.);
#11693 = CARTESIAN_POINT('',(-5.608053774243,-13.7));
#11694 = CARTESIAN_POINT('',(-5.608053774243,0.));
#11695 = ( GEOMETRIC_REPRESENTATION_CONTEXT(2) 
PARAMETRIC_REPRESENTATION_CONTEXT() REPRESENTATION_CONTEXT('2D SPACE',''
  ) );
#11696 = PCURVE('',#4469,#11697);
#11697 = DEFINITIONAL_REPRESENTATION('',(#11698),#11701);
#11698 = B_SPLINE_CURVE_WITH_KNOTS('',1,(#11699,#11700),.UNSPECIFIED.,
  .F.,.F.,(2,2),(-13.7000006,5.999999999062E-07),
  .PIECEWISE_BEZIER_KNOTS.);
#11699 = CARTESIAN_POINT('',(14.7000006,10.797999199359));
#11700 = CARTESIAN_POINT('',(0.9999994,10.797999199359));
#11701 = ( GEOMETRIC_REPRESENTATION_CONTEXT(2) 
PARAMETRIC_REPRESENTATION_CONTEXT() REPRESENTATION_CONTEXT('2D SPACE',''
  ) );
#11702 = ORIENTED_EDGE('',*,*,#11703,.T.);
#11703 = EDGE_CURVE('',#11683,#11636,#11704,.T.);
#11704 = SURFACE_CURVE('',#11705,(#11710,#11717),.PCURVE_S1.);
#11705 = CIRCLE('',#11706,3.2);
#11706 = AXIS2_PLACEMENT_3D('',#11707,#11708,#11709);
#11707 = CARTESIAN_POINT('',(-84.,79.1,36.2));
#11708 = DIRECTION('',(-0.,0.,1.));
#11709 = DIRECTION('',(0.7806247498,-0.625,0.));
#11710 = PCURVE('',#4501,#11711);
#11711 = DEFINITIONAL_REPRESENTATION('',(#11712),#11716);
#11712 = LINE('',#11713,#11714);
#11713 = CARTESIAN_POINT('',(-5.608053774243,-13.7));
#11714 = VECTOR('',#11715,1.);
#11715 = DIRECTION('',(-1.,0.));
#11716 = ( GEOMETRIC_REPRESENTATION_CONTEXT(2) 
PARAMETRIC_REPRESENTATION_CONTEXT() REPRESENTATION_CONTEXT('2D SPACE',''
  ) );
#11717 = PCURVE('',#5984,#11718);
#11718 = DEFINITIONAL_REPRESENTATION('',(#11719),#11723);
#11719 = CIRCLE('',#11720,3.2);
#11720 = AXIS2_PLACEMENT_2D('',#11721,#11722);
#11721 = CARTESIAN_POINT('',(6.5,76.6));
#11722 = DIRECTION('',(0.7806247498,-0.625));
#11723 = ( GEOMETRIC_REPRESENTATION_CONTEXT(2) 
PARAMETRIC_REPRESENTATION_CONTEXT() REPRESENTATION_CONTEXT('2D SPACE',''
  ) );
#11724 = ORIENTED_EDGE('',*,*,#11635,.T.);
#11725 = ADVANCED_FACE('',(#11726),#4469,.T.);
#11726 = FACE_BOUND('',#11727,.T.);
#11727 = EDGE_LOOP('',(#11728,#11749,#11750,#11751));
#11728 = ORIENTED_EDGE('',*,*,#11729,.T.);
#11729 = EDGE_CURVE('',#11730,#4421,#11732,.T.);
#11730 = VERTEX_POINT('',#11731);
#11731 = CARTESIAN_POINT('',(81.502000800641,77.1,36.2));
#11732 = SURFACE_CURVE('',#11733,(#11737,#11743),.PCURVE_S1.);
#11733 = LINE('',#11734,#11735);
#11734 = CARTESIAN_POINT('',(81.502000800641,77.1,22.5));
#11735 = VECTOR('',#11736,1.);
#11736 = DIRECTION('',(-0.,-0.,-1.));
#11737 = PCURVE('',#4469,#11738);
#11738 = DEFINITIONAL_REPRESENTATION('',(#11739),#11742);
#11739 = B_SPLINE_CURVE_WITH_KNOTS('',1,(#11740,#11741),.UNSPECIFIED.,
  .F.,.F.,(2,2),(-13.7000006,5.999999999062E-07),
  .PIECEWISE_BEZIER_KNOTS.);
#11740 = CARTESIAN_POINT('',(14.7000006,173.80200080064));
#11741 = CARTESIAN_POINT('',(0.9999994,173.80200080064));
#11742 = ( GEOMETRIC_REPRESENTATION_CONTEXT(2) 
PARAMETRIC_REPRESENTATION_CONTEXT() REPRESENTATION_CONTEXT('2D SPACE',''
  ) );
#11743 = PCURVE('',#4441,#11744);
#11744 = DEFINITIONAL_REPRESENTATION('',(#11745),#11748);
#11745 = B_SPLINE_CURVE_WITH_KNOTS('',1,(#11746,#11747),.UNSPECIFIED.,
  .F.,.F.,(2,2),(-13.7,0.),.PIECEWISE_BEZIER_KNOTS.);
#11746 = CARTESIAN_POINT('',(-10.0999094937,-13.7));
#11747 = CARTESIAN_POINT('',(-10.0999094937,0.));
#11748 = ( GEOMETRIC_REPRESENTATION_CONTEXT(2) 
PARAMETRIC_REPRESENTATION_CONTEXT() REPRESENTATION_CONTEXT('2D SPACE',''
  ) );
#11749 = ORIENTED_EDGE('',*,*,#4453,.T.);
#11750 = ORIENTED_EDGE('',*,*,#11682,.F.);
#11751 = ORIENTED_EDGE('',*,*,#11752,.F.);
#11752 = EDGE_CURVE('',#11730,#11683,#11753,.T.);
#11753 = SURFACE_CURVE('',#11754,(#11758,#11764),.PCURVE_S1.);
#11754 = LINE('',#11755,#11756);
#11755 = CARTESIAN_POINT('',(-91.4,77.1,36.2));
#11756 = VECTOR('',#11757,1.);
#11757 = DIRECTION('',(-1.,0.,0.));
#11758 = PCURVE('',#4469,#11759);
#11759 = DEFINITIONAL_REPRESENTATION('',(#11760),#11763);
#11760 = B_SPLINE_CURVE_WITH_KNOTS('',1,(#11761,#11762),.UNSPECIFIED.,
  .F.,.F.,(2,2),(-181.9,-0.9),.PIECEWISE_BEZIER_KNOTS.);
#11761 = CARTESIAN_POINT('',(14.7,182.8));
#11762 = CARTESIAN_POINT('',(14.7,1.8));
#11763 = ( GEOMETRIC_REPRESENTATION_CONTEXT(2) 
PARAMETRIC_REPRESENTATION_CONTEXT() REPRESENTATION_CONTEXT('2D SPACE',''
  ) );
#11764 = PCURVE('',#5984,#11765);
#11765 = DEFINITIONAL_REPRESENTATION('',(#11766),#11770);
#11766 = LINE('',#11767,#11768);
#11767 = CARTESIAN_POINT('',(-0.9,74.6));
#11768 = VECTOR('',#11769,1.);
#11769 = DIRECTION('',(-1.,0.));
#11770 = ( GEOMETRIC_REPRESENTATION_CONTEXT(2) 
PARAMETRIC_REPRESENTATION_CONTEXT() REPRESENTATION_CONTEXT('2D SPACE',''
  ) );
#11771 = ADVANCED_FACE('',(#11772),#4441,.T.);
#11772 = FACE_BOUND('',#11773,.F.);
#11773 = EDGE_LOOP('',(#11774,#11775,#11796,#11818));
#11774 = ORIENTED_EDGE('',*,*,#4420,.T.);
#11775 = ORIENTED_EDGE('',*,*,#11776,.F.);
#11776 = EDGE_CURVE('',#11777,#4394,#11779,.T.);
#11777 = VERTEX_POINT('',#11778);
#11778 = CARTESIAN_POINT('',(86.497999199359,77.1,36.2));
#11779 = SURFACE_CURVE('',#11780,(#11784,#11790),.PCURVE_S1.);
#11780 = LINE('',#11781,#11782);
#11781 = CARTESIAN_POINT('',(86.497999199359,77.1,22.5));
#11782 = VECTOR('',#11783,1.);
#11783 = DIRECTION('',(-0.,-0.,-1.));
#11784 = PCURVE('',#4441,#11785);
#11785 = DEFINITIONAL_REPRESENTATION('',(#11786),#11789);
#11786 = B_SPLINE_CURVE_WITH_KNOTS('',1,(#11787,#11788),.UNSPECIFIED.,
  .F.,.F.,(2,2),(-13.7,-0.),.PIECEWISE_BEZIER_KNOTS.);
#11787 = CARTESIAN_POINT('',(-5.608053774243,-13.7));
#11788 = CARTESIAN_POINT('',(-5.608053774243,0.));
#11789 = ( GEOMETRIC_REPRESENTATION_CONTEXT(2) 
PARAMETRIC_REPRESENTATION_CONTEXT() REPRESENTATION_CONTEXT('2D SPACE',''
  ) );
#11790 = PCURVE('',#4409,#11791);
#11791 = DEFINITIONAL_REPRESENTATION('',(#11792),#11795);
#11792 = B_SPLINE_CURVE_WITH_KNOTS('',1,(#11793,#11794),.UNSPECIFIED.,
  .F.,.F.,(2,2),(-13.7000006,5.999999999062E-07),
  .PIECEWISE_BEZIER_KNOTS.);
#11793 = CARTESIAN_POINT('',(14.7000006,178.79799919935));
#11794 = CARTESIAN_POINT('',(0.9999994,178.79799919935));
#11795 = ( GEOMETRIC_REPRESENTATION_CONTEXT(2) 
PARAMETRIC_REPRESENTATION_CONTEXT() REPRESENTATION_CONTEXT('2D SPACE',''
  ) );
#11796 = ORIENTED_EDGE('',*,*,#11797,.T.);
#11797 = EDGE_CURVE('',#11777,#11730,#11798,.T.);
#11798 = SURFACE_CURVE('',#11799,(#11804,#11811),.PCURVE_S1.);
#11799 = CIRCLE('',#11800,3.2);
#11800 = AXIS2_PLACEMENT_3D('',#11801,#11802,#11803);
#11801 = CARTESIAN_POINT('',(84.,79.1,36.2));
#11802 = DIRECTION('',(-0.,0.,1.));
#11803 = DIRECTION('',(0.7806247498,-0.625,0.));
#11804 = PCURVE('',#4441,#11805);
#11805 = DEFINITIONAL_REPRESENTATION('',(#11806),#11810);
#11806 = LINE('',#11807,#11808);
#11807 = CARTESIAN_POINT('',(-5.608053774243,-13.7));
#11808 = VECTOR('',#11809,1.);
#11809 = DIRECTION('',(-1.,0.));
#11810 = ( GEOMETRIC_REPRESENTATION_CONTEXT(2) 
PARAMETRIC_REPRESENTATION_CONTEXT() REPRESENTATION_CONTEXT('2D SPACE',''
  ) );
#11811 = PCURVE('',#5984,#11812);
#11812 = DEFINITIONAL_REPRESENTATION('',(#11813),#11817);
#11813 = CIRCLE('',#11814,3.2);
#11814 = AXIS2_PLACEMENT_2D('',#11815,#11816);
#11815 = CARTESIAN_POINT('',(174.5,76.6));
#11816 = DIRECTION('',(0.7806247498,-0.625));
#11817 = ( GEOMETRIC_REPRESENTATION_CONTEXT(2) 
PARAMETRIC_REPRESENTATION_CONTEXT() REPRESENTATION_CONTEXT('2D SPACE',''
  ) );
#11818 = ORIENTED_EDGE('',*,*,#11729,.T.);
#11819 = ADVANCED_FACE('',(#11820),#4409,.T.);
#11820 = FACE_BOUND('',#11821,.T.);
#11821 = EDGE_LOOP('',(#11822,#11843,#11844,#11845));
#11822 = ORIENTED_EDGE('',*,*,#11823,.F.);
#11823 = EDGE_CURVE('',#4367,#11824,#11826,.T.);
#11824 = VERTEX_POINT('',#11825);
#11825 = CARTESIAN_POINT('',(90.5,77.1,36.2));
#11826 = SURFACE_CURVE('',#11827,(#11831,#11837),.PCURVE_S1.);
#11827 = LINE('',#11828,#11829);
#11828 = CARTESIAN_POINT('',(90.5,77.1,21.5));
#11829 = VECTOR('',#11830,1.);
#11830 = DIRECTION('',(0.,0.,1.));
#11831 = PCURVE('',#4409,#11832);
#11832 = DEFINITIONAL_REPRESENTATION('',(#11833),#11836);
#11833 = B_SPLINE_CURVE_WITH_KNOTS('',1,(#11834,#11835),.UNSPECIFIED.,
  .F.,.F.,(2,2),(0.,14.7),.PIECEWISE_BEZIER_KNOTS.);
#11834 = CARTESIAN_POINT('',(0.,182.8));
#11835 = CARTESIAN_POINT('',(14.7,182.8));
#11836 = ( GEOMETRIC_REPRESENTATION_CONTEXT(2) 
PARAMETRIC_REPRESENTATION_CONTEXT() REPRESENTATION_CONTEXT('2D SPACE',''
  ) );
#11837 = PCURVE('',#4382,#11838);
#11838 = DEFINITIONAL_REPRESENTATION('',(#11839),#11842);
#11839 = B_SPLINE_CURVE_WITH_KNOTS('',1,(#11840,#11841),.UNSPECIFIED.,
  .F.,.F.,(2,2),(0.,14.7),.PIECEWISE_BEZIER_KNOTS.);
#11840 = CARTESIAN_POINT('',(0.,-74.6));
#11841 = CARTESIAN_POINT('',(14.7,-74.6));
#11842 = ( GEOMETRIC_REPRESENTATION_CONTEXT(2) 
PARAMETRIC_REPRESENTATION_CONTEXT() REPRESENTATION_CONTEXT('2D SPACE',''
  ) );
#11843 = ORIENTED_EDGE('',*,*,#4393,.T.);
#11844 = ORIENTED_EDGE('',*,*,#11776,.F.);
#11845 = ORIENTED_EDGE('',*,*,#11846,.F.);
#11846 = EDGE_CURVE('',#11824,#11777,#11847,.T.);
#11847 = SURFACE_CURVE('',#11848,(#11852,#11858),.PCURVE_S1.);
#11848 = LINE('',#11849,#11850);
#11849 = CARTESIAN_POINT('',(-91.4,77.1,36.2));
#11850 = VECTOR('',#11851,1.);
#11851 = DIRECTION('',(-1.,0.,0.));
#11852 = PCURVE('',#4409,#11853);
#11853 = DEFINITIONAL_REPRESENTATION('',(#11854),#11857);
#11854 = B_SPLINE_CURVE_WITH_KNOTS('',1,(#11855,#11856),.UNSPECIFIED.,
  .F.,.F.,(2,2),(-181.9,-0.9),.PIECEWISE_BEZIER_KNOTS.);
#11855 = CARTESIAN_POINT('',(14.7,182.8));
#11856 = CARTESIAN_POINT('',(14.7,1.8));
#11857 = ( GEOMETRIC_REPRESENTATION_CONTEXT(2) 
PARAMETRIC_REPRESENTATION_CONTEXT() REPRESENTATION_CONTEXT('2D SPACE',''
  ) );
#11858 = PCURVE('',#5984,#11859);
#11859 = DEFINITIONAL_REPRESENTATION('',(#11860),#11864);
#11860 = LINE('',#11861,#11862);
#11861 = CARTESIAN_POINT('',(-0.9,74.6));
#11862 = VECTOR('',#11863,1.);
#11863 = DIRECTION('',(-1.,0.));
#11864 = ( GEOMETRIC_REPRESENTATION_CONTEXT(2) 
PARAMETRIC_REPRESENTATION_CONTEXT() REPRESENTATION_CONTEXT('2D SPACE',''
  ) );
#11865 = ADVANCED_FACE('',(#11866),#4382,.F.);
#11866 = FACE_BOUND('',#11867,.F.);
#11867 = EDGE_LOOP('',(#11868,#11891,#11892,#11893,#11916,#11944,#11970,
    #11996,#12024,#12050,#12078,#12104,#12130,#12153,#12179,#12205,
    #12233,#12259,#12287,#12308));
#11868 = ORIENTED_EDGE('',*,*,#11869,.F.);
#11869 = EDGE_CURVE('',#11824,#11870,#11872,.T.);
#11870 = VERTEX_POINT('',#11871);
#11871 = CARTESIAN_POINT('',(90.5,138.05250156445,36.2));
#11872 = SURFACE_CURVE('',#11873,(#11877,#11884),.PCURVE_S1.);
#11873 = LINE('',#11874,#11875);
#11874 = CARTESIAN_POINT('',(90.5,2.5,36.2));
#11875 = VECTOR('',#11876,1.);
#11876 = DIRECTION('',(0.,1.,0.));
#11877 = PCURVE('',#4382,#11878);
#11878 = DEFINITIONAL_REPRESENTATION('',(#11879),#11883);
#11879 = LINE('',#11880,#11881);
#11880 = CARTESIAN_POINT('',(14.7,0.));
#11881 = VECTOR('',#11882,1.);
#11882 = DIRECTION('',(0.,-1.));
#11883 = ( GEOMETRIC_REPRESENTATION_CONTEXT(2) 
PARAMETRIC_REPRESENTATION_CONTEXT() REPRESENTATION_CONTEXT('2D SPACE',''
  ) );
#11884 = PCURVE('',#5984,#11885);
#11885 = DEFINITIONAL_REPRESENTATION('',(#11886),#11890);
#11886 = LINE('',#11887,#11888);
#11887 = CARTESIAN_POINT('',(181.,0.));
#11888 = VECTOR('',#11889,1.);
#11889 = DIRECTION('',(0.,1.));
#11890 = ( GEOMETRIC_REPRESENTATION_CONTEXT(2) 
PARAMETRIC_REPRESENTATION_CONTEXT() REPRESENTATION_CONTEXT('2D SPACE',''
  ) );
#11891 = ORIENTED_EDGE('',*,*,#11823,.F.);
#11892 = ORIENTED_EDGE('',*,*,#4366,.T.);
#11893 = ORIENTED_EDGE('',*,*,#11894,.T.);
#11894 = EDGE_CURVE('',#4340,#11895,#11897,.T.);
#11895 = VERTEX_POINT('',#11896);
#11896 = CARTESIAN_POINT('',(90.5,151.5,36.2));
#11897 = SURFACE_CURVE('',#11898,(#11902,#11909),.PCURVE_S1.);
#11898 = LINE('',#11899,#11900);
#11899 = CARTESIAN_POINT('',(90.5,151.5,21.5));
#11900 = VECTOR('',#11901,1.);
#11901 = DIRECTION('',(0.,0.,1.));
#11902 = PCURVE('',#4382,#11903);
#11903 = DEFINITIONAL_REPRESENTATION('',(#11904),#11908);
#11904 = LINE('',#11905,#11906);
#11905 = CARTESIAN_POINT('',(0.,-149.));
#11906 = VECTOR('',#11907,1.);
#11907 = DIRECTION('',(1.,0.));
#11908 = ( GEOMETRIC_REPRESENTATION_CONTEXT(2) 
PARAMETRIC_REPRESENTATION_CONTEXT() REPRESENTATION_CONTEXT('2D SPACE',''
  ) );
#11909 = PCURVE('',#4355,#11910);
#11910 = DEFINITIONAL_REPRESENTATION('',(#11911),#11915);
#11911 = LINE('',#11912,#11913);
#11912 = CARTESIAN_POINT('',(0.,181.));
#11913 = VECTOR('',#11914,1.);
#11914 = DIRECTION('',(1.,0.));
#11915 = ( GEOMETRIC_REPRESENTATION_CONTEXT(2) 
PARAMETRIC_REPRESENTATION_CONTEXT() REPRESENTATION_CONTEXT('2D SPACE',''
  ) );
#11916 = ORIENTED_EDGE('',*,*,#11917,.F.);
#11917 = EDGE_CURVE('',#11918,#11895,#11920,.T.);
#11918 = VERTEX_POINT('',#11919);
#11919 = CARTESIAN_POINT('',(90.5,150.84749843554,36.2));
#11920 = SURFACE_CURVE('',#11921,(#11925,#11932),.PCURVE_S1.);
#11921 = LINE('',#11922,#11923);
#11922 = CARTESIAN_POINT('',(90.5,2.5,36.2));
#11923 = VECTOR('',#11924,1.);
#11924 = DIRECTION('',(0.,1.,0.));
#11925 = PCURVE('',#4382,#11926);
#11926 = DEFINITIONAL_REPRESENTATION('',(#11927),#11931);
#11927 = LINE('',#11928,#11929);
#11928 = CARTESIAN_POINT('',(14.7,0.));
#11929 = VECTOR('',#11930,1.);
#11930 = DIRECTION('',(0.,-1.));
#11931 = ( GEOMETRIC_REPRESENTATION_CONTEXT(2) 
PARAMETRIC_REPRESENTATION_CONTEXT() REPRESENTATION_CONTEXT('2D SPACE',''
  ) );
#11932 = PCURVE('',#11933,#11938);
#11933 = PLANE('',#11934);
#11934 = AXIS2_PLACEMENT_3D('',#11935,#11936,#11937);
#11935 = CARTESIAN_POINT('',(-90.5,2.5,36.2));
#11936 = DIRECTION('',(0.,0.,1.));
#11937 = DIRECTION('',(1.,0.,0.));
#11938 = DEFINITIONAL_REPRESENTATION('',(#11939),#11943);
#11939 = LINE('',#11940,#11941);
#11940 = CARTESIAN_POINT('',(181.,0.));
#11941 = VECTOR('',#11942,1.);
#11942 = DIRECTION('',(0.,1.));
#11943 = ( GEOMETRIC_REPRESENTATION_CONTEXT(2) 
PARAMETRIC_REPRESENTATION_CONTEXT() REPRESENTATION_CONTEXT('2D SPACE',''
  ) );
#11944 = ORIENTED_EDGE('',*,*,#11945,.T.);
#11945 = EDGE_CURVE('',#11918,#11946,#11948,.T.);
#11946 = VERTEX_POINT('',#11947);
#11947 = CARTESIAN_POINT('',(90.5,150.84749843554,34.7));
#11948 = SURFACE_CURVE('',#11949,(#11953,#11959),.PCURVE_S1.);
#11949 = LINE('',#11950,#11951);
#11950 = CARTESIAN_POINT('',(90.5,150.84749843554,34.7));
#11951 = VECTOR('',#11952,1.);
#11952 = DIRECTION('',(-0.,-0.,-1.));
#11953 = PCURVE('',#4382,#11954);
#11954 = DEFINITIONAL_REPRESENTATION('',(#11955),#11958);
#11955 = B_SPLINE_CURVE_WITH_KNOTS('',1,(#11956,#11957),.UNSPECIFIED.,
  .F.,.F.,(2,2),(-1.5100006,5.999999999062E-07),
  .PIECEWISE_BEZIER_KNOTS.);
#11956 = CARTESIAN_POINT('',(14.7100006,-148.3474984355));
#11957 = CARTESIAN_POINT('',(13.1999994,-148.3474984355));
#11958 = ( GEOMETRIC_REPRESENTATION_CONTEXT(2) 
PARAMETRIC_REPRESENTATION_CONTEXT() REPRESENTATION_CONTEXT('2D SPACE',''
  ) );
#11959 = PCURVE('',#11960,#11965);
#11960 = CYLINDRICAL_SURFACE('',#11961,3.2);
#11961 = AXIS2_PLACEMENT_3D('',#11962,#11963,#11964);
#11962 = CARTESIAN_POINT('',(88.,148.85,34.7));
#11963 = DIRECTION('',(-0.,-0.,-1.));
#11964 = DIRECTION('',(1.,0.,0.));
#11965 = DEFINITIONAL_REPRESENTATION('',(#11966),#11969);
#11966 = B_SPLINE_CURVE_WITH_KNOTS('',1,(#11967,#11968),.UNSPECIFIED.,
  .F.,.F.,(2,2),(-1.5100006,5.999999999062E-07),
  .PIECEWISE_BEZIER_KNOTS.);
#11967 = CARTESIAN_POINT('',(-0.674130506667,-1.5100006));
#11968 = CARTESIAN_POINT('',(-0.674130506667,5.999999999062E-07));
#11969 = ( GEOMETRIC_REPRESENTATION_CONTEXT(2) 
PARAMETRIC_REPRESENTATION_CONTEXT() REPRESENTATION_CONTEXT('2D SPACE',''
  ) );
#11970 = ORIENTED_EDGE('',*,*,#11971,.T.);
#11971 = EDGE_CURVE('',#11946,#11972,#11974,.T.);
#11972 = VERTEX_POINT('',#11973);
#11973 = CARTESIAN_POINT('',(90.5,149.84495897772,34.7));
#11974 = SURFACE_CURVE('',#11975,(#11979,#11985),.PCURVE_S1.);
#11975 = LINE('',#11976,#11977);
#11976 = CARTESIAN_POINT('',(90.5,75.675,34.7));
#11977 = VECTOR('',#11978,1.);
#11978 = DIRECTION('',(0.,-1.,0.));
#11979 = PCURVE('',#4382,#11980);
#11980 = DEFINITIONAL_REPRESENTATION('',(#11981),#11984);
#11981 = B_SPLINE_CURVE_WITH_KNOTS('',1,(#11982,#11983),.UNSPECIFIED.,
  .F.,.F.,(2,2),(-75.825,-69.975),.PIECEWISE_BEZIER_KNOTS.);
#11982 = CARTESIAN_POINT('',(13.2,-149.));
#11983 = CARTESIAN_POINT('',(13.2,-143.15));
#11984 = ( GEOMETRIC_REPRESENTATION_CONTEXT(2) 
PARAMETRIC_REPRESENTATION_CONTEXT() REPRESENTATION_CONTEXT('2D SPACE',''
  ) );
#11985 = PCURVE('',#11986,#11991);
#11986 = PLANE('',#11987);
#11987 = AXIS2_PLACEMENT_3D('',#11988,#11989,#11990);
#11988 = CARTESIAN_POINT('',(88.,148.85,34.7));
#11989 = DIRECTION('',(0.,0.,1.));
#11990 = DIRECTION('',(1.,0.,-0.));
#11991 = DEFINITIONAL_REPRESENTATION('',(#11992),#11995);
#11992 = B_SPLINE_CURVE_WITH_KNOTS('',1,(#11993,#11994),.UNSPECIFIED.,
  .F.,.F.,(2,2),(-75.825,-69.975),.PIECEWISE_BEZIER_KNOTS.);
#11993 = CARTESIAN_POINT('',(2.5,2.65));
#11994 = CARTESIAN_POINT('',(2.5,-3.2));
#11995 = ( GEOMETRIC_REPRESENTATION_CONTEXT(2) 
PARAMETRIC_REPRESENTATION_CONTEXT() REPRESENTATION_CONTEXT('2D SPACE',''
  ) );
#11996 = ORIENTED_EDGE('',*,*,#11997,.T.);
#11997 = EDGE_CURVE('',#11972,#11998,#12000,.T.);
#11998 = VERTEX_POINT('',#11999);
#11999 = CARTESIAN_POINT('',(90.5,149.86980390271,34.69));
#12000 = SURFACE_CURVE('',#12001,(#12006,#12013),.PCURVE_S1.);
#12001 = HYPERBOLA('',#12002,2.692307692308,2.5);
#12002 = AXIS2_PLACEMENT_3D('',#12003,#12004,#12005);
#12003 = CARTESIAN_POINT('',(90.5,148.85,37.597692307692));
#12004 = DIRECTION('',(1.,0.,0.));
#12005 = DIRECTION('',(0.,0.,-1.));
#12006 = PCURVE('',#4382,#12007);
#12007 = DEFINITIONAL_REPRESENTATION('',(#12008),#12012);
#12008 = ( BOUNDED_CURVE() B_SPLINE_CURVE(2,(#12009,#12010,#12011),
.UNSPECIFIED.,.F.,.F.) B_SPLINE_CURVE_WITH_KNOTS((3,3),(0.,
0.397380220698),.PIECEWISE_BEZIER_KNOTS.) CURVE() 
GEOMETRIC_REPRESENTATION_ITEM() RATIONAL_B_SPLINE_CURVE((1.,
1.019803902719,1.)) REPRESENTATION_ITEM('') );
#12009 = CARTESIAN_POINT('',(13.405384615385,-146.35));
#12010 = CARTESIAN_POINT('',(13.405384615385,-146.8402903378));
#12011 = CARTESIAN_POINT('',(13.19,-147.3698039027));
#12012 = ( GEOMETRIC_REPRESENTATION_CONTEXT(2) 
PARAMETRIC_REPRESENTATION_CONTEXT() REPRESENTATION_CONTEXT('2D SPACE',''
  ) );
#12013 = PCURVE('',#11130,#12014);
#12014 = DEFINITIONAL_REPRESENTATION('',(#12015),#12023);
#12015 = B_SPLINE_CURVE_WITH_KNOTS('',6,(#12016,#12017,#12018,#12019,
    #12020,#12021,#12022),.UNSPECIFIED.,.F.,.F.,(7,7),(0.,0.397380220698
    ),.PIECEWISE_BEZIER_KNOTS.);
#12016 = CARTESIAN_POINT('',(0.,-0.215384615385));
#12017 = CARTESIAN_POINT('',(-6.623003678308E-02,-0.215384615385));
#12018 = CARTESIAN_POINT('',(-0.132460002543,-0.201213110931));
#12019 = CARTESIAN_POINT('',(-0.198167511711,-0.172870108207));
#12020 = CARTESIAN_POINT('',(-0.262827583872,-0.130169100255));
#12021 = CARTESIAN_POINT('',(-0.325992492756,-7.273716152616E-02));
#12022 = CARTESIAN_POINT('',(-0.387316600889,1.32861758125E-15));
#12023 = ( GEOMETRIC_REPRESENTATION_CONTEXT(2) 
PARAMETRIC_REPRESENTATION_CONTEXT() REPRESENTATION_CONTEXT('2D SPACE',''
  ) );
#12024 = ORIENTED_EDGE('',*,*,#12025,.T.);
#12025 = EDGE_CURVE('',#11998,#12026,#12028,.T.);
#12026 = VERTEX_POINT('',#12027);
#12027 = CARTESIAN_POINT('',(90.5,147.83019609728,34.69));
#12028 = SURFACE_CURVE('',#12029,(#12033,#12039),.PCURVE_S1.);
#12029 = LINE('',#12030,#12031);
#12030 = CARTESIAN_POINT('',(90.5,75.675,34.69));
#12031 = VECTOR('',#12032,1.);
#12032 = DIRECTION('',(0.,-1.,0.));
#12033 = PCURVE('',#4382,#12034);
#12034 = DEFINITIONAL_REPRESENTATION('',(#12035),#12038);
#12035 = B_SPLINE_CURVE_WITH_KNOTS('',1,(#12036,#12037),.UNSPECIFIED.,
  .F.,.F.,(2,2),(-75.825,-70.475),.PIECEWISE_BEZIER_KNOTS.);
#12036 = CARTESIAN_POINT('',(13.19,-149.));
#12037 = CARTESIAN_POINT('',(13.19,-143.65));
#12038 = ( GEOMETRIC_REPRESENTATION_CONTEXT(2) 
PARAMETRIC_REPRESENTATION_CONTEXT() REPRESENTATION_CONTEXT('2D SPACE',''
  ) );
#12039 = PCURVE('',#12040,#12045);
#12040 = PLANE('',#12041);
#12041 = AXIS2_PLACEMENT_3D('',#12042,#12043,#12044);
#12042 = CARTESIAN_POINT('',(88.,148.85,34.69));
#12043 = DIRECTION('',(0.,0.,1.));
#12044 = DIRECTION('',(1.,0.,0.));
#12045 = DEFINITIONAL_REPRESENTATION('',(#12046),#12049);
#12046 = B_SPLINE_CURVE_WITH_KNOTS('',1,(#12047,#12048),.UNSPECIFIED.,
  .F.,.F.,(2,2),(-75.825,-70.475),.PIECEWISE_BEZIER_KNOTS.);
#12047 = CARTESIAN_POINT('',(2.5,2.65));
#12048 = CARTESIAN_POINT('',(2.5,-2.7));
#12049 = ( GEOMETRIC_REPRESENTATION_CONTEXT(2) 
PARAMETRIC_REPRESENTATION_CONTEXT() REPRESENTATION_CONTEXT('2D SPACE',''
  ) );
#12050 = ORIENTED_EDGE('',*,*,#12051,.T.);
#12051 = EDGE_CURVE('',#12026,#12052,#12054,.T.);
#12052 = VERTEX_POINT('',#12053);
#12053 = CARTESIAN_POINT('',(90.5,147.85504102227,34.7));
#12054 = SURFACE_CURVE('',#12055,(#12060,#12067),.PCURVE_S1.);
#12055 = HYPERBOLA('',#12056,2.692307692308,2.5);
#12056 = AXIS2_PLACEMENT_3D('',#12057,#12058,#12059);
#12057 = CARTESIAN_POINT('',(90.5,148.85,37.597692307692));
#12058 = DIRECTION('',(1.,0.,0.));
#12059 = DIRECTION('',(0.,0.,-1.));
#12060 = PCURVE('',#4382,#12061);
#12061 = DEFINITIONAL_REPRESENTATION('',(#12062),#12066);
#12062 = ( BOUNDED_CURVE() B_SPLINE_CURVE(2,(#12063,#12064,#12065),
.UNSPECIFIED.,.F.,.F.) B_SPLINE_CURVE_WITH_KNOTS((3,3),(-0.397380220698,
0.),.PIECEWISE_BEZIER_KNOTS.) CURVE() GEOMETRIC_REPRESENTATION_ITEM() 
RATIONAL_B_SPLINE_CURVE((1.,1.019803902719,1.)) REPRESENTATION_ITEM('') 
  );
#12063 = CARTESIAN_POINT('',(13.19,-145.3301960972));
#12064 = CARTESIAN_POINT('',(13.405384615385,-145.8597096621));
#12065 = CARTESIAN_POINT('',(13.405384615385,-146.35));
#12066 = ( GEOMETRIC_REPRESENTATION_CONTEXT(2) 
PARAMETRIC_REPRESENTATION_CONTEXT() REPRESENTATION_CONTEXT('2D SPACE',''
  ) );
#12067 = PCURVE('',#11130,#12068);
#12068 = DEFINITIONAL_REPRESENTATION('',(#12069),#12077);
#12069 = B_SPLINE_CURVE_WITH_KNOTS('',6,(#12070,#12071,#12072,#12073,
    #12074,#12075,#12076),.UNSPECIFIED.,.F.,.F.,(7,7),(-0.397380220698,
    0.),.PIECEWISE_BEZIER_KNOTS.);
#12070 = CARTESIAN_POINT('',(-5.895868706291,1.32861758125E-15));
#12071 = CARTESIAN_POINT('',(-5.957192814423,-7.273716152616E-02));
#12072 = CARTESIAN_POINT('',(-6.020357723308,-0.130169100255));
#12073 = CARTESIAN_POINT('',(-6.085017795468,-0.172870108207));
#12074 = CARTESIAN_POINT('',(-6.150725304637,-0.201213110931));
#12075 = CARTESIAN_POINT('',(-6.216955270396,-0.215384615385));
#12076 = CARTESIAN_POINT('',(-6.28318530718,-0.215384615385));
#12077 = ( GEOMETRIC_REPRESENTATION_CONTEXT(2) 
PARAMETRIC_REPRESENTATION_CONTEXT() REPRESENTATION_CONTEXT('2D SPACE',''
  ) );
#12078 = ORIENTED_EDGE('',*,*,#12079,.T.);
#12079 = EDGE_CURVE('',#12052,#12080,#12082,.T.);
#12080 = VERTEX_POINT('',#12081);
#12081 = CARTESIAN_POINT('',(90.5,146.85250156445,34.7));
#12082 = SURFACE_CURVE('',#12083,(#12087,#12093),.PCURVE_S1.);
#12083 = LINE('',#12084,#12085);
#12084 = CARTESIAN_POINT('',(90.5,75.675,34.7));
#12085 = VECTOR('',#12086,1.);
#12086 = DIRECTION('',(0.,-1.,0.));
#12087 = PCURVE('',#4382,#12088);
#12088 = DEFINITIONAL_REPRESENTATION('',(#12089),#12092);
#12089 = B_SPLINE_CURVE_WITH_KNOTS('',1,(#12090,#12091),.UNSPECIFIED.,
  .F.,.F.,(2,2),(-75.825,-69.975),.PIECEWISE_BEZIER_KNOTS.);
#12090 = CARTESIAN_POINT('',(13.2,-149.));
#12091 = CARTESIAN_POINT('',(13.2,-143.15));
#12092 = ( GEOMETRIC_REPRESENTATION_CONTEXT(2) 
PARAMETRIC_REPRESENTATION_CONTEXT() REPRESENTATION_CONTEXT('2D SPACE',''
  ) );
#12093 = PCURVE('',#12094,#12099);
#12094 = PLANE('',#12095);
#12095 = AXIS2_PLACEMENT_3D('',#12096,#12097,#12098);
#12096 = CARTESIAN_POINT('',(88.,148.85,34.7));
#12097 = DIRECTION('',(0.,0.,1.));
#12098 = DIRECTION('',(1.,0.,-0.));
#12099 = DEFINITIONAL_REPRESENTATION('',(#12100),#12103);
#12100 = B_SPLINE_CURVE_WITH_KNOTS('',1,(#12101,#12102),.UNSPECIFIED.,
  .F.,.F.,(2,2),(-75.825,-69.975),.PIECEWISE_BEZIER_KNOTS.);
#12101 = CARTESIAN_POINT('',(2.5,2.65));
#12102 = CARTESIAN_POINT('',(2.5,-3.2));
#12103 = ( GEOMETRIC_REPRESENTATION_CONTEXT(2) 
PARAMETRIC_REPRESENTATION_CONTEXT() REPRESENTATION_CONTEXT('2D SPACE',''
  ) );
#12104 = ORIENTED_EDGE('',*,*,#12105,.F.);
#12105 = EDGE_CURVE('',#12106,#12080,#12108,.T.);
#12106 = VERTEX_POINT('',#12107);
#12107 = CARTESIAN_POINT('',(90.5,146.85250156445,36.2));
#12108 = SURFACE_CURVE('',#12109,(#12113,#12119),.PCURVE_S1.);
#12109 = LINE('',#12110,#12111);
#12110 = CARTESIAN_POINT('',(90.5,146.85250156445,34.7));
#12111 = VECTOR('',#12112,1.);
#12112 = DIRECTION('',(-0.,-0.,-1.));
#12113 = PCURVE('',#4382,#12114);
#12114 = DEFINITIONAL_REPRESENTATION('',(#12115),#12118);
#12115 = B_SPLINE_CURVE_WITH_KNOTS('',1,(#12116,#12117),.UNSPECIFIED.,
  .F.,.F.,(2,2),(-1.5100006,5.999999999062E-07),
  .PIECEWISE_BEZIER_KNOTS.);
#12116 = CARTESIAN_POINT('',(14.7100006,-144.3525015644));
#12117 = CARTESIAN_POINT('',(13.1999994,-144.3525015644));
#12118 = ( GEOMETRIC_REPRESENTATION_CONTEXT(2) 
PARAMETRIC_REPRESENTATION_CONTEXT() REPRESENTATION_CONTEXT('2D SPACE',''
  ) );
#12119 = PCURVE('',#12120,#12125);
#12120 = CYLINDRICAL_SURFACE('',#12121,3.2);
#12121 = AXIS2_PLACEMENT_3D('',#12122,#12123,#12124);
#12122 = CARTESIAN_POINT('',(88.,148.85,34.7));
#12123 = DIRECTION('',(-0.,-0.,-1.));
#12124 = DIRECTION('',(1.,0.,0.));
#12125 = DEFINITIONAL_REPRESENTATION('',(#12126),#12129);
#12126 = B_SPLINE_CURVE_WITH_KNOTS('',1,(#12127,#12128),.UNSPECIFIED.,
  .F.,.F.,(2,2),(-1.5100006,5.999999999062E-07),
  .PIECEWISE_BEZIER_KNOTS.);
#12127 = CARTESIAN_POINT('',(-5.609054800512,-1.5100006));
#12128 = CARTESIAN_POINT('',(-5.609054800512,5.999999999062E-07));
#12129 = ( GEOMETRIC_REPRESENTATION_CONTEXT(2) 
PARAMETRIC_REPRESENTATION_CONTEXT() REPRESENTATION_CONTEXT('2D SPACE',''
  ) );
#12130 = ORIENTED_EDGE('',*,*,#12131,.F.);
#12131 = EDGE_CURVE('',#12132,#12106,#12134,.T.);
#12132 = VERTEX_POINT('',#12133);
#12133 = CARTESIAN_POINT('',(90.5,142.04749843554,36.2));
#12134 = SURFACE_CURVE('',#12135,(#12139,#12146),.PCURVE_S1.);
#12135 = LINE('',#12136,#12137);
#12136 = CARTESIAN_POINT('',(90.5,2.5,36.2));
#12137 = VECTOR('',#12138,1.);
#12138 = DIRECTION('',(0.,1.,0.));
#12139 = PCURVE('',#4382,#12140);
#12140 = DEFINITIONAL_REPRESENTATION('',(#12141),#12145);
#12141 = LINE('',#12142,#12143);
#12142 = CARTESIAN_POINT('',(14.7,0.));
#12143 = VECTOR('',#12144,1.);
#12144 = DIRECTION('',(0.,-1.));
#12145 = ( GEOMETRIC_REPRESENTATION_CONTEXT(2) 
PARAMETRIC_REPRESENTATION_CONTEXT() REPRESENTATION_CONTEXT('2D SPACE',''
  ) );
#12146 = PCURVE('',#5984,#12147);
#12147 = DEFINITIONAL_REPRESENTATION('',(#12148),#12152);
#12148 = LINE('',#12149,#12150);
#12149 = CARTESIAN_POINT('',(181.,0.));
#12150 = VECTOR('',#12151,1.);
#12151 = DIRECTION('',(0.,1.));
#12152 = ( GEOMETRIC_REPRESENTATION_CONTEXT(2) 
PARAMETRIC_REPRESENTATION_CONTEXT() REPRESENTATION_CONTEXT('2D SPACE',''
  ) );
#12153 = ORIENTED_EDGE('',*,*,#12154,.T.);
#12154 = EDGE_CURVE('',#12132,#12155,#12157,.T.);
#12155 = VERTEX_POINT('',#12156);
#12156 = CARTESIAN_POINT('',(90.5,142.04749843554,34.7));
#12157 = SURFACE_CURVE('',#12158,(#12162,#12168),.PCURVE_S1.);
#12158 = LINE('',#12159,#12160);
#12159 = CARTESIAN_POINT('',(90.5,142.04749843554,34.7));
#12160 = VECTOR('',#12161,1.);
#12161 = DIRECTION('',(-0.,-0.,-1.));
#12162 = PCURVE('',#4382,#12163);
#12163 = DEFINITIONAL_REPRESENTATION('',(#12164),#12167);
#12164 = B_SPLINE_CURVE_WITH_KNOTS('',1,(#12165,#12166),.UNSPECIFIED.,
  .F.,.F.,(2,2),(-1.5100006,5.999999999062E-07),
  .PIECEWISE_BEZIER_KNOTS.);
#12165 = CARTESIAN_POINT('',(14.7100006,-139.5474984355));
#12166 = CARTESIAN_POINT('',(13.1999994,-139.5474984355));
#12167 = ( GEOMETRIC_REPRESENTATION_CONTEXT(2) 
PARAMETRIC_REPRESENTATION_CONTEXT() REPRESENTATION_CONTEXT('2D SPACE',''
  ) );
#12168 = PCURVE('',#12169,#12174);
#12169 = CYLINDRICAL_SURFACE('',#12170,3.2);
#12170 = AXIS2_PLACEMENT_3D('',#12171,#12172,#12173);
#12171 = CARTESIAN_POINT('',(88.,140.05,34.7));
#12172 = DIRECTION('',(-0.,-0.,-1.));
#12173 = DIRECTION('',(1.,0.,0.));
#12174 = DEFINITIONAL_REPRESENTATION('',(#12175),#12178);
#12175 = B_SPLINE_CURVE_WITH_KNOTS('',1,(#12176,#12177),.UNSPECIFIED.,
  .F.,.F.,(2,2),(-1.5100006,5.999999999062E-07),
  .PIECEWISE_BEZIER_KNOTS.);
#12176 = CARTESIAN_POINT('',(-0.674130506667,-1.5100006));
#12177 = CARTESIAN_POINT('',(-0.674130506667,5.999999999062E-07));
#12178 = ( GEOMETRIC_REPRESENTATION_CONTEXT(2) 
PARAMETRIC_REPRESENTATION_CONTEXT() REPRESENTATION_CONTEXT('2D SPACE',''
  ) );
#12179 = ORIENTED_EDGE('',*,*,#12180,.T.);
#12180 = EDGE_CURVE('',#12155,#12181,#12183,.T.);
#12181 = VERTEX_POINT('',#12182);
#12182 = CARTESIAN_POINT('',(90.5,141.04495897772,34.7));
#12183 = SURFACE_CURVE('',#12184,(#12188,#12194),.PCURVE_S1.);
#12184 = LINE('',#12185,#12186);
#12185 = CARTESIAN_POINT('',(90.5,71.275,34.7));
#12186 = VECTOR('',#12187,1.);
#12187 = DIRECTION('',(0.,-1.,0.));
#12188 = PCURVE('',#4382,#12189);
#12189 = DEFINITIONAL_REPRESENTATION('',(#12190),#12193);
#12190 = B_SPLINE_CURVE_WITH_KNOTS('',1,(#12191,#12192),.UNSPECIFIED.,
  .F.,.F.,(2,2),(-71.975,-65.575),.PIECEWISE_BEZIER_KNOTS.);
#12191 = CARTESIAN_POINT('',(13.2,-140.75));
#12192 = CARTESIAN_POINT('',(13.2,-134.35));
#12193 = ( GEOMETRIC_REPRESENTATION_CONTEXT(2) 
PARAMETRIC_REPRESENTATION_CONTEXT() REPRESENTATION_CONTEXT('2D SPACE',''
  ) );
#12194 = PCURVE('',#12195,#12200);
#12195 = PLANE('',#12196);
#12196 = AXIS2_PLACEMENT_3D('',#12197,#12198,#12199);
#12197 = CARTESIAN_POINT('',(88.,140.05,34.7));
#12198 = DIRECTION('',(0.,0.,1.));
#12199 = DIRECTION('',(1.,0.,-0.));
#12200 = DEFINITIONAL_REPRESENTATION('',(#12201),#12204);
#12201 = B_SPLINE_CURVE_WITH_KNOTS('',1,(#12202,#12203),.UNSPECIFIED.,
  .F.,.F.,(2,2),(-71.975,-65.575),.PIECEWISE_BEZIER_KNOTS.);
#12202 = CARTESIAN_POINT('',(2.5,3.2));
#12203 = CARTESIAN_POINT('',(2.5,-3.2));
#12204 = ( GEOMETRIC_REPRESENTATION_CONTEXT(2) 
PARAMETRIC_REPRESENTATION_CONTEXT() REPRESENTATION_CONTEXT('2D SPACE',''
  ) );
#12205 = ORIENTED_EDGE('',*,*,#12206,.T.);
#12206 = EDGE_CURVE('',#12181,#12207,#12209,.T.);
#12207 = VERTEX_POINT('',#12208);
#12208 = CARTESIAN_POINT('',(90.5,141.06980390271,34.69));
#12209 = SURFACE_CURVE('',#12210,(#12215,#12222),.PCURVE_S1.);
#12210 = HYPERBOLA('',#12211,2.692307692308,2.5);
#12211 = AXIS2_PLACEMENT_3D('',#12212,#12213,#12214);
#12212 = CARTESIAN_POINT('',(90.5,140.05,37.597692307692));
#12213 = DIRECTION('',(1.,0.,0.));
#12214 = DIRECTION('',(0.,0.,-1.));
#12215 = PCURVE('',#4382,#12216);
#12216 = DEFINITIONAL_REPRESENTATION('',(#12217),#12221);
#12217 = ( BOUNDED_CURVE() B_SPLINE_CURVE(2,(#12218,#12219,#12220),
.UNSPECIFIED.,.F.,.F.) B_SPLINE_CURVE_WITH_KNOTS((3,3),(0.,
0.397380220698),.PIECEWISE_BEZIER_KNOTS.) CURVE() 
GEOMETRIC_REPRESENTATION_ITEM() RATIONAL_B_SPLINE_CURVE((1.,
1.019803902719,1.)) REPRESENTATION_ITEM('') );
#12218 = CARTESIAN_POINT('',(13.405384615385,-137.55));
#12219 = CARTESIAN_POINT('',(13.405384615385,-138.0402903378));
#12220 = CARTESIAN_POINT('',(13.19,-138.5698039027));
#12221 = ( GEOMETRIC_REPRESENTATION_CONTEXT(2) 
PARAMETRIC_REPRESENTATION_CONTEXT() REPRESENTATION_CONTEXT('2D SPACE',''
  ) );
#12222 = PCURVE('',#11020,#12223);
#12223 = DEFINITIONAL_REPRESENTATION('',(#12224),#12232);
#12224 = B_SPLINE_CURVE_WITH_KNOTS('',6,(#12225,#12226,#12227,#12228,
    #12229,#12230,#12231),.UNSPECIFIED.,.F.,.F.,(7,7),(0.,0.397380220698
    ),.PIECEWISE_BEZIER_KNOTS.);
#12225 = CARTESIAN_POINT('',(0.,-0.215384615385));
#12226 = CARTESIAN_POINT('',(-6.623003678308E-02,-0.215384615385));
#12227 = CARTESIAN_POINT('',(-0.132460002543,-0.201213110931));
#12228 = CARTESIAN_POINT('',(-0.198167511711,-0.172870108207));
#12229 = CARTESIAN_POINT('',(-0.262827583872,-0.130169100255));
#12230 = CARTESIAN_POINT('',(-0.325992492756,-7.273716152616E-02));
#12231 = CARTESIAN_POINT('',(-0.387316600889,1.32861758125E-15));
#12232 = ( GEOMETRIC_REPRESENTATION_CONTEXT(2) 
PARAMETRIC_REPRESENTATION_CONTEXT() REPRESENTATION_CONTEXT('2D SPACE',''
  ) );
#12233 = ORIENTED_EDGE('',*,*,#12234,.T.);
#12234 = EDGE_CURVE('',#12207,#12235,#12237,.T.);
#12235 = VERTEX_POINT('',#12236);
#12236 = CARTESIAN_POINT('',(90.5,139.03019609728,34.69));
#12237 = SURFACE_CURVE('',#12238,(#12242,#12248),.PCURVE_S1.);
#12238 = LINE('',#12239,#12240);
#12239 = CARTESIAN_POINT('',(90.5,71.275,34.69));
#12240 = VECTOR('',#12241,1.);
#12241 = DIRECTION('',(0.,-1.,0.));
#12242 = PCURVE('',#4382,#12243);
#12243 = DEFINITIONAL_REPRESENTATION('',(#12244),#12247);
#12244 = B_SPLINE_CURVE_WITH_KNOTS('',1,(#12245,#12246),.UNSPECIFIED.,
  .F.,.F.,(2,2),(-71.475,-66.075),.PIECEWISE_BEZIER_KNOTS.);
#12245 = CARTESIAN_POINT('',(13.19,-140.25));
#12246 = CARTESIAN_POINT('',(13.19,-134.85));
#12247 = ( GEOMETRIC_REPRESENTATION_CONTEXT(2) 
PARAMETRIC_REPRESENTATION_CONTEXT() REPRESENTATION_CONTEXT('2D SPACE',''
  ) );
#12248 = PCURVE('',#12249,#12254);
#12249 = PLANE('',#12250);
#12250 = AXIS2_PLACEMENT_3D('',#12251,#12252,#12253);
#12251 = CARTESIAN_POINT('',(88.,140.05,34.69));
#12252 = DIRECTION('',(0.,0.,1.));
#12253 = DIRECTION('',(1.,0.,0.));
#12254 = DEFINITIONAL_REPRESENTATION('',(#12255),#12258);
#12255 = B_SPLINE_CURVE_WITH_KNOTS('',1,(#12256,#12257),.UNSPECIFIED.,
  .F.,.F.,(2,2),(-71.475,-66.075),.PIECEWISE_BEZIER_KNOTS.);
#12256 = CARTESIAN_POINT('',(2.5,2.7));
#12257 = CARTESIAN_POINT('',(2.5,-2.7));
#12258 = ( GEOMETRIC_REPRESENTATION_CONTEXT(2) 
PARAMETRIC_REPRESENTATION_CONTEXT() REPRESENTATION_CONTEXT('2D SPACE',''
  ) );
#12259 = ORIENTED_EDGE('',*,*,#12260,.T.);
#12260 = EDGE_CURVE('',#12235,#12261,#12263,.T.);
#12261 = VERTEX_POINT('',#12262);
#12262 = CARTESIAN_POINT('',(90.5,139.05504102227,34.7));
#12263 = SURFACE_CURVE('',#12264,(#12269,#12276),.PCURVE_S1.);
#12264 = HYPERBOLA('',#12265,2.692307692308,2.5);
#12265 = AXIS2_PLACEMENT_3D('',#12266,#12267,#12268);
#12266 = CARTESIAN_POINT('',(90.5,140.05,37.597692307692));
#12267 = DIRECTION('',(1.,0.,0.));
#12268 = DIRECTION('',(0.,0.,-1.));
#12269 = PCURVE('',#4382,#12270);
#12270 = DEFINITIONAL_REPRESENTATION('',(#12271),#12275);
#12271 = ( BOUNDED_CURVE() B_SPLINE_CURVE(2,(#12272,#12273,#12274),
.UNSPECIFIED.,.F.,.F.) B_SPLINE_CURVE_WITH_KNOTS((3,3),(-0.397380220698,
0.),.PIECEWISE_BEZIER_KNOTS.) CURVE() GEOMETRIC_REPRESENTATION_ITEM() 
RATIONAL_B_SPLINE_CURVE((1.,1.019803902719,1.)) REPRESENTATION_ITEM('') 
  );
#12272 = CARTESIAN_POINT('',(13.19,-136.5301960972));
#12273 = CARTESIAN_POINT('',(13.405384615385,-137.0597096621));
#12274 = CARTESIAN_POINT('',(13.405384615385,-137.55));
#12275 = ( GEOMETRIC_REPRESENTATION_CONTEXT(2) 
PARAMETRIC_REPRESENTATION_CONTEXT() REPRESENTATION_CONTEXT('2D SPACE',''
  ) );
#12276 = PCURVE('',#11020,#12277);
#12277 = DEFINITIONAL_REPRESENTATION('',(#12278),#12286);
#12278 = B_SPLINE_CURVE_WITH_KNOTS('',6,(#12279,#12280,#12281,#12282,
    #12283,#12284,#12285),.UNSPECIFIED.,.F.,.F.,(7,7),(-0.397380220698,
    0.),.PIECEWISE_BEZIER_KNOTS.);
#12279 = CARTESIAN_POINT('',(-5.895868706291,1.32861758125E-15));
#12280 = CARTESIAN_POINT('',(-5.957192814423,-7.273716152616E-02));
#12281 = CARTESIAN_POINT('',(-6.020357723308,-0.130169100255));
#12282 = CARTESIAN_POINT('',(-6.085017795468,-0.172870108207));
#12283 = CARTESIAN_POINT('',(-6.150725304637,-0.201213110931));
#12284 = CARTESIAN_POINT('',(-6.216955270396,-0.215384615385));
#12285 = CARTESIAN_POINT('',(-6.28318530718,-0.215384615385));
#12286 = ( GEOMETRIC_REPRESENTATION_CONTEXT(2) 
PARAMETRIC_REPRESENTATION_CONTEXT() REPRESENTATION_CONTEXT('2D SPACE',''
  ) );
#12287 = ORIENTED_EDGE('',*,*,#12288,.T.);
#12288 = EDGE_CURVE('',#12261,#12289,#12291,.T.);
#12289 = VERTEX_POINT('',#12290);
#12290 = CARTESIAN_POINT('',(90.5,138.05250156445,34.7));
#12291 = SURFACE_CURVE('',#12292,(#12296,#12302),.PCURVE_S1.);
#12292 = LINE('',#12293,#12294);
#12293 = CARTESIAN_POINT('',(90.5,71.275,34.7));
#12294 = VECTOR('',#12295,1.);
#12295 = DIRECTION('',(0.,-1.,0.));
#12296 = PCURVE('',#4382,#12297);
#12297 = DEFINITIONAL_REPRESENTATION('',(#12298),#12301);
#12298 = B_SPLINE_CURVE_WITH_KNOTS('',1,(#12299,#12300),.UNSPECIFIED.,
  .F.,.F.,(2,2),(-71.975,-65.575),.PIECEWISE_BEZIER_KNOTS.);
#12299 = CARTESIAN_POINT('',(13.2,-140.75));
#12300 = CARTESIAN_POINT('',(13.2,-134.35));
#12301 = ( GEOMETRIC_REPRESENTATION_CONTEXT(2) 
PARAMETRIC_REPRESENTATION_CONTEXT() REPRESENTATION_CONTEXT('2D SPACE',''
  ) );
#12302 = PCURVE('',#12195,#12303);
#12303 = DEFINITIONAL_REPRESENTATION('',(#12304),#12307);
#12304 = B_SPLINE_CURVE_WITH_KNOTS('',1,(#12305,#12306),.UNSPECIFIED.,
  .F.,.F.,(2,2),(-71.975,-65.575),.PIECEWISE_BEZIER_KNOTS.);
#12305 = CARTESIAN_POINT('',(2.5,3.2));
#12306 = CARTESIAN_POINT('',(2.5,-3.2));
#12307 = ( GEOMETRIC_REPRESENTATION_CONTEXT(2) 
PARAMETRIC_REPRESENTATION_CONTEXT() REPRESENTATION_CONTEXT('2D SPACE',''
  ) );
#12308 = ORIENTED_EDGE('',*,*,#12309,.F.);
#12309 = EDGE_CURVE('',#11870,#12289,#12310,.T.);
#12310 = SURFACE_CURVE('',#12311,(#12315,#12321),.PCURVE_S1.);
#12311 = LINE('',#12312,#12313);
#12312 = CARTESIAN_POINT('',(90.5,138.05250156445,34.7));
#12313 = VECTOR('',#12314,1.);
#12314 = DIRECTION('',(-0.,-0.,-1.));
#12315 = PCURVE('',#4382,#12316);
#12316 = DEFINITIONAL_REPRESENTATION('',(#12317),#12320);
#12317 = B_SPLINE_CURVE_WITH_KNOTS('',1,(#12318,#12319),.UNSPECIFIED.,
  .F.,.F.,(2,2),(-1.5100006,5.999999999062E-07),
  .PIECEWISE_BEZIER_KNOTS.);
#12318 = CARTESIAN_POINT('',(14.7100006,-135.5525015644));
#12319 = CARTESIAN_POINT('',(13.1999994,-135.5525015644));
#12320 = ( GEOMETRIC_REPRESENTATION_CONTEXT(2) 
PARAMETRIC_REPRESENTATION_CONTEXT() REPRESENTATION_CONTEXT('2D SPACE',''
  ) );
#12321 = PCURVE('',#12169,#12322);
#12322 = DEFINITIONAL_REPRESENTATION('',(#12323),#12326);
#12323 = B_SPLINE_CURVE_WITH_KNOTS('',1,(#12324,#12325),.UNSPECIFIED.,
  .F.,.F.,(2,2),(-1.5100006,5.999999999062E-07),
  .PIECEWISE_BEZIER_KNOTS.);
#12324 = CARTESIAN_POINT('',(-5.609054800512,-1.5100006));
#12325 = CARTESIAN_POINT('',(-5.609054800512,5.999999999062E-07));
#12326 = ( GEOMETRIC_REPRESENTATION_CONTEXT(2) 
PARAMETRIC_REPRESENTATION_CONTEXT() REPRESENTATION_CONTEXT('2D SPACE',''
  ) );
#12327 = ADVANCED_FACE('',(#12328),#4355,.F.);
#12328 = FACE_BOUND('',#12329,.F.);
#12329 = EDGE_LOOP('',(#12330,#12331,#12332,#12333,#12356,#12377,#12398,
    #12425,#12451,#12478,#12499,#12520,#12543,#12569,#12595,#12622,
    #12648,#12675,#12696,#12717,#12740,#12766,#12792,#12819,#12845,
    #12872,#12893,#12914,#12937,#12958,#12979,#13006,#13032,#13059,
    #13080,#13101));
#12330 = ORIENTED_EDGE('',*,*,#11894,.F.);
#12331 = ORIENTED_EDGE('',*,*,#4339,.T.);
#12332 = ORIENTED_EDGE('',*,*,#11194,.T.);
#12333 = ORIENTED_EDGE('',*,*,#12334,.T.);
#12334 = EDGE_CURVE('',#11195,#12335,#12337,.T.);
#12335 = VERTEX_POINT('',#12336);
#12336 = CARTESIAN_POINT('',(-89.79373911146,151.5,36.2));
#12337 = SURFACE_CURVE('',#12338,(#12342,#12349),.PCURVE_S1.);
#12338 = LINE('',#12339,#12340);
#12339 = CARTESIAN_POINT('',(-90.5,151.5,36.2));
#12340 = VECTOR('',#12341,1.);
#12341 = DIRECTION('',(1.,0.,0.));
#12342 = PCURVE('',#4355,#12343);
#12343 = DEFINITIONAL_REPRESENTATION('',(#12344),#12348);
#12344 = LINE('',#12345,#12346);
#12345 = CARTESIAN_POINT('',(14.7,0.));
#12346 = VECTOR('',#12347,1.);
#12347 = DIRECTION('',(0.,1.));
#12348 = ( GEOMETRIC_REPRESENTATION_CONTEXT(2) 
PARAMETRIC_REPRESENTATION_CONTEXT() REPRESENTATION_CONTEXT('2D SPACE',''
  ) );
#12349 = PCURVE('',#11233,#12350);
#12350 = DEFINITIONAL_REPRESENTATION('',(#12351),#12355);
#12351 = LINE('',#12352,#12353);
#12352 = CARTESIAN_POINT('',(0.,149.));
#12353 = VECTOR('',#12354,1.);
#12354 = DIRECTION('',(1.,0.));
#12355 = ( GEOMETRIC_REPRESENTATION_CONTEXT(2) 
PARAMETRIC_REPRESENTATION_CONTEXT() REPRESENTATION_CONTEXT('2D SPACE',''
  ) );
#12356 = ORIENTED_EDGE('',*,*,#12357,.T.);
#12357 = EDGE_CURVE('',#12335,#12358,#12360,.T.);
#12358 = VERTEX_POINT('',#12359);
#12359 = CARTESIAN_POINT('',(-89.79373911146,151.5,34.7));
#12360 = SURFACE_CURVE('',#12361,(#12365,#12371),.PCURVE_S1.);
#12361 = LINE('',#12362,#12363);
#12362 = CARTESIAN_POINT('',(-89.79373911146,151.5,34.7));
#12363 = VECTOR('',#12364,1.);
#12364 = DIRECTION('',(-0.,-0.,-1.));
#12365 = PCURVE('',#4355,#12366);
#12366 = DEFINITIONAL_REPRESENTATION('',(#12367),#12370);
#12367 = B_SPLINE_CURVE_WITH_KNOTS('',1,(#12368,#12369),.UNSPECIFIED.,
  .F.,.F.,(2,2),(-1.5100006,5.999999999062E-07),
  .PIECEWISE_BEZIER_KNOTS.);
#12368 = CARTESIAN_POINT('',(14.7100006,0.706260888535));
#12369 = CARTESIAN_POINT('',(13.1999994,0.706260888535));
#12370 = ( GEOMETRIC_REPRESENTATION_CONTEXT(2) 
PARAMETRIC_REPRESENTATION_CONTEXT() REPRESENTATION_CONTEXT('2D SPACE',''
  ) );
#12371 = PCURVE('',#11260,#12372);
#12372 = DEFINITIONAL_REPRESENTATION('',(#12373),#12376);
#12373 = B_SPLINE_CURVE_WITH_KNOTS('',1,(#12374,#12375),.UNSPECIFIED.,
  .F.,.F.,(2,2),(-1.5100006,5.999999999062E-07),
  .PIECEWISE_BEZIER_KNOTS.);
#12374 = CARTESIAN_POINT('',(-2.165838249622,-1.5100006));
#12375 = CARTESIAN_POINT('',(-2.165838249622,5.999999999062E-07));
#12376 = ( GEOMETRIC_REPRESENTATION_CONTEXT(2) 
PARAMETRIC_REPRESENTATION_CONTEXT() REPRESENTATION_CONTEXT('2D SPACE',''
  ) );
#12377 = ORIENTED_EDGE('',*,*,#12378,.T.);
#12378 = EDGE_CURVE('',#12358,#12379,#12381,.T.);
#12379 = VERTEX_POINT('',#12380);
#12380 = CARTESIAN_POINT('',(-88.46630823212,151.5,34.7));
#12381 = SURFACE_CURVE('',#12382,(#12386,#12392),.PCURVE_S1.);
#12382 = LINE('',#12383,#12384);
#12383 = CARTESIAN_POINT('',(-89.25,151.5,34.7));
#12384 = VECTOR('',#12385,1.);
#12385 = DIRECTION('',(1.,0.,0.));
#12386 = PCURVE('',#4355,#12387);
#12387 = DEFINITIONAL_REPRESENTATION('',(#12388),#12391);
#12388 = B_SPLINE_CURVE_WITH_KNOTS('',1,(#12389,#12390),.UNSPECIFIED.,
  .F.,.F.,(2,2),(-1.25,4.45),.PIECEWISE_BEZIER_KNOTS.);
#12389 = CARTESIAN_POINT('',(13.2,0.));
#12390 = CARTESIAN_POINT('',(13.2,5.7));
#12391 = ( GEOMETRIC_REPRESENTATION_CONTEXT(2) 
PARAMETRIC_REPRESENTATION_CONTEXT() REPRESENTATION_CONTEXT('2D SPACE',''
  ) );
#12392 = PCURVE('',#11286,#12393);
#12393 = DEFINITIONAL_REPRESENTATION('',(#12394),#12397);
#12394 = B_SPLINE_CURVE_WITH_KNOTS('',1,(#12395,#12396),.UNSPECIFIED.,
  .F.,.F.,(2,2),(-1.25,4.45),.PIECEWISE_BEZIER_KNOTS.);
#12395 = CARTESIAN_POINT('',(-2.5,2.65));
#12396 = CARTESIAN_POINT('',(3.2,2.65));
#12397 = ( GEOMETRIC_REPRESENTATION_CONTEXT(2) 
PARAMETRIC_REPRESENTATION_CONTEXT() REPRESENTATION_CONTEXT('2D SPACE',''
  ) );
#12398 = ORIENTED_EDGE('',*,*,#12399,.T.);
#12399 = EDGE_CURVE('',#12379,#12400,#12402,.T.);
#12400 = VERTEX_POINT('',#12401);
#12401 = CARTESIAN_POINT('',(-88.51720402163,151.5,34.69));
#12402 = SURFACE_CURVE('',#12403,(#12408,#12415),.PCURVE_S1.);
#12403 = HYPERBOLA('',#12404,2.853846153846,2.65);
#12404 = AXIS2_PLACEMENT_3D('',#12405,#12406,#12407);
#12405 = CARTESIAN_POINT('',(-88.,151.5,37.597692307692));
#12406 = DIRECTION('',(0.,1.,0.));
#12407 = DIRECTION('',(0.,0.,-1.));
#12408 = PCURVE('',#4355,#12409);
#12409 = DEFINITIONAL_REPRESENTATION('',(#12410),#12414);
#12410 = ( BOUNDED_CURVE() B_SPLINE_CURVE(2,(#12411,#12412,#12413),
.UNSPECIFIED.,.F.,.F.) B_SPLINE_CURVE_WITH_KNOTS((3,3),(-0.193953026092,
0.193953026092),.PIECEWISE_BEZIER_KNOTS.) CURVE() 
GEOMETRIC_REPRESENTATION_ITEM() RATIONAL_B_SPLINE_CURVE((1.,
1.018867924528,1.)) REPRESENTATION_ITEM('') );
#12411 = CARTESIAN_POINT('',(13.19,3.017204021639));
#12412 = CARTESIAN_POINT('',(13.296695156695,2.5));
#12413 = CARTESIAN_POINT('',(13.19,1.982795978361));
#12414 = ( GEOMETRIC_REPRESENTATION_CONTEXT(2) 
PARAMETRIC_REPRESENTATION_CONTEXT() REPRESENTATION_CONTEXT('2D SPACE',''
  ) );
#12415 = PCURVE('',#10116,#12416);
#12416 = DEFINITIONAL_REPRESENTATION('',(#12417),#12424);
#12417 = B_SPLINE_CURVE_WITH_KNOTS('',5,(#12418,#12419,#12420,#12421,
    #12422,#12423),.UNSPECIFIED.,.F.,.F.,(6,6),(-0.193953026092,
    0.193953026092),.PIECEWISE_BEZIER_KNOTS.);
#12418 = CARTESIAN_POINT('',(-1.37804800186,-2.214362635417E-16));
#12419 = CARTESIAN_POINT('',(-1.454192523215,-4.321187666019E-02));
#12420 = CARTESIAN_POINT('',(-1.53175141328,-6.454786577555E-02));
#12421 = CARTESIAN_POINT('',(-1.60984124031,-6.454786577555E-02));
#12422 = CARTESIAN_POINT('',(-1.687400130375,-4.321187666019E-02));
#12423 = CARTESIAN_POINT('',(-1.763544651729,-2.214362635417E-16));
#12424 = ( GEOMETRIC_REPRESENTATION_CONTEXT(2) 
PARAMETRIC_REPRESENTATION_CONTEXT() REPRESENTATION_CONTEXT('2D SPACE',''
  ) );
#12425 = ORIENTED_EDGE('',*,*,#12426,.T.);
#12426 = EDGE_CURVE('',#12400,#12427,#12429,.T.);
#12427 = VERTEX_POINT('',#12428);
#12428 = CARTESIAN_POINT('',(-87.48279597836,151.5,34.69));
#12429 = SURFACE_CURVE('',#12430,(#12434,#12440),.PCURVE_S1.);
#12430 = LINE('',#12431,#12432);
#12431 = CARTESIAN_POINT('',(-89.25,151.5,34.69));
#12432 = VECTOR('',#12433,1.);
#12433 = DIRECTION('',(1.,0.,0.));
#12434 = PCURVE('',#4355,#12435);
#12435 = DEFINITIONAL_REPRESENTATION('',(#12436),#12439);
#12436 = B_SPLINE_CURVE_WITH_KNOTS('',1,(#12437,#12438),.UNSPECIFIED.,
  .F.,.F.,(2,2),(-1.25,3.95),.PIECEWISE_BEZIER_KNOTS.);
#12437 = CARTESIAN_POINT('',(13.19,0.));
#12438 = CARTESIAN_POINT('',(13.19,5.2));
#12439 = ( GEOMETRIC_REPRESENTATION_CONTEXT(2) 
PARAMETRIC_REPRESENTATION_CONTEXT() REPRESENTATION_CONTEXT('2D SPACE',''
  ) );
#12440 = PCURVE('',#12441,#12446);
#12441 = PLANE('',#12442);
#12442 = AXIS2_PLACEMENT_3D('',#12443,#12444,#12445);
#12443 = CARTESIAN_POINT('',(-88.,148.85,34.69));
#12444 = DIRECTION('',(0.,0.,1.));
#12445 = DIRECTION('',(1.,0.,0.));
#12446 = DEFINITIONAL_REPRESENTATION('',(#12447),#12450);
#12447 = B_SPLINE_CURVE_WITH_KNOTS('',1,(#12448,#12449),.UNSPECIFIED.,
  .F.,.F.,(2,2),(-1.25,3.95),.PIECEWISE_BEZIER_KNOTS.);
#12448 = CARTESIAN_POINT('',(-2.5,2.65));
#12449 = CARTESIAN_POINT('',(2.7,2.65));
#12450 = ( GEOMETRIC_REPRESENTATION_CONTEXT(2) 
PARAMETRIC_REPRESENTATION_CONTEXT() REPRESENTATION_CONTEXT('2D SPACE',''
  ) );
#12451 = ORIENTED_EDGE('',*,*,#12452,.T.);
#12452 = EDGE_CURVE('',#12427,#12453,#12455,.T.);
#12453 = VERTEX_POINT('',#12454);
#12454 = CARTESIAN_POINT('',(-87.53369176787,151.5,34.7));
#12455 = SURFACE_CURVE('',#12456,(#12461,#12468),.PCURVE_S1.);
#12456 = HYPERBOLA('',#12457,2.853846153846,2.65);
#12457 = AXIS2_PLACEMENT_3D('',#12458,#12459,#12460);
#12458 = CARTESIAN_POINT('',(-88.,151.5,37.597692307692));
#12459 = DIRECTION('',(0.,1.,0.));
#12460 = DIRECTION('',(0.,0.,-1.));
#12461 = PCURVE('',#4355,#12462);
#12462 = DEFINITIONAL_REPRESENTATION('',(#12463),#12467);
#12463 = ( BOUNDED_CURVE() B_SPLINE_CURVE(2,(#12464,#12465,#12466),
.UNSPECIFIED.,.F.,.F.) B_SPLINE_CURVE_WITH_KNOTS((3,3),(-0.193953026092,
0.193953026092),.PIECEWISE_BEZIER_KNOTS.) CURVE() 
GEOMETRIC_REPRESENTATION_ITEM() RATIONAL_B_SPLINE_CURVE((1.,
1.018867924528,1.)) REPRESENTATION_ITEM('') );
#12464 = CARTESIAN_POINT('',(13.19,3.017204021639));
#12465 = CARTESIAN_POINT('',(13.296695156695,2.5));
#12466 = CARTESIAN_POINT('',(13.19,1.982795978361));
#12467 = ( GEOMETRIC_REPRESENTATION_CONTEXT(2) 
PARAMETRIC_REPRESENTATION_CONTEXT() REPRESENTATION_CONTEXT('2D SPACE',''
  ) );
#12468 = PCURVE('',#10116,#12469);
#12469 = DEFINITIONAL_REPRESENTATION('',(#12470),#12477);
#12470 = B_SPLINE_CURVE_WITH_KNOTS('',5,(#12471,#12472,#12473,#12474,
    #12475,#12476),.UNSPECIFIED.,.F.,.F.,(6,6),(-0.193953026092,
    0.193953026092),.PIECEWISE_BEZIER_KNOTS.);
#12471 = CARTESIAN_POINT('',(-1.37804800186,-2.214362635417E-16));
#12472 = CARTESIAN_POINT('',(-1.454192523215,-4.321187666019E-02));
#12473 = CARTESIAN_POINT('',(-1.53175141328,-6.454786577555E-02));
#12474 = CARTESIAN_POINT('',(-1.60984124031,-6.454786577555E-02));
#12475 = CARTESIAN_POINT('',(-1.687400130375,-4.321187666019E-02));
#12476 = CARTESIAN_POINT('',(-1.763544651729,-2.214362635417E-16));
#12477 = ( GEOMETRIC_REPRESENTATION_CONTEXT(2) 
PARAMETRIC_REPRESENTATION_CONTEXT() REPRESENTATION_CONTEXT('2D SPACE',''
  ) );
#12478 = ORIENTED_EDGE('',*,*,#12479,.T.);
#12479 = EDGE_CURVE('',#12453,#12480,#12482,.T.);
#12480 = VERTEX_POINT('',#12481);
#12481 = CARTESIAN_POINT('',(-86.20626088853,151.5,34.7));
#12482 = SURFACE_CURVE('',#12483,(#12487,#12493),.PCURVE_S1.);
#12483 = LINE('',#12484,#12485);
#12484 = CARTESIAN_POINT('',(-89.25,151.5,34.7));
#12485 = VECTOR('',#12486,1.);
#12486 = DIRECTION('',(1.,0.,0.));
#12487 = PCURVE('',#4355,#12488);
#12488 = DEFINITIONAL_REPRESENTATION('',(#12489),#12492);
#12489 = B_SPLINE_CURVE_WITH_KNOTS('',1,(#12490,#12491),.UNSPECIFIED.,
  .F.,.F.,(2,2),(-1.25,4.45),.PIECEWISE_BEZIER_KNOTS.);
#12490 = CARTESIAN_POINT('',(13.2,0.));
#12491 = CARTESIAN_POINT('',(13.2,5.7));
#12492 = ( GEOMETRIC_REPRESENTATION_CONTEXT(2) 
PARAMETRIC_REPRESENTATION_CONTEXT() REPRESENTATION_CONTEXT('2D SPACE',''
  ) );
#12493 = PCURVE('',#11396,#12494);
#12494 = DEFINITIONAL_REPRESENTATION('',(#12495),#12498);
#12495 = B_SPLINE_CURVE_WITH_KNOTS('',1,(#12496,#12497),.UNSPECIFIED.,
  .F.,.F.,(2,2),(-1.25,4.45),.PIECEWISE_BEZIER_KNOTS.);
#12496 = CARTESIAN_POINT('',(-2.5,2.65));
#12497 = CARTESIAN_POINT('',(3.2,2.65));
#12498 = ( GEOMETRIC_REPRESENTATION_CONTEXT(2) 
PARAMETRIC_REPRESENTATION_CONTEXT() REPRESENTATION_CONTEXT('2D SPACE',''
  ) );
#12499 = ORIENTED_EDGE('',*,*,#12500,.F.);
#12500 = EDGE_CURVE('',#12501,#12480,#12503,.T.);
#12501 = VERTEX_POINT('',#12502);
#12502 = CARTESIAN_POINT('',(-86.20626088853,151.5,36.2));
#12503 = SURFACE_CURVE('',#12504,(#12508,#12514),.PCURVE_S1.);
#12504 = LINE('',#12505,#12506);
#12505 = CARTESIAN_POINT('',(-86.20626088853,151.5,34.7));
#12506 = VECTOR('',#12507,1.);
#12507 = DIRECTION('',(-0.,-0.,-1.));
#12508 = PCURVE('',#4355,#12509);
#12509 = DEFINITIONAL_REPRESENTATION('',(#12510),#12513);
#12510 = B_SPLINE_CURVE_WITH_KNOTS('',1,(#12511,#12512),.UNSPECIFIED.,
  .F.,.F.,(2,2),(-1.5100006,5.999999999062E-07),
  .PIECEWISE_BEZIER_KNOTS.);
#12511 = CARTESIAN_POINT('',(14.7100006,4.293739111465));
#12512 = CARTESIAN_POINT('',(13.1999994,4.293739111465));
#12513 = ( GEOMETRIC_REPRESENTATION_CONTEXT(2) 
PARAMETRIC_REPRESENTATION_CONTEXT() REPRESENTATION_CONTEXT('2D SPACE',''
  ) );
#12514 = PCURVE('',#11422,#12515);
#12515 = DEFINITIONAL_REPRESENTATION('',(#12516),#12519);
#12516 = B_SPLINE_CURVE_WITH_KNOTS('',1,(#12517,#12518),.UNSPECIFIED.,
  .F.,.F.,(2,2),(-1.5,-0.),.PIECEWISE_BEZIER_KNOTS.);
#12517 = CARTESIAN_POINT('',(-7.258939711147,-1.5));
#12518 = CARTESIAN_POINT('',(-7.258939711147,0.));
#12519 = ( GEOMETRIC_REPRESENTATION_CONTEXT(2) 
PARAMETRIC_REPRESENTATION_CONTEXT() REPRESENTATION_CONTEXT('2D SPACE',''
  ) );
#12520 = ORIENTED_EDGE('',*,*,#12521,.T.);
#12521 = EDGE_CURVE('',#12501,#12522,#12524,.T.);
#12522 = VERTEX_POINT('',#12523);
#12523 = CARTESIAN_POINT('',(-66.99373911146,151.5,36.2));
#12524 = SURFACE_CURVE('',#12525,(#12529,#12536),.PCURVE_S1.);
#12525 = LINE('',#12526,#12527);
#12526 = CARTESIAN_POINT('',(-90.5,151.5,36.2));
#12527 = VECTOR('',#12528,1.);
#12528 = DIRECTION('',(1.,0.,0.));
#12529 = PCURVE('',#4355,#12530);
#12530 = DEFINITIONAL_REPRESENTATION('',(#12531),#12535);
#12531 = LINE('',#12532,#12533);
#12532 = CARTESIAN_POINT('',(14.7,0.));
#12533 = VECTOR('',#12534,1.);
#12534 = DIRECTION('',(0.,1.));
#12535 = ( GEOMETRIC_REPRESENTATION_CONTEXT(2) 
PARAMETRIC_REPRESENTATION_CONTEXT() REPRESENTATION_CONTEXT('2D SPACE',''
  ) );
#12536 = PCURVE('',#5984,#12537);
#12537 = DEFINITIONAL_REPRESENTATION('',(#12538),#12542);
#12538 = LINE('',#12539,#12540);
#12539 = CARTESIAN_POINT('',(0.,149.));
#12540 = VECTOR('',#12541,1.);
#12541 = DIRECTION('',(1.,0.));
#12542 = ( GEOMETRIC_REPRESENTATION_CONTEXT(2) 
PARAMETRIC_REPRESENTATION_CONTEXT() REPRESENTATION_CONTEXT('2D SPACE',''
  ) );
#12543 = ORIENTED_EDGE('',*,*,#12544,.T.);
#12544 = EDGE_CURVE('',#12522,#12545,#12547,.T.);
#12545 = VERTEX_POINT('',#12546);
#12546 = CARTESIAN_POINT('',(-66.99373911146,151.5,34.7));
#12547 = SURFACE_CURVE('',#12548,(#12552,#12558),.PCURVE_S1.);
#12548 = LINE('',#12549,#12550);
#12549 = CARTESIAN_POINT('',(-66.99373911146,151.5,34.7));
#12550 = VECTOR('',#12551,1.);
#12551 = DIRECTION('',(-0.,-0.,-1.));
#12552 = PCURVE('',#4355,#12553);
#12553 = DEFINITIONAL_REPRESENTATION('',(#12554),#12557);
#12554 = B_SPLINE_CURVE_WITH_KNOTS('',1,(#12555,#12556),.UNSPECIFIED.,
  .F.,.F.,(2,2),(-1.5100006,5.999999999062E-07),
  .PIECEWISE_BEZIER_KNOTS.);
#12555 = CARTESIAN_POINT('',(14.7100006,23.506260888535));
#12556 = CARTESIAN_POINT('',(13.1999994,23.506260888535));
#12557 = ( GEOMETRIC_REPRESENTATION_CONTEXT(2) 
PARAMETRIC_REPRESENTATION_CONTEXT() REPRESENTATION_CONTEXT('2D SPACE',''
  ) );
#12558 = PCURVE('',#12559,#12564);
#12559 = CYLINDRICAL_SURFACE('',#12560,3.2);
#12560 = AXIS2_PLACEMENT_3D('',#12561,#12562,#12563);
#12561 = CARTESIAN_POINT('',(-65.2,148.85,34.7));
#12562 = DIRECTION('',(-0.,-0.,-1.));
#12563 = DIRECTION('',(1.,0.,0.));
#12564 = DEFINITIONAL_REPRESENTATION('',(#12565),#12568);
#12565 = B_SPLINE_CURVE_WITH_KNOTS('',1,(#12566,#12567),.UNSPECIFIED.,
  .F.,.F.,(2,2),(-1.5,-0.),.PIECEWISE_BEZIER_KNOTS.);
#12566 = CARTESIAN_POINT('',(-2.165838249622,-1.5));
#12567 = CARTESIAN_POINT('',(-2.165838249622,0.));
#12568 = ( GEOMETRIC_REPRESENTATION_CONTEXT(2) 
PARAMETRIC_REPRESENTATION_CONTEXT() REPRESENTATION_CONTEXT('2D SPACE',''
  ) );
#12569 = ORIENTED_EDGE('',*,*,#12570,.T.);
#12570 = EDGE_CURVE('',#12545,#12571,#12573,.T.);
#12571 = VERTEX_POINT('',#12572);
#12572 = CARTESIAN_POINT('',(-65.66630823212,151.5,34.7));
#12573 = SURFACE_CURVE('',#12574,(#12578,#12584),.PCURVE_S1.);
#12574 = LINE('',#12575,#12576);
#12575 = CARTESIAN_POINT('',(-77.85,151.5,34.7));
#12576 = VECTOR('',#12577,1.);
#12577 = DIRECTION('',(1.,0.,0.));
#12578 = PCURVE('',#4355,#12579);
#12579 = DEFINITIONAL_REPRESENTATION('',(#12580),#12583);
#12580 = B_SPLINE_CURVE_WITH_KNOTS('',1,(#12581,#12582),.UNSPECIFIED.,
  .F.,.F.,(2,2),(9.45,15.85),.PIECEWISE_BEZIER_KNOTS.);
#12581 = CARTESIAN_POINT('',(13.2,22.1));
#12582 = CARTESIAN_POINT('',(13.2,28.5));
#12583 = ( GEOMETRIC_REPRESENTATION_CONTEXT(2) 
PARAMETRIC_REPRESENTATION_CONTEXT() REPRESENTATION_CONTEXT('2D SPACE',''
  ) );
#12584 = PCURVE('',#12585,#12590);
#12585 = PLANE('',#12586);
#12586 = AXIS2_PLACEMENT_3D('',#12587,#12588,#12589);
#12587 = CARTESIAN_POINT('',(-65.2,148.85,34.7));
#12588 = DIRECTION('',(0.,0.,1.));
#12589 = DIRECTION('',(1.,0.,-0.));
#12590 = DEFINITIONAL_REPRESENTATION('',(#12591),#12594);
#12591 = B_SPLINE_CURVE_WITH_KNOTS('',1,(#12592,#12593),.UNSPECIFIED.,
  .F.,.F.,(2,2),(9.45,15.85),.PIECEWISE_BEZIER_KNOTS.);
#12592 = CARTESIAN_POINT('',(-3.2,2.65));
#12593 = CARTESIAN_POINT('',(3.2,2.65));
#12594 = ( GEOMETRIC_REPRESENTATION_CONTEXT(2) 
PARAMETRIC_REPRESENTATION_CONTEXT() REPRESENTATION_CONTEXT('2D SPACE',''
  ) );
#12595 = ORIENTED_EDGE('',*,*,#12596,.T.);
#12596 = EDGE_CURVE('',#12571,#12597,#12599,.T.);
#12597 = VERTEX_POINT('',#12598);
#12598 = CARTESIAN_POINT('',(-65.71720402163,151.5,34.69));
#12599 = SURFACE_CURVE('',#12600,(#12605,#12612),.PCURVE_S1.);
#12600 = HYPERBOLA('',#12601,2.853846153846,2.65);
#12601 = AXIS2_PLACEMENT_3D('',#12602,#12603,#12604);
#12602 = CARTESIAN_POINT('',(-65.2,151.5,37.597692307692));
#12603 = DIRECTION('',(0.,1.,0.));
#12604 = DIRECTION('',(0.,0.,-1.));
#12605 = PCURVE('',#4355,#12606);
#12606 = DEFINITIONAL_REPRESENTATION('',(#12607),#12611);
#12607 = ( BOUNDED_CURVE() B_SPLINE_CURVE(2,(#12608,#12609,#12610),
.UNSPECIFIED.,.F.,.F.) B_SPLINE_CURVE_WITH_KNOTS((3,3),(-0.193953026092,
0.193953026092),.PIECEWISE_BEZIER_KNOTS.) CURVE() 
GEOMETRIC_REPRESENTATION_ITEM() RATIONAL_B_SPLINE_CURVE((1.,
1.018867924528,1.)) REPRESENTATION_ITEM('') );
#12608 = CARTESIAN_POINT('',(13.19,25.817204021639));
#12609 = CARTESIAN_POINT('',(13.296695156695,25.3));
#12610 = CARTESIAN_POINT('',(13.19,24.782795978361));
#12611 = ( GEOMETRIC_REPRESENTATION_CONTEXT(2) 
PARAMETRIC_REPRESENTATION_CONTEXT() REPRESENTATION_CONTEXT('2D SPACE',''
  ) );
#12612 = PCURVE('',#10171,#12613);
#12613 = DEFINITIONAL_REPRESENTATION('',(#12614),#12621);
#12614 = B_SPLINE_CURVE_WITH_KNOTS('',5,(#12615,#12616,#12617,#12618,
    #12619,#12620),.UNSPECIFIED.,.F.,.F.,(6,6),(-0.193953026092,
    0.193953026092),.PIECEWISE_BEZIER_KNOTS.);
#12615 = CARTESIAN_POINT('',(-1.37804800186,-2.214362635417E-16));
#12616 = CARTESIAN_POINT('',(-1.454192523215,-4.321187666019E-02));
#12617 = CARTESIAN_POINT('',(-1.53175141328,-6.454786577555E-02));
#12618 = CARTESIAN_POINT('',(-1.60984124031,-6.454786577555E-02));
#12619 = CARTESIAN_POINT('',(-1.687400130375,-4.321187666019E-02));
#12620 = CARTESIAN_POINT('',(-1.763544651729,-2.214362635417E-16));
#12621 = ( GEOMETRIC_REPRESENTATION_CONTEXT(2) 
PARAMETRIC_REPRESENTATION_CONTEXT() REPRESENTATION_CONTEXT('2D SPACE',''
  ) );
#12622 = ORIENTED_EDGE('',*,*,#12623,.T.);
#12623 = EDGE_CURVE('',#12597,#12624,#12626,.T.);
#12624 = VERTEX_POINT('',#12625);
#12625 = CARTESIAN_POINT('',(-64.68279597836,151.5,34.69));
#12626 = SURFACE_CURVE('',#12627,(#12631,#12637),.PCURVE_S1.);
#12627 = LINE('',#12628,#12629);
#12628 = CARTESIAN_POINT('',(-77.85,151.5,34.69));
#12629 = VECTOR('',#12630,1.);
#12630 = DIRECTION('',(1.,0.,0.));
#12631 = PCURVE('',#4355,#12632);
#12632 = DEFINITIONAL_REPRESENTATION('',(#12633),#12636);
#12633 = B_SPLINE_CURVE_WITH_KNOTS('',1,(#12634,#12635),.UNSPECIFIED.,
  .F.,.F.,(2,2),(9.95,15.35),.PIECEWISE_BEZIER_KNOTS.);
#12634 = CARTESIAN_POINT('',(13.19,22.6));
#12635 = CARTESIAN_POINT('',(13.19,28.));
#12636 = ( GEOMETRIC_REPRESENTATION_CONTEXT(2) 
PARAMETRIC_REPRESENTATION_CONTEXT() REPRESENTATION_CONTEXT('2D SPACE',''
  ) );
#12637 = PCURVE('',#12638,#12643);
#12638 = PLANE('',#12639);
#12639 = AXIS2_PLACEMENT_3D('',#12640,#12641,#12642);
#12640 = CARTESIAN_POINT('',(-65.2,148.85,34.69));
#12641 = DIRECTION('',(0.,0.,1.));
#12642 = DIRECTION('',(1.,0.,0.));
#12643 = DEFINITIONAL_REPRESENTATION('',(#12644),#12647);
#12644 = B_SPLINE_CURVE_WITH_KNOTS('',1,(#12645,#12646),.UNSPECIFIED.,
  .F.,.F.,(2,2),(9.95,15.35),.PIECEWISE_BEZIER_KNOTS.);
#12645 = CARTESIAN_POINT('',(-2.7,2.65));
#12646 = CARTESIAN_POINT('',(2.7,2.65));
#12647 = ( GEOMETRIC_REPRESENTATION_CONTEXT(2) 
PARAMETRIC_REPRESENTATION_CONTEXT() REPRESENTATION_CONTEXT('2D SPACE',''
  ) );
#12648 = ORIENTED_EDGE('',*,*,#12649,.T.);
#12649 = EDGE_CURVE('',#12624,#12650,#12652,.T.);
#12650 = VERTEX_POINT('',#12651);
#12651 = CARTESIAN_POINT('',(-64.73369176787,151.5,34.7));
#12652 = SURFACE_CURVE('',#12653,(#12658,#12665),.PCURVE_S1.);
#12653 = HYPERBOLA('',#12654,2.853846153846,2.65);
#12654 = AXIS2_PLACEMENT_3D('',#12655,#12656,#12657);
#12655 = CARTESIAN_POINT('',(-65.2,151.5,37.597692307692));
#12656 = DIRECTION('',(0.,1.,0.));
#12657 = DIRECTION('',(0.,0.,-1.));
#12658 = PCURVE('',#4355,#12659);
#12659 = DEFINITIONAL_REPRESENTATION('',(#12660),#12664);
#12660 = ( BOUNDED_CURVE() B_SPLINE_CURVE(2,(#12661,#12662,#12663),
.UNSPECIFIED.,.F.,.F.) B_SPLINE_CURVE_WITH_KNOTS((3,3),(-0.193953026092,
0.193953026092),.PIECEWISE_BEZIER_KNOTS.) CURVE() 
GEOMETRIC_REPRESENTATION_ITEM() RATIONAL_B_SPLINE_CURVE((1.,
1.018867924528,1.)) REPRESENTATION_ITEM('') );
#12661 = CARTESIAN_POINT('',(13.19,25.817204021639));
#12662 = CARTESIAN_POINT('',(13.296695156695,25.3));
#12663 = CARTESIAN_POINT('',(13.19,24.782795978361));
#12664 = ( GEOMETRIC_REPRESENTATION_CONTEXT(2) 
PARAMETRIC_REPRESENTATION_CONTEXT() REPRESENTATION_CONTEXT('2D SPACE',''
  ) );
#12665 = PCURVE('',#10171,#12666);
#12666 = DEFINITIONAL_REPRESENTATION('',(#12667),#12674);
#12667 = B_SPLINE_CURVE_WITH_KNOTS('',5,(#12668,#12669,#12670,#12671,
    #12672,#12673),.UNSPECIFIED.,.F.,.F.,(6,6),(-0.193953026092,
    0.193953026092),.PIECEWISE_BEZIER_KNOTS.);
#12668 = CARTESIAN_POINT('',(-1.37804800186,-2.214362635417E-16));
#12669 = CARTESIAN_POINT('',(-1.454192523215,-4.321187666019E-02));
#12670 = CARTESIAN_POINT('',(-1.53175141328,-6.454786577555E-02));
#12671 = CARTESIAN_POINT('',(-1.60984124031,-6.454786577555E-02));
#12672 = CARTESIAN_POINT('',(-1.687400130375,-4.321187666019E-02));
#12673 = CARTESIAN_POINT('',(-1.763544651729,-2.214362635417E-16));
#12674 = ( GEOMETRIC_REPRESENTATION_CONTEXT(2) 
PARAMETRIC_REPRESENTATION_CONTEXT() REPRESENTATION_CONTEXT('2D SPACE',''
  ) );
#12675 = ORIENTED_EDGE('',*,*,#12676,.T.);
#12676 = EDGE_CURVE('',#12650,#12677,#12679,.T.);
#12677 = VERTEX_POINT('',#12678);
#12678 = CARTESIAN_POINT('',(-63.40626088853,151.5,34.7));
#12679 = SURFACE_CURVE('',#12680,(#12684,#12690),.PCURVE_S1.);
#12680 = LINE('',#12681,#12682);
#12681 = CARTESIAN_POINT('',(-77.85,151.5,34.7));
#12682 = VECTOR('',#12683,1.);
#12683 = DIRECTION('',(1.,0.,0.));
#12684 = PCURVE('',#4355,#12685);
#12685 = DEFINITIONAL_REPRESENTATION('',(#12686),#12689);
#12686 = B_SPLINE_CURVE_WITH_KNOTS('',1,(#12687,#12688),.UNSPECIFIED.,
  .F.,.F.,(2,2),(9.45,15.85),.PIECEWISE_BEZIER_KNOTS.);
#12687 = CARTESIAN_POINT('',(13.2,22.1));
#12688 = CARTESIAN_POINT('',(13.2,28.5));
#12689 = ( GEOMETRIC_REPRESENTATION_CONTEXT(2) 
PARAMETRIC_REPRESENTATION_CONTEXT() REPRESENTATION_CONTEXT('2D SPACE',''
  ) );
#12690 = PCURVE('',#12585,#12691);
#12691 = DEFINITIONAL_REPRESENTATION('',(#12692),#12695);
#12692 = B_SPLINE_CURVE_WITH_KNOTS('',1,(#12693,#12694),.UNSPECIFIED.,
  .F.,.F.,(2,2),(9.45,15.85),.PIECEWISE_BEZIER_KNOTS.);
#12693 = CARTESIAN_POINT('',(-3.2,2.65));
#12694 = CARTESIAN_POINT('',(3.2,2.65));
#12695 = ( GEOMETRIC_REPRESENTATION_CONTEXT(2) 
PARAMETRIC_REPRESENTATION_CONTEXT() REPRESENTATION_CONTEXT('2D SPACE',''
  ) );
#12696 = ORIENTED_EDGE('',*,*,#12697,.F.);
#12697 = EDGE_CURVE('',#12698,#12677,#12700,.T.);
#12698 = VERTEX_POINT('',#12699);
#12699 = CARTESIAN_POINT('',(-63.40626088853,151.5,36.2));
#12700 = SURFACE_CURVE('',#12701,(#12705,#12711),.PCURVE_S1.);
#12701 = LINE('',#12702,#12703);
#12702 = CARTESIAN_POINT('',(-63.40626088853,151.5,34.7));
#12703 = VECTOR('',#12704,1.);
#12704 = DIRECTION('',(-0.,-0.,-1.));
#12705 = PCURVE('',#4355,#12706);
#12706 = DEFINITIONAL_REPRESENTATION('',(#12707),#12710);
#12707 = B_SPLINE_CURVE_WITH_KNOTS('',1,(#12708,#12709),.UNSPECIFIED.,
  .F.,.F.,(2,2),(-1.5100006,5.999999999062E-07),
  .PIECEWISE_BEZIER_KNOTS.);
#12708 = CARTESIAN_POINT('',(14.7100006,27.093739111465));
#12709 = CARTESIAN_POINT('',(13.1999994,27.093739111465));
#12710 = ( GEOMETRIC_REPRESENTATION_CONTEXT(2) 
PARAMETRIC_REPRESENTATION_CONTEXT() REPRESENTATION_CONTEXT('2D SPACE',''
  ) );
#12711 = PCURVE('',#12559,#12712);
#12712 = DEFINITIONAL_REPRESENTATION('',(#12713),#12716);
#12713 = B_SPLINE_CURVE_WITH_KNOTS('',1,(#12714,#12715),.UNSPECIFIED.,
  .F.,.F.,(2,2),(-1.5,-0.),.PIECEWISE_BEZIER_KNOTS.);
#12714 = CARTESIAN_POINT('',(-7.258939711147,-1.5));
#12715 = CARTESIAN_POINT('',(-7.258939711147,0.));
#12716 = ( GEOMETRIC_REPRESENTATION_CONTEXT(2) 
PARAMETRIC_REPRESENTATION_CONTEXT() REPRESENTATION_CONTEXT('2D SPACE',''
  ) );
#12717 = ORIENTED_EDGE('',*,*,#12718,.T.);
#12718 = EDGE_CURVE('',#12698,#12719,#12721,.T.);
#12719 = VERTEX_POINT('',#12720);
#12720 = CARTESIAN_POINT('',(63.406260888537,151.5,36.2));
#12721 = SURFACE_CURVE('',#12722,(#12726,#12733),.PCURVE_S1.);
#12722 = LINE('',#12723,#12724);
#12723 = CARTESIAN_POINT('',(-90.5,151.5,36.2));
#12724 = VECTOR('',#12725,1.);
#12725 = DIRECTION('',(1.,0.,0.));
#12726 = PCURVE('',#4355,#12727);
#12727 = DEFINITIONAL_REPRESENTATION('',(#12728),#12732);
#12728 = LINE('',#12729,#12730);
#12729 = CARTESIAN_POINT('',(14.7,0.));
#12730 = VECTOR('',#12731,1.);
#12731 = DIRECTION('',(0.,1.));
#12732 = ( GEOMETRIC_REPRESENTATION_CONTEXT(2) 
PARAMETRIC_REPRESENTATION_CONTEXT() REPRESENTATION_CONTEXT('2D SPACE',''
  ) );
#12733 = PCURVE('',#5984,#12734);
#12734 = DEFINITIONAL_REPRESENTATION('',(#12735),#12739);
#12735 = LINE('',#12736,#12737);
#12736 = CARTESIAN_POINT('',(0.,149.));
#12737 = VECTOR('',#12738,1.);
#12738 = DIRECTION('',(1.,0.));
#12739 = ( GEOMETRIC_REPRESENTATION_CONTEXT(2) 
PARAMETRIC_REPRESENTATION_CONTEXT() REPRESENTATION_CONTEXT('2D SPACE',''
  ) );
#12740 = ORIENTED_EDGE('',*,*,#12741,.T.);
#12741 = EDGE_CURVE('',#12719,#12742,#12744,.T.);
#12742 = VERTEX_POINT('',#12743);
#12743 = CARTESIAN_POINT('',(63.406260888535,151.5,34.7));
#12744 = SURFACE_CURVE('',#12745,(#12749,#12755),.PCURVE_S1.);
#12745 = LINE('',#12746,#12747);
#12746 = CARTESIAN_POINT('',(63.406260888535,151.5,34.7));
#12747 = VECTOR('',#12748,1.);
#12748 = DIRECTION('',(-0.,-0.,-1.));
#12749 = PCURVE('',#4355,#12750);
#12750 = DEFINITIONAL_REPRESENTATION('',(#12751),#12754);
#12751 = B_SPLINE_CURVE_WITH_KNOTS('',1,(#12752,#12753),.UNSPECIFIED.,
  .F.,.F.,(2,2),(-1.5100006,5.999999999062E-07),
  .PIECEWISE_BEZIER_KNOTS.);
#12752 = CARTESIAN_POINT('',(14.7100006,153.90626088853));
#12753 = CARTESIAN_POINT('',(13.1999994,153.90626088853));
#12754 = ( GEOMETRIC_REPRESENTATION_CONTEXT(2) 
PARAMETRIC_REPRESENTATION_CONTEXT() REPRESENTATION_CONTEXT('2D SPACE',''
  ) );
#12755 = PCURVE('',#12756,#12761);
#12756 = CYLINDRICAL_SURFACE('',#12757,3.2);
#12757 = AXIS2_PLACEMENT_3D('',#12758,#12759,#12760);
#12758 = CARTESIAN_POINT('',(65.2,148.85,34.7));
#12759 = DIRECTION('',(-0.,-0.,-1.));
#12760 = DIRECTION('',(1.,0.,0.));
#12761 = DEFINITIONAL_REPRESENTATION('',(#12762),#12765);
#12762 = B_SPLINE_CURVE_WITH_KNOTS('',1,(#12763,#12764),.UNSPECIFIED.,
  .F.,.F.,(2,2),(-1.5,-0.),.PIECEWISE_BEZIER_KNOTS.);
#12763 = CARTESIAN_POINT('',(-2.165838249622,-1.5));
#12764 = CARTESIAN_POINT('',(-2.165838249622,0.));
#12765 = ( GEOMETRIC_REPRESENTATION_CONTEXT(2) 
PARAMETRIC_REPRESENTATION_CONTEXT() REPRESENTATION_CONTEXT('2D SPACE',''
  ) );
#12766 = ORIENTED_EDGE('',*,*,#12767,.T.);
#12767 = EDGE_CURVE('',#12742,#12768,#12770,.T.);
#12768 = VERTEX_POINT('',#12769);
#12769 = CARTESIAN_POINT('',(64.733691767876,151.5,34.7));
#12770 = SURFACE_CURVE('',#12771,(#12775,#12781),.PCURVE_S1.);
#12771 = LINE('',#12772,#12773);
#12772 = CARTESIAN_POINT('',(-12.65,151.5,34.7));
#12773 = VECTOR('',#12774,1.);
#12774 = DIRECTION('',(1.,0.,0.));
#12775 = PCURVE('',#4355,#12776);
#12776 = DEFINITIONAL_REPRESENTATION('',(#12777),#12780);
#12777 = B_SPLINE_CURVE_WITH_KNOTS('',1,(#12778,#12779),.UNSPECIFIED.,
  .F.,.F.,(2,2),(74.65,81.05),.PIECEWISE_BEZIER_KNOTS.);
#12778 = CARTESIAN_POINT('',(13.2,152.5));
#12779 = CARTESIAN_POINT('',(13.2,158.9));
#12780 = ( GEOMETRIC_REPRESENTATION_CONTEXT(2) 
PARAMETRIC_REPRESENTATION_CONTEXT() REPRESENTATION_CONTEXT('2D SPACE',''
  ) );
#12781 = PCURVE('',#12782,#12787);
#12782 = PLANE('',#12783);
#12783 = AXIS2_PLACEMENT_3D('',#12784,#12785,#12786);
#12784 = CARTESIAN_POINT('',(65.2,148.85,34.7));
#12785 = DIRECTION('',(0.,0.,1.));
#12786 = DIRECTION('',(1.,0.,-0.));
#12787 = DEFINITIONAL_REPRESENTATION('',(#12788),#12791);
#12788 = B_SPLINE_CURVE_WITH_KNOTS('',1,(#12789,#12790),.UNSPECIFIED.,
  .F.,.F.,(2,2),(74.65,81.05),.PIECEWISE_BEZIER_KNOTS.);
#12789 = CARTESIAN_POINT('',(-3.2,2.65));
#12790 = CARTESIAN_POINT('',(3.2,2.65));
#12791 = ( GEOMETRIC_REPRESENTATION_CONTEXT(2) 
PARAMETRIC_REPRESENTATION_CONTEXT() REPRESENTATION_CONTEXT('2D SPACE',''
  ) );
#12792 = ORIENTED_EDGE('',*,*,#12793,.T.);
#12793 = EDGE_CURVE('',#12768,#12794,#12796,.T.);
#12794 = VERTEX_POINT('',#12795);
#12795 = CARTESIAN_POINT('',(64.682795978361,151.5,34.69));
#12796 = SURFACE_CURVE('',#12797,(#12802,#12809),.PCURVE_S1.);
#12797 = HYPERBOLA('',#12798,2.853846153846,2.65);
#12798 = AXIS2_PLACEMENT_3D('',#12799,#12800,#12801);
#12799 = CARTESIAN_POINT('',(65.2,151.5,37.597692307692));
#12800 = DIRECTION('',(0.,1.,0.));
#12801 = DIRECTION('',(0.,0.,-1.));
#12802 = PCURVE('',#4355,#12803);
#12803 = DEFINITIONAL_REPRESENTATION('',(#12804),#12808);
#12804 = ( BOUNDED_CURVE() B_SPLINE_CURVE(2,(#12805,#12806,#12807),
.UNSPECIFIED.,.F.,.F.) B_SPLINE_CURVE_WITH_KNOTS((3,3),(-0.193953026092,
0.193953026092),.PIECEWISE_BEZIER_KNOTS.) CURVE() 
GEOMETRIC_REPRESENTATION_ITEM() RATIONAL_B_SPLINE_CURVE((1.,
1.018867924528,1.)) REPRESENTATION_ITEM('') );
#12805 = CARTESIAN_POINT('',(13.19,156.21720402163));
#12806 = CARTESIAN_POINT('',(13.296695156695,155.7));
#12807 = CARTESIAN_POINT('',(13.19,155.18279597836));
#12808 = ( GEOMETRIC_REPRESENTATION_CONTEXT(2) 
PARAMETRIC_REPRESENTATION_CONTEXT() REPRESENTATION_CONTEXT('2D SPACE',''
  ) );
#12809 = PCURVE('',#11075,#12810);
#12810 = DEFINITIONAL_REPRESENTATION('',(#12811),#12818);
#12811 = B_SPLINE_CURVE_WITH_KNOTS('',5,(#12812,#12813,#12814,#12815,
    #12816,#12817),.UNSPECIFIED.,.F.,.F.,(6,6),(-0.193953026092,
    0.193953026092),.PIECEWISE_BEZIER_KNOTS.);
#12812 = CARTESIAN_POINT('',(-1.37804800186,-2.214362635417E-16));
#12813 = CARTESIAN_POINT('',(-1.454192523215,-4.321187666019E-02));
#12814 = CARTESIAN_POINT('',(-1.53175141328,-6.454786577555E-02));
#12815 = CARTESIAN_POINT('',(-1.60984124031,-6.454786577555E-02));
#12816 = CARTESIAN_POINT('',(-1.687400130375,-4.321187666019E-02));
#12817 = CARTESIAN_POINT('',(-1.763544651729,-2.214362635417E-16));
#12818 = ( GEOMETRIC_REPRESENTATION_CONTEXT(2) 
PARAMETRIC_REPRESENTATION_CONTEXT() REPRESENTATION_CONTEXT('2D SPACE',''
  ) );
#12819 = ORIENTED_EDGE('',*,*,#12820,.T.);
#12820 = EDGE_CURVE('',#12794,#12821,#12823,.T.);
#12821 = VERTEX_POINT('',#12822);
#12822 = CARTESIAN_POINT('',(65.717204021639,151.5,34.69));
#12823 = SURFACE_CURVE('',#12824,(#12828,#12834),.PCURVE_S1.);
#12824 = LINE('',#12825,#12826);
#12825 = CARTESIAN_POINT('',(-12.65,151.5,34.69));
#12826 = VECTOR('',#12827,1.);
#12827 = DIRECTION('',(1.,0.,0.));
#12828 = PCURVE('',#4355,#12829);
#12829 = DEFINITIONAL_REPRESENTATION('',(#12830),#12833);
#12830 = B_SPLINE_CURVE_WITH_KNOTS('',1,(#12831,#12832),.UNSPECIFIED.,
  .F.,.F.,(2,2),(75.15,80.55),.PIECEWISE_BEZIER_KNOTS.);
#12831 = CARTESIAN_POINT('',(13.19,153.));
#12832 = CARTESIAN_POINT('',(13.19,158.4));
#12833 = ( GEOMETRIC_REPRESENTATION_CONTEXT(2) 
PARAMETRIC_REPRESENTATION_CONTEXT() REPRESENTATION_CONTEXT('2D SPACE',''
  ) );
#12834 = PCURVE('',#12835,#12840);
#12835 = PLANE('',#12836);
#12836 = AXIS2_PLACEMENT_3D('',#12837,#12838,#12839);
#12837 = CARTESIAN_POINT('',(65.2,148.85,34.69));
#12838 = DIRECTION('',(0.,0.,1.));
#12839 = DIRECTION('',(1.,0.,0.));
#12840 = DEFINITIONAL_REPRESENTATION('',(#12841),#12844);
#12841 = B_SPLINE_CURVE_WITH_KNOTS('',1,(#12842,#12843),.UNSPECIFIED.,
  .F.,.F.,(2,2),(75.15,80.55),.PIECEWISE_BEZIER_KNOTS.);
#12842 = CARTESIAN_POINT('',(-2.7,2.65));
#12843 = CARTESIAN_POINT('',(2.7,2.65));
#12844 = ( GEOMETRIC_REPRESENTATION_CONTEXT(2) 
PARAMETRIC_REPRESENTATION_CONTEXT() REPRESENTATION_CONTEXT('2D SPACE',''
  ) );
#12845 = ORIENTED_EDGE('',*,*,#12846,.T.);
#12846 = EDGE_CURVE('',#12821,#12847,#12849,.T.);
#12847 = VERTEX_POINT('',#12848);
#12848 = CARTESIAN_POINT('',(65.666308232124,151.5,34.7));
#12849 = SURFACE_CURVE('',#12850,(#12855,#12862),.PCURVE_S1.);
#12850 = HYPERBOLA('',#12851,2.853846153846,2.65);
#12851 = AXIS2_PLACEMENT_3D('',#12852,#12853,#12854);
#12852 = CARTESIAN_POINT('',(65.2,151.5,37.597692307692));
#12853 = DIRECTION('',(0.,1.,0.));
#12854 = DIRECTION('',(0.,0.,-1.));
#12855 = PCURVE('',#4355,#12856);
#12856 = DEFINITIONAL_REPRESENTATION('',(#12857),#12861);
#12857 = ( BOUNDED_CURVE() B_SPLINE_CURVE(2,(#12858,#12859,#12860),
.UNSPECIFIED.,.F.,.F.) B_SPLINE_CURVE_WITH_KNOTS((3,3),(-0.193953026092,
0.193953026092),.PIECEWISE_BEZIER_KNOTS.) CURVE() 
GEOMETRIC_REPRESENTATION_ITEM() RATIONAL_B_SPLINE_CURVE((1.,
1.018867924528,1.)) REPRESENTATION_ITEM('') );
#12858 = CARTESIAN_POINT('',(13.19,156.21720402163));
#12859 = CARTESIAN_POINT('',(13.296695156695,155.7));
#12860 = CARTESIAN_POINT('',(13.19,155.18279597836));
#12861 = ( GEOMETRIC_REPRESENTATION_CONTEXT(2) 
PARAMETRIC_REPRESENTATION_CONTEXT() REPRESENTATION_CONTEXT('2D SPACE',''
  ) );
#12862 = PCURVE('',#11075,#12863);
#12863 = DEFINITIONAL_REPRESENTATION('',(#12864),#12871);
#12864 = B_SPLINE_CURVE_WITH_KNOTS('',5,(#12865,#12866,#12867,#12868,
    #12869,#12870),.UNSPECIFIED.,.F.,.F.,(6,6),(-0.193953026092,
    0.193953026092),.PIECEWISE_BEZIER_KNOTS.);
#12865 = CARTESIAN_POINT('',(-1.37804800186,-2.214362635417E-16));
#12866 = CARTESIAN_POINT('',(-1.454192523215,-4.321187666019E-02));
#12867 = CARTESIAN_POINT('',(-1.53175141328,-6.454786577555E-02));
#12868 = CARTESIAN_POINT('',(-1.60984124031,-6.454786577555E-02));
#12869 = CARTESIAN_POINT('',(-1.687400130375,-4.321187666019E-02));
#12870 = CARTESIAN_POINT('',(-1.763544651729,-2.214362635417E-16));
#12871 = ( GEOMETRIC_REPRESENTATION_CONTEXT(2) 
PARAMETRIC_REPRESENTATION_CONTEXT() REPRESENTATION_CONTEXT('2D SPACE',''
  ) );
#12872 = ORIENTED_EDGE('',*,*,#12873,.T.);
#12873 = EDGE_CURVE('',#12847,#12874,#12876,.T.);
#12874 = VERTEX_POINT('',#12875);
#12875 = CARTESIAN_POINT('',(66.993739111465,151.5,34.7));
#12876 = SURFACE_CURVE('',#12877,(#12881,#12887),.PCURVE_S1.);
#12877 = LINE('',#12878,#12879);
#12878 = CARTESIAN_POINT('',(-12.65,151.5,34.7));
#12879 = VECTOR('',#12880,1.);
#12880 = DIRECTION('',(1.,0.,0.));
#12881 = PCURVE('',#4355,#12882);
#12882 = DEFINITIONAL_REPRESENTATION('',(#12883),#12886);
#12883 = B_SPLINE_CURVE_WITH_KNOTS('',1,(#12884,#12885),.UNSPECIFIED.,
  .F.,.F.,(2,2),(74.65,81.05),.PIECEWISE_BEZIER_KNOTS.);
#12884 = CARTESIAN_POINT('',(13.2,152.5));
#12885 = CARTESIAN_POINT('',(13.2,158.9));
#12886 = ( GEOMETRIC_REPRESENTATION_CONTEXT(2) 
PARAMETRIC_REPRESENTATION_CONTEXT() REPRESENTATION_CONTEXT('2D SPACE',''
  ) );
#12887 = PCURVE('',#12782,#12888);
#12888 = DEFINITIONAL_REPRESENTATION('',(#12889),#12892);
#12889 = B_SPLINE_CURVE_WITH_KNOTS('',1,(#12890,#12891),.UNSPECIFIED.,
  .F.,.F.,(2,2),(74.65,81.05),.PIECEWISE_BEZIER_KNOTS.);
#12890 = CARTESIAN_POINT('',(-3.2,2.65));
#12891 = CARTESIAN_POINT('',(3.2,2.65));
#12892 = ( GEOMETRIC_REPRESENTATION_CONTEXT(2) 
PARAMETRIC_REPRESENTATION_CONTEXT() REPRESENTATION_CONTEXT('2D SPACE',''
  ) );
#12893 = ORIENTED_EDGE('',*,*,#12894,.F.);
#12894 = EDGE_CURVE('',#12895,#12874,#12897,.T.);
#12895 = VERTEX_POINT('',#12896);
#12896 = CARTESIAN_POINT('',(66.993739111463,151.5,36.2));
#12897 = SURFACE_CURVE('',#12898,(#12902,#12908),.PCURVE_S1.);
#12898 = LINE('',#12899,#12900);
#12899 = CARTESIAN_POINT('',(66.993739111465,151.5,34.7));
#12900 = VECTOR('',#12901,1.);
#12901 = DIRECTION('',(-0.,-0.,-1.));
#12902 = PCURVE('',#4355,#12903);
#12903 = DEFINITIONAL_REPRESENTATION('',(#12904),#12907);
#12904 = B_SPLINE_CURVE_WITH_KNOTS('',1,(#12905,#12906),.UNSPECIFIED.,
  .F.,.F.,(2,2),(-1.5100006,5.999999999062E-07),
  .PIECEWISE_BEZIER_KNOTS.);
#12905 = CARTESIAN_POINT('',(14.7100006,157.49373911146));
#12906 = CARTESIAN_POINT('',(13.1999994,157.49373911146));
#12907 = ( GEOMETRIC_REPRESENTATION_CONTEXT(2) 
PARAMETRIC_REPRESENTATION_CONTEXT() REPRESENTATION_CONTEXT('2D SPACE',''
  ) );
#12908 = PCURVE('',#12756,#12909);
#12909 = DEFINITIONAL_REPRESENTATION('',(#12910),#12913);
#12910 = B_SPLINE_CURVE_WITH_KNOTS('',1,(#12911,#12912),.UNSPECIFIED.,
  .F.,.F.,(2,2),(-1.5,-0.),.PIECEWISE_BEZIER_KNOTS.);
#12911 = CARTESIAN_POINT('',(-7.258939711147,-1.5));
#12912 = CARTESIAN_POINT('',(-7.258939711147,0.));
#12913 = ( GEOMETRIC_REPRESENTATION_CONTEXT(2) 
PARAMETRIC_REPRESENTATION_CONTEXT() REPRESENTATION_CONTEXT('2D SPACE',''
  ) );
#12914 = ORIENTED_EDGE('',*,*,#12915,.T.);
#12915 = EDGE_CURVE('',#12895,#12916,#12918,.T.);
#12916 = VERTEX_POINT('',#12917);
#12917 = CARTESIAN_POINT('',(86.206260888535,151.5,36.2));
#12918 = SURFACE_CURVE('',#12919,(#12923,#12930),.PCURVE_S1.);
#12919 = LINE('',#12920,#12921);
#12920 = CARTESIAN_POINT('',(-90.5,151.5,36.2));
#12921 = VECTOR('',#12922,1.);
#12922 = DIRECTION('',(1.,0.,0.));
#12923 = PCURVE('',#4355,#12924);
#12924 = DEFINITIONAL_REPRESENTATION('',(#12925),#12929);
#12925 = LINE('',#12926,#12927);
#12926 = CARTESIAN_POINT('',(14.7,0.));
#12927 = VECTOR('',#12928,1.);
#12928 = DIRECTION('',(0.,1.));
#12929 = ( GEOMETRIC_REPRESENTATION_CONTEXT(2) 
PARAMETRIC_REPRESENTATION_CONTEXT() REPRESENTATION_CONTEXT('2D SPACE',''
  ) );
#12930 = PCURVE('',#5984,#12931);
#12931 = DEFINITIONAL_REPRESENTATION('',(#12932),#12936);
#12932 = LINE('',#12933,#12934);
#12933 = CARTESIAN_POINT('',(0.,149.));
#12934 = VECTOR('',#12935,1.);
#12935 = DIRECTION('',(1.,0.));
#12936 = ( GEOMETRIC_REPRESENTATION_CONTEXT(2) 
PARAMETRIC_REPRESENTATION_CONTEXT() REPRESENTATION_CONTEXT('2D SPACE',''
  ) );
#12937 = ORIENTED_EDGE('',*,*,#12938,.T.);
#12938 = EDGE_CURVE('',#12916,#12939,#12941,.T.);
#12939 = VERTEX_POINT('',#12940);
#12940 = CARTESIAN_POINT('',(86.206260888535,151.5,34.7));
#12941 = SURFACE_CURVE('',#12942,(#12946,#12952),.PCURVE_S1.);
#12942 = LINE('',#12943,#12944);
#12943 = CARTESIAN_POINT('',(86.206260888535,151.5,34.7));
#12944 = VECTOR('',#12945,1.);
#12945 = DIRECTION('',(-0.,-0.,-1.));
#12946 = PCURVE('',#4355,#12947);
#12947 = DEFINITIONAL_REPRESENTATION('',(#12948),#12951);
#12948 = B_SPLINE_CURVE_WITH_KNOTS('',1,(#12949,#12950),.UNSPECIFIED.,
  .F.,.F.,(2,2),(-1.5100006,5.999999999062E-07),
  .PIECEWISE_BEZIER_KNOTS.);
#12949 = CARTESIAN_POINT('',(14.7100006,176.70626088853));
#12950 = CARTESIAN_POINT('',(13.1999994,176.70626088853));
#12951 = ( GEOMETRIC_REPRESENTATION_CONTEXT(2) 
PARAMETRIC_REPRESENTATION_CONTEXT() REPRESENTATION_CONTEXT('2D SPACE',''
  ) );
#12952 = PCURVE('',#12120,#12953);
#12953 = DEFINITIONAL_REPRESENTATION('',(#12954),#12957);
#12954 = B_SPLINE_CURVE_WITH_KNOTS('',1,(#12955,#12956),.UNSPECIFIED.,
  .F.,.F.,(2,2),(-1.5100006,5.999999999062E-07),
  .PIECEWISE_BEZIER_KNOTS.);
#12955 = CARTESIAN_POINT('',(-2.165838249622,-1.5100006));
#12956 = CARTESIAN_POINT('',(-2.165838249622,5.999999999062E-07));
#12957 = ( GEOMETRIC_REPRESENTATION_CONTEXT(2) 
PARAMETRIC_REPRESENTATION_CONTEXT() REPRESENTATION_CONTEXT('2D SPACE',''
  ) );
#12958 = ORIENTED_EDGE('',*,*,#12959,.T.);
#12959 = EDGE_CURVE('',#12939,#12960,#12962,.T.);
#12960 = VERTEX_POINT('',#12961);
#12961 = CARTESIAN_POINT('',(87.533691767876,151.5,34.7));
#12962 = SURFACE_CURVE('',#12963,(#12967,#12973),.PCURVE_S1.);
#12963 = LINE('',#12964,#12965);
#12964 = CARTESIAN_POINT('',(-1.25,151.5,34.7));
#12965 = VECTOR('',#12966,1.);
#12966 = DIRECTION('',(1.,0.,0.));
#12967 = PCURVE('',#4355,#12968);
#12968 = DEFINITIONAL_REPRESENTATION('',(#12969),#12972);
#12969 = B_SPLINE_CURVE_WITH_KNOTS('',1,(#12970,#12971),.UNSPECIFIED.,
  .F.,.F.,(2,2),(86.05,91.75),.PIECEWISE_BEZIER_KNOTS.);
#12970 = CARTESIAN_POINT('',(13.2,175.3));
#12971 = CARTESIAN_POINT('',(13.2,181.));
#12972 = ( GEOMETRIC_REPRESENTATION_CONTEXT(2) 
PARAMETRIC_REPRESENTATION_CONTEXT() REPRESENTATION_CONTEXT('2D SPACE',''
  ) );
#12973 = PCURVE('',#12094,#12974);
#12974 = DEFINITIONAL_REPRESENTATION('',(#12975),#12978);
#12975 = B_SPLINE_CURVE_WITH_KNOTS('',1,(#12976,#12977),.UNSPECIFIED.,
  .F.,.F.,(2,2),(86.05,91.75),.PIECEWISE_BEZIER_KNOTS.);
#12976 = CARTESIAN_POINT('',(-3.2,2.65));
#12977 = CARTESIAN_POINT('',(2.5,2.65));
#12978 = ( GEOMETRIC_REPRESENTATION_CONTEXT(2) 
PARAMETRIC_REPRESENTATION_CONTEXT() REPRESENTATION_CONTEXT('2D SPACE',''
  ) );
#12979 = ORIENTED_EDGE('',*,*,#12980,.T.);
#12980 = EDGE_CURVE('',#12960,#12981,#12983,.T.);
#12981 = VERTEX_POINT('',#12982);
#12982 = CARTESIAN_POINT('',(87.482795978361,151.5,34.69));
#12983 = SURFACE_CURVE('',#12984,(#12989,#12996),.PCURVE_S1.);
#12984 = HYPERBOLA('',#12985,2.853846153846,2.65);
#12985 = AXIS2_PLACEMENT_3D('',#12986,#12987,#12988);
#12986 = CARTESIAN_POINT('',(88.,151.5,37.597692307692));
#12987 = DIRECTION('',(0.,1.,0.));
#12988 = DIRECTION('',(0.,0.,-1.));
#12989 = PCURVE('',#4355,#12990);
#12990 = DEFINITIONAL_REPRESENTATION('',(#12991),#12995);
#12991 = ( BOUNDED_CURVE() B_SPLINE_CURVE(2,(#12992,#12993,#12994),
.UNSPECIFIED.,.F.,.F.) B_SPLINE_CURVE_WITH_KNOTS((3,3),(-0.193953026092,
0.193953026092),.PIECEWISE_BEZIER_KNOTS.) CURVE() 
GEOMETRIC_REPRESENTATION_ITEM() RATIONAL_B_SPLINE_CURVE((1.,
1.018867924528,1.)) REPRESENTATION_ITEM('') );
#12992 = CARTESIAN_POINT('',(13.19,179.01720402163));
#12993 = CARTESIAN_POINT('',(13.296695156695,178.5));
#12994 = CARTESIAN_POINT('',(13.19,177.98279597836));
#12995 = ( GEOMETRIC_REPRESENTATION_CONTEXT(2) 
PARAMETRIC_REPRESENTATION_CONTEXT() REPRESENTATION_CONTEXT('2D SPACE',''
  ) );
#12996 = PCURVE('',#11130,#12997);
#12997 = DEFINITIONAL_REPRESENTATION('',(#12998),#13005);
#12998 = B_SPLINE_CURVE_WITH_KNOTS('',5,(#12999,#13000,#13001,#13002,
    #13003,#13004),.UNSPECIFIED.,.F.,.F.,(6,6),(-0.193953026092,
    0.193953026092),.PIECEWISE_BEZIER_KNOTS.);
#12999 = CARTESIAN_POINT('',(-1.37804800186,-2.214362635417E-16));
#13000 = CARTESIAN_POINT('',(-1.454192523215,-4.321187666019E-02));
#13001 = CARTESIAN_POINT('',(-1.53175141328,-6.454786577555E-02));
#13002 = CARTESIAN_POINT('',(-1.60984124031,-6.454786577555E-02));
#13003 = CARTESIAN_POINT('',(-1.687400130375,-4.321187666019E-02));
#13004 = CARTESIAN_POINT('',(-1.763544651729,-2.214362635417E-16));
#13005 = ( GEOMETRIC_REPRESENTATION_CONTEXT(2) 
PARAMETRIC_REPRESENTATION_CONTEXT() REPRESENTATION_CONTEXT('2D SPACE',''
  ) );
#13006 = ORIENTED_EDGE('',*,*,#13007,.T.);
#13007 = EDGE_CURVE('',#12981,#13008,#13010,.T.);
#13008 = VERTEX_POINT('',#13009);
#13009 = CARTESIAN_POINT('',(88.517204021639,151.5,34.69));
#13010 = SURFACE_CURVE('',#13011,(#13015,#13021),.PCURVE_S1.);
#13011 = LINE('',#13012,#13013);
#13012 = CARTESIAN_POINT('',(-1.25,151.5,34.69));
#13013 = VECTOR('',#13014,1.);
#13014 = DIRECTION('',(1.,0.,0.));
#13015 = PCURVE('',#4355,#13016);
#13016 = DEFINITIONAL_REPRESENTATION('',(#13017),#13020);
#13017 = B_SPLINE_CURVE_WITH_KNOTS('',1,(#13018,#13019),.UNSPECIFIED.,
  .F.,.F.,(2,2),(86.55,91.75),.PIECEWISE_BEZIER_KNOTS.);
#13018 = CARTESIAN_POINT('',(13.19,175.8));
#13019 = CARTESIAN_POINT('',(13.19,181.));
#13020 = ( GEOMETRIC_REPRESENTATION_CONTEXT(2) 
PARAMETRIC_REPRESENTATION_CONTEXT() REPRESENTATION_CONTEXT('2D SPACE',''
  ) );
#13021 = PCURVE('',#13022,#13027);
#13022 = PLANE('',#13023);
#13023 = AXIS2_PLACEMENT_3D('',#13024,#13025,#13026);
#13024 = CARTESIAN_POINT('',(88.,148.85,34.69));
#13025 = DIRECTION('',(0.,0.,1.));
#13026 = DIRECTION('',(1.,0.,0.));
#13027 = DEFINITIONAL_REPRESENTATION('',(#13028),#13031);
#13028 = B_SPLINE_CURVE_WITH_KNOTS('',1,(#13029,#13030),.UNSPECIFIED.,
  .F.,.F.,(2,2),(86.55,91.75),.PIECEWISE_BEZIER_KNOTS.);
#13029 = CARTESIAN_POINT('',(-2.7,2.65));
#13030 = CARTESIAN_POINT('',(2.5,2.65));
#13031 = ( GEOMETRIC_REPRESENTATION_CONTEXT(2) 
PARAMETRIC_REPRESENTATION_CONTEXT() REPRESENTATION_CONTEXT('2D SPACE',''
  ) );
#13032 = ORIENTED_EDGE('',*,*,#13033,.T.);
#13033 = EDGE_CURVE('',#13008,#13034,#13036,.T.);
#13034 = VERTEX_POINT('',#13035);
#13035 = CARTESIAN_POINT('',(88.466308232124,151.5,34.7));
#13036 = SURFACE_CURVE('',#13037,(#13042,#13049),.PCURVE_S1.);
#13037 = HYPERBOLA('',#13038,2.853846153846,2.65);
#13038 = AXIS2_PLACEMENT_3D('',#13039,#13040,#13041);
#13039 = CARTESIAN_POINT('',(88.,151.5,37.597692307692));
#13040 = DIRECTION('',(0.,1.,0.));
#13041 = DIRECTION('',(0.,0.,-1.));
#13042 = PCURVE('',#4355,#13043);
#13043 = DEFINITIONAL_REPRESENTATION('',(#13044),#13048);
#13044 = ( BOUNDED_CURVE() B_SPLINE_CURVE(2,(#13045,#13046,#13047),
.UNSPECIFIED.,.F.,.F.) B_SPLINE_CURVE_WITH_KNOTS((3,3),(-0.193953026092,
0.193953026092),.PIECEWISE_BEZIER_KNOTS.) CURVE() 
GEOMETRIC_REPRESENTATION_ITEM() RATIONAL_B_SPLINE_CURVE((1.,
1.018867924528,1.)) REPRESENTATION_ITEM('') );
#13045 = CARTESIAN_POINT('',(13.19,179.01720402163));
#13046 = CARTESIAN_POINT('',(13.296695156695,178.5));
#13047 = CARTESIAN_POINT('',(13.19,177.98279597836));
#13048 = ( GEOMETRIC_REPRESENTATION_CONTEXT(2) 
PARAMETRIC_REPRESENTATION_CONTEXT() REPRESENTATION_CONTEXT('2D SPACE',''
  ) );
#13049 = PCURVE('',#11130,#13050);
#13050 = DEFINITIONAL_REPRESENTATION('',(#13051),#13058);
#13051 = B_SPLINE_CURVE_WITH_KNOTS('',5,(#13052,#13053,#13054,#13055,
    #13056,#13057),.UNSPECIFIED.,.F.,.F.,(6,6),(-0.193953026092,
    0.193953026092),.PIECEWISE_BEZIER_KNOTS.);
#13052 = CARTESIAN_POINT('',(-1.37804800186,-2.214362635417E-16));
#13053 = CARTESIAN_POINT('',(-1.454192523215,-4.321187666019E-02));
#13054 = CARTESIAN_POINT('',(-1.53175141328,-6.454786577555E-02));
#13055 = CARTESIAN_POINT('',(-1.60984124031,-6.454786577555E-02));
#13056 = CARTESIAN_POINT('',(-1.687400130375,-4.321187666019E-02));
#13057 = CARTESIAN_POINT('',(-1.763544651729,-2.214362635417E-16));
#13058 = ( GEOMETRIC_REPRESENTATION_CONTEXT(2) 
PARAMETRIC_REPRESENTATION_CONTEXT() REPRESENTATION_CONTEXT('2D SPACE',''
  ) );
#13059 = ORIENTED_EDGE('',*,*,#13060,.T.);
#13060 = EDGE_CURVE('',#13034,#13061,#13063,.T.);
#13061 = VERTEX_POINT('',#13062);
#13062 = CARTESIAN_POINT('',(89.793739111465,151.5,34.7));
#13063 = SURFACE_CURVE('',#13064,(#13068,#13074),.PCURVE_S1.);
#13064 = LINE('',#13065,#13066);
#13065 = CARTESIAN_POINT('',(-1.25,151.5,34.7));
#13066 = VECTOR('',#13067,1.);
#13067 = DIRECTION('',(1.,0.,0.));
#13068 = PCURVE('',#4355,#13069);
#13069 = DEFINITIONAL_REPRESENTATION('',(#13070),#13073);
#13070 = B_SPLINE_CURVE_WITH_KNOTS('',1,(#13071,#13072),.UNSPECIFIED.,
  .F.,.F.,(2,2),(86.05,91.75),.PIECEWISE_BEZIER_KNOTS.);
#13071 = CARTESIAN_POINT('',(13.2,175.3));
#13072 = CARTESIAN_POINT('',(13.2,181.));
#13073 = ( GEOMETRIC_REPRESENTATION_CONTEXT(2) 
PARAMETRIC_REPRESENTATION_CONTEXT() REPRESENTATION_CONTEXT('2D SPACE',''
  ) );
#13074 = PCURVE('',#11986,#13075);
#13075 = DEFINITIONAL_REPRESENTATION('',(#13076),#13079);
#13076 = B_SPLINE_CURVE_WITH_KNOTS('',1,(#13077,#13078),.UNSPECIFIED.,
  .F.,.F.,(2,2),(86.05,91.75),.PIECEWISE_BEZIER_KNOTS.);
#13077 = CARTESIAN_POINT('',(-3.2,2.65));
#13078 = CARTESIAN_POINT('',(2.5,2.65));
#13079 = ( GEOMETRIC_REPRESENTATION_CONTEXT(2) 
PARAMETRIC_REPRESENTATION_CONTEXT() REPRESENTATION_CONTEXT('2D SPACE',''
  ) );
#13080 = ORIENTED_EDGE('',*,*,#13081,.F.);
#13081 = EDGE_CURVE('',#13082,#13061,#13084,.T.);
#13082 = VERTEX_POINT('',#13083);
#13083 = CARTESIAN_POINT('',(89.793739111465,151.5,36.2));
#13084 = SURFACE_CURVE('',#13085,(#13089,#13095),.PCURVE_S1.);
#13085 = LINE('',#13086,#13087);
#13086 = CARTESIAN_POINT('',(89.793739111465,151.5,34.7));
#13087 = VECTOR('',#13088,1.);
#13088 = DIRECTION('',(-0.,-0.,-1.));
#13089 = PCURVE('',#4355,#13090);
#13090 = DEFINITIONAL_REPRESENTATION('',(#13091),#13094);
#13091 = B_SPLINE_CURVE_WITH_KNOTS('',1,(#13092,#13093),.UNSPECIFIED.,
  .F.,.F.,(2,2),(-1.5100006,5.999999999062E-07),
  .PIECEWISE_BEZIER_KNOTS.);
#13092 = CARTESIAN_POINT('',(14.7100006,180.29373911146));
#13093 = CARTESIAN_POINT('',(13.1999994,180.29373911146));
#13094 = ( GEOMETRIC_REPRESENTATION_CONTEXT(2) 
PARAMETRIC_REPRESENTATION_CONTEXT() REPRESENTATION_CONTEXT('2D SPACE',''
  ) );
#13095 = PCURVE('',#11960,#13096);
#13096 = DEFINITIONAL_REPRESENTATION('',(#13097),#13100);
#13097 = B_SPLINE_CURVE_WITH_KNOTS('',1,(#13098,#13099),.UNSPECIFIED.,
  .F.,.F.,(2,2),(-1.5100006,5.999999999062E-07),
  .PIECEWISE_BEZIER_KNOTS.);
#13098 = CARTESIAN_POINT('',(-0.975754403967,-1.5100006));
#13099 = CARTESIAN_POINT('',(-0.975754403967,5.999999999062E-07));
#13100 = ( GEOMETRIC_REPRESENTATION_CONTEXT(2) 
PARAMETRIC_REPRESENTATION_CONTEXT() REPRESENTATION_CONTEXT('2D SPACE',''
  ) );
#13101 = ORIENTED_EDGE('',*,*,#13102,.T.);
#13102 = EDGE_CURVE('',#13082,#11895,#13103,.T.);
#13103 = SURFACE_CURVE('',#13104,(#13108,#13115),.PCURVE_S1.);
#13104 = LINE('',#13105,#13106);
#13105 = CARTESIAN_POINT('',(-90.5,151.5,36.2));
#13106 = VECTOR('',#13107,1.);
#13107 = DIRECTION('',(1.,0.,0.));
#13108 = PCURVE('',#4355,#13109);
#13109 = DEFINITIONAL_REPRESENTATION('',(#13110),#13114);
#13110 = LINE('',#13111,#13112);
#13111 = CARTESIAN_POINT('',(14.7,0.));
#13112 = VECTOR('',#13113,1.);
#13113 = DIRECTION('',(0.,1.));
#13114 = ( GEOMETRIC_REPRESENTATION_CONTEXT(2) 
PARAMETRIC_REPRESENTATION_CONTEXT() REPRESENTATION_CONTEXT('2D SPACE',''
  ) );
#13115 = PCURVE('',#11933,#13116);
#13116 = DEFINITIONAL_REPRESENTATION('',(#13117),#13121);
#13117 = LINE('',#13118,#13119);
#13118 = CARTESIAN_POINT('',(0.,149.));
#13119 = VECTOR('',#13120,1.);
#13120 = DIRECTION('',(1.,0.));
#13121 = ( GEOMETRIC_REPRESENTATION_CONTEXT(2) 
PARAMETRIC_REPRESENTATION_CONTEXT() REPRESENTATION_CONTEXT('2D SPACE',''
  ) );
#13122 = ADVANCED_FACE('',(#13123),#4716,.F.);
#13123 = FACE_BOUND('',#13124,.F.);
#13124 = EDGE_LOOP('',(#13125,#13146,#13147,#13168));
#13125 = ORIENTED_EDGE('',*,*,#13126,.T.);
#13126 = EDGE_CURVE('',#13127,#4699,#13129,.T.);
#13127 = VERTEX_POINT('',#13128);
#13128 = CARTESIAN_POINT('',(-86.82665880502,7.,36.2));
#13129 = SURFACE_CURVE('',#13130,(#13134,#13140),.PCURVE_S1.);
#13130 = LINE('',#13131,#13132);
#13131 = CARTESIAN_POINT('',(-86.82665880502,7.,22.5));
#13132 = VECTOR('',#13133,1.);
#13133 = DIRECTION('',(-0.,-0.,-1.));
#13134 = PCURVE('',#4716,#13135);
#13135 = DEFINITIONAL_REPRESENTATION('',(#13136),#13139);
#13136 = B_SPLINE_CURVE_WITH_KNOTS('',1,(#13137,#13138),.UNSPECIFIED.,
  .F.,.F.,(2,2),(-13.7000006,5.999999999062E-07),
  .PIECEWISE_BEZIER_KNOTS.);
#13137 = CARTESIAN_POINT('',(14.7000006,5.473341194979));
#13138 = CARTESIAN_POINT('',(0.9999994,5.473341194979));
#13139 = ( GEOMETRIC_REPRESENTATION_CONTEXT(2) 
PARAMETRIC_REPRESENTATION_CONTEXT() REPRESENTATION_CONTEXT('2D SPACE',''
  ) );
#13140 = PCURVE('',#4744,#13141);
#13141 = DEFINITIONAL_REPRESENTATION('',(#13142),#13145);
#13142 = B_SPLINE_CURVE_WITH_KNOTS('',1,(#13143,#13144),.UNSPECIFIED.,
  .F.,.F.,(2,2),(-13.7000006,5.999999999062E-07),
  .PIECEWISE_BEZIER_KNOTS.);
#13143 = CARTESIAN_POINT('',(-2.65371750605,-13.7000006));
#13144 = CARTESIAN_POINT('',(-2.65371750605,5.999999999062E-07));
#13145 = ( GEOMETRIC_REPRESENTATION_CONTEXT(2) 
PARAMETRIC_REPRESENTATION_CONTEXT() REPRESENTATION_CONTEXT('2D SPACE',''
  ) );
#13146 = ORIENTED_EDGE('',*,*,#4698,.T.);
#13147 = ORIENTED_EDGE('',*,*,#13148,.T.);
#13148 = EDGE_CURVE('',#4701,#13149,#13151,.T.);
#13149 = VERTEX_POINT('',#13150);
#13150 = CARTESIAN_POINT('',(-90.5,7.,36.2));
#13151 = SURFACE_CURVE('',#13152,(#13156,#13162),.PCURVE_S1.);
#13152 = LINE('',#13153,#13154);
#13153 = CARTESIAN_POINT('',(-90.5,7.,21.5));
#13154 = VECTOR('',#13155,1.);
#13155 = DIRECTION('',(0.,0.,1.));
#13156 = PCURVE('',#4716,#13157);
#13157 = DEFINITIONAL_REPRESENTATION('',(#13158),#13161);
#13158 = B_SPLINE_CURVE_WITH_KNOTS('',1,(#13159,#13160),.UNSPECIFIED.,
  .F.,.F.,(2,2),(0.,14.7),.PIECEWISE_BEZIER_KNOTS.);
#13159 = CARTESIAN_POINT('',(0.,1.8));
#13160 = CARTESIAN_POINT('',(14.7,1.8));
#13161 = ( GEOMETRIC_REPRESENTATION_CONTEXT(2) 
PARAMETRIC_REPRESENTATION_CONTEXT() REPRESENTATION_CONTEXT('2D SPACE',''
  ) );
#13162 = PCURVE('',#4797,#13163);
#13163 = DEFINITIONAL_REPRESENTATION('',(#13164),#13167);
#13164 = B_SPLINE_CURVE_WITH_KNOTS('',1,(#13165,#13166),.UNSPECIFIED.,
  .F.,.F.,(2,2),(0.,14.7),.PIECEWISE_BEZIER_KNOTS.);
#13165 = CARTESIAN_POINT('',(0.,-4.5));
#13166 = CARTESIAN_POINT('',(14.7,-4.5));
#13167 = ( GEOMETRIC_REPRESENTATION_CONTEXT(2) 
PARAMETRIC_REPRESENTATION_CONTEXT() REPRESENTATION_CONTEXT('2D SPACE',''
  ) );
#13168 = ORIENTED_EDGE('',*,*,#13169,.F.);
#13169 = EDGE_CURVE('',#13127,#13149,#13170,.T.);
#13170 = SURFACE_CURVE('',#13171,(#13175,#13181),.PCURVE_S1.);
#13171 = LINE('',#13172,#13173);
#13172 = CARTESIAN_POINT('',(-91.4,7.,36.2));
#13173 = VECTOR('',#13174,1.);
#13174 = DIRECTION('',(-1.,0.,0.));
#13175 = PCURVE('',#4716,#13176);
#13176 = DEFINITIONAL_REPRESENTATION('',(#13177),#13180);
#13177 = B_SPLINE_CURVE_WITH_KNOTS('',1,(#13178,#13179),.UNSPECIFIED.,
  .F.,.F.,(2,2),(-181.9,-0.9),.PIECEWISE_BEZIER_KNOTS.);
#13178 = CARTESIAN_POINT('',(14.7,182.8));
#13179 = CARTESIAN_POINT('',(14.7,1.8));
#13180 = ( GEOMETRIC_REPRESENTATION_CONTEXT(2) 
PARAMETRIC_REPRESENTATION_CONTEXT() REPRESENTATION_CONTEXT('2D SPACE',''
  ) );
#13181 = PCURVE('',#13182,#13187);
#13182 = PLANE('',#13183);
#13183 = AXIS2_PLACEMENT_3D('',#13184,#13185,#13186);
#13184 = CARTESIAN_POINT('',(-90.5,2.5,36.2));
#13185 = DIRECTION('',(0.,0.,1.));
#13186 = DIRECTION('',(1.,0.,0.));
#13187 = DEFINITIONAL_REPRESENTATION('',(#13188),#13191);
#13188 = B_SPLINE_CURVE_WITH_KNOTS('',1,(#13189,#13190),.UNSPECIFIED.,
  .F.,.F.,(2,2),(-181.9,-0.9),.PIECEWISE_BEZIER_KNOTS.);
#13189 = CARTESIAN_POINT('',(181.,4.5));
#13190 = CARTESIAN_POINT('',(0.,4.5));
#13191 = ( GEOMETRIC_REPRESENTATION_CONTEXT(2) 
PARAMETRIC_REPRESENTATION_CONTEXT() REPRESENTATION_CONTEXT('2D SPACE',''
  ) );
#13192 = ADVANCED_FACE('',(#13193),#4744,.T.);
#13193 = FACE_BOUND('',#13194,.F.);
#13194 = EDGE_LOOP('',(#13195,#13196,#13197,#13221));
#13195 = ORIENTED_EDGE('',*,*,#4727,.F.);
#13196 = ORIENTED_EDGE('',*,*,#13126,.F.);
#13197 = ORIENTED_EDGE('',*,*,#13198,.T.);
#13198 = EDGE_CURVE('',#13127,#13199,#13201,.T.);
#13199 = VERTEX_POINT('',#13200);
#13200 = CARTESIAN_POINT('',(-85.11355287256,2.5,36.2));
#13201 = SURFACE_CURVE('',#13202,(#13207,#13214),.PCURVE_S1.);
#13202 = CIRCLE('',#13203,3.2);
#13203 = AXIS2_PLACEMENT_3D('',#13204,#13205,#13206);
#13204 = CARTESIAN_POINT('',(-84.,5.5,36.2));
#13205 = DIRECTION('',(0.,0.,1.));
#13206 = DIRECTION('',(1.,0.,0.));
#13207 = PCURVE('',#4744,#13208);
#13208 = DEFINITIONAL_REPRESENTATION('',(#13209),#13213);
#13209 = LINE('',#13210,#13211);
#13210 = CARTESIAN_POINT('',(-0.,-13.7));
#13211 = VECTOR('',#13212,1.);
#13212 = DIRECTION('',(-1.,0.));
#13213 = ( GEOMETRIC_REPRESENTATION_CONTEXT(2) 
PARAMETRIC_REPRESENTATION_CONTEXT() REPRESENTATION_CONTEXT('2D SPACE',''
  ) );
#13214 = PCURVE('',#13182,#13215);
#13215 = DEFINITIONAL_REPRESENTATION('',(#13216),#13220);
#13216 = CIRCLE('',#13217,3.2);
#13217 = AXIS2_PLACEMENT_2D('',#13218,#13219);
#13218 = CARTESIAN_POINT('',(6.5,3.));
#13219 = DIRECTION('',(1.,0.));
#13220 = ( GEOMETRIC_REPRESENTATION_CONTEXT(2) 
PARAMETRIC_REPRESENTATION_CONTEXT() REPRESENTATION_CONTEXT('2D SPACE',''
  ) );
#13221 = ORIENTED_EDGE('',*,*,#13222,.T.);
#13222 = EDGE_CURVE('',#13199,#4728,#13223,.T.);
#13223 = SURFACE_CURVE('',#13224,(#13228,#13234),.PCURVE_S1.);
#13224 = LINE('',#13225,#13226);
#13225 = CARTESIAN_POINT('',(-85.11355287256,2.5,22.5));
#13226 = VECTOR('',#13227,1.);
#13227 = DIRECTION('',(-0.,-0.,-1.));
#13228 = PCURVE('',#4744,#13229);
#13229 = DEFINITIONAL_REPRESENTATION('',(#13230),#13233);
#13230 = B_SPLINE_CURVE_WITH_KNOTS('',1,(#13231,#13232),.UNSPECIFIED.,
  .F.,.F.,(2,2),(-13.7000006,5.999999999062E-07),
  .PIECEWISE_BEZIER_KNOTS.);
#13231 = CARTESIAN_POINT('',(-4.356967778694,-13.7000006));
#13232 = CARTESIAN_POINT('',(-4.356967778694,5.999999999062E-07));
#13233 = ( GEOMETRIC_REPRESENTATION_CONTEXT(2) 
PARAMETRIC_REPRESENTATION_CONTEXT() REPRESENTATION_CONTEXT('2D SPACE',''
  ) );
#13234 = PCURVE('',#4772,#13235);
#13235 = DEFINITIONAL_REPRESENTATION('',(#13236),#13239);
#13236 = B_SPLINE_CURVE_WITH_KNOTS('',1,(#13237,#13238),.UNSPECIFIED.,
  .F.,.F.,(2,2),(-13.7000006,5.999999999062E-07),
  .PIECEWISE_BEZIER_KNOTS.);
#13237 = CARTESIAN_POINT('',(14.7000006,5.386447127434));
#13238 = CARTESIAN_POINT('',(0.9999994,5.386447127434));
#13239 = ( GEOMETRIC_REPRESENTATION_CONTEXT(2) 
PARAMETRIC_REPRESENTATION_CONTEXT() REPRESENTATION_CONTEXT('2D SPACE',''
  ) );
#13240 = ADVANCED_FACE('',(#13241),#4797,.T.);
#13241 = FACE_BOUND('',#13242,.T.);
#13242 = EDGE_LOOP('',(#13243,#13266,#13287,#13288));
#13243 = ORIENTED_EDGE('',*,*,#13244,.F.);
#13244 = EDGE_CURVE('',#13245,#13149,#13247,.T.);
#13245 = VERTEX_POINT('',#13246);
#13246 = CARTESIAN_POINT('',(-90.5,2.5,36.2));
#13247 = SURFACE_CURVE('',#13248,(#13252,#13259),.PCURVE_S1.);
#13248 = LINE('',#13249,#13250);
#13249 = CARTESIAN_POINT('',(-90.5,2.5,36.2));
#13250 = VECTOR('',#13251,1.);
#13251 = DIRECTION('',(0.,1.,0.));
#13252 = PCURVE('',#4797,#13253);
#13253 = DEFINITIONAL_REPRESENTATION('',(#13254),#13258);
#13254 = LINE('',#13255,#13256);
#13255 = CARTESIAN_POINT('',(14.7,0.));
#13256 = VECTOR('',#13257,1.);
#13257 = DIRECTION('',(0.,-1.));
#13258 = ( GEOMETRIC_REPRESENTATION_CONTEXT(2) 
PARAMETRIC_REPRESENTATION_CONTEXT() REPRESENTATION_CONTEXT('2D SPACE',''
  ) );
#13259 = PCURVE('',#13182,#13260);
#13260 = DEFINITIONAL_REPRESENTATION('',(#13261),#13265);
#13261 = LINE('',#13262,#13263);
#13262 = CARTESIAN_POINT('',(0.,0.));
#13263 = VECTOR('',#13264,1.);
#13264 = DIRECTION('',(0.,1.));
#13265 = ( GEOMETRIC_REPRESENTATION_CONTEXT(2) 
PARAMETRIC_REPRESENTATION_CONTEXT() REPRESENTATION_CONTEXT('2D SPACE',''
  ) );
#13266 = ORIENTED_EDGE('',*,*,#13267,.F.);
#13267 = EDGE_CURVE('',#4757,#13245,#13268,.T.);
#13268 = SURFACE_CURVE('',#13269,(#13273,#13280),.PCURVE_S1.);
#13269 = LINE('',#13270,#13271);
#13270 = CARTESIAN_POINT('',(-90.5,2.5,21.5));
#13271 = VECTOR('',#13272,1.);
#13272 = DIRECTION('',(0.,0.,1.));
#13273 = PCURVE('',#4797,#13274);
#13274 = DEFINITIONAL_REPRESENTATION('',(#13275),#13279);
#13275 = LINE('',#13276,#13277);
#13276 = CARTESIAN_POINT('',(0.,0.));
#13277 = VECTOR('',#13278,1.);
#13278 = DIRECTION('',(1.,0.));
#13279 = ( GEOMETRIC_REPRESENTATION_CONTEXT(2) 
PARAMETRIC_REPRESENTATION_CONTEXT() REPRESENTATION_CONTEXT('2D SPACE',''
  ) );
#13280 = PCURVE('',#4772,#13281);
#13281 = DEFINITIONAL_REPRESENTATION('',(#13282),#13286);
#13282 = LINE('',#13283,#13284);
#13283 = CARTESIAN_POINT('',(0.,0.));
#13284 = VECTOR('',#13285,1.);
#13285 = DIRECTION('',(1.,0.));
#13286 = ( GEOMETRIC_REPRESENTATION_CONTEXT(2) 
PARAMETRIC_REPRESENTATION_CONTEXT() REPRESENTATION_CONTEXT('2D SPACE',''
  ) );
#13287 = ORIENTED_EDGE('',*,*,#4783,.T.);
#13288 = ORIENTED_EDGE('',*,*,#13148,.T.);
#13289 = ADVANCED_FACE('',(#13290),#4772,.T.);
#13290 = FACE_BOUND('',#13291,.T.);
#13291 = EDGE_LOOP('',(#13292,#13293,#13294,#13295));
#13292 = ORIENTED_EDGE('',*,*,#13222,.T.);
#13293 = ORIENTED_EDGE('',*,*,#4756,.T.);
#13294 = ORIENTED_EDGE('',*,*,#13267,.T.);
#13295 = ORIENTED_EDGE('',*,*,#13296,.T.);
#13296 = EDGE_CURVE('',#13245,#13199,#13297,.T.);
#13297 = SURFACE_CURVE('',#13298,(#13302,#13309),.PCURVE_S1.);
#13298 = LINE('',#13299,#13300);
#13299 = CARTESIAN_POINT('',(-90.5,2.5,36.2));
#13300 = VECTOR('',#13301,1.);
#13301 = DIRECTION('',(1.,0.,0.));
#13302 = PCURVE('',#4772,#13303);
#13303 = DEFINITIONAL_REPRESENTATION('',(#13304),#13308);
#13304 = LINE('',#13305,#13306);
#13305 = CARTESIAN_POINT('',(14.7,0.));
#13306 = VECTOR('',#13307,1.);
#13307 = DIRECTION('',(0.,1.));
#13308 = ( GEOMETRIC_REPRESENTATION_CONTEXT(2) 
PARAMETRIC_REPRESENTATION_CONTEXT() REPRESENTATION_CONTEXT('2D SPACE',''
  ) );
#13309 = PCURVE('',#13182,#13310);
#13310 = DEFINITIONAL_REPRESENTATION('',(#13311),#13315);
#13311 = LINE('',#13312,#13313);
#13312 = CARTESIAN_POINT('',(0.,0.));
#13313 = VECTOR('',#13314,1.);
#13314 = DIRECTION('',(1.,0.));
#13315 = ( GEOMETRIC_REPRESENTATION_CONTEXT(2) 
PARAMETRIC_REPRESENTATION_CONTEXT() REPRESENTATION_CONTEXT('2D SPACE',''
  ) );
#13316 = ADVANCED_FACE('',(#13317),#4831,.F.);
#13317 = FACE_BOUND('',#13318,.T.);
#13318 = EDGE_LOOP('',(#13319,#13320,#13343,#13370));
#13319 = ORIENTED_EDGE('',*,*,#4810,.T.);
#13320 = ORIENTED_EDGE('',*,*,#13321,.T.);
#13321 = EDGE_CURVE('',#4811,#13322,#13324,.T.);
#13322 = VERTEX_POINT('',#13323);
#13323 = CARTESIAN_POINT('',(-82.3,5.5,27.));
#13324 = SEAM_CURVE('',#13325,(#13329,#13336),.PCURVE_S1.);
#13325 = LINE('',#13326,#13327);
#13326 = CARTESIAN_POINT('',(-82.3,5.5,21.5));
#13327 = VECTOR('',#13328,1.);
#13328 = DIRECTION('',(0.,0.,1.));
#13329 = PCURVE('',#4831,#13330);
#13330 = DEFINITIONAL_REPRESENTATION('',(#13331),#13335);
#13331 = LINE('',#13332,#13333);
#13332 = CARTESIAN_POINT('',(-6.28318530718,0.));
#13333 = VECTOR('',#13334,1.);
#13334 = DIRECTION('',(-0.,-1.));
#13335 = ( GEOMETRIC_REPRESENTATION_CONTEXT(2) 
PARAMETRIC_REPRESENTATION_CONTEXT() REPRESENTATION_CONTEXT('2D SPACE',''
  ) );
#13336 = PCURVE('',#4831,#13337);
#13337 = DEFINITIONAL_REPRESENTATION('',(#13338),#13342);
#13338 = LINE('',#13339,#13340);
#13339 = CARTESIAN_POINT('',(-0.,0.));
#13340 = VECTOR('',#13341,1.);
#13341 = DIRECTION('',(-0.,-1.));
#13342 = ( GEOMETRIC_REPRESENTATION_CONTEXT(2) 
PARAMETRIC_REPRESENTATION_CONTEXT() REPRESENTATION_CONTEXT('2D SPACE',''
  ) );
#13343 = ORIENTED_EDGE('',*,*,#13344,.T.);
#13344 = EDGE_CURVE('',#13322,#13322,#13345,.T.);
#13345 = SURFACE_CURVE('',#13346,(#13351,#13358),.PCURVE_S1.);
#13346 = CIRCLE('',#13347,1.7);
#13347 = AXIS2_PLACEMENT_3D('',#13348,#13349,#13350);
#13348 = CARTESIAN_POINT('',(-84.,5.5,27.));
#13349 = DIRECTION('',(0.,0.,1.));
#13350 = DIRECTION('',(1.,0.,0.));
#13351 = PCURVE('',#4831,#13352);
#13352 = DEFINITIONAL_REPRESENTATION('',(#13353),#13357);
#13353 = LINE('',#13354,#13355);
#13354 = CARTESIAN_POINT('',(-0.,-5.5));
#13355 = VECTOR('',#13356,1.);
#13356 = DIRECTION('',(-1.,0.));
#13357 = ( GEOMETRIC_REPRESENTATION_CONTEXT(2) 
PARAMETRIC_REPRESENTATION_CONTEXT() REPRESENTATION_CONTEXT('2D SPACE',''
  ) );
#13358 = PCURVE('',#13359,#13364);
#13359 = PLANE('',#13360);
#13360 = AXIS2_PLACEMENT_3D('',#13361,#13362,#13363);
#13361 = CARTESIAN_POINT('',(-84.,5.5,27.));
#13362 = DIRECTION('',(0.,0.,1.));
#13363 = DIRECTION('',(1.,0.,-0.));
#13364 = DEFINITIONAL_REPRESENTATION('',(#13365),#13369);
#13365 = CIRCLE('',#13366,1.7);
#13366 = AXIS2_PLACEMENT_2D('',#13367,#13368);
#13367 = CARTESIAN_POINT('',(0.,0.));
#13368 = DIRECTION('',(1.,0.));
#13369 = ( GEOMETRIC_REPRESENTATION_CONTEXT(2) 
PARAMETRIC_REPRESENTATION_CONTEXT() REPRESENTATION_CONTEXT('2D SPACE',''
  ) );
#13370 = ORIENTED_EDGE('',*,*,#13321,.F.);
#13371 = ADVANCED_FACE('',(#13372),#4863,.F.);
#13372 = FACE_BOUND('',#13373,.F.);
#13373 = EDGE_LOOP('',(#13374,#13402,#13421,#13422,#13443,#13469,#13495,
    #13521,#13547,#13573,#13599,#13625));
#13374 = ORIENTED_EDGE('',*,*,#13375,.F.);
#13375 = EDGE_CURVE('',#13376,#13378,#13380,.T.);
#13376 = VERTEX_POINT('',#13377);
#13377 = CARTESIAN_POINT('',(81.173341194979,7.,36.2));
#13378 = VERTEX_POINT('',#13379);
#13379 = CARTESIAN_POINT('',(32.449489742783,7.,36.2));
#13380 = SURFACE_CURVE('',#13381,(#13385,#13391),.PCURVE_S1.);
#13381 = LINE('',#13382,#13383);
#13382 = CARTESIAN_POINT('',(-91.4,7.,36.2));
#13383 = VECTOR('',#13384,1.);
#13384 = DIRECTION('',(-1.,0.,0.));
#13385 = PCURVE('',#4863,#13386);
#13386 = DEFINITIONAL_REPRESENTATION('',(#13387),#13390);
#13387 = B_SPLINE_CURVE_WITH_KNOTS('',1,(#13388,#13389),.UNSPECIFIED.,
  .F.,.F.,(2,2),(-181.9,-0.9),.PIECEWISE_BEZIER_KNOTS.);
#13388 = CARTESIAN_POINT('',(14.7,182.8));
#13389 = CARTESIAN_POINT('',(14.7,1.8));
#13390 = ( GEOMETRIC_REPRESENTATION_CONTEXT(2) 
PARAMETRIC_REPRESENTATION_CONTEXT() REPRESENTATION_CONTEXT('2D SPACE',''
  ) );
#13391 = PCURVE('',#13392,#13397);
#13392 = PLANE('',#13393);
#13393 = AXIS2_PLACEMENT_3D('',#13394,#13395,#13396);
#13394 = CARTESIAN_POINT('',(-90.5,2.5,36.2));
#13395 = DIRECTION('',(0.,0.,1.));
#13396 = DIRECTION('',(1.,0.,0.));
#13397 = DEFINITIONAL_REPRESENTATION('',(#13398),#13401);
#13398 = B_SPLINE_CURVE_WITH_KNOTS('',1,(#13399,#13400),.UNSPECIFIED.,
  .F.,.F.,(2,2),(-181.9,-0.9),.PIECEWISE_BEZIER_KNOTS.);
#13399 = CARTESIAN_POINT('',(181.,4.5));
#13400 = CARTESIAN_POINT('',(0.,4.5));
#13401 = ( GEOMETRIC_REPRESENTATION_CONTEXT(2) 
PARAMETRIC_REPRESENTATION_CONTEXT() REPRESENTATION_CONTEXT('2D SPACE',''
  ) );
#13402 = ORIENTED_EDGE('',*,*,#13403,.T.);
#13403 = EDGE_CURVE('',#13376,#4846,#13404,.T.);
#13404 = SURFACE_CURVE('',#13405,(#13409,#13415),.PCURVE_S1.);
#13405 = LINE('',#13406,#13407);
#13406 = CARTESIAN_POINT('',(81.173341194979,7.,22.5));
#13407 = VECTOR('',#13408,1.);
#13408 = DIRECTION('',(-0.,-0.,-1.));
#13409 = PCURVE('',#4863,#13410);
#13410 = DEFINITIONAL_REPRESENTATION('',(#13411),#13414);
#13411 = B_SPLINE_CURVE_WITH_KNOTS('',1,(#13412,#13413),.UNSPECIFIED.,
  .F.,.F.,(2,2),(-13.7000006,5.999999999062E-07),
  .PIECEWISE_BEZIER_KNOTS.);
#13412 = CARTESIAN_POINT('',(14.7000006,173.47334119497));
#13413 = CARTESIAN_POINT('',(0.9999994,173.47334119497));
#13414 = ( GEOMETRIC_REPRESENTATION_CONTEXT(2) 
PARAMETRIC_REPRESENTATION_CONTEXT() REPRESENTATION_CONTEXT('2D SPACE',''
  ) );
#13415 = PCURVE('',#4891,#13416);
#13416 = DEFINITIONAL_REPRESENTATION('',(#13417),#13420);
#13417 = B_SPLINE_CURVE_WITH_KNOTS('',1,(#13418,#13419),.UNSPECIFIED.,
  .F.,.F.,(2,2),(-13.7000006,5.999999999062E-07),
  .PIECEWISE_BEZIER_KNOTS.);
#13418 = CARTESIAN_POINT('',(-2.65371750605,-13.7000006));
#13419 = CARTESIAN_POINT('',(-2.65371750605,5.999999999062E-07));
#13420 = ( GEOMETRIC_REPRESENTATION_CONTEXT(2) 
PARAMETRIC_REPRESENTATION_CONTEXT() REPRESENTATION_CONTEXT('2D SPACE',''
  ) );
#13421 = ORIENTED_EDGE('',*,*,#4845,.T.);
#13422 = ORIENTED_EDGE('',*,*,#13423,.F.);
#13423 = EDGE_CURVE('',#13424,#4848,#13426,.T.);
#13424 = VERTEX_POINT('',#13425);
#13425 = CARTESIAN_POINT('',(-81.17334119498,7.,36.2));
#13426 = SURFACE_CURVE('',#13427,(#13431,#13437),.PCURVE_S1.);
#13427 = LINE('',#13428,#13429);
#13428 = CARTESIAN_POINT('',(-81.17334119497,7.,22.5));
#13429 = VECTOR('',#13430,1.);
#13430 = DIRECTION('',(-0.,-0.,-1.));
#13431 = PCURVE('',#4863,#13432);
#13432 = DEFINITIONAL_REPRESENTATION('',(#13433),#13436);
#13433 = B_SPLINE_CURVE_WITH_KNOTS('',1,(#13434,#13435),.UNSPECIFIED.,
  .F.,.F.,(2,2),(-13.7000006,5.999999999062E-07),
  .PIECEWISE_BEZIER_KNOTS.);
#13434 = CARTESIAN_POINT('',(14.7000006,11.126658805021));
#13435 = CARTESIAN_POINT('',(0.9999994,11.126658805021));
#13436 = ( GEOMETRIC_REPRESENTATION_CONTEXT(2) 
PARAMETRIC_REPRESENTATION_CONTEXT() REPRESENTATION_CONTEXT('2D SPACE',''
  ) );
#13437 = PCURVE('',#4949,#13438);
#13438 = DEFINITIONAL_REPRESENTATION('',(#13439),#13442);
#13439 = B_SPLINE_CURVE_WITH_KNOTS('',1,(#13440,#13441),.UNSPECIFIED.,
  .F.,.F.,(2,2),(-13.7,0.),.PIECEWISE_BEZIER_KNOTS.);
#13440 = CARTESIAN_POINT('',(-6.77106045472,-13.7));
#13441 = CARTESIAN_POINT('',(-6.77106045472,0.));
#13442 = ( GEOMETRIC_REPRESENTATION_CONTEXT(2) 
PARAMETRIC_REPRESENTATION_CONTEXT() REPRESENTATION_CONTEXT('2D SPACE',''
  ) );
#13443 = ORIENTED_EDGE('',*,*,#13444,.F.);
#13444 = EDGE_CURVE('',#13445,#13424,#13447,.T.);
#13445 = VERTEX_POINT('',#13446);
#13446 = CARTESIAN_POINT('',(-32.44948974278,7.,36.2));
#13447 = SURFACE_CURVE('',#13448,(#13452,#13458),.PCURVE_S1.);
#13448 = LINE('',#13449,#13450);
#13449 = CARTESIAN_POINT('',(-91.4,7.,36.2));
#13450 = VECTOR('',#13451,1.);
#13451 = DIRECTION('',(-1.,0.,0.));
#13452 = PCURVE('',#4863,#13453);
#13453 = DEFINITIONAL_REPRESENTATION('',(#13454),#13457);
#13454 = B_SPLINE_CURVE_WITH_KNOTS('',1,(#13455,#13456),.UNSPECIFIED.,
  .F.,.F.,(2,2),(-181.9,-0.9),.PIECEWISE_BEZIER_KNOTS.);
#13455 = CARTESIAN_POINT('',(14.7,182.8));
#13456 = CARTESIAN_POINT('',(14.7,1.8));
#13457 = ( GEOMETRIC_REPRESENTATION_CONTEXT(2) 
PARAMETRIC_REPRESENTATION_CONTEXT() REPRESENTATION_CONTEXT('2D SPACE',''
  ) );
#13458 = PCURVE('',#13459,#13464);
#13459 = PLANE('',#13460);
#13460 = AXIS2_PLACEMENT_3D('',#13461,#13462,#13463);
#13461 = CARTESIAN_POINT('',(-90.5,2.5,36.2));
#13462 = DIRECTION('',(0.,0.,1.));
#13463 = DIRECTION('',(1.,0.,0.));
#13464 = DEFINITIONAL_REPRESENTATION('',(#13465),#13468);
#13465 = B_SPLINE_CURVE_WITH_KNOTS('',1,(#13466,#13467),.UNSPECIFIED.,
  .F.,.F.,(2,2),(-181.9,-0.9),.PIECEWISE_BEZIER_KNOTS.);
#13466 = CARTESIAN_POINT('',(181.,4.5));
#13467 = CARTESIAN_POINT('',(0.,4.5));
#13468 = ( GEOMETRIC_REPRESENTATION_CONTEXT(2) 
PARAMETRIC_REPRESENTATION_CONTEXT() REPRESENTATION_CONTEXT('2D SPACE',''
  ) );
#13469 = ORIENTED_EDGE('',*,*,#13470,.T.);
#13470 = EDGE_CURVE('',#13445,#13471,#13473,.T.);
#13471 = VERTEX_POINT('',#13472);
#13472 = CARTESIAN_POINT('',(-32.44948974278,7.,34.2));
#13473 = SURFACE_CURVE('',#13474,(#13478,#13484),.PCURVE_S1.);
#13474 = LINE('',#13475,#13476);
#13475 = CARTESIAN_POINT('',(-32.44948974278,7.,34.2));
#13476 = VECTOR('',#13477,1.);
#13477 = DIRECTION('',(-0.,-0.,-1.));
#13478 = PCURVE('',#4863,#13479);
#13479 = DEFINITIONAL_REPRESENTATION('',(#13480),#13483);
#13480 = B_SPLINE_CURVE_WITH_KNOTS('',1,(#13481,#13482),.UNSPECIFIED.,
  .F.,.F.,(2,2),(-2.0100006,5.999999999062E-07),
  .PIECEWISE_BEZIER_KNOTS.);
#13481 = CARTESIAN_POINT('',(14.7100006,59.850510257217));
#13482 = CARTESIAN_POINT('',(12.6999994,59.850510257217));
#13483 = ( GEOMETRIC_REPRESENTATION_CONTEXT(2) 
PARAMETRIC_REPRESENTATION_CONTEXT() REPRESENTATION_CONTEXT('2D SPACE',''
  ) );
#13484 = PCURVE('',#13485,#13490);
#13485 = CYLINDRICAL_SURFACE('',#13486,3.5);
#13486 = AXIS2_PLACEMENT_3D('',#13487,#13488,#13489);
#13487 = CARTESIAN_POINT('',(-30.,4.5,34.2));
#13488 = DIRECTION('',(-0.,-0.,-1.));
#13489 = DIRECTION('',(1.,0.,0.));
#13490 = DEFINITIONAL_REPRESENTATION('',(#13491),#13494);
#13491 = B_SPLINE_CURVE_WITH_KNOTS('',1,(#13492,#13493),.UNSPECIFIED.,
  .F.,.F.,(2,2),(-2.0100006,5.999999999062E-07),
  .PIECEWISE_BEZIER_KNOTS.);
#13492 = CARTESIAN_POINT('',(-2.345989700105,-2.0100006));
#13493 = CARTESIAN_POINT('',(-2.345989700105,5.999999999062E-07));
#13494 = ( GEOMETRIC_REPRESENTATION_CONTEXT(2) 
PARAMETRIC_REPRESENTATION_CONTEXT() REPRESENTATION_CONTEXT('2D SPACE',''
  ) );
#13495 = ORIENTED_EDGE('',*,*,#13496,.T.);
#13496 = EDGE_CURVE('',#13471,#13497,#13499,.T.);
#13497 = VERTEX_POINT('',#13498);
#13498 = CARTESIAN_POINT('',(-27.55051025721,7.,34.2));
#13499 = SURFACE_CURVE('',#13500,(#13504,#13510),.PCURVE_S1.);
#13500 = LINE('',#13501,#13502);
#13501 = CARTESIAN_POINT('',(-61.15,7.,34.2));
#13502 = VECTOR('',#13503,1.);
#13503 = DIRECTION('',(1.,0.,0.));
#13504 = PCURVE('',#4863,#13505);
#13505 = DEFINITIONAL_REPRESENTATION('',(#13506),#13509);
#13506 = B_SPLINE_CURVE_WITH_KNOTS('',1,(#13507,#13508),.UNSPECIFIED.,
  .F.,.F.,(2,2),(27.65,34.65),.PIECEWISE_BEZIER_KNOTS.);
#13507 = CARTESIAN_POINT('',(12.7,58.8));
#13508 = CARTESIAN_POINT('',(12.7,65.8));
#13509 = ( GEOMETRIC_REPRESENTATION_CONTEXT(2) 
PARAMETRIC_REPRESENTATION_CONTEXT() REPRESENTATION_CONTEXT('2D SPACE',''
  ) );
#13510 = PCURVE('',#13511,#13516);
#13511 = PLANE('',#13512);
#13512 = AXIS2_PLACEMENT_3D('',#13513,#13514,#13515);
#13513 = CARTESIAN_POINT('',(-30.,4.5,34.2));
#13514 = DIRECTION('',(0.,0.,1.));
#13515 = DIRECTION('',(1.,0.,-0.));
#13516 = DEFINITIONAL_REPRESENTATION('',(#13517),#13520);
#13517 = B_SPLINE_CURVE_WITH_KNOTS('',1,(#13518,#13519),.UNSPECIFIED.,
  .F.,.F.,(2,2),(27.65,34.65),.PIECEWISE_BEZIER_KNOTS.);
#13518 = CARTESIAN_POINT('',(-3.5,2.5));
#13519 = CARTESIAN_POINT('',(3.5,2.5));
#13520 = ( GEOMETRIC_REPRESENTATION_CONTEXT(2) 
PARAMETRIC_REPRESENTATION_CONTEXT() REPRESENTATION_CONTEXT('2D SPACE',''
  ) );
#13521 = ORIENTED_EDGE('',*,*,#13522,.F.);
#13522 = EDGE_CURVE('',#13523,#13497,#13525,.T.);
#13523 = VERTEX_POINT('',#13524);
#13524 = CARTESIAN_POINT('',(-27.55051025721,7.,36.2));
#13525 = SURFACE_CURVE('',#13526,(#13530,#13536),.PCURVE_S1.);
#13526 = LINE('',#13527,#13528);
#13527 = CARTESIAN_POINT('',(-27.55051025721,7.,34.2));
#13528 = VECTOR('',#13529,1.);
#13529 = DIRECTION('',(-0.,-0.,-1.));
#13530 = PCURVE('',#4863,#13531);
#13531 = DEFINITIONAL_REPRESENTATION('',(#13532),#13535);
#13532 = B_SPLINE_CURVE_WITH_KNOTS('',1,(#13533,#13534),.UNSPECIFIED.,
  .F.,.F.,(2,2),(-2.0100006,5.999999999062E-07),
  .PIECEWISE_BEZIER_KNOTS.);
#13533 = CARTESIAN_POINT('',(14.7100006,64.749489742783));
#13534 = CARTESIAN_POINT('',(12.6999994,64.749489742783));
#13535 = ( GEOMETRIC_REPRESENTATION_CONTEXT(2) 
PARAMETRIC_REPRESENTATION_CONTEXT() REPRESENTATION_CONTEXT('2D SPACE',''
  ) );
#13536 = PCURVE('',#13537,#13542);
#13537 = CYLINDRICAL_SURFACE('',#13538,3.5);
#13538 = AXIS2_PLACEMENT_3D('',#13539,#13540,#13541);
#13539 = CARTESIAN_POINT('',(-30.,4.5,34.2));
#13540 = DIRECTION('',(-0.,-0.,-1.));
#13541 = DIRECTION('',(1.,0.,0.));
#13542 = DEFINITIONAL_REPRESENTATION('',(#13543),#13546);
#13543 = B_SPLINE_CURVE_WITH_KNOTS('',1,(#13544,#13545),.UNSPECIFIED.,
  .F.,.F.,(2,2),(-2.,-0.),.PIECEWISE_BEZIER_KNOTS.);
#13544 = CARTESIAN_POINT('',(-7.078788260664,-2.));
#13545 = CARTESIAN_POINT('',(-7.078788260664,0.));
#13546 = ( GEOMETRIC_REPRESENTATION_CONTEXT(2) 
PARAMETRIC_REPRESENTATION_CONTEXT() REPRESENTATION_CONTEXT('2D SPACE',''
  ) );
#13547 = ORIENTED_EDGE('',*,*,#13548,.F.);
#13548 = EDGE_CURVE('',#13549,#13523,#13551,.T.);
#13549 = VERTEX_POINT('',#13550);
#13550 = CARTESIAN_POINT('',(27.550510257217,7.,36.2));
#13551 = SURFACE_CURVE('',#13552,(#13556,#13562),.PCURVE_S1.);
#13552 = LINE('',#13553,#13554);
#13553 = CARTESIAN_POINT('',(-91.4,7.,36.2));
#13554 = VECTOR('',#13555,1.);
#13555 = DIRECTION('',(-1.,0.,0.));
#13556 = PCURVE('',#4863,#13557);
#13557 = DEFINITIONAL_REPRESENTATION('',(#13558),#13561);
#13558 = B_SPLINE_CURVE_WITH_KNOTS('',1,(#13559,#13560),.UNSPECIFIED.,
  .F.,.F.,(2,2),(-181.9,-0.9),.PIECEWISE_BEZIER_KNOTS.);
#13559 = CARTESIAN_POINT('',(14.7,182.8));
#13560 = CARTESIAN_POINT('',(14.7,1.8));
#13561 = ( GEOMETRIC_REPRESENTATION_CONTEXT(2) 
PARAMETRIC_REPRESENTATION_CONTEXT() REPRESENTATION_CONTEXT('2D SPACE',''
  ) );
#13562 = PCURVE('',#13563,#13568);
#13563 = PLANE('',#13564);
#13564 = AXIS2_PLACEMENT_3D('',#13565,#13566,#13567);
#13565 = CARTESIAN_POINT('',(-90.5,2.5,36.2));
#13566 = DIRECTION('',(0.,0.,1.));
#13567 = DIRECTION('',(1.,0.,0.));
#13568 = DEFINITIONAL_REPRESENTATION('',(#13569),#13572);
#13569 = B_SPLINE_CURVE_WITH_KNOTS('',1,(#13570,#13571),.UNSPECIFIED.,
  .F.,.F.,(2,2),(-181.9,-0.9),.PIECEWISE_BEZIER_KNOTS.);
#13570 = CARTESIAN_POINT('',(181.,4.5));
#13571 = CARTESIAN_POINT('',(0.,4.5));
#13572 = ( GEOMETRIC_REPRESENTATION_CONTEXT(2) 
PARAMETRIC_REPRESENTATION_CONTEXT() REPRESENTATION_CONTEXT('2D SPACE',''
  ) );
#13573 = ORIENTED_EDGE('',*,*,#13574,.T.);
#13574 = EDGE_CURVE('',#13549,#13575,#13577,.T.);
#13575 = VERTEX_POINT('',#13576);
#13576 = CARTESIAN_POINT('',(27.550510257217,7.,34.2));
#13577 = SURFACE_CURVE('',#13578,(#13582,#13588),.PCURVE_S1.);
#13578 = LINE('',#13579,#13580);
#13579 = CARTESIAN_POINT('',(27.550510257217,7.,34.2));
#13580 = VECTOR('',#13581,1.);
#13581 = DIRECTION('',(-0.,-0.,-1.));
#13582 = PCURVE('',#4863,#13583);
#13583 = DEFINITIONAL_REPRESENTATION('',(#13584),#13587);
#13584 = B_SPLINE_CURVE_WITH_KNOTS('',1,(#13585,#13586),.UNSPECIFIED.,
  .F.,.F.,(2,2),(-2.0100006,5.999999999062E-07),
  .PIECEWISE_BEZIER_KNOTS.);
#13585 = CARTESIAN_POINT('',(14.7100006,119.85051025721));
#13586 = CARTESIAN_POINT('',(12.6999994,119.85051025721));
#13587 = ( GEOMETRIC_REPRESENTATION_CONTEXT(2) 
PARAMETRIC_REPRESENTATION_CONTEXT() REPRESENTATION_CONTEXT('2D SPACE',''
  ) );
#13588 = PCURVE('',#13589,#13594);
#13589 = CYLINDRICAL_SURFACE('',#13590,3.5);
#13590 = AXIS2_PLACEMENT_3D('',#13591,#13592,#13593);
#13591 = CARTESIAN_POINT('',(30.,4.5,34.2));
#13592 = DIRECTION('',(-0.,-0.,-1.));
#13593 = DIRECTION('',(1.,0.,0.));
#13594 = DEFINITIONAL_REPRESENTATION('',(#13595),#13598);
#13595 = B_SPLINE_CURVE_WITH_KNOTS('',1,(#13596,#13597),.UNSPECIFIED.,
  .F.,.F.,(2,2),(-2.0100006,5.999999999062E-07),
  .PIECEWISE_BEZIER_KNOTS.);
#13596 = CARTESIAN_POINT('',(-2.345989700105,-2.0100006));
#13597 = CARTESIAN_POINT('',(-2.345989700105,5.999999999062E-07));
#13598 = ( GEOMETRIC_REPRESENTATION_CONTEXT(2) 
PARAMETRIC_REPRESENTATION_CONTEXT() REPRESENTATION_CONTEXT('2D SPACE',''
  ) );
#13599 = ORIENTED_EDGE('',*,*,#13600,.T.);
#13600 = EDGE_CURVE('',#13575,#13601,#13603,.T.);
#13601 = VERTEX_POINT('',#13602);
#13602 = CARTESIAN_POINT('',(32.449489742783,7.,34.2));
#13603 = SURFACE_CURVE('',#13604,(#13608,#13614),.PCURVE_S1.);
#13604 = LINE('',#13605,#13606);
#13605 = CARTESIAN_POINT('',(-31.15,7.,34.2));
#13606 = VECTOR('',#13607,1.);
#13607 = DIRECTION('',(1.,0.,0.));
#13608 = PCURVE('',#4863,#13609);
#13609 = DEFINITIONAL_REPRESENTATION('',(#13610),#13613);
#13610 = B_SPLINE_CURVE_WITH_KNOTS('',1,(#13611,#13612),.UNSPECIFIED.,
  .F.,.F.,(2,2),(57.65,64.65),.PIECEWISE_BEZIER_KNOTS.);
#13611 = CARTESIAN_POINT('',(12.7,118.8));
#13612 = CARTESIAN_POINT('',(12.7,125.8));
#13613 = ( GEOMETRIC_REPRESENTATION_CONTEXT(2) 
PARAMETRIC_REPRESENTATION_CONTEXT() REPRESENTATION_CONTEXT('2D SPACE',''
  ) );
#13614 = PCURVE('',#13615,#13620);
#13615 = PLANE('',#13616);
#13616 = AXIS2_PLACEMENT_3D('',#13617,#13618,#13619);
#13617 = CARTESIAN_POINT('',(30.,4.5,34.2));
#13618 = DIRECTION('',(0.,0.,1.));
#13619 = DIRECTION('',(1.,0.,-0.));
#13620 = DEFINITIONAL_REPRESENTATION('',(#13621),#13624);
#13621 = B_SPLINE_CURVE_WITH_KNOTS('',1,(#13622,#13623),.UNSPECIFIED.,
  .F.,.F.,(2,2),(57.65,64.65),.PIECEWISE_BEZIER_KNOTS.);
#13622 = CARTESIAN_POINT('',(-3.5,2.5));
#13623 = CARTESIAN_POINT('',(3.5,2.5));
#13624 = ( GEOMETRIC_REPRESENTATION_CONTEXT(2) 
PARAMETRIC_REPRESENTATION_CONTEXT() REPRESENTATION_CONTEXT('2D SPACE',''
  ) );
#13625 = ORIENTED_EDGE('',*,*,#13626,.F.);
#13626 = EDGE_CURVE('',#13378,#13601,#13627,.T.);
#13627 = SURFACE_CURVE('',#13628,(#13632,#13638),.PCURVE_S1.);
#13628 = LINE('',#13629,#13630);
#13629 = CARTESIAN_POINT('',(32.449489742783,7.,34.2));
#13630 = VECTOR('',#13631,1.);
#13631 = DIRECTION('',(-0.,-0.,-1.));
#13632 = PCURVE('',#4863,#13633);
#13633 = DEFINITIONAL_REPRESENTATION('',(#13634),#13637);
#13634 = B_SPLINE_CURVE_WITH_KNOTS('',1,(#13635,#13636),.UNSPECIFIED.,
  .F.,.F.,(2,2),(-2.0100006,5.999999999062E-07),
  .PIECEWISE_BEZIER_KNOTS.);
#13635 = CARTESIAN_POINT('',(14.7100006,124.74948974278));
#13636 = CARTESIAN_POINT('',(12.6999994,124.74948974278));
#13637 = ( GEOMETRIC_REPRESENTATION_CONTEXT(2) 
PARAMETRIC_REPRESENTATION_CONTEXT() REPRESENTATION_CONTEXT('2D SPACE',''
  ) );
#13638 = PCURVE('',#13639,#13644);
#13639 = CYLINDRICAL_SURFACE('',#13640,3.5);
#13640 = AXIS2_PLACEMENT_3D('',#13641,#13642,#13643);
#13641 = CARTESIAN_POINT('',(30.,4.5,34.2));
#13642 = DIRECTION('',(-0.,-0.,-1.));
#13643 = DIRECTION('',(1.,0.,0.));
#13644 = DEFINITIONAL_REPRESENTATION('',(#13645),#13648);
#13645 = B_SPLINE_CURVE_WITH_KNOTS('',1,(#13646,#13647),.UNSPECIFIED.,
  .F.,.F.,(2,2),(-2.,-0.),.PIECEWISE_BEZIER_KNOTS.);
#13646 = CARTESIAN_POINT('',(-7.078788260664,-2.));
#13647 = CARTESIAN_POINT('',(-7.078788260664,0.));
#13648 = ( GEOMETRIC_REPRESENTATION_CONTEXT(2) 
PARAMETRIC_REPRESENTATION_CONTEXT() REPRESENTATION_CONTEXT('2D SPACE',''
  ) );
#13649 = ADVANCED_FACE('',(#13650),#4891,.T.);
#13650 = FACE_BOUND('',#13651,.F.);
#13651 = EDGE_LOOP('',(#13652,#13653,#13654,#13678));
#13652 = ORIENTED_EDGE('',*,*,#4874,.F.);
#13653 = ORIENTED_EDGE('',*,*,#13403,.F.);
#13654 = ORIENTED_EDGE('',*,*,#13655,.T.);
#13655 = EDGE_CURVE('',#13376,#13656,#13658,.T.);
#13656 = VERTEX_POINT('',#13657);
#13657 = CARTESIAN_POINT('',(82.886447127434,2.5,36.2));
#13658 = SURFACE_CURVE('',#13659,(#13664,#13671),.PCURVE_S1.);
#13659 = CIRCLE('',#13660,3.2);
#13660 = AXIS2_PLACEMENT_3D('',#13661,#13662,#13663);
#13661 = CARTESIAN_POINT('',(84.,5.5,36.2));
#13662 = DIRECTION('',(0.,0.,1.));
#13663 = DIRECTION('',(1.,0.,0.));
#13664 = PCURVE('',#4891,#13665);
#13665 = DEFINITIONAL_REPRESENTATION('',(#13666),#13670);
#13666 = LINE('',#13667,#13668);
#13667 = CARTESIAN_POINT('',(-0.,-13.7));
#13668 = VECTOR('',#13669,1.);
#13669 = DIRECTION('',(-1.,0.));
#13670 = ( GEOMETRIC_REPRESENTATION_CONTEXT(2) 
PARAMETRIC_REPRESENTATION_CONTEXT() REPRESENTATION_CONTEXT('2D SPACE',''
  ) );
#13671 = PCURVE('',#13392,#13672);
#13672 = DEFINITIONAL_REPRESENTATION('',(#13673),#13677);
#13673 = CIRCLE('',#13674,3.2);
#13674 = AXIS2_PLACEMENT_2D('',#13675,#13676);
#13675 = CARTESIAN_POINT('',(174.5,3.));
#13676 = DIRECTION('',(1.,0.));
#13677 = ( GEOMETRIC_REPRESENTATION_CONTEXT(2) 
PARAMETRIC_REPRESENTATION_CONTEXT() REPRESENTATION_CONTEXT('2D SPACE',''
  ) );
#13678 = ORIENTED_EDGE('',*,*,#13679,.T.);
#13679 = EDGE_CURVE('',#13656,#4875,#13680,.T.);
#13680 = SURFACE_CURVE('',#13681,(#13685,#13691),.PCURVE_S1.);
#13681 = LINE('',#13682,#13683);
#13682 = CARTESIAN_POINT('',(82.886447127434,2.5,22.5));
#13683 = VECTOR('',#13684,1.);
#13684 = DIRECTION('',(-0.,-0.,-1.));
#13685 = PCURVE('',#4891,#13686);
#13686 = DEFINITIONAL_REPRESENTATION('',(#13687),#13690);
#13687 = B_SPLINE_CURVE_WITH_KNOTS('',1,(#13688,#13689),.UNSPECIFIED.,
  .F.,.F.,(2,2),(-13.7000006,5.999999999062E-07),
  .PIECEWISE_BEZIER_KNOTS.);
#13688 = CARTESIAN_POINT('',(-4.356967778694,-13.7000006));
#13689 = CARTESIAN_POINT('',(-4.356967778694,5.999999999062E-07));
#13690 = ( GEOMETRIC_REPRESENTATION_CONTEXT(2) 
PARAMETRIC_REPRESENTATION_CONTEXT() REPRESENTATION_CONTEXT('2D SPACE',''
  ) );
#13691 = PCURVE('',#4919,#13692);
#13692 = DEFINITIONAL_REPRESENTATION('',(#13693),#13696);
#13693 = B_SPLINE_CURVE_WITH_KNOTS('',1,(#13694,#13695),.UNSPECIFIED.,
  .F.,.F.,(2,2),(-13.7000006,5.999999999062E-07),
  .PIECEWISE_BEZIER_KNOTS.);
#13694 = CARTESIAN_POINT('',(14.7000006,173.38644712743));
#13695 = CARTESIAN_POINT('',(0.9999994,173.38644712743));
#13696 = ( GEOMETRIC_REPRESENTATION_CONTEXT(2) 
PARAMETRIC_REPRESENTATION_CONTEXT() REPRESENTATION_CONTEXT('2D SPACE',''
  ) );
#13697 = ADVANCED_FACE('',(#13698),#4949,.T.);
#13698 = FACE_BOUND('',#13699,.F.);
#13699 = EDGE_LOOP('',(#13700,#13701,#13722,#13744));
#13700 = ORIENTED_EDGE('',*,*,#4930,.T.);
#13701 = ORIENTED_EDGE('',*,*,#13702,.F.);
#13702 = EDGE_CURVE('',#13703,#4904,#13705,.T.);
#13703 = VERTEX_POINT('',#13704);
#13704 = CARTESIAN_POINT('',(-82.88644712743,2.5,36.2));
#13705 = SURFACE_CURVE('',#13706,(#13710,#13716),.PCURVE_S1.);
#13706 = LINE('',#13707,#13708);
#13707 = CARTESIAN_POINT('',(-82.88644712743,2.5,22.5));
#13708 = VECTOR('',#13709,1.);
#13709 = DIRECTION('',(-0.,-0.,-1.));
#13710 = PCURVE('',#4949,#13711);
#13711 = DEFINITIONAL_REPRESENTATION('',(#13712),#13715);
#13712 = B_SPLINE_CURVE_WITH_KNOTS('',1,(#13713,#13714),.UNSPECIFIED.,
  .F.,.F.,(2,2),(-13.7,0.),.PIECEWISE_BEZIER_KNOTS.);
#13713 = CARTESIAN_POINT('',(-5.067810182075,-13.7));
#13714 = CARTESIAN_POINT('',(-5.067810182075,0.));
#13715 = ( GEOMETRIC_REPRESENTATION_CONTEXT(2) 
PARAMETRIC_REPRESENTATION_CONTEXT() REPRESENTATION_CONTEXT('2D SPACE',''
  ) );
#13716 = PCURVE('',#4919,#13717);
#13717 = DEFINITIONAL_REPRESENTATION('',(#13718),#13721);
#13718 = B_SPLINE_CURVE_WITH_KNOTS('',1,(#13719,#13720),.UNSPECIFIED.,
  .F.,.F.,(2,2),(-13.7000006,5.999999999062E-07),
  .PIECEWISE_BEZIER_KNOTS.);
#13719 = CARTESIAN_POINT('',(14.7000006,7.613552872566));
#13720 = CARTESIAN_POINT('',(0.9999994,7.613552872566));
#13721 = ( GEOMETRIC_REPRESENTATION_CONTEXT(2) 
PARAMETRIC_REPRESENTATION_CONTEXT() REPRESENTATION_CONTEXT('2D SPACE',''
  ) );
#13722 = ORIENTED_EDGE('',*,*,#13723,.T.);
#13723 = EDGE_CURVE('',#13703,#13424,#13724,.T.);
#13724 = SURFACE_CURVE('',#13725,(#13730,#13737),.PCURVE_S1.);
#13725 = CIRCLE('',#13726,3.2);
#13726 = AXIS2_PLACEMENT_3D('',#13727,#13728,#13729);
#13727 = CARTESIAN_POINT('',(-84.,5.5,36.2));
#13728 = DIRECTION('',(0.,0.,1.));
#13729 = DIRECTION('',(0.347985272677,-0.9375,0.));
#13730 = PCURVE('',#4949,#13731);
#13731 = DEFINITIONAL_REPRESENTATION('',(#13732),#13736);
#13732 = LINE('',#13733,#13734);
#13733 = CARTESIAN_POINT('',(-5.067810182075,-13.7));
#13734 = VECTOR('',#13735,1.);
#13735 = DIRECTION('',(-1.,0.));
#13736 = ( GEOMETRIC_REPRESENTATION_CONTEXT(2) 
PARAMETRIC_REPRESENTATION_CONTEXT() REPRESENTATION_CONTEXT('2D SPACE',''
  ) );
#13737 = PCURVE('',#13459,#13738);
#13738 = DEFINITIONAL_REPRESENTATION('',(#13739),#13743);
#13739 = CIRCLE('',#13740,3.2);
#13740 = AXIS2_PLACEMENT_2D('',#13741,#13742);
#13741 = CARTESIAN_POINT('',(6.5,3.));
#13742 = DIRECTION('',(0.347985272677,-0.9375));
#13743 = ( GEOMETRIC_REPRESENTATION_CONTEXT(2) 
PARAMETRIC_REPRESENTATION_CONTEXT() REPRESENTATION_CONTEXT('2D SPACE',''
  ) );
#13744 = ORIENTED_EDGE('',*,*,#13423,.T.);
#13745 = ADVANCED_FACE('',(#13746),#4919,.T.);
#13746 = FACE_BOUND('',#13747,.T.);
#13747 = EDGE_LOOP('',(#13748,#13771,#13794,#13815,#13836,#13857,#13878,
    #13879,#13880,#13881,#13904,#13925));
#13748 = ORIENTED_EDGE('',*,*,#13749,.F.);
#13749 = EDGE_CURVE('',#13750,#13752,#13754,.T.);
#13750 = VERTEX_POINT('',#13751);
#13751 = CARTESIAN_POINT('',(-27.12771867673,2.5,36.2));
#13752 = VERTEX_POINT('',#13753);
#13753 = CARTESIAN_POINT('',(-27.12771867673,2.5,34.2));
#13754 = SURFACE_CURVE('',#13755,(#13759,#13765),.PCURVE_S1.);
#13755 = LINE('',#13756,#13757);
#13756 = CARTESIAN_POINT('',(-27.12771867673,2.5,34.2));
#13757 = VECTOR('',#13758,1.);
#13758 = DIRECTION('',(-0.,-0.,-1.));
#13759 = PCURVE('',#4919,#13760);
#13760 = DEFINITIONAL_REPRESENTATION('',(#13761),#13764);
#13761 = B_SPLINE_CURVE_WITH_KNOTS('',1,(#13762,#13763),.UNSPECIFIED.,
  .F.,.F.,(2,2),(-2.0100006,5.999999999062E-07),
  .PIECEWISE_BEZIER_KNOTS.);
#13762 = CARTESIAN_POINT('',(14.7100006,63.372281323269));
#13763 = CARTESIAN_POINT('',(12.6999994,63.372281323269));
#13764 = ( GEOMETRIC_REPRESENTATION_CONTEXT(2) 
PARAMETRIC_REPRESENTATION_CONTEXT() REPRESENTATION_CONTEXT('2D SPACE',''
  ) );
#13765 = PCURVE('',#13537,#13766);
#13766 = DEFINITIONAL_REPRESENTATION('',(#13767),#13770);
#13767 = B_SPLINE_CURVE_WITH_KNOTS('',1,(#13768,#13769),.UNSPECIFIED.,
  .F.,.F.,(2,2),(-2.,0.),.PIECEWISE_BEZIER_KNOTS.);
#13768 = CARTESIAN_POINT('',(-5.674939728269,-2.));
#13769 = CARTESIAN_POINT('',(-5.674939728269,0.));
#13770 = ( GEOMETRIC_REPRESENTATION_CONTEXT(2) 
PARAMETRIC_REPRESENTATION_CONTEXT() REPRESENTATION_CONTEXT('2D SPACE',''
  ) );
#13771 = ORIENTED_EDGE('',*,*,#13772,.T.);
#13772 = EDGE_CURVE('',#13750,#13773,#13775,.T.);
#13773 = VERTEX_POINT('',#13774);
#13774 = CARTESIAN_POINT('',(27.127718676731,2.5,36.2));
#13775 = SURFACE_CURVE('',#13776,(#13780,#13787),.PCURVE_S1.);
#13776 = LINE('',#13777,#13778);
#13777 = CARTESIAN_POINT('',(-90.5,2.5,36.2));
#13778 = VECTOR('',#13779,1.);
#13779 = DIRECTION('',(1.,0.,0.));
#13780 = PCURVE('',#4919,#13781);
#13781 = DEFINITIONAL_REPRESENTATION('',(#13782),#13786);
#13782 = LINE('',#13783,#13784);
#13783 = CARTESIAN_POINT('',(14.7,0.));
#13784 = VECTOR('',#13785,1.);
#13785 = DIRECTION('',(0.,1.));
#13786 = ( GEOMETRIC_REPRESENTATION_CONTEXT(2) 
PARAMETRIC_REPRESENTATION_CONTEXT() REPRESENTATION_CONTEXT('2D SPACE',''
  ) );
#13787 = PCURVE('',#13563,#13788);
#13788 = DEFINITIONAL_REPRESENTATION('',(#13789),#13793);
#13789 = LINE('',#13790,#13791);
#13790 = CARTESIAN_POINT('',(0.,0.));
#13791 = VECTOR('',#13792,1.);
#13792 = DIRECTION('',(1.,0.));
#13793 = ( GEOMETRIC_REPRESENTATION_CONTEXT(2) 
PARAMETRIC_REPRESENTATION_CONTEXT() REPRESENTATION_CONTEXT('2D SPACE',''
  ) );
#13794 = ORIENTED_EDGE('',*,*,#13795,.T.);
#13795 = EDGE_CURVE('',#13773,#13796,#13798,.T.);
#13796 = VERTEX_POINT('',#13797);
#13797 = CARTESIAN_POINT('',(27.127718676731,2.5,34.2));
#13798 = SURFACE_CURVE('',#13799,(#13803,#13809),.PCURVE_S1.);
#13799 = LINE('',#13800,#13801);
#13800 = CARTESIAN_POINT('',(27.127718676731,2.5,34.2));
#13801 = VECTOR('',#13802,1.);
#13802 = DIRECTION('',(-0.,-0.,-1.));
#13803 = PCURVE('',#4919,#13804);
#13804 = DEFINITIONAL_REPRESENTATION('',(#13805),#13808);
#13805 = B_SPLINE_CURVE_WITH_KNOTS('',1,(#13806,#13807),.UNSPECIFIED.,
  .F.,.F.,(2,2),(-2.0100006,5.999999999062E-07),
  .PIECEWISE_BEZIER_KNOTS.);
#13806 = CARTESIAN_POINT('',(14.7100006,117.62771867673));
#13807 = CARTESIAN_POINT('',(12.6999994,117.62771867673));
#13808 = ( GEOMETRIC_REPRESENTATION_CONTEXT(2) 
PARAMETRIC_REPRESENTATION_CONTEXT() REPRESENTATION_CONTEXT('2D SPACE',''
  ) );
#13809 = PCURVE('',#13589,#13810);
#13810 = DEFINITIONAL_REPRESENTATION('',(#13811),#13814);
#13811 = B_SPLINE_CURVE_WITH_KNOTS('',1,(#13812,#13813),.UNSPECIFIED.,
  .F.,.F.,(2,2),(-2.0100006,5.999999999062E-07),
  .PIECEWISE_BEZIER_KNOTS.);
#13812 = CARTESIAN_POINT('',(-3.7498382325,-2.0100006));
#13813 = CARTESIAN_POINT('',(-3.7498382325,5.999999999062E-07));
#13814 = ( GEOMETRIC_REPRESENTATION_CONTEXT(2) 
PARAMETRIC_REPRESENTATION_CONTEXT() REPRESENTATION_CONTEXT('2D SPACE',''
  ) );
#13815 = ORIENTED_EDGE('',*,*,#13816,.T.);
#13816 = EDGE_CURVE('',#13796,#13817,#13819,.T.);
#13817 = VERTEX_POINT('',#13818);
#13818 = CARTESIAN_POINT('',(32.872281323269,2.5,34.2));
#13819 = SURFACE_CURVE('',#13820,(#13824,#13830),.PCURVE_S1.);
#13820 = LINE('',#13821,#13822);
#13821 = CARTESIAN_POINT('',(-30.25,2.5,34.2));
#13822 = VECTOR('',#13823,1.);
#13823 = DIRECTION('',(1.,0.,0.));
#13824 = PCURVE('',#4919,#13825);
#13825 = DEFINITIONAL_REPRESENTATION('',(#13826),#13829);
#13826 = B_SPLINE_CURVE_WITH_KNOTS('',1,(#13827,#13828),.UNSPECIFIED.,
  .F.,.F.,(2,2),(56.75,63.75),.PIECEWISE_BEZIER_KNOTS.);
#13827 = CARTESIAN_POINT('',(12.7,117.));
#13828 = CARTESIAN_POINT('',(12.7,124.));
#13829 = ( GEOMETRIC_REPRESENTATION_CONTEXT(2) 
PARAMETRIC_REPRESENTATION_CONTEXT() REPRESENTATION_CONTEXT('2D SPACE',''
  ) );
#13830 = PCURVE('',#13615,#13831);
#13831 = DEFINITIONAL_REPRESENTATION('',(#13832),#13835);
#13832 = B_SPLINE_CURVE_WITH_KNOTS('',1,(#13833,#13834),.UNSPECIFIED.,
  .F.,.F.,(2,2),(56.75,63.75),.PIECEWISE_BEZIER_KNOTS.);
#13833 = CARTESIAN_POINT('',(-3.5,-2.));
#13834 = CARTESIAN_POINT('',(3.5,-2.));
#13835 = ( GEOMETRIC_REPRESENTATION_CONTEXT(2) 
PARAMETRIC_REPRESENTATION_CONTEXT() REPRESENTATION_CONTEXT('2D SPACE',''
  ) );
#13836 = ORIENTED_EDGE('',*,*,#13837,.F.);
#13837 = EDGE_CURVE('',#13838,#13817,#13840,.T.);
#13838 = VERTEX_POINT('',#13839);
#13839 = CARTESIAN_POINT('',(32.872281323269,2.5,36.2));
#13840 = SURFACE_CURVE('',#13841,(#13845,#13851),.PCURVE_S1.);
#13841 = LINE('',#13842,#13843);
#13842 = CARTESIAN_POINT('',(32.872281323269,2.5,34.2));
#13843 = VECTOR('',#13844,1.);
#13844 = DIRECTION('',(-0.,-0.,-1.));
#13845 = PCURVE('',#4919,#13846);
#13846 = DEFINITIONAL_REPRESENTATION('',(#13847),#13850);
#13847 = B_SPLINE_CURVE_WITH_KNOTS('',1,(#13848,#13849),.UNSPECIFIED.,
  .F.,.F.,(2,2),(-2.0100006,5.999999999062E-07),
  .PIECEWISE_BEZIER_KNOTS.);
#13848 = CARTESIAN_POINT('',(14.7100006,123.37228132326));
#13849 = CARTESIAN_POINT('',(12.6999994,123.37228132326));
#13850 = ( GEOMETRIC_REPRESENTATION_CONTEXT(2) 
PARAMETRIC_REPRESENTATION_CONTEXT() REPRESENTATION_CONTEXT('2D SPACE',''
  ) );
#13851 = PCURVE('',#13639,#13852);
#13852 = DEFINITIONAL_REPRESENTATION('',(#13853),#13856);
#13853 = B_SPLINE_CURVE_WITH_KNOTS('',1,(#13854,#13855),.UNSPECIFIED.,
  .F.,.F.,(2,2),(-2.,0.),.PIECEWISE_BEZIER_KNOTS.);
#13854 = CARTESIAN_POINT('',(-5.674939728269,-2.));
#13855 = CARTESIAN_POINT('',(-5.674939728269,0.));
#13856 = ( GEOMETRIC_REPRESENTATION_CONTEXT(2) 
PARAMETRIC_REPRESENTATION_CONTEXT() REPRESENTATION_CONTEXT('2D SPACE',''
  ) );
#13857 = ORIENTED_EDGE('',*,*,#13858,.T.);
#13858 = EDGE_CURVE('',#13838,#13656,#13859,.T.);
#13859 = SURFACE_CURVE('',#13860,(#13864,#13871),.PCURVE_S1.);
#13860 = LINE('',#13861,#13862);
#13861 = CARTESIAN_POINT('',(-90.5,2.5,36.2));
#13862 = VECTOR('',#13863,1.);
#13863 = DIRECTION('',(1.,0.,0.));
#13864 = PCURVE('',#4919,#13865);
#13865 = DEFINITIONAL_REPRESENTATION('',(#13866),#13870);
#13866 = LINE('',#13867,#13868);
#13867 = CARTESIAN_POINT('',(14.7,0.));
#13868 = VECTOR('',#13869,1.);
#13869 = DIRECTION('',(0.,1.));
#13870 = ( GEOMETRIC_REPRESENTATION_CONTEXT(2) 
PARAMETRIC_REPRESENTATION_CONTEXT() REPRESENTATION_CONTEXT('2D SPACE',''
  ) );
#13871 = PCURVE('',#13392,#13872);
#13872 = DEFINITIONAL_REPRESENTATION('',(#13873),#13877);
#13873 = LINE('',#13874,#13875);
#13874 = CARTESIAN_POINT('',(0.,0.));
#13875 = VECTOR('',#13876,1.);
#13876 = DIRECTION('',(1.,0.));
#13877 = ( GEOMETRIC_REPRESENTATION_CONTEXT(2) 
PARAMETRIC_REPRESENTATION_CONTEXT() REPRESENTATION_CONTEXT('2D SPACE',''
  ) );
#13878 = ORIENTED_EDGE('',*,*,#13679,.T.);
#13879 = ORIENTED_EDGE('',*,*,#4903,.T.);
#13880 = ORIENTED_EDGE('',*,*,#13702,.F.);
#13881 = ORIENTED_EDGE('',*,*,#13882,.T.);
#13882 = EDGE_CURVE('',#13703,#13883,#13885,.T.);
#13883 = VERTEX_POINT('',#13884);
#13884 = CARTESIAN_POINT('',(-32.87228132326,2.5,36.2));
#13885 = SURFACE_CURVE('',#13886,(#13890,#13897),.PCURVE_S1.);
#13886 = LINE('',#13887,#13888);
#13887 = CARTESIAN_POINT('',(-90.5,2.5,36.2));
#13888 = VECTOR('',#13889,1.);
#13889 = DIRECTION('',(1.,0.,0.));
#13890 = PCURVE('',#4919,#13891);
#13891 = DEFINITIONAL_REPRESENTATION('',(#13892),#13896);
#13892 = LINE('',#13893,#13894);
#13893 = CARTESIAN_POINT('',(14.7,0.));
#13894 = VECTOR('',#13895,1.);
#13895 = DIRECTION('',(0.,1.));
#13896 = ( GEOMETRIC_REPRESENTATION_CONTEXT(2) 
PARAMETRIC_REPRESENTATION_CONTEXT() REPRESENTATION_CONTEXT('2D SPACE',''
  ) );
#13897 = PCURVE('',#13459,#13898);
#13898 = DEFINITIONAL_REPRESENTATION('',(#13899),#13903);
#13899 = LINE('',#13900,#13901);
#13900 = CARTESIAN_POINT('',(0.,0.));
#13901 = VECTOR('',#13902,1.);
#13902 = DIRECTION('',(1.,0.));
#13903 = ( GEOMETRIC_REPRESENTATION_CONTEXT(2) 
PARAMETRIC_REPRESENTATION_CONTEXT() REPRESENTATION_CONTEXT('2D SPACE',''
  ) );
#13904 = ORIENTED_EDGE('',*,*,#13905,.T.);
#13905 = EDGE_CURVE('',#13883,#13906,#13908,.T.);
#13906 = VERTEX_POINT('',#13907);
#13907 = CARTESIAN_POINT('',(-32.87228132326,2.5,34.2));
#13908 = SURFACE_CURVE('',#13909,(#13913,#13919),.PCURVE_S1.);
#13909 = LINE('',#13910,#13911);
#13910 = CARTESIAN_POINT('',(-32.87228132326,2.5,34.2));
#13911 = VECTOR('',#13912,1.);
#13912 = DIRECTION('',(-0.,-0.,-1.));
#13913 = PCURVE('',#4919,#13914);
#13914 = DEFINITIONAL_REPRESENTATION('',(#13915),#13918);
#13915 = B_SPLINE_CURVE_WITH_KNOTS('',1,(#13916,#13917),.UNSPECIFIED.,
  .F.,.F.,(2,2),(-2.0100006,5.999999999062E-07),
  .PIECEWISE_BEZIER_KNOTS.);
#13916 = CARTESIAN_POINT('',(14.7100006,57.627718676731));
#13917 = CARTESIAN_POINT('',(12.6999994,57.627718676731));
#13918 = ( GEOMETRIC_REPRESENTATION_CONTEXT(2) 
PARAMETRIC_REPRESENTATION_CONTEXT() REPRESENTATION_CONTEXT('2D SPACE',''
  ) );
#13919 = PCURVE('',#13485,#13920);
#13920 = DEFINITIONAL_REPRESENTATION('',(#13921),#13924);
#13921 = B_SPLINE_CURVE_WITH_KNOTS('',1,(#13922,#13923),.UNSPECIFIED.,
  .F.,.F.,(2,2),(-2.0100006,5.999999999062E-07),
  .PIECEWISE_BEZIER_KNOTS.);
#13922 = CARTESIAN_POINT('',(-3.7498382325,-2.0100006));
#13923 = CARTESIAN_POINT('',(-3.7498382325,5.999999999062E-07));
#13924 = ( GEOMETRIC_REPRESENTATION_CONTEXT(2) 
PARAMETRIC_REPRESENTATION_CONTEXT() REPRESENTATION_CONTEXT('2D SPACE',''
  ) );
#13925 = ORIENTED_EDGE('',*,*,#13926,.T.);
#13926 = EDGE_CURVE('',#13906,#13752,#13927,.T.);
#13927 = SURFACE_CURVE('',#13928,(#13932,#13938),.PCURVE_S1.);
#13928 = LINE('',#13929,#13930);
#13929 = CARTESIAN_POINT('',(-60.25,2.5,34.2));
#13930 = VECTOR('',#13931,1.);
#13931 = DIRECTION('',(1.,0.,0.));
#13932 = PCURVE('',#4919,#13933);
#13933 = DEFINITIONAL_REPRESENTATION('',(#13934),#13937);
#13934 = B_SPLINE_CURVE_WITH_KNOTS('',1,(#13935,#13936),.UNSPECIFIED.,
  .F.,.F.,(2,2),(26.75,33.75),.PIECEWISE_BEZIER_KNOTS.);
#13935 = CARTESIAN_POINT('',(12.7,57.));
#13936 = CARTESIAN_POINT('',(12.7,64.));
#13937 = ( GEOMETRIC_REPRESENTATION_CONTEXT(2) 
PARAMETRIC_REPRESENTATION_CONTEXT() REPRESENTATION_CONTEXT('2D SPACE',''
  ) );
#13938 = PCURVE('',#13511,#13939);
#13939 = DEFINITIONAL_REPRESENTATION('',(#13940),#13943);
#13940 = B_SPLINE_CURVE_WITH_KNOTS('',1,(#13941,#13942),.UNSPECIFIED.,
  .F.,.F.,(2,2),(26.75,33.75),.PIECEWISE_BEZIER_KNOTS.);
#13941 = CARTESIAN_POINT('',(-3.5,-2.));
#13942 = CARTESIAN_POINT('',(3.5,-2.));
#13943 = ( GEOMETRIC_REPRESENTATION_CONTEXT(2) 
PARAMETRIC_REPRESENTATION_CONTEXT() REPRESENTATION_CONTEXT('2D SPACE',''
  ) );
#13944 = ADVANCED_FACE('',(#13945),#4981,.F.);
#13945 = FACE_BOUND('',#13946,.F.);
#13946 = EDGE_LOOP('',(#13947,#13977,#13998,#13999));
#13947 = ORIENTED_EDGE('',*,*,#13948,.F.);
#13948 = EDGE_CURVE('',#13949,#13951,#13953,.T.);
#13949 = VERTEX_POINT('',#13950);
#13950 = CARTESIAN_POINT('',(90.5,2.5,36.2));
#13951 = VERTEX_POINT('',#13952);
#13952 = CARTESIAN_POINT('',(90.5,7.,36.2));
#13953 = SURFACE_CURVE('',#13954,(#13958,#13965),.PCURVE_S1.);
#13954 = LINE('',#13955,#13956);
#13955 = CARTESIAN_POINT('',(90.5,2.5,36.2));
#13956 = VECTOR('',#13957,1.);
#13957 = DIRECTION('',(0.,1.,0.));
#13958 = PCURVE('',#4981,#13959);
#13959 = DEFINITIONAL_REPRESENTATION('',(#13960),#13964);
#13960 = LINE('',#13961,#13962);
#13961 = CARTESIAN_POINT('',(14.7,0.));
#13962 = VECTOR('',#13963,1.);
#13963 = DIRECTION('',(0.,-1.));
#13964 = ( GEOMETRIC_REPRESENTATION_CONTEXT(2) 
PARAMETRIC_REPRESENTATION_CONTEXT() REPRESENTATION_CONTEXT('2D SPACE',''
  ) );
#13965 = PCURVE('',#13966,#13971);
#13966 = PLANE('',#13967);
#13967 = AXIS2_PLACEMENT_3D('',#13968,#13969,#13970);
#13968 = CARTESIAN_POINT('',(-90.5,2.5,36.2));
#13969 = DIRECTION('',(0.,0.,1.));
#13970 = DIRECTION('',(1.,0.,0.));
#13971 = DEFINITIONAL_REPRESENTATION('',(#13972),#13976);
#13972 = LINE('',#13973,#13974);
#13973 = CARTESIAN_POINT('',(181.,0.));
#13974 = VECTOR('',#13975,1.);
#13975 = DIRECTION('',(0.,1.));
#13976 = ( GEOMETRIC_REPRESENTATION_CONTEXT(2) 
PARAMETRIC_REPRESENTATION_CONTEXT() REPRESENTATION_CONTEXT('2D SPACE',''
  ) );
#13977 = ORIENTED_EDGE('',*,*,#13978,.F.);
#13978 = EDGE_CURVE('',#4964,#13949,#13979,.T.);
#13979 = SURFACE_CURVE('',#13980,(#13984,#13991),.PCURVE_S1.);
#13980 = LINE('',#13981,#13982);
#13981 = CARTESIAN_POINT('',(90.5,2.5,21.5));
#13982 = VECTOR('',#13983,1.);
#13983 = DIRECTION('',(0.,0.,1.));
#13984 = PCURVE('',#4981,#13985);
#13985 = DEFINITIONAL_REPRESENTATION('',(#13986),#13990);
#13986 = LINE('',#13987,#13988);
#13987 = CARTESIAN_POINT('',(0.,0.));
#13988 = VECTOR('',#13989,1.);
#13989 = DIRECTION('',(1.,0.));
#13990 = ( GEOMETRIC_REPRESENTATION_CONTEXT(2) 
PARAMETRIC_REPRESENTATION_CONTEXT() REPRESENTATION_CONTEXT('2D SPACE',''
  ) );
#13991 = PCURVE('',#5008,#13992);
#13992 = DEFINITIONAL_REPRESENTATION('',(#13993),#13997);
#13993 = LINE('',#13994,#13995);
#13994 = CARTESIAN_POINT('',(0.,181.));
#13995 = VECTOR('',#13996,1.);
#13996 = DIRECTION('',(1.,0.));
#13997 = ( GEOMETRIC_REPRESENTATION_CONTEXT(2) 
PARAMETRIC_REPRESENTATION_CONTEXT() REPRESENTATION_CONTEXT('2D SPACE',''
  ) );
#13998 = ORIENTED_EDGE('',*,*,#4963,.T.);
#13999 = ORIENTED_EDGE('',*,*,#14000,.T.);
#14000 = EDGE_CURVE('',#4966,#13951,#14001,.T.);
#14001 = SURFACE_CURVE('',#14002,(#14006,#14012),.PCURVE_S1.);
#14002 = LINE('',#14003,#14004);
#14003 = CARTESIAN_POINT('',(90.5,7.,21.5));
#14004 = VECTOR('',#14005,1.);
#14005 = DIRECTION('',(0.,0.,1.));
#14006 = PCURVE('',#4981,#14007);
#14007 = DEFINITIONAL_REPRESENTATION('',(#14008),#14011);
#14008 = B_SPLINE_CURVE_WITH_KNOTS('',1,(#14009,#14010),.UNSPECIFIED.,
  .F.,.F.,(2,2),(0.,14.7),.PIECEWISE_BEZIER_KNOTS.);
#14009 = CARTESIAN_POINT('',(0.,-4.5));
#14010 = CARTESIAN_POINT('',(14.7,-4.5));
#14011 = ( GEOMETRIC_REPRESENTATION_CONTEXT(2) 
PARAMETRIC_REPRESENTATION_CONTEXT() REPRESENTATION_CONTEXT('2D SPACE',''
  ) );
#14012 = PCURVE('',#5066,#14013);
#14013 = DEFINITIONAL_REPRESENTATION('',(#14014),#14017);
#14014 = B_SPLINE_CURVE_WITH_KNOTS('',1,(#14015,#14016),.UNSPECIFIED.,
  .F.,.F.,(2,2),(0.,14.7),.PIECEWISE_BEZIER_KNOTS.);
#14015 = CARTESIAN_POINT('',(0.,182.8));
#14016 = CARTESIAN_POINT('',(14.7,182.8));
#14017 = ( GEOMETRIC_REPRESENTATION_CONTEXT(2) 
PARAMETRIC_REPRESENTATION_CONTEXT() REPRESENTATION_CONTEXT('2D SPACE',''
  ) );
#14018 = ADVANCED_FACE('',(#14019),#5008,.T.);
#14019 = FACE_BOUND('',#14020,.T.);
#14020 = EDGE_LOOP('',(#14021,#14022,#14023,#14044));
#14021 = ORIENTED_EDGE('',*,*,#13978,.F.);
#14022 = ORIENTED_EDGE('',*,*,#4992,.T.);
#14023 = ORIENTED_EDGE('',*,*,#14024,.F.);
#14024 = EDGE_CURVE('',#14025,#4993,#14027,.T.);
#14025 = VERTEX_POINT('',#14026);
#14026 = CARTESIAN_POINT('',(85.113552872566,2.5,36.2));
#14027 = SURFACE_CURVE('',#14028,(#14032,#14038),.PCURVE_S1.);
#14028 = LINE('',#14029,#14030);
#14029 = CARTESIAN_POINT('',(85.113552872566,2.5,22.5));
#14030 = VECTOR('',#14031,1.);
#14031 = DIRECTION('',(-0.,-0.,-1.));
#14032 = PCURVE('',#5008,#14033);
#14033 = DEFINITIONAL_REPRESENTATION('',(#14034),#14037);
#14034 = B_SPLINE_CURVE_WITH_KNOTS('',1,(#14035,#14036),.UNSPECIFIED.,
  .F.,.F.,(2,2),(-13.7000006,5.999999999062E-07),
  .PIECEWISE_BEZIER_KNOTS.);
#14035 = CARTESIAN_POINT('',(14.7000006,175.61355287256));
#14036 = CARTESIAN_POINT('',(0.9999994,175.61355287256));
#14037 = ( GEOMETRIC_REPRESENTATION_CONTEXT(2) 
PARAMETRIC_REPRESENTATION_CONTEXT() REPRESENTATION_CONTEXT('2D SPACE',''
  ) );
#14038 = PCURVE('',#5040,#14039);
#14039 = DEFINITIONAL_REPRESENTATION('',(#14040),#14043);
#14040 = B_SPLINE_CURVE_WITH_KNOTS('',1,(#14041,#14042),.UNSPECIFIED.,
  .F.,.F.,(2,2),(-13.7,0.),.PIECEWISE_BEZIER_KNOTS.);
#14041 = CARTESIAN_POINT('',(-5.067810182075,-13.7));
#14042 = CARTESIAN_POINT('',(-5.067810182075,0.));
#14043 = ( GEOMETRIC_REPRESENTATION_CONTEXT(2) 
PARAMETRIC_REPRESENTATION_CONTEXT() REPRESENTATION_CONTEXT('2D SPACE',''
  ) );
#14044 = ORIENTED_EDGE('',*,*,#14045,.T.);
#14045 = EDGE_CURVE('',#14025,#13949,#14046,.T.);
#14046 = SURFACE_CURVE('',#14047,(#14051,#14058),.PCURVE_S1.);
#14047 = LINE('',#14048,#14049);
#14048 = CARTESIAN_POINT('',(-90.5,2.5,36.2));
#14049 = VECTOR('',#14050,1.);
#14050 = DIRECTION('',(1.,0.,0.));
#14051 = PCURVE('',#5008,#14052);
#14052 = DEFINITIONAL_REPRESENTATION('',(#14053),#14057);
#14053 = LINE('',#14054,#14055);
#14054 = CARTESIAN_POINT('',(14.7,0.));
#14055 = VECTOR('',#14056,1.);
#14056 = DIRECTION('',(0.,1.));
#14057 = ( GEOMETRIC_REPRESENTATION_CONTEXT(2) 
PARAMETRIC_REPRESENTATION_CONTEXT() REPRESENTATION_CONTEXT('2D SPACE',''
  ) );
#14058 = PCURVE('',#13966,#14059);
#14059 = DEFINITIONAL_REPRESENTATION('',(#14060),#14064);
#14060 = LINE('',#14061,#14062);
#14061 = CARTESIAN_POINT('',(0.,0.));
#14062 = VECTOR('',#14063,1.);
#14063 = DIRECTION('',(1.,0.));
#14064 = ( GEOMETRIC_REPRESENTATION_CONTEXT(2) 
PARAMETRIC_REPRESENTATION_CONTEXT() REPRESENTATION_CONTEXT('2D SPACE',''
  ) );
#14065 = ADVANCED_FACE('',(#14066),#5066,.F.);
#14066 = FACE_BOUND('',#14067,.F.);
#14067 = EDGE_LOOP('',(#14068,#14069,#14070,#14091));
#14068 = ORIENTED_EDGE('',*,*,#14000,.F.);
#14069 = ORIENTED_EDGE('',*,*,#5052,.T.);
#14070 = ORIENTED_EDGE('',*,*,#14071,.F.);
#14071 = EDGE_CURVE('',#14072,#5020,#14074,.T.);
#14072 = VERTEX_POINT('',#14073);
#14073 = CARTESIAN_POINT('',(86.82665880502,7.,36.2));
#14074 = SURFACE_CURVE('',#14075,(#14079,#14085),.PCURVE_S1.);
#14075 = LINE('',#14076,#14077);
#14076 = CARTESIAN_POINT('',(86.826658805021,7.,22.5));
#14077 = VECTOR('',#14078,1.);
#14078 = DIRECTION('',(-0.,-0.,-1.));
#14079 = PCURVE('',#5066,#14080);
#14080 = DEFINITIONAL_REPRESENTATION('',(#14081),#14084);
#14081 = B_SPLINE_CURVE_WITH_KNOTS('',1,(#14082,#14083),.UNSPECIFIED.,
  .F.,.F.,(2,2),(-13.7000006,5.999999999062E-07),
  .PIECEWISE_BEZIER_KNOTS.);
#14082 = CARTESIAN_POINT('',(14.7000006,179.12665880502));
#14083 = CARTESIAN_POINT('',(0.9999994,179.12665880502));
#14084 = ( GEOMETRIC_REPRESENTATION_CONTEXT(2) 
PARAMETRIC_REPRESENTATION_CONTEXT() REPRESENTATION_CONTEXT('2D SPACE',''
  ) );
#14085 = PCURVE('',#5040,#14086);
#14086 = DEFINITIONAL_REPRESENTATION('',(#14087),#14090);
#14087 = B_SPLINE_CURVE_WITH_KNOTS('',1,(#14088,#14089),.UNSPECIFIED.,
  .F.,.F.,(2,2),(-13.7,0.),.PIECEWISE_BEZIER_KNOTS.);
#14088 = CARTESIAN_POINT('',(-6.77106045472,-13.7));
#14089 = CARTESIAN_POINT('',(-6.77106045472,0.));
#14090 = ( GEOMETRIC_REPRESENTATION_CONTEXT(2) 
PARAMETRIC_REPRESENTATION_CONTEXT() REPRESENTATION_CONTEXT('2D SPACE',''
  ) );
#14091 = ORIENTED_EDGE('',*,*,#14092,.F.);
#14092 = EDGE_CURVE('',#13951,#14072,#14093,.T.);
#14093 = SURFACE_CURVE('',#14094,(#14098,#14104),.PCURVE_S1.);
#14094 = LINE('',#14095,#14096);
#14095 = CARTESIAN_POINT('',(-91.4,7.,36.2));
#14096 = VECTOR('',#14097,1.);
#14097 = DIRECTION('',(-1.,0.,0.));
#14098 = PCURVE('',#5066,#14099);
#14099 = DEFINITIONAL_REPRESENTATION('',(#14100),#14103);
#14100 = B_SPLINE_CURVE_WITH_KNOTS('',1,(#14101,#14102),.UNSPECIFIED.,
  .F.,.F.,(2,2),(-181.9,-0.9),.PIECEWISE_BEZIER_KNOTS.);
#14101 = CARTESIAN_POINT('',(14.7,182.8));
#14102 = CARTESIAN_POINT('',(14.7,1.8));
#14103 = ( GEOMETRIC_REPRESENTATION_CONTEXT(2) 
PARAMETRIC_REPRESENTATION_CONTEXT() REPRESENTATION_CONTEXT('2D SPACE',''
  ) );
#14104 = PCURVE('',#13966,#14105);
#14105 = DEFINITIONAL_REPRESENTATION('',(#14106),#14109);
#14106 = B_SPLINE_CURVE_WITH_KNOTS('',1,(#14107,#14108),.UNSPECIFIED.,
  .F.,.F.,(2,2),(-181.9,-0.9),.PIECEWISE_BEZIER_KNOTS.);
#14107 = CARTESIAN_POINT('',(181.,4.5));
#14108 = CARTESIAN_POINT('',(0.,4.5));
#14109 = ( GEOMETRIC_REPRESENTATION_CONTEXT(2) 
PARAMETRIC_REPRESENTATION_CONTEXT() REPRESENTATION_CONTEXT('2D SPACE',''
  ) );
#14110 = ADVANCED_FACE('',(#14111),#5040,.T.);
#14111 = FACE_BOUND('',#14112,.F.);
#14112 = EDGE_LOOP('',(#14113,#14114,#14115,#14137));
#14113 = ORIENTED_EDGE('',*,*,#5019,.T.);
#14114 = ORIENTED_EDGE('',*,*,#14024,.F.);
#14115 = ORIENTED_EDGE('',*,*,#14116,.T.);
#14116 = EDGE_CURVE('',#14025,#14072,#14117,.T.);
#14117 = SURFACE_CURVE('',#14118,(#14123,#14130),.PCURVE_S1.);
#14118 = CIRCLE('',#14119,3.2);
#14119 = AXIS2_PLACEMENT_3D('',#14120,#14121,#14122);
#14120 = CARTESIAN_POINT('',(84.,5.5,36.2));
#14121 = DIRECTION('',(0.,0.,1.));
#14122 = DIRECTION('',(0.347985272677,-0.9375,0.));
#14123 = PCURVE('',#5040,#14124);
#14124 = DEFINITIONAL_REPRESENTATION('',(#14125),#14129);
#14125 = LINE('',#14126,#14127);
#14126 = CARTESIAN_POINT('',(-5.067810182075,-13.7));
#14127 = VECTOR('',#14128,1.);
#14128 = DIRECTION('',(-1.,0.));
#14129 = ( GEOMETRIC_REPRESENTATION_CONTEXT(2) 
PARAMETRIC_REPRESENTATION_CONTEXT() REPRESENTATION_CONTEXT('2D SPACE',''
  ) );
#14130 = PCURVE('',#13966,#14131);
#14131 = DEFINITIONAL_REPRESENTATION('',(#14132),#14136);
#14132 = CIRCLE('',#14133,3.2);
#14133 = AXIS2_PLACEMENT_2D('',#14134,#14135);
#14134 = CARTESIAN_POINT('',(174.5,3.));
#14135 = DIRECTION('',(0.347985272677,-0.9375));
#14136 = ( GEOMETRIC_REPRESENTATION_CONTEXT(2) 
PARAMETRIC_REPRESENTATION_CONTEXT() REPRESENTATION_CONTEXT('2D SPACE',''
  ) );
#14137 = ORIENTED_EDGE('',*,*,#14071,.T.);
#14138 = ADVANCED_FACE('',(#14139),#5100,.F.);
#14139 = FACE_BOUND('',#14140,.T.);
#14140 = EDGE_LOOP('',(#14141,#14142,#14165,#14192));
#14141 = ORIENTED_EDGE('',*,*,#5079,.T.);
#14142 = ORIENTED_EDGE('',*,*,#14143,.T.);
#14143 = EDGE_CURVE('',#5080,#14144,#14146,.T.);
#14144 = VERTEX_POINT('',#14145);
#14145 = CARTESIAN_POINT('',(85.7,5.5,27.));
#14146 = SEAM_CURVE('',#14147,(#14151,#14158),.PCURVE_S1.);
#14147 = LINE('',#14148,#14149);
#14148 = CARTESIAN_POINT('',(85.7,5.5,21.5));
#14149 = VECTOR('',#14150,1.);
#14150 = DIRECTION('',(0.,0.,1.));
#14151 = PCURVE('',#5100,#14152);
#14152 = DEFINITIONAL_REPRESENTATION('',(#14153),#14157);
#14153 = LINE('',#14154,#14155);
#14154 = CARTESIAN_POINT('',(-6.28318530718,0.));
#14155 = VECTOR('',#14156,1.);
#14156 = DIRECTION('',(-0.,-1.));
#14157 = ( GEOMETRIC_REPRESENTATION_CONTEXT(2) 
PARAMETRIC_REPRESENTATION_CONTEXT() REPRESENTATION_CONTEXT('2D SPACE',''
  ) );
#14158 = PCURVE('',#5100,#14159);
#14159 = DEFINITIONAL_REPRESENTATION('',(#14160),#14164);
#14160 = LINE('',#14161,#14162);
#14161 = CARTESIAN_POINT('',(-0.,0.));
#14162 = VECTOR('',#14163,1.);
#14163 = DIRECTION('',(-0.,-1.));
#14164 = ( GEOMETRIC_REPRESENTATION_CONTEXT(2) 
PARAMETRIC_REPRESENTATION_CONTEXT() REPRESENTATION_CONTEXT('2D SPACE',''
  ) );
#14165 = ORIENTED_EDGE('',*,*,#14166,.T.);
#14166 = EDGE_CURVE('',#14144,#14144,#14167,.T.);
#14167 = SURFACE_CURVE('',#14168,(#14173,#14180),.PCURVE_S1.);
#14168 = CIRCLE('',#14169,1.7);
#14169 = AXIS2_PLACEMENT_3D('',#14170,#14171,#14172);
#14170 = CARTESIAN_POINT('',(84.,5.5,27.));
#14171 = DIRECTION('',(0.,0.,1.));
#14172 = DIRECTION('',(1.,0.,0.));
#14173 = PCURVE('',#5100,#14174);
#14174 = DEFINITIONAL_REPRESENTATION('',(#14175),#14179);
#14175 = LINE('',#14176,#14177);
#14176 = CARTESIAN_POINT('',(-0.,-5.5));
#14177 = VECTOR('',#14178,1.);
#14178 = DIRECTION('',(-1.,0.));
#14179 = ( GEOMETRIC_REPRESENTATION_CONTEXT(2) 
PARAMETRIC_REPRESENTATION_CONTEXT() REPRESENTATION_CONTEXT('2D SPACE',''
  ) );
#14180 = PCURVE('',#14181,#14186);
#14181 = PLANE('',#14182);
#14182 = AXIS2_PLACEMENT_3D('',#14183,#14184,#14185);
#14183 = CARTESIAN_POINT('',(84.,5.5,27.));
#14184 = DIRECTION('',(0.,0.,1.));
#14185 = DIRECTION('',(1.,0.,-0.));
#14186 = DEFINITIONAL_REPRESENTATION('',(#14187),#14191);
#14187 = CIRCLE('',#14188,1.7);
#14188 = AXIS2_PLACEMENT_2D('',#14189,#14190);
#14189 = CARTESIAN_POINT('',(0.,0.));
#14190 = DIRECTION('',(1.,0.));
#14191 = ( GEOMETRIC_REPRESENTATION_CONTEXT(2) 
PARAMETRIC_REPRESENTATION_CONTEXT() REPRESENTATION_CONTEXT('2D SPACE',''
  ) );
#14192 = ORIENTED_EDGE('',*,*,#14143,.F.);
#14193 = ADVANCED_FACE('',(#14194),#5135,.F.);
#14194 = FACE_BOUND('',#14195,.T.);
#14195 = EDGE_LOOP('',(#14196,#14197,#14220,#14247));
#14196 = ORIENTED_EDGE('',*,*,#5114,.T.);
#14197 = ORIENTED_EDGE('',*,*,#14198,.T.);
#14198 = EDGE_CURVE('',#5115,#14199,#14201,.T.);
#14199 = VERTEX_POINT('',#14200);
#14200 = CARTESIAN_POINT('',(-82.3,79.1,27.));
#14201 = SEAM_CURVE('',#14202,(#14206,#14213),.PCURVE_S1.);
#14202 = LINE('',#14203,#14204);
#14203 = CARTESIAN_POINT('',(-82.3,79.1,21.5));
#14204 = VECTOR('',#14205,1.);
#14205 = DIRECTION('',(0.,0.,1.));
#14206 = PCURVE('',#5135,#14207);
#14207 = DEFINITIONAL_REPRESENTATION('',(#14208),#14212);
#14208 = LINE('',#14209,#14210);
#14209 = CARTESIAN_POINT('',(-6.28318530718,0.));
#14210 = VECTOR('',#14211,1.);
#14211 = DIRECTION('',(-0.,-1.));
#14212 = ( GEOMETRIC_REPRESENTATION_CONTEXT(2) 
PARAMETRIC_REPRESENTATION_CONTEXT() REPRESENTATION_CONTEXT('2D SPACE',''
  ) );
#14213 = PCURVE('',#5135,#14214);
#14214 = DEFINITIONAL_REPRESENTATION('',(#14215),#14219);
#14215 = LINE('',#14216,#14217);
#14216 = CARTESIAN_POINT('',(-0.,0.));
#14217 = VECTOR('',#14218,1.);
#14218 = DIRECTION('',(-0.,-1.));
#14219 = ( GEOMETRIC_REPRESENTATION_CONTEXT(2) 
PARAMETRIC_REPRESENTATION_CONTEXT() REPRESENTATION_CONTEXT('2D SPACE',''
  ) );
#14220 = ORIENTED_EDGE('',*,*,#14221,.T.);
#14221 = EDGE_CURVE('',#14199,#14199,#14222,.T.);
#14222 = SURFACE_CURVE('',#14223,(#14228,#14235),.PCURVE_S1.);
#14223 = CIRCLE('',#14224,1.7);
#14224 = AXIS2_PLACEMENT_3D('',#14225,#14226,#14227);
#14225 = CARTESIAN_POINT('',(-84.,79.1,27.));
#14226 = DIRECTION('',(0.,0.,1.));
#14227 = DIRECTION('',(1.,0.,0.));
#14228 = PCURVE('',#5135,#14229);
#14229 = DEFINITIONAL_REPRESENTATION('',(#14230),#14234);
#14230 = LINE('',#14231,#14232);
#14231 = CARTESIAN_POINT('',(-0.,-5.5));
#14232 = VECTOR('',#14233,1.);
#14233 = DIRECTION('',(-1.,0.));
#14234 = ( GEOMETRIC_REPRESENTATION_CONTEXT(2) 
PARAMETRIC_REPRESENTATION_CONTEXT() REPRESENTATION_CONTEXT('2D SPACE',''
  ) );
#14235 = PCURVE('',#14236,#14241);
#14236 = PLANE('',#14237);
#14237 = AXIS2_PLACEMENT_3D('',#14238,#14239,#14240);
#14238 = CARTESIAN_POINT('',(-84.,79.1,27.));
#14239 = DIRECTION('',(0.,0.,1.));
#14240 = DIRECTION('',(1.,0.,-0.));
#14241 = DEFINITIONAL_REPRESENTATION('',(#14242),#14246);
#14242 = CIRCLE('',#14243,1.7);
#14243 = AXIS2_PLACEMENT_2D('',#14244,#14245);
#14244 = CARTESIAN_POINT('',(0.,0.));
#14245 = DIRECTION('',(1.,0.));
#14246 = ( GEOMETRIC_REPRESENTATION_CONTEXT(2) 
PARAMETRIC_REPRESENTATION_CONTEXT() REPRESENTATION_CONTEXT('2D SPACE',''
  ) );
#14247 = ORIENTED_EDGE('',*,*,#14198,.F.);
#14248 = ADVANCED_FACE('',(#14249),#5170,.F.);
#14249 = FACE_BOUND('',#14250,.T.);
#14250 = EDGE_LOOP('',(#14251,#14252,#14275,#14302));
#14251 = ORIENTED_EDGE('',*,*,#5149,.T.);
#14252 = ORIENTED_EDGE('',*,*,#14253,.T.);
#14253 = EDGE_CURVE('',#5150,#14254,#14256,.T.);
#14254 = VERTEX_POINT('',#14255);
#14255 = CARTESIAN_POINT('',(85.7,79.1,27.));
#14256 = SEAM_CURVE('',#14257,(#14261,#14268),.PCURVE_S1.);
#14257 = LINE('',#14258,#14259);
#14258 = CARTESIAN_POINT('',(85.7,79.1,21.5));
#14259 = VECTOR('',#14260,1.);
#14260 = DIRECTION('',(0.,0.,1.));
#14261 = PCURVE('',#5170,#14262);
#14262 = DEFINITIONAL_REPRESENTATION('',(#14263),#14267);
#14263 = LINE('',#14264,#14265);
#14264 = CARTESIAN_POINT('',(-6.28318530718,0.));
#14265 = VECTOR('',#14266,1.);
#14266 = DIRECTION('',(-0.,-1.));
#14267 = ( GEOMETRIC_REPRESENTATION_CONTEXT(2) 
PARAMETRIC_REPRESENTATION_CONTEXT() REPRESENTATION_CONTEXT('2D SPACE',''
  ) );
#14268 = PCURVE('',#5170,#14269);
#14269 = DEFINITIONAL_REPRESENTATION('',(#14270),#14274);
#14270 = LINE('',#14271,#14272);
#14271 = CARTESIAN_POINT('',(-0.,0.));
#14272 = VECTOR('',#14273,1.);
#14273 = DIRECTION('',(-0.,-1.));
#14274 = ( GEOMETRIC_REPRESENTATION_CONTEXT(2) 
PARAMETRIC_REPRESENTATION_CONTEXT() REPRESENTATION_CONTEXT('2D SPACE',''
  ) );
#14275 = ORIENTED_EDGE('',*,*,#14276,.T.);
#14276 = EDGE_CURVE('',#14254,#14254,#14277,.T.);
#14277 = SURFACE_CURVE('',#14278,(#14283,#14290),.PCURVE_S1.);
#14278 = CIRCLE('',#14279,1.7);
#14279 = AXIS2_PLACEMENT_3D('',#14280,#14281,#14282);
#14280 = CARTESIAN_POINT('',(84.,79.1,27.));
#14281 = DIRECTION('',(0.,0.,1.));
#14282 = DIRECTION('',(1.,0.,0.));
#14283 = PCURVE('',#5170,#14284);
#14284 = DEFINITIONAL_REPRESENTATION('',(#14285),#14289);
#14285 = LINE('',#14286,#14287);
#14286 = CARTESIAN_POINT('',(-0.,-5.5));
#14287 = VECTOR('',#14288,1.);
#14288 = DIRECTION('',(-1.,0.));
#14289 = ( GEOMETRIC_REPRESENTATION_CONTEXT(2) 
PARAMETRIC_REPRESENTATION_CONTEXT() REPRESENTATION_CONTEXT('2D SPACE',''
  ) );
#14290 = PCURVE('',#14291,#14296);
#14291 = PLANE('',#14292);
#14292 = AXIS2_PLACEMENT_3D('',#14293,#14294,#14295);
#14293 = CARTESIAN_POINT('',(84.,79.1,27.));
#14294 = DIRECTION('',(0.,0.,1.));
#14295 = DIRECTION('',(1.,0.,-0.));
#14296 = DEFINITIONAL_REPRESENTATION('',(#14297),#14301);
#14297 = CIRCLE('',#14298,1.7);
#14298 = AXIS2_PLACEMENT_2D('',#14299,#14300);
#14299 = CARTESIAN_POINT('',(0.,0.));
#14300 = DIRECTION('',(1.,0.));
#14301 = ( GEOMETRIC_REPRESENTATION_CONTEXT(2) 
PARAMETRIC_REPRESENTATION_CONTEXT() REPRESENTATION_CONTEXT('2D SPACE',''
  ) );
#14302 = ORIENTED_EDGE('',*,*,#14253,.F.);
#14303 = ADVANCED_FACE('',(#14304),#5397,.T.);
#14304 = FACE_BOUND('',#14305,.T.);
#14305 = EDGE_LOOP('',(#14306,#14307,#14308,#14309));
#14306 = ORIENTED_EDGE('',*,*,#5381,.F.);
#14307 = ORIENTED_EDGE('',*,*,#5488,.T.);
#14308 = ORIENTED_EDGE('',*,*,#5609,.T.);
#14309 = ORIENTED_EDGE('',*,*,#5886,.F.);
#14310 = ADVANCED_FACE('',(#14311),#5575,.T.);
#14311 = FACE_BOUND('',#14312,.T.);
#14312 = EDGE_LOOP('',(#14313,#14314,#14315,#14316));
#14313 = ORIENTED_EDGE('',*,*,#5560,.F.);
#14314 = ORIENTED_EDGE('',*,*,#5857,.T.);
#14315 = ORIENTED_EDGE('',*,*,#5675,.T.);
#14316 = ORIENTED_EDGE('',*,*,#5720,.T.);
#14317 = ADVANCED_FACE('',(#14318),#5764,.T.);
#14318 = FACE_BOUND('',#14319,.T.);
#14319 = EDGE_LOOP('',(#14320));
#14320 = ORIENTED_EDGE('',*,*,#5747,.T.);
#14321 = ADVANCED_FACE('',(#14322),#5819,.T.);
#14322 = FACE_BOUND('',#14323,.T.);
#14323 = EDGE_LOOP('',(#14324));
#14324 = ORIENTED_EDGE('',*,*,#5802,.T.);
#14325 = ADVANCED_FACE('',(#14326,#14480,#14486,#14492,#14498,#14504,
    #14510,#14516,#14519,#14525,#14528,#14534,#14540,#14546,#14552,
    #14558,#14564,#14570,#14576,#14582,#14588,#14594,#14600,#14606,
    #14641,#14676,#14682,#14688,#14691,#14697,#14700,#14731,#14766,
    #14801),#5984,.F.);
#14326 = FACE_BOUND('',#14327,.F.);
#14327 = EDGE_LOOP('',(#14328,#14329,#14330,#14331,#14332,#14333,#14334,
    #14335,#14361,#14362,#14388,#14389,#14411,#14412,#14434,#14435,
    #14457,#14458));
#14328 = ORIENTED_EDGE('',*,*,#11145,.F.);
#14329 = ORIENTED_EDGE('',*,*,#11658,.F.);
#14330 = ORIENTED_EDGE('',*,*,#11703,.F.);
#14331 = ORIENTED_EDGE('',*,*,#11752,.F.);
#14332 = ORIENTED_EDGE('',*,*,#11797,.F.);
#14333 = ORIENTED_EDGE('',*,*,#11846,.F.);
#14334 = ORIENTED_EDGE('',*,*,#11869,.T.);
#14335 = ORIENTED_EDGE('',*,*,#14336,.T.);
#14336 = EDGE_CURVE('',#11870,#12132,#14337,.T.);
#14337 = SURFACE_CURVE('',#14338,(#14343,#14354),.PCURVE_S1.);
#14338 = CIRCLE('',#14339,3.2);
#14339 = AXIS2_PLACEMENT_3D('',#14340,#14341,#14342);
#14340 = CARTESIAN_POINT('',(88.,140.05,36.2));
#14341 = DIRECTION('',(0.,0.,-1.));
#14342 = DIRECTION('',(1.,0.,0.));
#14343 = PCURVE('',#5984,#14344);
#14344 = DEFINITIONAL_REPRESENTATION('',(#14345),#14353);
#14345 = ( BOUNDED_CURVE() B_SPLINE_CURVE(2,(#14346,#14347,#14348,#14349
    ,#14350,#14351,#14352),.UNSPECIFIED.,.T.,.F.) 
B_SPLINE_CURVE_WITH_KNOTS((1,2,2,2,2,1),(-2.094395102393,0.,
    2.094395102393,4.188790204786,6.28318530718,8.377580409573),
.UNSPECIFIED.) CURVE() GEOMETRIC_REPRESENTATION_ITEM() 
RATIONAL_B_SPLINE_CURVE((1.,0.5,1.,0.5,1.,0.5,1.)) REPRESENTATION_ITEM(
  '') );
#14346 = CARTESIAN_POINT('',(181.7,137.55));
#14347 = CARTESIAN_POINT('',(181.7,132.00743741578));
#14348 = CARTESIAN_POINT('',(176.9,134.77871870789));
#14349 = CARTESIAN_POINT('',(172.1,137.55));
#14350 = CARTESIAN_POINT('',(176.9,140.32128129211));
#14351 = CARTESIAN_POINT('',(181.7,143.09256258422));
#14352 = CARTESIAN_POINT('',(181.7,137.55));
#14353 = ( GEOMETRIC_REPRESENTATION_CONTEXT(2) 
PARAMETRIC_REPRESENTATION_CONTEXT() REPRESENTATION_CONTEXT('2D SPACE',''
  ) );
#14354 = PCURVE('',#12169,#14355);
#14355 = DEFINITIONAL_REPRESENTATION('',(#14356),#14360);
#14356 = LINE('',#14357,#14358);
#14357 = CARTESIAN_POINT('',(-6.28318530718,-1.5));
#14358 = VECTOR('',#14359,1.);
#14359 = DIRECTION('',(1.,-0.));
#14360 = ( GEOMETRIC_REPRESENTATION_CONTEXT(2) 
PARAMETRIC_REPRESENTATION_CONTEXT() REPRESENTATION_CONTEXT('2D SPACE',''
  ) );
#14361 = ORIENTED_EDGE('',*,*,#12131,.T.);
#14362 = ORIENTED_EDGE('',*,*,#14363,.T.);
#14363 = EDGE_CURVE('',#12106,#12916,#14364,.T.);
#14364 = SURFACE_CURVE('',#14365,(#14370,#14381),.PCURVE_S1.);
#14365 = CIRCLE('',#14366,3.2);
#14366 = AXIS2_PLACEMENT_3D('',#14367,#14368,#14369);
#14367 = CARTESIAN_POINT('',(88.,148.85,36.2));
#14368 = DIRECTION('',(0.,0.,-1.));
#14369 = DIRECTION('',(1.,0.,0.));
#14370 = PCURVE('',#5984,#14371);
#14371 = DEFINITIONAL_REPRESENTATION('',(#14372),#14380);
#14372 = ( BOUNDED_CURVE() B_SPLINE_CURVE(2,(#14373,#14374,#14375,#14376
    ,#14377,#14378,#14379),.UNSPECIFIED.,.T.,.F.) 
B_SPLINE_CURVE_WITH_KNOTS((1,2,2,2,2,1),(-2.094395102393,0.,
    2.094395102393,4.188790204786,6.28318530718,8.377580409573),
.UNSPECIFIED.) CURVE() GEOMETRIC_REPRESENTATION_ITEM() 
RATIONAL_B_SPLINE_CURVE((1.,0.5,1.,0.5,1.,0.5,1.)) REPRESENTATION_ITEM(
  '') );
#14373 = CARTESIAN_POINT('',(181.7,146.35));
#14374 = CARTESIAN_POINT('',(181.7,140.80743741578));
#14375 = CARTESIAN_POINT('',(176.9,143.57871870789));
#14376 = CARTESIAN_POINT('',(172.1,146.35));
#14377 = CARTESIAN_POINT('',(176.9,149.12128129211));
#14378 = CARTESIAN_POINT('',(181.7,151.89256258422));
#14379 = CARTESIAN_POINT('',(181.7,146.35));
#14380 = ( GEOMETRIC_REPRESENTATION_CONTEXT(2) 
PARAMETRIC_REPRESENTATION_CONTEXT() REPRESENTATION_CONTEXT('2D SPACE',''
  ) );
#14381 = PCURVE('',#12120,#14382);
#14382 = DEFINITIONAL_REPRESENTATION('',(#14383),#14387);
#14383 = LINE('',#14384,#14385);
#14384 = CARTESIAN_POINT('',(-6.28318530718,-1.5));
#14385 = VECTOR('',#14386,1.);
#14386 = DIRECTION('',(1.,-0.));
#14387 = ( GEOMETRIC_REPRESENTATION_CONTEXT(2) 
PARAMETRIC_REPRESENTATION_CONTEXT() REPRESENTATION_CONTEXT('2D SPACE',''
  ) );
#14388 = ORIENTED_EDGE('',*,*,#12915,.F.);
#14389 = ORIENTED_EDGE('',*,*,#14390,.F.);
#14390 = EDGE_CURVE('',#12719,#12895,#14391,.T.);
#14391 = SURFACE_CURVE('',#14392,(#14397,#14404),.PCURVE_S1.);
#14392 = CIRCLE('',#14393,3.2);
#14393 = AXIS2_PLACEMENT_3D('',#14394,#14395,#14396);
#14394 = CARTESIAN_POINT('',(65.2,148.85,36.2));
#14395 = DIRECTION('',(0.,0.,1.));
#14396 = DIRECTION('',(-0.560543472332,0.828125,0.));
#14397 = PCURVE('',#5984,#14398);
#14398 = DEFINITIONAL_REPRESENTATION('',(#14399),#14403);
#14399 = CIRCLE('',#14400,3.2);
#14400 = AXIS2_PLACEMENT_2D('',#14401,#14402);
#14401 = CARTESIAN_POINT('',(155.7,146.35));
#14402 = DIRECTION('',(-0.560543472332,0.828125));
#14403 = ( GEOMETRIC_REPRESENTATION_CONTEXT(2) 
PARAMETRIC_REPRESENTATION_CONTEXT() REPRESENTATION_CONTEXT('2D SPACE',''
  ) );
#14404 = PCURVE('',#12756,#14405);
#14405 = DEFINITIONAL_REPRESENTATION('',(#14406),#14410);
#14406 = LINE('',#14407,#14408);
#14407 = CARTESIAN_POINT('',(-2.165838249622,-1.5));
#14408 = VECTOR('',#14409,1.);
#14409 = DIRECTION('',(-1.,-0.));
#14410 = ( GEOMETRIC_REPRESENTATION_CONTEXT(2) 
PARAMETRIC_REPRESENTATION_CONTEXT() REPRESENTATION_CONTEXT('2D SPACE',''
  ) );
#14411 = ORIENTED_EDGE('',*,*,#12718,.F.);
#14412 = ORIENTED_EDGE('',*,*,#14413,.F.);
#14413 = EDGE_CURVE('',#12522,#12698,#14414,.T.);
#14414 = SURFACE_CURVE('',#14415,(#14420,#14427),.PCURVE_S1.);
#14415 = CIRCLE('',#14416,3.2);
#14416 = AXIS2_PLACEMENT_3D('',#14417,#14418,#14419);
#14417 = CARTESIAN_POINT('',(-65.2,148.85,36.2));
#14418 = DIRECTION('',(0.,0.,1.));
#14419 = DIRECTION('',(-0.560543472333,0.828125,0.));
#14420 = PCURVE('',#5984,#14421);
#14421 = DEFINITIONAL_REPRESENTATION('',(#14422),#14426);
#14422 = CIRCLE('',#14423,3.2);
#14423 = AXIS2_PLACEMENT_2D('',#14424,#14425);
#14424 = CARTESIAN_POINT('',(25.3,146.35));
#14425 = DIRECTION('',(-0.560543472333,0.828125));
#14426 = ( GEOMETRIC_REPRESENTATION_CONTEXT(2) 
PARAMETRIC_REPRESENTATION_CONTEXT() REPRESENTATION_CONTEXT('2D SPACE',''
  ) );
#14427 = PCURVE('',#12559,#14428);
#14428 = DEFINITIONAL_REPRESENTATION('',(#14429),#14433);
#14429 = LINE('',#14430,#14431);
#14430 = CARTESIAN_POINT('',(-2.165838249623,-1.5));
#14431 = VECTOR('',#14432,1.);
#14432 = DIRECTION('',(-1.,-0.));
#14433 = ( GEOMETRIC_REPRESENTATION_CONTEXT(2) 
PARAMETRIC_REPRESENTATION_CONTEXT() REPRESENTATION_CONTEXT('2D SPACE',''
  ) );
#14434 = ORIENTED_EDGE('',*,*,#12521,.F.);
#14435 = ORIENTED_EDGE('',*,*,#14436,.F.);
#14436 = EDGE_CURVE('',#11408,#12501,#14437,.T.);
#14437 = SURFACE_CURVE('',#14438,(#14443,#14450),.PCURVE_S1.);
#14438 = CIRCLE('',#14439,3.2);
#14439 = AXIS2_PLACEMENT_3D('',#14440,#14441,#14442);
#14440 = CARTESIAN_POINT('',(-88.,148.85,36.2));
#14441 = DIRECTION('',(0.,0.,1.));
#14442 = DIRECTION('',(-0.78125,-0.624218261108,0.));
#14443 = PCURVE('',#5984,#14444);
#14444 = DEFINITIONAL_REPRESENTATION('',(#14445),#14449);
#14445 = CIRCLE('',#14446,3.2);
#14446 = AXIS2_PLACEMENT_2D('',#14447,#14448);
#14447 = CARTESIAN_POINT('',(2.5,146.35));
#14448 = DIRECTION('',(-0.78125,-0.624218261108));
#14449 = ( GEOMETRIC_REPRESENTATION_CONTEXT(2) 
PARAMETRIC_REPRESENTATION_CONTEXT() REPRESENTATION_CONTEXT('2D SPACE',''
  ) );
#14450 = PCURVE('',#11422,#14451);
#14451 = DEFINITIONAL_REPRESENTATION('',(#14452),#14456);
#14452 = LINE('',#14453,#14454);
#14453 = CARTESIAN_POINT('',(-3.815723160257,-1.5));
#14454 = VECTOR('',#14455,1.);
#14455 = DIRECTION('',(-1.,-0.));
#14456 = ( GEOMETRIC_REPRESENTATION_CONTEXT(2) 
PARAMETRIC_REPRESENTATION_CONTEXT() REPRESENTATION_CONTEXT('2D SPACE',''
  ) );
#14457 = ORIENTED_EDGE('',*,*,#11433,.F.);
#14458 = ORIENTED_EDGE('',*,*,#14459,.F.);
#14459 = EDGE_CURVE('',#11148,#11434,#14460,.T.);
#14460 = SURFACE_CURVE('',#14461,(#14466,#14473),.PCURVE_S1.);
#14461 = CIRCLE('',#14462,3.2);
#14462 = AXIS2_PLACEMENT_3D('',#14463,#14464,#14465);
#14463 = CARTESIAN_POINT('',(-88.,140.05,36.2));
#14464 = DIRECTION('',(0.,0.,1.));
#14465 = DIRECTION('',(-0.78125,-0.624218261107,0.));
#14466 = PCURVE('',#5984,#14467);
#14467 = DEFINITIONAL_REPRESENTATION('',(#14468),#14472);
#14468 = CIRCLE('',#14469,3.2);
#14469 = AXIS2_PLACEMENT_2D('',#14470,#14471);
#14470 = CARTESIAN_POINT('',(2.5,137.55));
#14471 = DIRECTION('',(-0.78125,-0.624218261107));
#14472 = ( GEOMETRIC_REPRESENTATION_CONTEXT(2) 
PARAMETRIC_REPRESENTATION_CONTEXT() REPRESENTATION_CONTEXT('2D SPACE',''
  ) );
#14473 = PCURVE('',#11471,#14474);
#14474 = DEFINITIONAL_REPRESENTATION('',(#14475),#14479);
#14475 = LINE('',#14476,#14477);
#14476 = CARTESIAN_POINT('',(-3.815723160257,-1.5));
#14477 = VECTOR('',#14478,1.);
#14478 = DIRECTION('',(-1.,-0.));
#14479 = ( GEOMETRIC_REPRESENTATION_CONTEXT(2) 
PARAMETRIC_REPRESENTATION_CONTEXT() REPRESENTATION_CONTEXT('2D SPACE',''
  ) );
#14480 = FACE_BOUND('',#14481,.F.);
#14481 = EDGE_LOOP('',(#14482,#14483,#14484,#14485));
#14482 = ORIENTED_EDGE('',*,*,#5969,.T.);
#14483 = ORIENTED_EDGE('',*,*,#6068,.T.);
#14484 = ORIENTED_EDGE('',*,*,#6115,.F.);
#14485 = ORIENTED_EDGE('',*,*,#6021,.F.);
#14486 = FACE_BOUND('',#14487,.F.);
#14487 = EDGE_LOOP('',(#14488,#14489,#14490,#14491));
#14488 = ORIENTED_EDGE('',*,*,#6162,.T.);
#14489 = ORIENTED_EDGE('',*,*,#6256,.T.);
#14490 = ORIENTED_EDGE('',*,*,#6303,.F.);
#14491 = ORIENTED_EDGE('',*,*,#6209,.F.);
#14492 = FACE_BOUND('',#14493,.F.);
#14493 = EDGE_LOOP('',(#14494,#14495,#14496,#14497));
#14494 = ORIENTED_EDGE('',*,*,#6350,.T.);
#14495 = ORIENTED_EDGE('',*,*,#6444,.T.);
#14496 = ORIENTED_EDGE('',*,*,#6491,.F.);
#14497 = ORIENTED_EDGE('',*,*,#6397,.F.);
#14498 = FACE_BOUND('',#14499,.F.);
#14499 = EDGE_LOOP('',(#14500,#14501,#14502,#14503));
#14500 = ORIENTED_EDGE('',*,*,#6538,.T.);
#14501 = ORIENTED_EDGE('',*,*,#6632,.T.);
#14502 = ORIENTED_EDGE('',*,*,#6679,.F.);
#14503 = ORIENTED_EDGE('',*,*,#6585,.F.);
#14504 = FACE_BOUND('',#14505,.F.);
#14505 = EDGE_LOOP('',(#14506,#14507,#14508,#14509));
#14506 = ORIENTED_EDGE('',*,*,#6726,.T.);
#14507 = ORIENTED_EDGE('',*,*,#6820,.T.);
#14508 = ORIENTED_EDGE('',*,*,#6867,.F.);
#14509 = ORIENTED_EDGE('',*,*,#6773,.F.);
#14510 = FACE_BOUND('',#14511,.F.);
#14511 = EDGE_LOOP('',(#14512,#14513,#14514,#14515));
#14512 = ORIENTED_EDGE('',*,*,#6914,.T.);
#14513 = ORIENTED_EDGE('',*,*,#7008,.T.);
#14514 = ORIENTED_EDGE('',*,*,#7055,.F.);
#14515 = ORIENTED_EDGE('',*,*,#6961,.F.);
#14516 = FACE_BOUND('',#14517,.F.);
#14517 = EDGE_LOOP('',(#14518));
#14518 = ORIENTED_EDGE('',*,*,#7079,.T.);
#14519 = FACE_BOUND('',#14520,.F.);
#14520 = EDGE_LOOP('',(#14521,#14522,#14523,#14524));
#14521 = ORIENTED_EDGE('',*,*,#7155,.T.);
#14522 = ORIENTED_EDGE('',*,*,#7273,.T.);
#14523 = ORIENTED_EDGE('',*,*,#7299,.F.);
#14524 = ORIENTED_EDGE('',*,*,#7207,.T.);
#14525 = FACE_BOUND('',#14526,.F.);
#14526 = EDGE_LOOP('',(#14527));
#14527 = ORIENTED_EDGE('',*,*,#7329,.T.);
#14528 = FACE_BOUND('',#14529,.F.);
#14529 = EDGE_LOOP('',(#14530,#14531,#14532,#14533));
#14530 = ORIENTED_EDGE('',*,*,#7405,.T.);
#14531 = ORIENTED_EDGE('',*,*,#7523,.T.);
#14532 = ORIENTED_EDGE('',*,*,#7549,.F.);
#14533 = ORIENTED_EDGE('',*,*,#7457,.T.);
#14534 = FACE_BOUND('',#14535,.F.);
#14535 = EDGE_LOOP('',(#14536,#14537,#14538,#14539));
#14536 = ORIENTED_EDGE('',*,*,#7601,.T.);
#14537 = ORIENTED_EDGE('',*,*,#7719,.T.);
#14538 = ORIENTED_EDGE('',*,*,#7745,.F.);
#14539 = ORIENTED_EDGE('',*,*,#7653,.T.);
#14540 = FACE_BOUND('',#14541,.F.);
#14541 = EDGE_LOOP('',(#14542,#14543,#14544,#14545));
#14542 = ORIENTED_EDGE('',*,*,#7797,.F.);
#14543 = ORIENTED_EDGE('',*,*,#7849,.F.);
#14544 = ORIENTED_EDGE('',*,*,#7941,.T.);
#14545 = ORIENTED_EDGE('',*,*,#7895,.T.);
#14546 = FACE_BOUND('',#14547,.F.);
#14547 = EDGE_LOOP('',(#14548,#14549,#14550,#14551));
#14548 = ORIENTED_EDGE('',*,*,#7993,.T.);
#14549 = ORIENTED_EDGE('',*,*,#8111,.T.);
#14550 = ORIENTED_EDGE('',*,*,#8137,.F.);
#14551 = ORIENTED_EDGE('',*,*,#8045,.T.);
#14552 = FACE_BOUND('',#14553,.F.);
#14553 = EDGE_LOOP('',(#14554,#14555,#14556,#14557));
#14554 = ORIENTED_EDGE('',*,*,#8189,.F.);
#14555 = ORIENTED_EDGE('',*,*,#8241,.F.);
#14556 = ORIENTED_EDGE('',*,*,#8333,.T.);
#14557 = ORIENTED_EDGE('',*,*,#8287,.T.);
#14558 = FACE_BOUND('',#14559,.F.);
#14559 = EDGE_LOOP('',(#14560,#14561,#14562,#14563));
#14560 = ORIENTED_EDGE('',*,*,#8385,.F.);
#14561 = ORIENTED_EDGE('',*,*,#8437,.F.);
#14562 = ORIENTED_EDGE('',*,*,#8529,.T.);
#14563 = ORIENTED_EDGE('',*,*,#8483,.T.);
#14564 = FACE_BOUND('',#14565,.F.);
#14565 = EDGE_LOOP('',(#14566,#14567,#14568,#14569));
#14566 = ORIENTED_EDGE('',*,*,#8581,.F.);
#14567 = ORIENTED_EDGE('',*,*,#8633,.F.);
#14568 = ORIENTED_EDGE('',*,*,#8725,.T.);
#14569 = ORIENTED_EDGE('',*,*,#8679,.T.);
#14570 = FACE_BOUND('',#14571,.F.);
#14571 = EDGE_LOOP('',(#14572,#14573,#14574,#14575));
#14572 = ORIENTED_EDGE('',*,*,#8776,.F.);
#14573 = ORIENTED_EDGE('',*,*,#8895,.T.);
#14574 = ORIENTED_EDGE('',*,*,#8921,.F.);
#14575 = ORIENTED_EDGE('',*,*,#8849,.F.);
#14576 = FACE_BOUND('',#14577,.F.);
#14577 = EDGE_LOOP('',(#14578,#14579,#14580,#14581));
#14578 = ORIENTED_EDGE('',*,*,#8968,.F.);
#14579 = ORIENTED_EDGE('',*,*,#9087,.T.);
#14580 = ORIENTED_EDGE('',*,*,#9113,.F.);
#14581 = ORIENTED_EDGE('',*,*,#9041,.F.);
#14582 = FACE_BOUND('',#14583,.F.);
#14583 = EDGE_LOOP('',(#14584,#14585,#14586,#14587));
#14584 = ORIENTED_EDGE('',*,*,#9160,.F.);
#14585 = ORIENTED_EDGE('',*,*,#9279,.T.);
#14586 = ORIENTED_EDGE('',*,*,#9305,.F.);
#14587 = ORIENTED_EDGE('',*,*,#9233,.F.);
#14588 = FACE_BOUND('',#14589,.F.);
#14589 = EDGE_LOOP('',(#14590,#14591,#14592,#14593));
#14590 = ORIENTED_EDGE('',*,*,#9352,.F.);
#14591 = ORIENTED_EDGE('',*,*,#9471,.T.);
#14592 = ORIENTED_EDGE('',*,*,#9496,.T.);
#14593 = ORIENTED_EDGE('',*,*,#9425,.F.);
#14594 = FACE_BOUND('',#14595,.F.);
#14595 = EDGE_LOOP('',(#14596,#14597,#14598,#14599));
#14596 = ORIENTED_EDGE('',*,*,#9549,.F.);
#14597 = ORIENTED_EDGE('',*,*,#9643,.F.);
#14598 = ORIENTED_EDGE('',*,*,#9688,.F.);
#14599 = ORIENTED_EDGE('',*,*,#9617,.F.);
#14600 = FACE_BOUND('',#14601,.F.);
#14601 = EDGE_LOOP('',(#14602,#14603,#14604,#14605));
#14602 = ORIENTED_EDGE('',*,*,#9741,.F.);
#14603 = ORIENTED_EDGE('',*,*,#9835,.F.);
#14604 = ORIENTED_EDGE('',*,*,#9880,.F.);
#14605 = ORIENTED_EDGE('',*,*,#9809,.F.);
#14606 = FACE_BOUND('',#14607,.F.);
#14607 = EDGE_LOOP('',(#14608));
#14608 = ORIENTED_EDGE('',*,*,#14609,.T.);
#14609 = EDGE_CURVE('',#14610,#14610,#14612,.T.);
#14610 = VERTEX_POINT('',#14611);
#14611 = CARTESIAN_POINT('',(-48.5,138.,36.2));
#14612 = SURFACE_CURVE('',#14613,(#14618,#14629),.PCURVE_S1.);
#14613 = CIRCLE('',#14614,3.5);
#14614 = AXIS2_PLACEMENT_3D('',#14615,#14616,#14617);
#14615 = CARTESIAN_POINT('',(-52.,138.,36.2));
#14616 = DIRECTION('',(0.,0.,-1.));
#14617 = DIRECTION('',(1.,0.,0.));
#14618 = PCURVE('',#5984,#14619);
#14619 = DEFINITIONAL_REPRESENTATION('',(#14620),#14628);
#14620 = ( BOUNDED_CURVE() B_SPLINE_CURVE(2,(#14621,#14622,#14623,#14624
    ,#14625,#14626,#14627),.UNSPECIFIED.,.T.,.F.) 
B_SPLINE_CURVE_WITH_KNOTS((1,2,2,2,2,1),(-2.094395102393,0.,
    2.094395102393,4.188790204786,6.28318530718,8.377580409573),
.UNSPECIFIED.) CURVE() GEOMETRIC_REPRESENTATION_ITEM() 
RATIONAL_B_SPLINE_CURVE((1.,0.5,1.,0.5,1.,0.5,1.)) REPRESENTATION_ITEM(
  '') );
#14621 = CARTESIAN_POINT('',(42.,135.5));
#14622 = CARTESIAN_POINT('',(42.,129.4378221735));
#14623 = CARTESIAN_POINT('',(36.75,132.46891108675));
#14624 = CARTESIAN_POINT('',(31.5,135.5));
#14625 = CARTESIAN_POINT('',(36.75,138.53108891324));
#14626 = CARTESIAN_POINT('',(42.,141.56217782649));
#14627 = CARTESIAN_POINT('',(42.,135.5));
#14628 = ( GEOMETRIC_REPRESENTATION_CONTEXT(2) 
PARAMETRIC_REPRESENTATION_CONTEXT() REPRESENTATION_CONTEXT('2D SPACE',''
  ) );
#14629 = PCURVE('',#14630,#14635);
#14630 = CYLINDRICAL_SURFACE('',#14631,3.5);
#14631 = AXIS2_PLACEMENT_3D('',#14632,#14633,#14634);
#14632 = CARTESIAN_POINT('',(-52.,138.,34.2));
#14633 = DIRECTION('',(-0.,-0.,-1.));
#14634 = DIRECTION('',(1.,0.,0.));
#14635 = DEFINITIONAL_REPRESENTATION('',(#14636),#14640);
#14636 = LINE('',#14637,#14638);
#14637 = CARTESIAN_POINT('',(-6.28318530718,-2.));
#14638 = VECTOR('',#14639,1.);
#14639 = DIRECTION('',(1.,-0.));
#14640 = ( GEOMETRIC_REPRESENTATION_CONTEXT(2) 
PARAMETRIC_REPRESENTATION_CONTEXT() REPRESENTATION_CONTEXT('2D SPACE',''
  ) );
#14641 = FACE_BOUND('',#14642,.F.);
#14642 = EDGE_LOOP('',(#14643));
#14643 = ORIENTED_EDGE('',*,*,#14644,.T.);
#14644 = EDGE_CURVE('',#14645,#14645,#14647,.T.);
#14645 = VERTEX_POINT('',#14646);
#14646 = CARTESIAN_POINT('',(-62.,140.05,36.2));
#14647 = SURFACE_CURVE('',#14648,(#14653,#14664),.PCURVE_S1.);
#14648 = CIRCLE('',#14649,3.2);
#14649 = AXIS2_PLACEMENT_3D('',#14650,#14651,#14652);
#14650 = CARTESIAN_POINT('',(-65.2,140.05,36.2));
#14651 = DIRECTION('',(0.,0.,-1.));
#14652 = DIRECTION('',(1.,0.,0.));
#14653 = PCURVE('',#5984,#14654);
#14654 = DEFINITIONAL_REPRESENTATION('',(#14655),#14663);
#14655 = ( BOUNDED_CURVE() B_SPLINE_CURVE(2,(#14656,#14657,#14658,#14659
    ,#14660,#14661,#14662),.UNSPECIFIED.,.T.,.F.) 
B_SPLINE_CURVE_WITH_KNOTS((1,2,2,2,2,1),(-2.094395102393,0.,
    2.094395102393,4.188790204786,6.28318530718,8.377580409573),
.UNSPECIFIED.) CURVE() GEOMETRIC_REPRESENTATION_ITEM() 
RATIONAL_B_SPLINE_CURVE((1.,0.5,1.,0.5,1.,0.5,1.)) REPRESENTATION_ITEM(
  '') );
#14656 = CARTESIAN_POINT('',(28.5,137.55));
#14657 = CARTESIAN_POINT('',(28.5,132.00743741578));
#14658 = CARTESIAN_POINT('',(23.7,134.77871870789));
#14659 = CARTESIAN_POINT('',(18.9,137.55));
#14660 = CARTESIAN_POINT('',(23.7,140.32128129211));
#14661 = CARTESIAN_POINT('',(28.5,143.09256258422));
#14662 = CARTESIAN_POINT('',(28.5,137.55));
#14663 = ( GEOMETRIC_REPRESENTATION_CONTEXT(2) 
PARAMETRIC_REPRESENTATION_CONTEXT() REPRESENTATION_CONTEXT('2D SPACE',''
  ) );
#14664 = PCURVE('',#14665,#14670);
#14665 = CYLINDRICAL_SURFACE('',#14666,3.2);
#14666 = AXIS2_PLACEMENT_3D('',#14667,#14668,#14669);
#14667 = CARTESIAN_POINT('',(-65.2,140.05,34.7));
#14668 = DIRECTION('',(-0.,-0.,-1.));
#14669 = DIRECTION('',(1.,0.,0.));
#14670 = DEFINITIONAL_REPRESENTATION('',(#14671),#14675);
#14671 = LINE('',#14672,#14673);
#14672 = CARTESIAN_POINT('',(-6.28318530718,-1.5));
#14673 = VECTOR('',#14674,1.);
#14674 = DIRECTION('',(1.,-0.));
#14675 = ( GEOMETRIC_REPRESENTATION_CONTEXT(2) 
PARAMETRIC_REPRESENTATION_CONTEXT() REPRESENTATION_CONTEXT('2D SPACE',''
  ) );
#14676 = FACE_BOUND('',#14677,.F.);
#14677 = EDGE_LOOP('',(#14678,#14679,#14680,#14681));
#14678 = ORIENTED_EDGE('',*,*,#10209,.T.);
#14679 = ORIENTED_EDGE('',*,*,#10350,.T.);
#14680 = ORIENTED_EDGE('',*,*,#10303,.F.);
#14681 = ORIENTED_EDGE('',*,*,#10256,.F.);
#14682 = FACE_BOUND('',#14683,.F.);
#14683 = EDGE_LOOP('',(#14684,#14685,#14686,#14687));
#14684 = ORIENTED_EDGE('',*,*,#10450,.F.);
#14685 = ORIENTED_EDGE('',*,*,#10544,.F.);
#14686 = ORIENTED_EDGE('',*,*,#10589,.F.);
#14687 = ORIENTED_EDGE('',*,*,#10518,.F.);
#14688 = FACE_BOUND('',#14689,.F.);
#14689 = EDGE_LOOP('',(#14690));
#14690 = ORIENTED_EDGE('',*,*,#10374,.T.);
#14691 = FACE_BOUND('',#14692,.F.);
#14692 = EDGE_LOOP('',(#14693,#14694,#14695,#14696));
#14693 = ORIENTED_EDGE('',*,*,#10642,.F.);
#14694 = ORIENTED_EDGE('',*,*,#10739,.T.);
#14695 = ORIENTED_EDGE('',*,*,#10792,.F.);
#14696 = ORIENTED_EDGE('',*,*,#10687,.F.);
#14697 = FACE_BOUND('',#14698,.F.);
#14698 = EDGE_LOOP('',(#14699));
#14699 = ORIENTED_EDGE('',*,*,#10816,.T.);
#14700 = FACE_BOUND('',#14701,.F.);
#14701 = EDGE_LOOP('',(#14702));
#14702 = ORIENTED_EDGE('',*,*,#14703,.F.);
#14703 = EDGE_CURVE('',#14704,#14704,#14706,.T.);
#14704 = VERTEX_POINT('',#14705);
#14705 = CARTESIAN_POINT('',(23.2,147.5,36.2));
#14706 = SURFACE_CURVE('',#14707,(#14712,#14719),.PCURVE_S1.);
#14707 = CIRCLE('',#14708,3.2);
#14708 = AXIS2_PLACEMENT_3D('',#14709,#14710,#14711);
#14709 = CARTESIAN_POINT('',(20.,147.5,36.2));
#14710 = DIRECTION('',(0.,0.,1.));
#14711 = DIRECTION('',(1.,0.,0.));
#14712 = PCURVE('',#5984,#14713);
#14713 = DEFINITIONAL_REPRESENTATION('',(#14714),#14718);
#14714 = CIRCLE('',#14715,3.2);
#14715 = AXIS2_PLACEMENT_2D('',#14716,#14717);
#14716 = CARTESIAN_POINT('',(110.5,145.));
#14717 = DIRECTION('',(1.,0.));
#14718 = ( GEOMETRIC_REPRESENTATION_CONTEXT(2) 
PARAMETRIC_REPRESENTATION_CONTEXT() REPRESENTATION_CONTEXT('2D SPACE',''
  ) );
#14719 = PCURVE('',#14720,#14725);
#14720 = CYLINDRICAL_SURFACE('',#14721,3.2);
#14721 = AXIS2_PLACEMENT_3D('',#14722,#14723,#14724);
#14722 = CARTESIAN_POINT('',(20.,147.5,22.5));
#14723 = DIRECTION('',(-0.,-0.,-1.));
#14724 = DIRECTION('',(1.,0.,0.));
#14725 = DEFINITIONAL_REPRESENTATION('',(#14726),#14730);
#14726 = LINE('',#14727,#14728);
#14727 = CARTESIAN_POINT('',(-0.,-13.7));
#14728 = VECTOR('',#14729,1.);
#14729 = DIRECTION('',(-1.,0.));
#14730 = ( GEOMETRIC_REPRESENTATION_CONTEXT(2) 
PARAMETRIC_REPRESENTATION_CONTEXT() REPRESENTATION_CONTEXT('2D SPACE',''
  ) );
#14731 = FACE_BOUND('',#14732,.F.);
#14732 = EDGE_LOOP('',(#14733));
#14733 = ORIENTED_EDGE('',*,*,#14734,.T.);
#14734 = EDGE_CURVE('',#14735,#14735,#14737,.T.);
#14735 = VERTEX_POINT('',#14736);
#14736 = CARTESIAN_POINT('',(55.5,138.,36.2));
#14737 = SURFACE_CURVE('',#14738,(#14743,#14754),.PCURVE_S1.);
#14738 = CIRCLE('',#14739,3.5);
#14739 = AXIS2_PLACEMENT_3D('',#14740,#14741,#14742);
#14740 = CARTESIAN_POINT('',(52.,138.,36.2));
#14741 = DIRECTION('',(0.,0.,-1.));
#14742 = DIRECTION('',(1.,0.,0.));
#14743 = PCURVE('',#5984,#14744);
#14744 = DEFINITIONAL_REPRESENTATION('',(#14745),#14753);
#14745 = ( BOUNDED_CURVE() B_SPLINE_CURVE(2,(#14746,#14747,#14748,#14749
    ,#14750,#14751,#14752),.UNSPECIFIED.,.T.,.F.) 
B_SPLINE_CURVE_WITH_KNOTS((1,2,2,2,2,1),(-2.094395102393,0.,
    2.094395102393,4.188790204786,6.28318530718,8.377580409573),
.UNSPECIFIED.) CURVE() GEOMETRIC_REPRESENTATION_ITEM() 
RATIONAL_B_SPLINE_CURVE((1.,0.5,1.,0.5,1.,0.5,1.)) REPRESENTATION_ITEM(
  '') );
#14746 = CARTESIAN_POINT('',(146.,135.5));
#14747 = CARTESIAN_POINT('',(146.,129.4378221735));
#14748 = CARTESIAN_POINT('',(140.75,132.46891108675));
#14749 = CARTESIAN_POINT('',(135.5,135.5));
#14750 = CARTESIAN_POINT('',(140.75,138.53108891324));
#14751 = CARTESIAN_POINT('',(146.,141.56217782649));
#14752 = CARTESIAN_POINT('',(146.,135.5));
#14753 = ( GEOMETRIC_REPRESENTATION_CONTEXT(2) 
PARAMETRIC_REPRESENTATION_CONTEXT() REPRESENTATION_CONTEXT('2D SPACE',''
  ) );
#14754 = PCURVE('',#14755,#14760);
#14755 = CYLINDRICAL_SURFACE('',#14756,3.5);
#14756 = AXIS2_PLACEMENT_3D('',#14757,#14758,#14759);
#14757 = CARTESIAN_POINT('',(52.,138.,34.2));
#14758 = DIRECTION('',(-0.,-0.,-1.));
#14759 = DIRECTION('',(1.,0.,0.));
#14760 = DEFINITIONAL_REPRESENTATION('',(#14761),#14765);
#14761 = LINE('',#14762,#14763);
#14762 = CARTESIAN_POINT('',(-6.28318530718,-2.));
#14763 = VECTOR('',#14764,1.);
#14764 = DIRECTION('',(1.,-0.));
#14765 = ( GEOMETRIC_REPRESENTATION_CONTEXT(2) 
PARAMETRIC_REPRESENTATION_CONTEXT() REPRESENTATION_CONTEXT('2D SPACE',''
  ) );
#14766 = FACE_BOUND('',#14767,.F.);
#14767 = EDGE_LOOP('',(#14768));
#14768 = ORIENTED_EDGE('',*,*,#14769,.T.);
#14769 = EDGE_CURVE('',#14770,#14770,#14772,.T.);
#14770 = VERTEX_POINT('',#14771);
#14771 = CARTESIAN_POINT('',(68.4,140.05,36.2));
#14772 = SURFACE_CURVE('',#14773,(#14778,#14789),.PCURVE_S1.);
#14773 = CIRCLE('',#14774,3.2);
#14774 = AXIS2_PLACEMENT_3D('',#14775,#14776,#14777);
#14775 = CARTESIAN_POINT('',(65.2,140.05,36.2));
#14776 = DIRECTION('',(0.,0.,-1.));
#14777 = DIRECTION('',(1.,0.,0.));
#14778 = PCURVE('',#5984,#14779);
#14779 = DEFINITIONAL_REPRESENTATION('',(#14780),#14788);
#14780 = ( BOUNDED_CURVE() B_SPLINE_CURVE(2,(#14781,#14782,#14783,#14784
    ,#14785,#14786,#14787),.UNSPECIFIED.,.T.,.F.) 
B_SPLINE_CURVE_WITH_KNOTS((1,2,2,2,2,1),(-2.094395102393,0.,
    2.094395102393,4.188790204786,6.28318530718,8.377580409573),
.UNSPECIFIED.) CURVE() GEOMETRIC_REPRESENTATION_ITEM() 
RATIONAL_B_SPLINE_CURVE((1.,0.5,1.,0.5,1.,0.5,1.)) REPRESENTATION_ITEM(
  '') );
#14781 = CARTESIAN_POINT('',(158.9,137.55));
#14782 = CARTESIAN_POINT('',(158.9,132.00743741578));
#14783 = CARTESIAN_POINT('',(154.1,134.77871870789));
#14784 = CARTESIAN_POINT('',(149.3,137.55));
#14785 = CARTESIAN_POINT('',(154.1,140.32128129211));
#14786 = CARTESIAN_POINT('',(158.9,143.09256258422));
#14787 = CARTESIAN_POINT('',(158.9,137.55));
#14788 = ( GEOMETRIC_REPRESENTATION_CONTEXT(2) 
PARAMETRIC_REPRESENTATION_CONTEXT() REPRESENTATION_CONTEXT('2D SPACE',''
  ) );
#14789 = PCURVE('',#14790,#14795);
#14790 = CYLINDRICAL_SURFACE('',#14791,3.2);
#14791 = AXIS2_PLACEMENT_3D('',#14792,#14793,#14794);
#14792 = CARTESIAN_POINT('',(65.2,140.05,34.7));
#14793 = DIRECTION('',(-0.,-0.,-1.));
#14794 = DIRECTION('',(1.,0.,0.));
#14795 = DEFINITIONAL_REPRESENTATION('',(#14796),#14800);
#14796 = LINE('',#14797,#14798);
#14797 = CARTESIAN_POINT('',(-6.28318530718,-1.5));
#14798 = VECTOR('',#14799,1.);
#14799 = DIRECTION('',(1.,-0.));
#14800 = ( GEOMETRIC_REPRESENTATION_CONTEXT(2) 
PARAMETRIC_REPRESENTATION_CONTEXT() REPRESENTATION_CONTEXT('2D SPACE',''
  ) );
#14801 = FACE_BOUND('',#14802,.F.);
#14802 = EDGE_LOOP('',(#14803));
#14803 = ORIENTED_EDGE('',*,*,#14804,.F.);
#14804 = EDGE_CURVE('',#14805,#14805,#14807,.T.);
#14805 = VERTEX_POINT('',#14806);
#14806 = CARTESIAN_POINT('',(75.2,147.5,36.2));
#14807 = SURFACE_CURVE('',#14808,(#14813,#14820),.PCURVE_S1.);
#14808 = CIRCLE('',#14809,3.2);
#14809 = AXIS2_PLACEMENT_3D('',#14810,#14811,#14812);
#14810 = CARTESIAN_POINT('',(72.,147.5,36.2));
#14811 = DIRECTION('',(0.,0.,1.));
#14812 = DIRECTION('',(1.,0.,0.));
#14813 = PCURVE('',#5984,#14814);
#14814 = DEFINITIONAL_REPRESENTATION('',(#14815),#14819);
#14815 = CIRCLE('',#14816,3.2);
#14816 = AXIS2_PLACEMENT_2D('',#14817,#14818);
#14817 = CARTESIAN_POINT('',(162.5,145.));
#14818 = DIRECTION('',(1.,0.));
#14819 = ( GEOMETRIC_REPRESENTATION_CONTEXT(2) 
PARAMETRIC_REPRESENTATION_CONTEXT() REPRESENTATION_CONTEXT('2D SPACE',''
  ) );
#14820 = PCURVE('',#14821,#14826);
#14821 = CYLINDRICAL_SURFACE('',#14822,3.2);
#14822 = AXIS2_PLACEMENT_3D('',#14823,#14824,#14825);
#14823 = CARTESIAN_POINT('',(72.,147.5,22.5));
#14824 = DIRECTION('',(-0.,-0.,-1.));
#14825 = DIRECTION('',(1.,0.,0.));
#14826 = DEFINITIONAL_REPRESENTATION('',(#14827),#14831);
#14827 = LINE('',#14828,#14829);
#14828 = CARTESIAN_POINT('',(-0.,-13.7));
#14829 = VECTOR('',#14830,1.);
#14830 = DIRECTION('',(-1.,0.));
#14831 = ( GEOMETRIC_REPRESENTATION_CONTEXT(2) 
PARAMETRIC_REPRESENTATION_CONTEXT() REPRESENTATION_CONTEXT('2D SPACE',''
  ) );
#14832 = ADVANCED_FACE('',(#14833),#9951,.F.);
#14833 = FACE_BOUND('',#14834,.F.);
#14834 = EDGE_LOOP('',(#14835,#14836,#14858,#14859,#14883,#14901,#14902,
    #14903));
#14835 = ORIENTED_EDGE('',*,*,#11508,.T.);
#14836 = ORIENTED_EDGE('',*,*,#14837,.T.);
#14837 = EDGE_CURVE('',#11509,#11538,#14838,.T.);
#14838 = SURFACE_CURVE('',#14839,(#14844,#14851),.PCURVE_S1.);
#14839 = CIRCLE('',#14840,2.7);
#14840 = AXIS2_PLACEMENT_3D('',#14841,#14842,#14843);
#14841 = CARTESIAN_POINT('',(-88.,140.05,34.69));
#14842 = DIRECTION('',(0.,0.,1.));
#14843 = DIRECTION('',(1.,0.,0.));
#14844 = PCURVE('',#9951,#14845);
#14845 = DEFINITIONAL_REPRESENTATION('',(#14846),#14850);
#14846 = LINE('',#14847,#14848);
#14847 = CARTESIAN_POINT('',(-0.,-0.));
#14848 = VECTOR('',#14849,1.);
#14849 = DIRECTION('',(-1.,-0.));
#14850 = ( GEOMETRIC_REPRESENTATION_CONTEXT(2) 
PARAMETRIC_REPRESENTATION_CONTEXT() REPRESENTATION_CONTEXT('2D SPACE',''
  ) );
#14851 = PCURVE('',#11552,#14852);
#14852 = DEFINITIONAL_REPRESENTATION('',(#14853),#14857);
#14853 = CIRCLE('',#14854,2.7);
#14854 = AXIS2_PLACEMENT_2D('',#14855,#14856);
#14855 = CARTESIAN_POINT('',(0.,0.));
#14856 = DIRECTION('',(1.,0.));
#14857 = ( GEOMETRIC_REPRESENTATION_CONTEXT(2) 
PARAMETRIC_REPRESENTATION_CONTEXT() REPRESENTATION_CONTEXT('2D SPACE',''
  ) );
#14858 = ORIENTED_EDGE('',*,*,#11563,.T.);
#14859 = ORIENTED_EDGE('',*,*,#14860,.T.);
#14860 = EDGE_CURVE('',#11564,#14861,#14863,.T.);
#14861 = VERTEX_POINT('',#14862);
#14862 = CARTESIAN_POINT('',(-85.30928571428,140.05,34.7));
#14863 = SURFACE_CURVE('',#14864,(#14869,#14876),.PCURVE_S1.);
#14864 = CIRCLE('',#14865,2.690714285714);
#14865 = AXIS2_PLACEMENT_3D('',#14866,#14867,#14868);
#14866 = CARTESIAN_POINT('',(-88.,140.05,34.7));
#14867 = DIRECTION('',(0.,0.,1.));
#14868 = DIRECTION('',(1.,0.,-0.));
#14869 = PCURVE('',#9951,#14870);
#14870 = DEFINITIONAL_REPRESENTATION('',(#14871),#14875);
#14871 = LINE('',#14872,#14873);
#14872 = CARTESIAN_POINT('',(-0.,-9.999999999998E-03));
#14873 = VECTOR('',#14874,1.);
#14874 = DIRECTION('',(-1.,-0.));
#14875 = ( GEOMETRIC_REPRESENTATION_CONTEXT(2) 
PARAMETRIC_REPRESENTATION_CONTEXT() REPRESENTATION_CONTEXT('2D SPACE',''
  ) );
#14876 = PCURVE('',#11497,#14877);
#14877 = DEFINITIONAL_REPRESENTATION('',(#14878),#14882);
#14878 = CIRCLE('',#14879,2.690714285714);
#14879 = AXIS2_PLACEMENT_2D('',#14880,#14881);
#14880 = CARTESIAN_POINT('',(0.,0.));
#14881 = DIRECTION('',(1.,0.));
#14882 = ( GEOMETRIC_REPRESENTATION_CONTEXT(2) 
PARAMETRIC_REPRESENTATION_CONTEXT() REPRESENTATION_CONTEXT('2D SPACE',''
  ) );
#14883 = ORIENTED_EDGE('',*,*,#14884,.T.);
#14884 = EDGE_CURVE('',#14861,#9912,#14885,.T.);
#14885 = SEAM_CURVE('',#14886,(#14889,#14895),.PCURVE_S1.);
#14886 = B_SPLINE_CURVE_WITH_KNOTS('',1,(#14887,#14888),.UNSPECIFIED.,
  .F.,.F.,(2,2),(0.,1.),.PIECEWISE_BEZIER_KNOTS.);
#14887 = CARTESIAN_POINT('',(-85.3,140.05,34.69));
#14888 = CARTESIAN_POINT('',(-86.6,140.05,36.09));
#14889 = PCURVE('',#9951,#14890);
#14890 = DEFINITIONAL_REPRESENTATION('',(#14891),#14894);
#14891 = B_SPLINE_CURVE_WITH_KNOTS('',1,(#14892,#14893),.UNSPECIFIED.,
  .F.,.F.,(2,2),(0.,1.),.PIECEWISE_BEZIER_KNOTS.);
#14892 = CARTESIAN_POINT('',(0.,0.));
#14893 = CARTESIAN_POINT('',(0.,-1.4));
#14894 = ( GEOMETRIC_REPRESENTATION_CONTEXT(2) 
PARAMETRIC_REPRESENTATION_CONTEXT() REPRESENTATION_CONTEXT('2D SPACE',''
  ) );
#14895 = PCURVE('',#9951,#14896);
#14896 = DEFINITIONAL_REPRESENTATION('',(#14897),#14900);
#14897 = B_SPLINE_CURVE_WITH_KNOTS('',1,(#14898,#14899),.UNSPECIFIED.,
  .F.,.F.,(2,2),(0.,1.),.PIECEWISE_BEZIER_KNOTS.);
#14898 = CARTESIAN_POINT('',(-6.28318530718,0.));
#14899 = CARTESIAN_POINT('',(-6.28318530718,-1.4));
#14900 = ( GEOMETRIC_REPRESENTATION_CONTEXT(2) 
PARAMETRIC_REPRESENTATION_CONTEXT() REPRESENTATION_CONTEXT('2D SPACE',''
  ) );
#14901 = ORIENTED_EDGE('',*,*,#9936,.F.);
#14902 = ORIENTED_EDGE('',*,*,#14884,.F.);
#14903 = ORIENTED_EDGE('',*,*,#14904,.T.);
#14904 = EDGE_CURVE('',#14861,#11483,#14905,.T.);
#14905 = SURFACE_CURVE('',#14906,(#14911,#14918),.PCURVE_S1.);
#14906 = CIRCLE('',#14907,2.690714285714);
#14907 = AXIS2_PLACEMENT_3D('',#14908,#14909,#14910);
#14908 = CARTESIAN_POINT('',(-88.,140.05,34.7));
#14909 = DIRECTION('',(0.,0.,1.));
#14910 = DIRECTION('',(1.,0.,-0.));
#14911 = PCURVE('',#9951,#14912);
#14912 = DEFINITIONAL_REPRESENTATION('',(#14913),#14917);
#14913 = LINE('',#14914,#14915);
#14914 = CARTESIAN_POINT('',(-0.,-9.999999999998E-03));
#14915 = VECTOR('',#14916,1.);
#14916 = DIRECTION('',(-1.,-0.));
#14917 = ( GEOMETRIC_REPRESENTATION_CONTEXT(2) 
PARAMETRIC_REPRESENTATION_CONTEXT() REPRESENTATION_CONTEXT('2D SPACE',''
  ) );
#14918 = PCURVE('',#11497,#14919);
#14919 = DEFINITIONAL_REPRESENTATION('',(#14920),#14924);
#14920 = CIRCLE('',#14921,2.690714285714);
#14921 = AXIS2_PLACEMENT_2D('',#14922,#14923);
#14922 = CARTESIAN_POINT('',(0.,0.));
#14923 = DIRECTION('',(1.,0.));
#14924 = ( GEOMETRIC_REPRESENTATION_CONTEXT(2) 
PARAMETRIC_REPRESENTATION_CONTEXT() REPRESENTATION_CONTEXT('2D SPACE',''
  ) );
#14925 = ADVANCED_FACE('',(#14926),#9983,.T.);
#14926 = FACE_BOUND('',#14927,.T.);
#14927 = EDGE_LOOP('',(#14928));
#14928 = ORIENTED_EDGE('',*,*,#9966,.T.);
#14929 = ADVANCED_FACE('',(#14930),#10061,.F.);
#14930 = FACE_BOUND('',#14931,.F.);
#14931 = EDGE_LOOP('',(#14932,#14961,#14979,#14980));
#14932 = ORIENTED_EDGE('',*,*,#14933,.T.);
#14933 = EDGE_CURVE('',#14934,#14934,#14936,.T.);
#14934 = VERTEX_POINT('',#14935);
#14935 = CARTESIAN_POINT('',(-62.50928571428,140.05,34.7));
#14936 = SURFACE_CURVE('',#14937,(#14942,#14949),.PCURVE_S1.);
#14937 = CIRCLE('',#14938,2.690714285714);
#14938 = AXIS2_PLACEMENT_3D('',#14939,#14940,#14941);
#14939 = CARTESIAN_POINT('',(-65.2,140.05,34.7));
#14940 = DIRECTION('',(0.,0.,1.));
#14941 = DIRECTION('',(1.,0.,-0.));
#14942 = PCURVE('',#10061,#14943);
#14943 = DEFINITIONAL_REPRESENTATION('',(#14944),#14948);
#14944 = LINE('',#14945,#14946);
#14945 = CARTESIAN_POINT('',(-0.,-9.999999999998E-03));
#14946 = VECTOR('',#14947,1.);
#14947 = DIRECTION('',(-1.,-0.));
#14948 = ( GEOMETRIC_REPRESENTATION_CONTEXT(2) 
PARAMETRIC_REPRESENTATION_CONTEXT() REPRESENTATION_CONTEXT('2D SPACE',''
  ) );
#14949 = PCURVE('',#14950,#14955);
#14950 = PLANE('',#14951);
#14951 = AXIS2_PLACEMENT_3D('',#14952,#14953,#14954);
#14952 = CARTESIAN_POINT('',(-65.2,140.05,34.7));
#14953 = DIRECTION('',(0.,0.,1.));
#14954 = DIRECTION('',(1.,0.,-0.));
#14955 = DEFINITIONAL_REPRESENTATION('',(#14956),#14960);
#14956 = CIRCLE('',#14957,2.690714285714);
#14957 = AXIS2_PLACEMENT_2D('',#14958,#14959);
#14958 = CARTESIAN_POINT('',(0.,0.));
#14959 = DIRECTION('',(1.,0.));
#14960 = ( GEOMETRIC_REPRESENTATION_CONTEXT(2) 
PARAMETRIC_REPRESENTATION_CONTEXT() REPRESENTATION_CONTEXT('2D SPACE',''
  ) );
#14961 = ORIENTED_EDGE('',*,*,#14962,.T.);
#14962 = EDGE_CURVE('',#14934,#10022,#14963,.T.);
#14963 = SEAM_CURVE('',#14964,(#14967,#14973),.PCURVE_S1.);
#14964 = B_SPLINE_CURVE_WITH_KNOTS('',1,(#14965,#14966),.UNSPECIFIED.,
  .F.,.F.,(2,2),(0.,1.),.PIECEWISE_BEZIER_KNOTS.);
#14965 = CARTESIAN_POINT('',(-62.5,140.05,34.69));
#14966 = CARTESIAN_POINT('',(-63.8,140.05,36.09));
#14967 = PCURVE('',#10061,#14968);
#14968 = DEFINITIONAL_REPRESENTATION('',(#14969),#14972);
#14969 = B_SPLINE_CURVE_WITH_KNOTS('',1,(#14970,#14971),.UNSPECIFIED.,
  .F.,.F.,(2,2),(0.,1.),.PIECEWISE_BEZIER_KNOTS.);
#14970 = CARTESIAN_POINT('',(0.,0.));
#14971 = CARTESIAN_POINT('',(0.,-1.4));
#14972 = ( GEOMETRIC_REPRESENTATION_CONTEXT(2) 
PARAMETRIC_REPRESENTATION_CONTEXT() REPRESENTATION_CONTEXT('2D SPACE',''
  ) );
#14973 = PCURVE('',#10061,#14974);
#14974 = DEFINITIONAL_REPRESENTATION('',(#14975),#14978);
#14975 = B_SPLINE_CURVE_WITH_KNOTS('',1,(#14976,#14977),.UNSPECIFIED.,
  .F.,.F.,(2,2),(0.,1.),.PIECEWISE_BEZIER_KNOTS.);
#14976 = CARTESIAN_POINT('',(-6.28318530718,0.));
#14977 = CARTESIAN_POINT('',(-6.28318530718,-1.4));
#14978 = ( GEOMETRIC_REPRESENTATION_CONTEXT(2) 
PARAMETRIC_REPRESENTATION_CONTEXT() REPRESENTATION_CONTEXT('2D SPACE',''
  ) );
#14979 = ORIENTED_EDGE('',*,*,#10046,.F.);
#14980 = ORIENTED_EDGE('',*,*,#14962,.F.);
#14981 = ADVANCED_FACE('',(#14982),#10116,.F.);
#14982 = FACE_BOUND('',#14983,.F.);
#14983 = EDGE_LOOP('',(#14984,#14985,#15007,#15008,#15030,#15031,#15053,
    #15054,#15078,#15096,#15097,#15098));
#14984 = ORIENTED_EDGE('',*,*,#12452,.F.);
#14985 = ORIENTED_EDGE('',*,*,#14986,.T.);
#14986 = EDGE_CURVE('',#12427,#12400,#14987,.T.);
#14987 = SURFACE_CURVE('',#14988,(#14993,#15000),.PCURVE_S1.);
#14988 = CIRCLE('',#14989,2.7);
#14989 = AXIS2_PLACEMENT_3D('',#14990,#14991,#14992);
#14990 = CARTESIAN_POINT('',(-88.,148.85,34.69));
#14991 = DIRECTION('',(0.,0.,1.));
#14992 = DIRECTION('',(1.,0.,0.));
#14993 = PCURVE('',#10116,#14994);
#14994 = DEFINITIONAL_REPRESENTATION('',(#14995),#14999);
#14995 = LINE('',#14996,#14997);
#14996 = CARTESIAN_POINT('',(-0.,-0.));
#14997 = VECTOR('',#14998,1.);
#14998 = DIRECTION('',(-1.,-0.));
#14999 = ( GEOMETRIC_REPRESENTATION_CONTEXT(2) 
PARAMETRIC_REPRESENTATION_CONTEXT() REPRESENTATION_CONTEXT('2D SPACE',''
  ) );
#15000 = PCURVE('',#12441,#15001);
#15001 = DEFINITIONAL_REPRESENTATION('',(#15002),#15006);
#15002 = CIRCLE('',#15003,2.7);
#15003 = AXIS2_PLACEMENT_2D('',#15004,#15005);
#15004 = CARTESIAN_POINT('',(0.,0.));
#15005 = DIRECTION('',(1.,0.));
#15006 = ( GEOMETRIC_REPRESENTATION_CONTEXT(2) 
PARAMETRIC_REPRESENTATION_CONTEXT() REPRESENTATION_CONTEXT('2D SPACE',''
  ) );
#15007 = ORIENTED_EDGE('',*,*,#12399,.F.);
#15008 = ORIENTED_EDGE('',*,*,#15009,.T.);
#15009 = EDGE_CURVE('',#12379,#11272,#15010,.T.);
#15010 = SURFACE_CURVE('',#15011,(#15016,#15023),.PCURVE_S1.);
#15011 = CIRCLE('',#15012,2.690714285714);
#15012 = AXIS2_PLACEMENT_3D('',#15013,#15014,#15015);
#15013 = CARTESIAN_POINT('',(-88.,148.85,34.7));
#15014 = DIRECTION('',(0.,0.,1.));
#15015 = DIRECTION('',(1.,0.,-0.));
#15016 = PCURVE('',#10116,#15017);
#15017 = DEFINITIONAL_REPRESENTATION('',(#15018),#15022);
#15018 = LINE('',#15019,#15020);
#15019 = CARTESIAN_POINT('',(-0.,-9.999999999998E-03));
#15020 = VECTOR('',#15021,1.);
#15021 = DIRECTION('',(-1.,-0.));
#15022 = ( GEOMETRIC_REPRESENTATION_CONTEXT(2) 
PARAMETRIC_REPRESENTATION_CONTEXT() REPRESENTATION_CONTEXT('2D SPACE',''
  ) );
#15023 = PCURVE('',#11286,#15024);
#15024 = DEFINITIONAL_REPRESENTATION('',(#15025),#15029);
#15025 = CIRCLE('',#15026,2.690714285714);
#15026 = AXIS2_PLACEMENT_2D('',#15027,#15028);
#15027 = CARTESIAN_POINT('',(0.,0.));
#15028 = DIRECTION('',(1.,0.));
#15029 = ( GEOMETRIC_REPRESENTATION_CONTEXT(2) 
PARAMETRIC_REPRESENTATION_CONTEXT() REPRESENTATION_CONTEXT('2D SPACE',''
  ) );
#15030 = ORIENTED_EDGE('',*,*,#11297,.T.);
#15031 = ORIENTED_EDGE('',*,*,#15032,.T.);
#15032 = EDGE_CURVE('',#11298,#11327,#15033,.T.);
#15033 = SURFACE_CURVE('',#15034,(#15039,#15046),.PCURVE_S1.);
#15034 = CIRCLE('',#15035,2.7);
#15035 = AXIS2_PLACEMENT_3D('',#15036,#15037,#15038);
#15036 = CARTESIAN_POINT('',(-88.,148.85,34.69));
#15037 = DIRECTION('',(0.,0.,1.));
#15038 = DIRECTION('',(1.,0.,0.));
#15039 = PCURVE('',#10116,#15040);
#15040 = DEFINITIONAL_REPRESENTATION('',(#15041),#15045);
#15041 = LINE('',#15042,#15043);
#15042 = CARTESIAN_POINT('',(-0.,-0.));
#15043 = VECTOR('',#15044,1.);
#15044 = DIRECTION('',(-1.,-0.));
#15045 = ( GEOMETRIC_REPRESENTATION_CONTEXT(2) 
PARAMETRIC_REPRESENTATION_CONTEXT() REPRESENTATION_CONTEXT('2D SPACE',''
  ) );
#15046 = PCURVE('',#11341,#15047);
#15047 = DEFINITIONAL_REPRESENTATION('',(#15048),#15052);
#15048 = CIRCLE('',#15049,2.7);
#15049 = AXIS2_PLACEMENT_2D('',#15050,#15051);
#15050 = CARTESIAN_POINT('',(0.,0.));
#15051 = DIRECTION('',(1.,0.));
#15052 = ( GEOMETRIC_REPRESENTATION_CONTEXT(2) 
PARAMETRIC_REPRESENTATION_CONTEXT() REPRESENTATION_CONTEXT('2D SPACE',''
  ) );
#15053 = ORIENTED_EDGE('',*,*,#11352,.T.);
#15054 = ORIENTED_EDGE('',*,*,#15055,.T.);
#15055 = EDGE_CURVE('',#11353,#15056,#15058,.T.);
#15056 = VERTEX_POINT('',#15057);
#15057 = CARTESIAN_POINT('',(-85.30928571428,148.85,34.7));
#15058 = SURFACE_CURVE('',#15059,(#15064,#15071),.PCURVE_S1.);
#15059 = CIRCLE('',#15060,2.690714285714);
#15060 = AXIS2_PLACEMENT_3D('',#15061,#15062,#15063);
#15061 = CARTESIAN_POINT('',(-88.,148.85,34.7));
#15062 = DIRECTION('',(0.,0.,1.));
#15063 = DIRECTION('',(1.,0.,-0.));
#15064 = PCURVE('',#10116,#15065);
#15065 = DEFINITIONAL_REPRESENTATION('',(#15066),#15070);
#15066 = LINE('',#15067,#15068);
#15067 = CARTESIAN_POINT('',(-0.,-9.999999999998E-03));
#15068 = VECTOR('',#15069,1.);
#15069 = DIRECTION('',(-1.,-0.));
#15070 = ( GEOMETRIC_REPRESENTATION_CONTEXT(2) 
PARAMETRIC_REPRESENTATION_CONTEXT() REPRESENTATION_CONTEXT('2D SPACE',''
  ) );
#15071 = PCURVE('',#11396,#15072);
#15072 = DEFINITIONAL_REPRESENTATION('',(#15073),#15077);
#15073 = CIRCLE('',#15074,2.690714285714);
#15074 = AXIS2_PLACEMENT_2D('',#15075,#15076);
#15075 = CARTESIAN_POINT('',(0.,0.));
#15076 = DIRECTION('',(1.,0.));
#15077 = ( GEOMETRIC_REPRESENTATION_CONTEXT(2) 
PARAMETRIC_REPRESENTATION_CONTEXT() REPRESENTATION_CONTEXT('2D SPACE',''
  ) );
#15078 = ORIENTED_EDGE('',*,*,#15079,.T.);
#15079 = EDGE_CURVE('',#15056,#10077,#15080,.T.);
#15080 = SEAM_CURVE('',#15081,(#15084,#15090),.PCURVE_S1.);
#15081 = B_SPLINE_CURVE_WITH_KNOTS('',1,(#15082,#15083),.UNSPECIFIED.,
  .F.,.F.,(2,2),(0.,1.),.PIECEWISE_BEZIER_KNOTS.);
#15082 = CARTESIAN_POINT('',(-85.3,148.85,34.69));
#15083 = CARTESIAN_POINT('',(-86.6,148.85,36.09));
#15084 = PCURVE('',#10116,#15085);
#15085 = DEFINITIONAL_REPRESENTATION('',(#15086),#15089);
#15086 = B_SPLINE_CURVE_WITH_KNOTS('',1,(#15087,#15088),.UNSPECIFIED.,
  .F.,.F.,(2,2),(0.,1.),.PIECEWISE_BEZIER_KNOTS.);
#15087 = CARTESIAN_POINT('',(0.,0.));
#15088 = CARTESIAN_POINT('',(0.,-1.4));
#15089 = ( GEOMETRIC_REPRESENTATION_CONTEXT(2) 
PARAMETRIC_REPRESENTATION_CONTEXT() REPRESENTATION_CONTEXT('2D SPACE',''
  ) );
#15090 = PCURVE('',#10116,#15091);
#15091 = DEFINITIONAL_REPRESENTATION('',(#15092),#15095);
#15092 = B_SPLINE_CURVE_WITH_KNOTS('',1,(#15093,#15094),.UNSPECIFIED.,
  .F.,.F.,(2,2),(0.,1.),.PIECEWISE_BEZIER_KNOTS.);
#15093 = CARTESIAN_POINT('',(-6.28318530718,0.));
#15094 = CARTESIAN_POINT('',(-6.28318530718,-1.4));
#15095 = ( GEOMETRIC_REPRESENTATION_CONTEXT(2) 
PARAMETRIC_REPRESENTATION_CONTEXT() REPRESENTATION_CONTEXT('2D SPACE',''
  ) );
#15096 = ORIENTED_EDGE('',*,*,#10101,.F.);
#15097 = ORIENTED_EDGE('',*,*,#15079,.F.);
#15098 = ORIENTED_EDGE('',*,*,#15099,.T.);
#15099 = EDGE_CURVE('',#15056,#12453,#15100,.T.);
#15100 = SURFACE_CURVE('',#15101,(#15106,#15113),.PCURVE_S1.);
#15101 = CIRCLE('',#15102,2.690714285714);
#15102 = AXIS2_PLACEMENT_3D('',#15103,#15104,#15105);
#15103 = CARTESIAN_POINT('',(-88.,148.85,34.7));
#15104 = DIRECTION('',(0.,0.,1.));
#15105 = DIRECTION('',(1.,0.,-0.));
#15106 = PCURVE('',#10116,#15107);
#15107 = DEFINITIONAL_REPRESENTATION('',(#15108),#15112);
#15108 = LINE('',#15109,#15110);
#15109 = CARTESIAN_POINT('',(-0.,-9.999999999998E-03));
#15110 = VECTOR('',#15111,1.);
#15111 = DIRECTION('',(-1.,-0.));
#15112 = ( GEOMETRIC_REPRESENTATION_CONTEXT(2) 
PARAMETRIC_REPRESENTATION_CONTEXT() REPRESENTATION_CONTEXT('2D SPACE',''
  ) );
#15113 = PCURVE('',#11396,#15114);
#15114 = DEFINITIONAL_REPRESENTATION('',(#15115),#15119);
#15115 = CIRCLE('',#15116,2.690714285714);
#15116 = AXIS2_PLACEMENT_2D('',#15117,#15118);
#15117 = CARTESIAN_POINT('',(0.,0.));
#15118 = DIRECTION('',(1.,0.));
#15119 = ( GEOMETRIC_REPRESENTATION_CONTEXT(2) 
PARAMETRIC_REPRESENTATION_CONTEXT() REPRESENTATION_CONTEXT('2D SPACE',''
  ) );
#15120 = ADVANCED_FACE('',(#15121),#10171,.F.);
#15121 = FACE_BOUND('',#15122,.F.);
#15122 = EDGE_LOOP('',(#15123,#15124,#15146,#15147,#15171,#15189,#15190,
    #15191));
#15123 = ORIENTED_EDGE('',*,*,#12649,.F.);
#15124 = ORIENTED_EDGE('',*,*,#15125,.T.);
#15125 = EDGE_CURVE('',#12624,#12597,#15126,.T.);
#15126 = SURFACE_CURVE('',#15127,(#15132,#15139),.PCURVE_S1.);
#15127 = CIRCLE('',#15128,2.7);
#15128 = AXIS2_PLACEMENT_3D('',#15129,#15130,#15131);
#15129 = CARTESIAN_POINT('',(-65.2,148.85,34.69));
#15130 = DIRECTION('',(0.,0.,1.));
#15131 = DIRECTION('',(1.,0.,0.));
#15132 = PCURVE('',#10171,#15133);
#15133 = DEFINITIONAL_REPRESENTATION('',(#15134),#15138);
#15134 = LINE('',#15135,#15136);
#15135 = CARTESIAN_POINT('',(-0.,-0.));
#15136 = VECTOR('',#15137,1.);
#15137 = DIRECTION('',(-1.,-0.));
#15138 = ( GEOMETRIC_REPRESENTATION_CONTEXT(2) 
PARAMETRIC_REPRESENTATION_CONTEXT() REPRESENTATION_CONTEXT('2D SPACE',''
  ) );
#15139 = PCURVE('',#12638,#15140);
#15140 = DEFINITIONAL_REPRESENTATION('',(#15141),#15145);
#15141 = CIRCLE('',#15142,2.7);
#15142 = AXIS2_PLACEMENT_2D('',#15143,#15144);
#15143 = CARTESIAN_POINT('',(0.,0.));
#15144 = DIRECTION('',(1.,0.));
#15145 = ( GEOMETRIC_REPRESENTATION_CONTEXT(2) 
PARAMETRIC_REPRESENTATION_CONTEXT() REPRESENTATION_CONTEXT('2D SPACE',''
  ) );
#15146 = ORIENTED_EDGE('',*,*,#12596,.F.);
#15147 = ORIENTED_EDGE('',*,*,#15148,.T.);
#15148 = EDGE_CURVE('',#12571,#15149,#15151,.T.);
#15149 = VERTEX_POINT('',#15150);
#15150 = CARTESIAN_POINT('',(-62.50928571428,148.85,34.7));
#15151 = SURFACE_CURVE('',#15152,(#15157,#15164),.PCURVE_S1.);
#15152 = CIRCLE('',#15153,2.690714285714);
#15153 = AXIS2_PLACEMENT_3D('',#15154,#15155,#15156);
#15154 = CARTESIAN_POINT('',(-65.2,148.85,34.7));
#15155 = DIRECTION('',(0.,0.,1.));
#15156 = DIRECTION('',(1.,0.,-0.));
#15157 = PCURVE('',#10171,#15158);
#15158 = DEFINITIONAL_REPRESENTATION('',(#15159),#15163);
#15159 = LINE('',#15160,#15161);
#15160 = CARTESIAN_POINT('',(-0.,-9.999999999998E-03));
#15161 = VECTOR('',#15162,1.);
#15162 = DIRECTION('',(-1.,-0.));
#15163 = ( GEOMETRIC_REPRESENTATION_CONTEXT(2) 
PARAMETRIC_REPRESENTATION_CONTEXT() REPRESENTATION_CONTEXT('2D SPACE',''
  ) );
#15164 = PCURVE('',#12585,#15165);
#15165 = DEFINITIONAL_REPRESENTATION('',(#15166),#15170);
#15166 = CIRCLE('',#15167,2.690714285714);
#15167 = AXIS2_PLACEMENT_2D('',#15168,#15169);
#15168 = CARTESIAN_POINT('',(0.,0.));
#15169 = DIRECTION('',(1.,0.));
#15170 = ( GEOMETRIC_REPRESENTATION_CONTEXT(2) 
PARAMETRIC_REPRESENTATION_CONTEXT() REPRESENTATION_CONTEXT('2D SPACE',''
  ) );
#15171 = ORIENTED_EDGE('',*,*,#15172,.T.);
#15172 = EDGE_CURVE('',#15149,#10132,#15173,.T.);
#15173 = SEAM_CURVE('',#15174,(#15177,#15183),.PCURVE_S1.);
#15174 = B_SPLINE_CURVE_WITH_KNOTS('',1,(#15175,#15176),.UNSPECIFIED.,
  .F.,.F.,(2,2),(0.,1.),.PIECEWISE_BEZIER_KNOTS.);
#15175 = CARTESIAN_POINT('',(-62.5,148.85,34.69));
#15176 = CARTESIAN_POINT('',(-63.8,148.85,36.09));
#15177 = PCURVE('',#10171,#15178);
#15178 = DEFINITIONAL_REPRESENTATION('',(#15179),#15182);
#15179 = B_SPLINE_CURVE_WITH_KNOTS('',1,(#15180,#15181),.UNSPECIFIED.,
  .F.,.F.,(2,2),(0.,1.),.PIECEWISE_BEZIER_KNOTS.);
#15180 = CARTESIAN_POINT('',(0.,0.));
#15181 = CARTESIAN_POINT('',(0.,-1.4));
#15182 = ( GEOMETRIC_REPRESENTATION_CONTEXT(2) 
PARAMETRIC_REPRESENTATION_CONTEXT() REPRESENTATION_CONTEXT('2D SPACE',''
  ) );
#15183 = PCURVE('',#10171,#15184);
#15184 = DEFINITIONAL_REPRESENTATION('',(#15185),#15188);
#15185 = B_SPLINE_CURVE_WITH_KNOTS('',1,(#15186,#15187),.UNSPECIFIED.,
  .F.,.F.,(2,2),(0.,1.),.PIECEWISE_BEZIER_KNOTS.);
#15186 = CARTESIAN_POINT('',(-6.28318530718,0.));
#15187 = CARTESIAN_POINT('',(-6.28318530718,-1.4));
#15188 = ( GEOMETRIC_REPRESENTATION_CONTEXT(2) 
PARAMETRIC_REPRESENTATION_CONTEXT() REPRESENTATION_CONTEXT('2D SPACE',''
  ) );
#15189 = ORIENTED_EDGE('',*,*,#10156,.F.);
#15190 = ORIENTED_EDGE('',*,*,#15172,.F.);
#15191 = ORIENTED_EDGE('',*,*,#15192,.T.);
#15192 = EDGE_CURVE('',#15149,#12650,#15193,.T.);
#15193 = SURFACE_CURVE('',#15194,(#15199,#15206),.PCURVE_S1.);
#15194 = CIRCLE('',#15195,2.690714285714);
#15195 = AXIS2_PLACEMENT_3D('',#15196,#15197,#15198);
#15196 = CARTESIAN_POINT('',(-65.2,148.85,34.7));
#15197 = DIRECTION('',(0.,0.,1.));
#15198 = DIRECTION('',(1.,0.,-0.));
#15199 = PCURVE('',#10171,#15200);
#15200 = DEFINITIONAL_REPRESENTATION('',(#15201),#15205);
#15201 = LINE('',#15202,#15203);
#15202 = CARTESIAN_POINT('',(-0.,-9.999999999998E-03));
#15203 = VECTOR('',#15204,1.);
#15204 = DIRECTION('',(-1.,-0.));
#15205 = ( GEOMETRIC_REPRESENTATION_CONTEXT(2) 
PARAMETRIC_REPRESENTATION_CONTEXT() REPRESENTATION_CONTEXT('2D SPACE',''
  ) );
#15206 = PCURVE('',#12585,#15207);
#15207 = DEFINITIONAL_REPRESENTATION('',(#15208),#15212);
#15208 = CIRCLE('',#15209,2.690714285714);
#15209 = AXIS2_PLACEMENT_2D('',#15210,#15211);
#15210 = CARTESIAN_POINT('',(0.,0.));
#15211 = DIRECTION('',(1.,0.));
#15212 = ( GEOMETRIC_REPRESENTATION_CONTEXT(2) 
PARAMETRIC_REPRESENTATION_CONTEXT() REPRESENTATION_CONTEXT('2D SPACE',''
  ) );
#15213 = ADVANCED_FACE('',(#15214),#10887,.T.);
#15214 = FACE_BOUND('',#15215,.T.);
#15215 = EDGE_LOOP('',(#15216));
#15216 = ORIENTED_EDGE('',*,*,#10870,.T.);
#15217 = ADVANCED_FACE('',(#15218),#10965,.F.);
#15218 = FACE_BOUND('',#15219,.F.);
#15219 = EDGE_LOOP('',(#15220,#15249,#15267,#15268));
#15220 = ORIENTED_EDGE('',*,*,#15221,.T.);
#15221 = EDGE_CURVE('',#15222,#15222,#15224,.T.);
#15222 = VERTEX_POINT('',#15223);
#15223 = CARTESIAN_POINT('',(67.890714285714,140.05,34.7));
#15224 = SURFACE_CURVE('',#15225,(#15230,#15237),.PCURVE_S1.);
#15225 = CIRCLE('',#15226,2.690714285714);
#15226 = AXIS2_PLACEMENT_3D('',#15227,#15228,#15229);
#15227 = CARTESIAN_POINT('',(65.2,140.05,34.7));
#15228 = DIRECTION('',(0.,0.,1.));
#15229 = DIRECTION('',(1.,0.,-0.));
#15230 = PCURVE('',#10965,#15231);
#15231 = DEFINITIONAL_REPRESENTATION('',(#15232),#15236);
#15232 = LINE('',#15233,#15234);
#15233 = CARTESIAN_POINT('',(-0.,-9.999999999998E-03));
#15234 = VECTOR('',#15235,1.);
#15235 = DIRECTION('',(-1.,-0.));
#15236 = ( GEOMETRIC_REPRESENTATION_CONTEXT(2) 
PARAMETRIC_REPRESENTATION_CONTEXT() REPRESENTATION_CONTEXT('2D SPACE',''
  ) );
#15237 = PCURVE('',#15238,#15243);
#15238 = PLANE('',#15239);
#15239 = AXIS2_PLACEMENT_3D('',#15240,#15241,#15242);
#15240 = CARTESIAN_POINT('',(65.2,140.05,34.7));
#15241 = DIRECTION('',(0.,0.,1.));
#15242 = DIRECTION('',(1.,0.,-0.));
#15243 = DEFINITIONAL_REPRESENTATION('',(#15244),#15248);
#15244 = CIRCLE('',#15245,2.690714285714);
#15245 = AXIS2_PLACEMENT_2D('',#15246,#15247);
#15246 = CARTESIAN_POINT('',(0.,0.));
#15247 = DIRECTION('',(1.,0.));
#15248 = ( GEOMETRIC_REPRESENTATION_CONTEXT(2) 
PARAMETRIC_REPRESENTATION_CONTEXT() REPRESENTATION_CONTEXT('2D SPACE',''
  ) );
#15249 = ORIENTED_EDGE('',*,*,#15250,.T.);
#15250 = EDGE_CURVE('',#15222,#10926,#15251,.T.);
#15251 = SEAM_CURVE('',#15252,(#15255,#15261),.PCURVE_S1.);
#15252 = B_SPLINE_CURVE_WITH_KNOTS('',1,(#15253,#15254),.UNSPECIFIED.,
  .F.,.F.,(2,2),(0.,1.),.PIECEWISE_BEZIER_KNOTS.);
#15253 = CARTESIAN_POINT('',(67.9,140.05,34.69));
#15254 = CARTESIAN_POINT('',(66.6,140.05,36.09));
#15255 = PCURVE('',#10965,#15256);
#15256 = DEFINITIONAL_REPRESENTATION('',(#15257),#15260);
#15257 = B_SPLINE_CURVE_WITH_KNOTS('',1,(#15258,#15259),.UNSPECIFIED.,
  .F.,.F.,(2,2),(0.,1.),.PIECEWISE_BEZIER_KNOTS.);
#15258 = CARTESIAN_POINT('',(0.,0.));
#15259 = CARTESIAN_POINT('',(0.,-1.4));
#15260 = ( GEOMETRIC_REPRESENTATION_CONTEXT(2) 
PARAMETRIC_REPRESENTATION_CONTEXT() REPRESENTATION_CONTEXT('2D SPACE',''
  ) );
#15261 = PCURVE('',#10965,#15262);
#15262 = DEFINITIONAL_REPRESENTATION('',(#15263),#15266);
#15263 = B_SPLINE_CURVE_WITH_KNOTS('',1,(#15264,#15265),.UNSPECIFIED.,
  .F.,.F.,(2,2),(0.,1.),.PIECEWISE_BEZIER_KNOTS.);
#15264 = CARTESIAN_POINT('',(-6.28318530718,0.));
#15265 = CARTESIAN_POINT('',(-6.28318530718,-1.4));
#15266 = ( GEOMETRIC_REPRESENTATION_CONTEXT(2) 
PARAMETRIC_REPRESENTATION_CONTEXT() REPRESENTATION_CONTEXT('2D SPACE',''
  ) );
#15267 = ORIENTED_EDGE('',*,*,#10950,.F.);
#15268 = ORIENTED_EDGE('',*,*,#15250,.F.);
#15269 = ADVANCED_FACE('',(#15270),#11020,.F.);
#15270 = FACE_BOUND('',#15271,.F.);
#15271 = EDGE_LOOP('',(#15272,#15292,#15314,#15315,#15337,#15338,#15360,
    #15361));
#15272 = ORIENTED_EDGE('',*,*,#15273,.F.);
#15273 = EDGE_CURVE('',#15274,#10981,#15276,.T.);
#15274 = VERTEX_POINT('',#15275);
#15275 = CARTESIAN_POINT('',(90.7,140.05,34.69));
#15276 = SEAM_CURVE('',#15277,(#15280,#15286),.PCURVE_S1.);
#15277 = B_SPLINE_CURVE_WITH_KNOTS('',1,(#15278,#15279),.UNSPECIFIED.,
  .F.,.F.,(2,2),(0.,1.),.PIECEWISE_BEZIER_KNOTS.);
#15278 = CARTESIAN_POINT('',(90.7,140.05,34.69));
#15279 = CARTESIAN_POINT('',(89.4,140.05,36.09));
#15280 = PCURVE('',#11020,#15281);
#15281 = DEFINITIONAL_REPRESENTATION('',(#15282),#15285);
#15282 = B_SPLINE_CURVE_WITH_KNOTS('',1,(#15283,#15284),.UNSPECIFIED.,
  .F.,.F.,(2,2),(0.,1.),.PIECEWISE_BEZIER_KNOTS.);
#15283 = CARTESIAN_POINT('',(0.,0.));
#15284 = CARTESIAN_POINT('',(0.,-1.4));
#15285 = ( GEOMETRIC_REPRESENTATION_CONTEXT(2) 
PARAMETRIC_REPRESENTATION_CONTEXT() REPRESENTATION_CONTEXT('2D SPACE',''
  ) );
#15286 = PCURVE('',#11020,#15287);
#15287 = DEFINITIONAL_REPRESENTATION('',(#15288),#15291);
#15288 = B_SPLINE_CURVE_WITH_KNOTS('',1,(#15289,#15290),.UNSPECIFIED.,
  .F.,.F.,(2,2),(0.,1.),.PIECEWISE_BEZIER_KNOTS.);
#15289 = CARTESIAN_POINT('',(-6.28318530718,0.));
#15290 = CARTESIAN_POINT('',(-6.28318530718,-1.4));
#15291 = ( GEOMETRIC_REPRESENTATION_CONTEXT(2) 
PARAMETRIC_REPRESENTATION_CONTEXT() REPRESENTATION_CONTEXT('2D SPACE',''
  ) );
#15292 = ORIENTED_EDGE('',*,*,#15293,.T.);
#15293 = EDGE_CURVE('',#15274,#12207,#15294,.T.);
#15294 = SURFACE_CURVE('',#15295,(#15300,#15307),.PCURVE_S1.);
#15295 = CIRCLE('',#15296,2.7);
#15296 = AXIS2_PLACEMENT_3D('',#15297,#15298,#15299);
#15297 = CARTESIAN_POINT('',(88.,140.05,34.69));
#15298 = DIRECTION('',(0.,0.,1.));
#15299 = DIRECTION('',(1.,0.,0.));
#15300 = PCURVE('',#11020,#15301);
#15301 = DEFINITIONAL_REPRESENTATION('',(#15302),#15306);
#15302 = LINE('',#15303,#15304);
#15303 = CARTESIAN_POINT('',(-0.,-0.));
#15304 = VECTOR('',#15305,1.);
#15305 = DIRECTION('',(-1.,-0.));
#15306 = ( GEOMETRIC_REPRESENTATION_CONTEXT(2) 
PARAMETRIC_REPRESENTATION_CONTEXT() REPRESENTATION_CONTEXT('2D SPACE',''
  ) );
#15307 = PCURVE('',#12249,#15308);
#15308 = DEFINITIONAL_REPRESENTATION('',(#15309),#15313);
#15309 = CIRCLE('',#15310,2.7);
#15310 = AXIS2_PLACEMENT_2D('',#15311,#15312);
#15311 = CARTESIAN_POINT('',(0.,0.));
#15312 = DIRECTION('',(1.,0.));
#15313 = ( GEOMETRIC_REPRESENTATION_CONTEXT(2) 
PARAMETRIC_REPRESENTATION_CONTEXT() REPRESENTATION_CONTEXT('2D SPACE',''
  ) );
#15314 = ORIENTED_EDGE('',*,*,#12206,.F.);
#15315 = ORIENTED_EDGE('',*,*,#15316,.T.);
#15316 = EDGE_CURVE('',#12181,#12261,#15317,.T.);
#15317 = SURFACE_CURVE('',#15318,(#15323,#15330),.PCURVE_S1.);
#15318 = CIRCLE('',#15319,2.690714285714);
#15319 = AXIS2_PLACEMENT_3D('',#15320,#15321,#15322);
#15320 = CARTESIAN_POINT('',(88.,140.05,34.7));
#15321 = DIRECTION('',(0.,0.,1.));
#15322 = DIRECTION('',(1.,0.,-0.));
#15323 = PCURVE('',#11020,#15324);
#15324 = DEFINITIONAL_REPRESENTATION('',(#15325),#15329);
#15325 = LINE('',#15326,#15327);
#15326 = CARTESIAN_POINT('',(-0.,-9.999999999998E-03));
#15327 = VECTOR('',#15328,1.);
#15328 = DIRECTION('',(-1.,-0.));
#15329 = ( GEOMETRIC_REPRESENTATION_CONTEXT(2) 
PARAMETRIC_REPRESENTATION_CONTEXT() REPRESENTATION_CONTEXT('2D SPACE',''
  ) );
#15330 = PCURVE('',#12195,#15331);
#15331 = DEFINITIONAL_REPRESENTATION('',(#15332),#15336);
#15332 = CIRCLE('',#15333,2.690714285714);
#15333 = AXIS2_PLACEMENT_2D('',#15334,#15335);
#15334 = CARTESIAN_POINT('',(0.,0.));
#15335 = DIRECTION('',(1.,0.));
#15336 = ( GEOMETRIC_REPRESENTATION_CONTEXT(2) 
PARAMETRIC_REPRESENTATION_CONTEXT() REPRESENTATION_CONTEXT('2D SPACE',''
  ) );
#15337 = ORIENTED_EDGE('',*,*,#12260,.F.);
#15338 = ORIENTED_EDGE('',*,*,#15339,.T.);
#15339 = EDGE_CURVE('',#12235,#15274,#15340,.T.);
#15340 = SURFACE_CURVE('',#15341,(#15346,#15353),.PCURVE_S1.);
#15341 = CIRCLE('',#15342,2.7);
#15342 = AXIS2_PLACEMENT_3D('',#15343,#15344,#15345);
#15343 = CARTESIAN_POINT('',(88.,140.05,34.69));
#15344 = DIRECTION('',(0.,0.,1.));
#15345 = DIRECTION('',(1.,0.,0.));
#15346 = PCURVE('',#11020,#15347);
#15347 = DEFINITIONAL_REPRESENTATION('',(#15348),#15352);
#15348 = LINE('',#15349,#15350);
#15349 = CARTESIAN_POINT('',(-0.,-0.));
#15350 = VECTOR('',#15351,1.);
#15351 = DIRECTION('',(-1.,-0.));
#15352 = ( GEOMETRIC_REPRESENTATION_CONTEXT(2) 
PARAMETRIC_REPRESENTATION_CONTEXT() REPRESENTATION_CONTEXT('2D SPACE',''
  ) );
#15353 = PCURVE('',#12249,#15354);
#15354 = DEFINITIONAL_REPRESENTATION('',(#15355),#15359);
#15355 = CIRCLE('',#15356,2.7);
#15356 = AXIS2_PLACEMENT_2D('',#15357,#15358);
#15357 = CARTESIAN_POINT('',(0.,0.));
#15358 = DIRECTION('',(1.,0.));
#15359 = ( GEOMETRIC_REPRESENTATION_CONTEXT(2) 
PARAMETRIC_REPRESENTATION_CONTEXT() REPRESENTATION_CONTEXT('2D SPACE',''
  ) );
#15360 = ORIENTED_EDGE('',*,*,#15273,.T.);
#15361 = ORIENTED_EDGE('',*,*,#11005,.F.);
#15362 = ADVANCED_FACE('',(#15363),#11075,.F.);
#15363 = FACE_BOUND('',#15364,.F.);
#15364 = EDGE_LOOP('',(#15365,#15366,#15388,#15389,#15413,#15431,#15432,
    #15433));
#15365 = ORIENTED_EDGE('',*,*,#12846,.F.);
#15366 = ORIENTED_EDGE('',*,*,#15367,.T.);
#15367 = EDGE_CURVE('',#12821,#12794,#15368,.T.);
#15368 = SURFACE_CURVE('',#15369,(#15374,#15381),.PCURVE_S1.);
#15369 = CIRCLE('',#15370,2.7);
#15370 = AXIS2_PLACEMENT_3D('',#15371,#15372,#15373);
#15371 = CARTESIAN_POINT('',(65.2,148.85,34.69));
#15372 = DIRECTION('',(0.,0.,1.));
#15373 = DIRECTION('',(1.,0.,0.));
#15374 = PCURVE('',#11075,#15375);
#15375 = DEFINITIONAL_REPRESENTATION('',(#15376),#15380);
#15376 = LINE('',#15377,#15378);
#15377 = CARTESIAN_POINT('',(-0.,-0.));
#15378 = VECTOR('',#15379,1.);
#15379 = DIRECTION('',(-1.,-0.));
#15380 = ( GEOMETRIC_REPRESENTATION_CONTEXT(2) 
PARAMETRIC_REPRESENTATION_CONTEXT() REPRESENTATION_CONTEXT('2D SPACE',''
  ) );
#15381 = PCURVE('',#12835,#15382);
#15382 = DEFINITIONAL_REPRESENTATION('',(#15383),#15387);
#15383 = CIRCLE('',#15384,2.7);
#15384 = AXIS2_PLACEMENT_2D('',#15385,#15386);
#15385 = CARTESIAN_POINT('',(0.,0.));
#15386 = DIRECTION('',(1.,0.));
#15387 = ( GEOMETRIC_REPRESENTATION_CONTEXT(2) 
PARAMETRIC_REPRESENTATION_CONTEXT() REPRESENTATION_CONTEXT('2D SPACE',''
  ) );
#15388 = ORIENTED_EDGE('',*,*,#12793,.F.);
#15389 = ORIENTED_EDGE('',*,*,#15390,.T.);
#15390 = EDGE_CURVE('',#12768,#15391,#15393,.T.);
#15391 = VERTEX_POINT('',#15392);
#15392 = CARTESIAN_POINT('',(67.890714285714,148.85,34.7));
#15393 = SURFACE_CURVE('',#15394,(#15399,#15406),.PCURVE_S1.);
#15394 = CIRCLE('',#15395,2.690714285714);
#15395 = AXIS2_PLACEMENT_3D('',#15396,#15397,#15398);
#15396 = CARTESIAN_POINT('',(65.2,148.85,34.7));
#15397 = DIRECTION('',(0.,0.,1.));
#15398 = DIRECTION('',(1.,0.,-0.));
#15399 = PCURVE('',#11075,#15400);
#15400 = DEFINITIONAL_REPRESENTATION('',(#15401),#15405);
#15401 = LINE('',#15402,#15403);
#15402 = CARTESIAN_POINT('',(-0.,-9.999999999998E-03));
#15403 = VECTOR('',#15404,1.);
#15404 = DIRECTION('',(-1.,-0.));
#15405 = ( GEOMETRIC_REPRESENTATION_CONTEXT(2) 
PARAMETRIC_REPRESENTATION_CONTEXT() REPRESENTATION_CONTEXT('2D SPACE',''
  ) );
#15406 = PCURVE('',#12782,#15407);
#15407 = DEFINITIONAL_REPRESENTATION('',(#15408),#15412);
#15408 = CIRCLE('',#15409,2.690714285714);
#15409 = AXIS2_PLACEMENT_2D('',#15410,#15411);
#15410 = CARTESIAN_POINT('',(0.,0.));
#15411 = DIRECTION('',(1.,0.));
#15412 = ( GEOMETRIC_REPRESENTATION_CONTEXT(2) 
PARAMETRIC_REPRESENTATION_CONTEXT() REPRESENTATION_CONTEXT('2D SPACE',''
  ) );
#15413 = ORIENTED_EDGE('',*,*,#15414,.T.);
#15414 = EDGE_CURVE('',#15391,#11036,#15415,.T.);
#15415 = SEAM_CURVE('',#15416,(#15419,#15425),.PCURVE_S1.);
#15416 = B_SPLINE_CURVE_WITH_KNOTS('',1,(#15417,#15418),.UNSPECIFIED.,
  .F.,.F.,(2,2),(0.,1.),.PIECEWISE_BEZIER_KNOTS.);
#15417 = CARTESIAN_POINT('',(67.9,148.85,34.69));
#15418 = CARTESIAN_POINT('',(66.6,148.85,36.09));
#15419 = PCURVE('',#11075,#15420);
#15420 = DEFINITIONAL_REPRESENTATION('',(#15421),#15424);
#15421 = B_SPLINE_CURVE_WITH_KNOTS('',1,(#15422,#15423),.UNSPECIFIED.,
  .F.,.F.,(2,2),(0.,1.),.PIECEWISE_BEZIER_KNOTS.);
#15422 = CARTESIAN_POINT('',(0.,0.));
#15423 = CARTESIAN_POINT('',(0.,-1.4));
#15424 = ( GEOMETRIC_REPRESENTATION_CONTEXT(2) 
PARAMETRIC_REPRESENTATION_CONTEXT() REPRESENTATION_CONTEXT('2D SPACE',''
  ) );
#15425 = PCURVE('',#11075,#15426);
#15426 = DEFINITIONAL_REPRESENTATION('',(#15427),#15430);
#15427 = B_SPLINE_CURVE_WITH_KNOTS('',1,(#15428,#15429),.UNSPECIFIED.,
  .F.,.F.,(2,2),(0.,1.),.PIECEWISE_BEZIER_KNOTS.);
#15428 = CARTESIAN_POINT('',(-6.28318530718,0.));
#15429 = CARTESIAN_POINT('',(-6.28318530718,-1.4));
#15430 = ( GEOMETRIC_REPRESENTATION_CONTEXT(2) 
PARAMETRIC_REPRESENTATION_CONTEXT() REPRESENTATION_CONTEXT('2D SPACE',''
  ) );
#15431 = ORIENTED_EDGE('',*,*,#11060,.F.);
#15432 = ORIENTED_EDGE('',*,*,#15414,.F.);
#15433 = ORIENTED_EDGE('',*,*,#15434,.T.);
#15434 = EDGE_CURVE('',#15391,#12847,#15435,.T.);
#15435 = SURFACE_CURVE('',#15436,(#15441,#15448),.PCURVE_S1.);
#15436 = CIRCLE('',#15437,2.690714285714);
#15437 = AXIS2_PLACEMENT_3D('',#15438,#15439,#15440);
#15438 = CARTESIAN_POINT('',(65.2,148.85,34.7));
#15439 = DIRECTION('',(0.,0.,1.));
#15440 = DIRECTION('',(1.,0.,-0.));
#15441 = PCURVE('',#11075,#15442);
#15442 = DEFINITIONAL_REPRESENTATION('',(#15443),#15447);
#15443 = LINE('',#15444,#15445);
#15444 = CARTESIAN_POINT('',(-0.,-9.999999999998E-03));
#15445 = VECTOR('',#15446,1.);
#15446 = DIRECTION('',(-1.,-0.));
#15447 = ( GEOMETRIC_REPRESENTATION_CONTEXT(2) 
PARAMETRIC_REPRESENTATION_CONTEXT() REPRESENTATION_CONTEXT('2D SPACE',''
  ) );
#15448 = PCURVE('',#12782,#15449);
#15449 = DEFINITIONAL_REPRESENTATION('',(#15450),#15454);
#15450 = CIRCLE('',#15451,2.690714285714);
#15451 = AXIS2_PLACEMENT_2D('',#15452,#15453);
#15452 = CARTESIAN_POINT('',(0.,0.));
#15453 = DIRECTION('',(1.,0.));
#15454 = ( GEOMETRIC_REPRESENTATION_CONTEXT(2) 
PARAMETRIC_REPRESENTATION_CONTEXT() REPRESENTATION_CONTEXT('2D SPACE',''
  ) );
#15455 = ADVANCED_FACE('',(#15456),#11130,.F.);
#15456 = FACE_BOUND('',#15457,.F.);
#15457 = EDGE_LOOP('',(#15458,#15478,#15500,#15501,#15523,#15524,#15546,
    #15547,#15569,#15570,#15592,#15593));
#15458 = ORIENTED_EDGE('',*,*,#15459,.F.);
#15459 = EDGE_CURVE('',#15460,#11091,#15462,.T.);
#15460 = VERTEX_POINT('',#15461);
#15461 = CARTESIAN_POINT('',(90.7,148.85,34.69));
#15462 = SEAM_CURVE('',#15463,(#15466,#15472),.PCURVE_S1.);
#15463 = B_SPLINE_CURVE_WITH_KNOTS('',1,(#15464,#15465),.UNSPECIFIED.,
  .F.,.F.,(2,2),(0.,1.),.PIECEWISE_BEZIER_KNOTS.);
#15464 = CARTESIAN_POINT('',(90.7,148.85,34.69));
#15465 = CARTESIAN_POINT('',(89.4,148.85,36.09));
#15466 = PCURVE('',#11130,#15467);
#15467 = DEFINITIONAL_REPRESENTATION('',(#15468),#15471);
#15468 = B_SPLINE_CURVE_WITH_KNOTS('',1,(#15469,#15470),.UNSPECIFIED.,
  .F.,.F.,(2,2),(0.,1.),.PIECEWISE_BEZIER_KNOTS.);
#15469 = CARTESIAN_POINT('',(0.,0.));
#15470 = CARTESIAN_POINT('',(0.,-1.4));
#15471 = ( GEOMETRIC_REPRESENTATION_CONTEXT(2) 
PARAMETRIC_REPRESENTATION_CONTEXT() REPRESENTATION_CONTEXT('2D SPACE',''
  ) );
#15472 = PCURVE('',#11130,#15473);
#15473 = DEFINITIONAL_REPRESENTATION('',(#15474),#15477);
#15474 = B_SPLINE_CURVE_WITH_KNOTS('',1,(#15475,#15476),.UNSPECIFIED.,
  .F.,.F.,(2,2),(0.,1.),.PIECEWISE_BEZIER_KNOTS.);
#15475 = CARTESIAN_POINT('',(-6.28318530718,0.));
#15476 = CARTESIAN_POINT('',(-6.28318530718,-1.4));
#15477 = ( GEOMETRIC_REPRESENTATION_CONTEXT(2) 
PARAMETRIC_REPRESENTATION_CONTEXT() REPRESENTATION_CONTEXT('2D SPACE',''
  ) );
#15478 = ORIENTED_EDGE('',*,*,#15479,.T.);
#15479 = EDGE_CURVE('',#15460,#11998,#15480,.T.);
#15480 = SURFACE_CURVE('',#15481,(#15486,#15493),.PCURVE_S1.);
#15481 = CIRCLE('',#15482,2.7);
#15482 = AXIS2_PLACEMENT_3D('',#15483,#15484,#15485);
#15483 = CARTESIAN_POINT('',(88.,148.85,34.69));
#15484 = DIRECTION('',(0.,0.,1.));
#15485 = DIRECTION('',(1.,0.,0.));
#15486 = PCURVE('',#11130,#15487);
#15487 = DEFINITIONAL_REPRESENTATION('',(#15488),#15492);
#15488 = LINE('',#15489,#15490);
#15489 = CARTESIAN_POINT('',(-0.,-0.));
#15490 = VECTOR('',#15491,1.);
#15491 = DIRECTION('',(-1.,-0.));
#15492 = ( GEOMETRIC_REPRESENTATION_CONTEXT(2) 
PARAMETRIC_REPRESENTATION_CONTEXT() REPRESENTATION_CONTEXT('2D SPACE',''
  ) );
#15493 = PCURVE('',#12040,#15494);
#15494 = DEFINITIONAL_REPRESENTATION('',(#15495),#15499);
#15495 = CIRCLE('',#15496,2.7);
#15496 = AXIS2_PLACEMENT_2D('',#15497,#15498);
#15497 = CARTESIAN_POINT('',(0.,0.));
#15498 = DIRECTION('',(1.,0.));
#15499 = ( GEOMETRIC_REPRESENTATION_CONTEXT(2) 
PARAMETRIC_REPRESENTATION_CONTEXT() REPRESENTATION_CONTEXT('2D SPACE',''
  ) );
#15500 = ORIENTED_EDGE('',*,*,#11997,.F.);
#15501 = ORIENTED_EDGE('',*,*,#15502,.T.);
#15502 = EDGE_CURVE('',#11972,#13034,#15503,.T.);
#15503 = SURFACE_CURVE('',#15504,(#15509,#15516),.PCURVE_S1.);
#15504 = CIRCLE('',#15505,2.690714285714);
#15505 = AXIS2_PLACEMENT_3D('',#15506,#15507,#15508);
#15506 = CARTESIAN_POINT('',(88.,148.85,34.7));
#15507 = DIRECTION('',(0.,0.,1.));
#15508 = DIRECTION('',(1.,0.,-0.));
#15509 = PCURVE('',#11130,#15510);
#15510 = DEFINITIONAL_REPRESENTATION('',(#15511),#15515);
#15511 = LINE('',#15512,#15513);
#15512 = CARTESIAN_POINT('',(-0.,-9.999999999998E-03));
#15513 = VECTOR('',#15514,1.);
#15514 = DIRECTION('',(-1.,-0.));
#15515 = ( GEOMETRIC_REPRESENTATION_CONTEXT(2) 
PARAMETRIC_REPRESENTATION_CONTEXT() REPRESENTATION_CONTEXT('2D SPACE',''
  ) );
#15516 = PCURVE('',#11986,#15517);
#15517 = DEFINITIONAL_REPRESENTATION('',(#15518),#15522);
#15518 = CIRCLE('',#15519,2.690714285714);
#15519 = AXIS2_PLACEMENT_2D('',#15520,#15521);
#15520 = CARTESIAN_POINT('',(0.,0.));
#15521 = DIRECTION('',(1.,0.));
#15522 = ( GEOMETRIC_REPRESENTATION_CONTEXT(2) 
PARAMETRIC_REPRESENTATION_CONTEXT() REPRESENTATION_CONTEXT('2D SPACE',''
  ) );
#15523 = ORIENTED_EDGE('',*,*,#13033,.F.);
#15524 = ORIENTED_EDGE('',*,*,#15525,.T.);
#15525 = EDGE_CURVE('',#13008,#12981,#15526,.T.);
#15526 = SURFACE_CURVE('',#15527,(#15532,#15539),.PCURVE_S1.);
#15527 = CIRCLE('',#15528,2.7);
#15528 = AXIS2_PLACEMENT_3D('',#15529,#15530,#15531);
#15529 = CARTESIAN_POINT('',(88.,148.85,34.69));
#15530 = DIRECTION('',(0.,0.,1.));
#15531 = DIRECTION('',(1.,0.,0.));
#15532 = PCURVE('',#11130,#15533);
#15533 = DEFINITIONAL_REPRESENTATION('',(#15534),#15538);
#15534 = LINE('',#15535,#15536);
#15535 = CARTESIAN_POINT('',(-0.,-0.));
#15536 = VECTOR('',#15537,1.);
#15537 = DIRECTION('',(-1.,-0.));
#15538 = ( GEOMETRIC_REPRESENTATION_CONTEXT(2) 
PARAMETRIC_REPRESENTATION_CONTEXT() REPRESENTATION_CONTEXT('2D SPACE',''
  ) );
#15539 = PCURVE('',#13022,#15540);
#15540 = DEFINITIONAL_REPRESENTATION('',(#15541),#15545);
#15541 = CIRCLE('',#15542,2.7);
#15542 = AXIS2_PLACEMENT_2D('',#15543,#15544);
#15543 = CARTESIAN_POINT('',(0.,0.));
#15544 = DIRECTION('',(1.,0.));
#15545 = ( GEOMETRIC_REPRESENTATION_CONTEXT(2) 
PARAMETRIC_REPRESENTATION_CONTEXT() REPRESENTATION_CONTEXT('2D SPACE',''
  ) );
#15546 = ORIENTED_EDGE('',*,*,#12980,.F.);
#15547 = ORIENTED_EDGE('',*,*,#15548,.T.);
#15548 = EDGE_CURVE('',#12960,#12052,#15549,.T.);
#15549 = SURFACE_CURVE('',#15550,(#15555,#15562),.PCURVE_S1.);
#15550 = CIRCLE('',#15551,2.690714285714);
#15551 = AXIS2_PLACEMENT_3D('',#15552,#15553,#15554);
#15552 = CARTESIAN_POINT('',(88.,148.85,34.7));
#15553 = DIRECTION('',(0.,0.,1.));
#15554 = DIRECTION('',(1.,0.,-0.));
#15555 = PCURVE('',#11130,#15556);
#15556 = DEFINITIONAL_REPRESENTATION('',(#15557),#15561);
#15557 = LINE('',#15558,#15559);
#15558 = CARTESIAN_POINT('',(-0.,-9.999999999998E-03));
#15559 = VECTOR('',#15560,1.);
#15560 = DIRECTION('',(-1.,-0.));
#15561 = ( GEOMETRIC_REPRESENTATION_CONTEXT(2) 
PARAMETRIC_REPRESENTATION_CONTEXT() REPRESENTATION_CONTEXT('2D SPACE',''
  ) );
#15562 = PCURVE('',#12094,#15563);
#15563 = DEFINITIONAL_REPRESENTATION('',(#15564),#15568);
#15564 = CIRCLE('',#15565,2.690714285714);
#15565 = AXIS2_PLACEMENT_2D('',#15566,#15567);
#15566 = CARTESIAN_POINT('',(0.,0.));
#15567 = DIRECTION('',(1.,0.));
#15568 = ( GEOMETRIC_REPRESENTATION_CONTEXT(2) 
PARAMETRIC_REPRESENTATION_CONTEXT() REPRESENTATION_CONTEXT('2D SPACE',''
  ) );
#15569 = ORIENTED_EDGE('',*,*,#12051,.F.);
#15570 = ORIENTED_EDGE('',*,*,#15571,.T.);
#15571 = EDGE_CURVE('',#12026,#15460,#15572,.T.);
#15572 = SURFACE_CURVE('',#15573,(#15578,#15585),.PCURVE_S1.);
#15573 = CIRCLE('',#15574,2.7);
#15574 = AXIS2_PLACEMENT_3D('',#15575,#15576,#15577);
#15575 = CARTESIAN_POINT('',(88.,148.85,34.69));
#15576 = DIRECTION('',(0.,0.,1.));
#15577 = DIRECTION('',(1.,0.,0.));
#15578 = PCURVE('',#11130,#15579);
#15579 = DEFINITIONAL_REPRESENTATION('',(#15580),#15584);
#15580 = LINE('',#15581,#15582);
#15581 = CARTESIAN_POINT('',(-0.,-0.));
#15582 = VECTOR('',#15583,1.);
#15583 = DIRECTION('',(-1.,-0.));
#15584 = ( GEOMETRIC_REPRESENTATION_CONTEXT(2) 
PARAMETRIC_REPRESENTATION_CONTEXT() REPRESENTATION_CONTEXT('2D SPACE',''
  ) );
#15585 = PCURVE('',#12040,#15586);
#15586 = DEFINITIONAL_REPRESENTATION('',(#15587),#15591);
#15587 = CIRCLE('',#15588,2.7);
#15588 = AXIS2_PLACEMENT_2D('',#15589,#15590);
#15589 = CARTESIAN_POINT('',(0.,0.));
#15590 = DIRECTION('',(1.,0.));
#15591 = ( GEOMETRIC_REPRESENTATION_CONTEXT(2) 
PARAMETRIC_REPRESENTATION_CONTEXT() REPRESENTATION_CONTEXT('2D SPACE',''
  ) );
#15592 = ORIENTED_EDGE('',*,*,#15459,.T.);
#15593 = ORIENTED_EDGE('',*,*,#11115,.F.);
#15594 = ADVANCED_FACE('',(#15595),#11471,.T.);
#15595 = FACE_BOUND('',#15596,.F.);
#15596 = EDGE_LOOP('',(#15597,#15598,#15599,#15621));
#15597 = ORIENTED_EDGE('',*,*,#14459,.T.);
#15598 = ORIENTED_EDGE('',*,*,#11456,.T.);
#15599 = ORIENTED_EDGE('',*,*,#15600,.F.);
#15600 = EDGE_CURVE('',#11593,#11457,#15601,.T.);
#15601 = SURFACE_CURVE('',#15602,(#15607,#15614),.PCURVE_S1.);
#15602 = CIRCLE('',#15603,3.2);
#15603 = AXIS2_PLACEMENT_3D('',#15604,#15605,#15606);
#15604 = CARTESIAN_POINT('',(-88.,140.05,34.7));
#15605 = DIRECTION('',(0.,0.,1.));
#15606 = DIRECTION('',(-0.78125,-0.624218261107,0.));
#15607 = PCURVE('',#11471,#15608);
#15608 = DEFINITIONAL_REPRESENTATION('',(#15609),#15613);
#15609 = LINE('',#15610,#15611);
#15610 = CARTESIAN_POINT('',(-3.815723160257,0.));
#15611 = VECTOR('',#15612,1.);
#15612 = DIRECTION('',(-1.,0.));
#15613 = ( GEOMETRIC_REPRESENTATION_CONTEXT(2) 
PARAMETRIC_REPRESENTATION_CONTEXT() REPRESENTATION_CONTEXT('2D SPACE',''
  ) );
#15614 = PCURVE('',#11497,#15615);
#15615 = DEFINITIONAL_REPRESENTATION('',(#15616),#15620);
#15616 = CIRCLE('',#15617,3.2);
#15617 = AXIS2_PLACEMENT_2D('',#15618,#15619);
#15618 = CARTESIAN_POINT('',(0.,0.));
#15619 = DIRECTION('',(-0.78125,-0.624218261107));
#15620 = ( GEOMETRIC_REPRESENTATION_CONTEXT(2) 
PARAMETRIC_REPRESENTATION_CONTEXT() REPRESENTATION_CONTEXT('2D SPACE',''
  ) );
#15621 = ORIENTED_EDGE('',*,*,#11613,.F.);
#15622 = ADVANCED_FACE('',(#15623),#11497,.F.);
#15623 = FACE_BOUND('',#15624,.F.);
#15624 = EDGE_LOOP('',(#15625,#15626,#15627,#15628,#15629));
#15625 = ORIENTED_EDGE('',*,*,#11592,.T.);
#15626 = ORIENTED_EDGE('',*,*,#15600,.T.);
#15627 = ORIENTED_EDGE('',*,*,#11482,.T.);
#15628 = ORIENTED_EDGE('',*,*,#14904,.F.);
#15629 = ORIENTED_EDGE('',*,*,#14860,.F.);
#15630 = ADVANCED_FACE('',(#15631),#11552,.T.);
#15631 = FACE_BOUND('',#15632,.T.);
#15632 = EDGE_LOOP('',(#15633,#15634));
#15633 = ORIENTED_EDGE('',*,*,#11537,.F.);
#15634 = ORIENTED_EDGE('',*,*,#14837,.T.);
#15635 = ADVANCED_FACE('',(#15636),#11422,.T.);
#15636 = FACE_BOUND('',#15637,.F.);
#15637 = EDGE_LOOP('',(#15638,#15660,#15661,#15662));
#15638 = ORIENTED_EDGE('',*,*,#15639,.F.);
#15639 = EDGE_CURVE('',#11382,#12480,#15640,.T.);
#15640 = SURFACE_CURVE('',#15641,(#15646,#15653),.PCURVE_S1.);
#15641 = CIRCLE('',#15642,3.2);
#15642 = AXIS2_PLACEMENT_3D('',#15643,#15644,#15645);
#15643 = CARTESIAN_POINT('',(-88.,148.85,34.7));
#15644 = DIRECTION('',(0.,0.,1.));
#15645 = DIRECTION('',(-0.78125,-0.624218261107,0.));
#15646 = PCURVE('',#11422,#15647);
#15647 = DEFINITIONAL_REPRESENTATION('',(#15648),#15652);
#15648 = LINE('',#15649,#15650);
#15649 = CARTESIAN_POINT('',(-3.815723160257,0.));
#15650 = VECTOR('',#15651,1.);
#15651 = DIRECTION('',(-1.,0.));
#15652 = ( GEOMETRIC_REPRESENTATION_CONTEXT(2) 
PARAMETRIC_REPRESENTATION_CONTEXT() REPRESENTATION_CONTEXT('2D SPACE',''
  ) );
#15653 = PCURVE('',#11396,#15654);
#15654 = DEFINITIONAL_REPRESENTATION('',(#15655),#15659);
#15655 = CIRCLE('',#15656,3.2);
#15656 = AXIS2_PLACEMENT_2D('',#15657,#15658);
#15657 = CARTESIAN_POINT('',(0.,0.));
#15658 = DIRECTION('',(-0.78125,-0.624218261107));
#15659 = ( GEOMETRIC_REPRESENTATION_CONTEXT(2) 
PARAMETRIC_REPRESENTATION_CONTEXT() REPRESENTATION_CONTEXT('2D SPACE',''
  ) );
#15660 = ORIENTED_EDGE('',*,*,#11407,.F.);
#15661 = ORIENTED_EDGE('',*,*,#14436,.T.);
#15662 = ORIENTED_EDGE('',*,*,#12500,.T.);
#15663 = ADVANCED_FACE('',(#15664),#11396,.F.);
#15664 = FACE_BOUND('',#15665,.F.);
#15665 = EDGE_LOOP('',(#15666,#15667,#15668,#15669,#15670));
#15666 = ORIENTED_EDGE('',*,*,#11381,.T.);
#15667 = ORIENTED_EDGE('',*,*,#15639,.T.);
#15668 = ORIENTED_EDGE('',*,*,#12479,.F.);
#15669 = ORIENTED_EDGE('',*,*,#15099,.F.);
#15670 = ORIENTED_EDGE('',*,*,#15055,.F.);
#15671 = ADVANCED_FACE('',(#15672),#11341,.T.);
#15672 = FACE_BOUND('',#15673,.T.);
#15673 = EDGE_LOOP('',(#15674,#15675));
#15674 = ORIENTED_EDGE('',*,*,#15032,.T.);
#15675 = ORIENTED_EDGE('',*,*,#11326,.F.);
#15676 = ADVANCED_FACE('',(#15677),#11286,.F.);
#15677 = FACE_BOUND('',#15678,.F.);
#15678 = EDGE_LOOP('',(#15679,#15680,#15681,#15682));
#15679 = ORIENTED_EDGE('',*,*,#11271,.T.);
#15680 = ORIENTED_EDGE('',*,*,#15009,.F.);
#15681 = ORIENTED_EDGE('',*,*,#12378,.F.);
#15682 = ORIENTED_EDGE('',*,*,#15683,.T.);
#15683 = EDGE_CURVE('',#12358,#11246,#15684,.T.);
#15684 = SURFACE_CURVE('',#15685,(#15690,#15697),.PCURVE_S1.);
#15685 = CIRCLE('',#15686,3.2);
#15686 = AXIS2_PLACEMENT_3D('',#15687,#15688,#15689);
#15687 = CARTESIAN_POINT('',(-88.,148.85,34.7));
#15688 = DIRECTION('',(0.,0.,1.));
#15689 = DIRECTION('',(1.,0.,0.));
#15690 = PCURVE('',#11286,#15691);
#15691 = DEFINITIONAL_REPRESENTATION('',(#15692),#15696);
#15692 = CIRCLE('',#15693,3.2);
#15693 = AXIS2_PLACEMENT_2D('',#15694,#15695);
#15694 = CARTESIAN_POINT('',(0.,0.));
#15695 = DIRECTION('',(1.,0.));
#15696 = ( GEOMETRIC_REPRESENTATION_CONTEXT(2) 
PARAMETRIC_REPRESENTATION_CONTEXT() REPRESENTATION_CONTEXT('2D SPACE',''
  ) );
#15697 = PCURVE('',#11260,#15698);
#15698 = DEFINITIONAL_REPRESENTATION('',(#15699),#15703);
#15699 = LINE('',#15700,#15701);
#15700 = CARTESIAN_POINT('',(-0.,0.));
#15701 = VECTOR('',#15702,1.);
#15702 = DIRECTION('',(-1.,0.));
#15703 = ( GEOMETRIC_REPRESENTATION_CONTEXT(2) 
PARAMETRIC_REPRESENTATION_CONTEXT() REPRESENTATION_CONTEXT('2D SPACE',''
  ) );
#15704 = ADVANCED_FACE('',(#15705),#11260,.T.);
#15705 = FACE_BOUND('',#15706,.F.);
#15706 = EDGE_LOOP('',(#15707,#15708,#15709,#15735));
#15707 = ORIENTED_EDGE('',*,*,#15683,.F.);
#15708 = ORIENTED_EDGE('',*,*,#12357,.F.);
#15709 = ORIENTED_EDGE('',*,*,#15710,.F.);
#15710 = EDGE_CURVE('',#11218,#12335,#15711,.T.);
#15711 = SURFACE_CURVE('',#15712,(#15717,#15724),.PCURVE_S1.);
#15712 = CIRCLE('',#15713,3.2);
#15713 = AXIS2_PLACEMENT_3D('',#15714,#15715,#15716);
#15714 = CARTESIAN_POINT('',(-88.,148.85,36.2));
#15715 = DIRECTION('',(0.,0.,-1.));
#15716 = DIRECTION('',(1.,0.,0.));
#15717 = PCURVE('',#11260,#15718);
#15718 = DEFINITIONAL_REPRESENTATION('',(#15719),#15723);
#15719 = LINE('',#15720,#15721);
#15720 = CARTESIAN_POINT('',(-6.28318530718,-1.5));
#15721 = VECTOR('',#15722,1.);
#15722 = DIRECTION('',(1.,-0.));
#15723 = ( GEOMETRIC_REPRESENTATION_CONTEXT(2) 
PARAMETRIC_REPRESENTATION_CONTEXT() REPRESENTATION_CONTEXT('2D SPACE',''
  ) );
#15724 = PCURVE('',#11233,#15725);
#15725 = DEFINITIONAL_REPRESENTATION('',(#15726),#15734);
#15726 = ( BOUNDED_CURVE() B_SPLINE_CURVE(2,(#15727,#15728,#15729,#15730
    ,#15731,#15732,#15733),.UNSPECIFIED.,.T.,.F.) 
B_SPLINE_CURVE_WITH_KNOTS((1,2,2,2,2,1),(-2.094395102393,0.,
    2.094395102393,4.188790204786,6.28318530718,8.377580409573),
.UNSPECIFIED.) CURVE() GEOMETRIC_REPRESENTATION_ITEM() 
RATIONAL_B_SPLINE_CURVE((1.,0.5,1.,0.5,1.,0.5,1.)) REPRESENTATION_ITEM(
  '') );
#15727 = CARTESIAN_POINT('',(5.7,146.35));
#15728 = CARTESIAN_POINT('',(5.7,140.80743741578));
#15729 = CARTESIAN_POINT('',(0.9,143.57871870789));
#15730 = CARTESIAN_POINT('',(-3.9,146.35));
#15731 = CARTESIAN_POINT('',(0.9,149.12128129211));
#15732 = CARTESIAN_POINT('',(5.7,151.89256258422));
#15733 = CARTESIAN_POINT('',(5.7,146.35));
#15734 = ( GEOMETRIC_REPRESENTATION_CONTEXT(2) 
PARAMETRIC_REPRESENTATION_CONTEXT() REPRESENTATION_CONTEXT('2D SPACE',''
  ) );
#15735 = ORIENTED_EDGE('',*,*,#11245,.T.);
#15736 = ADVANCED_FACE('',(#15737),#11233,.F.);
#15737 = FACE_BOUND('',#15738,.F.);
#15738 = EDGE_LOOP('',(#15739,#15740,#15741));
#15739 = ORIENTED_EDGE('',*,*,#11217,.F.);
#15740 = ORIENTED_EDGE('',*,*,#15710,.T.);
#15741 = ORIENTED_EDGE('',*,*,#12334,.F.);
#15742 = ADVANCED_FACE('',(#15743),#12169,.T.);
#15743 = FACE_BOUND('',#15744,.F.);
#15744 = EDGE_LOOP('',(#15745,#15767,#15768,#15769));
#15745 = ORIENTED_EDGE('',*,*,#15746,.F.);
#15746 = EDGE_CURVE('',#12155,#12289,#15747,.T.);
#15747 = SURFACE_CURVE('',#15748,(#15753,#15760),.PCURVE_S1.);
#15748 = CIRCLE('',#15749,3.2);
#15749 = AXIS2_PLACEMENT_3D('',#15750,#15751,#15752);
#15750 = CARTESIAN_POINT('',(88.,140.05,34.7));
#15751 = DIRECTION('',(0.,0.,1.));
#15752 = DIRECTION('',(1.,0.,0.));
#15753 = PCURVE('',#12169,#15754);
#15754 = DEFINITIONAL_REPRESENTATION('',(#15755),#15759);
#15755 = LINE('',#15756,#15757);
#15756 = CARTESIAN_POINT('',(-0.,0.));
#15757 = VECTOR('',#15758,1.);
#15758 = DIRECTION('',(-1.,0.));
#15759 = ( GEOMETRIC_REPRESENTATION_CONTEXT(2) 
PARAMETRIC_REPRESENTATION_CONTEXT() REPRESENTATION_CONTEXT('2D SPACE',''
  ) );
#15760 = PCURVE('',#12195,#15761);
#15761 = DEFINITIONAL_REPRESENTATION('',(#15762),#15766);
#15762 = CIRCLE('',#15763,3.2);
#15763 = AXIS2_PLACEMENT_2D('',#15764,#15765);
#15764 = CARTESIAN_POINT('',(0.,0.));
#15765 = DIRECTION('',(1.,0.));
#15766 = ( GEOMETRIC_REPRESENTATION_CONTEXT(2) 
PARAMETRIC_REPRESENTATION_CONTEXT() REPRESENTATION_CONTEXT('2D SPACE',''
  ) );
#15767 = ORIENTED_EDGE('',*,*,#12154,.F.);
#15768 = ORIENTED_EDGE('',*,*,#14336,.F.);
#15769 = ORIENTED_EDGE('',*,*,#12309,.T.);
#15770 = ADVANCED_FACE('',(#15771),#12195,.F.);
#15771 = FACE_BOUND('',#15772,.F.);
#15772 = EDGE_LOOP('',(#15773,#15774,#15775,#15776));
#15773 = ORIENTED_EDGE('',*,*,#12180,.F.);
#15774 = ORIENTED_EDGE('',*,*,#15746,.T.);
#15775 = ORIENTED_EDGE('',*,*,#12288,.F.);
#15776 = ORIENTED_EDGE('',*,*,#15316,.F.);
#15777 = ADVANCED_FACE('',(#15778),#12249,.T.);
#15778 = FACE_BOUND('',#15779,.T.);
#15779 = EDGE_LOOP('',(#15780,#15781,#15782));
#15780 = ORIENTED_EDGE('',*,*,#15339,.T.);
#15781 = ORIENTED_EDGE('',*,*,#15293,.T.);
#15782 = ORIENTED_EDGE('',*,*,#12234,.T.);
#15783 = ADVANCED_FACE('',(#15784),#12120,.T.);
#15784 = FACE_BOUND('',#15785,.F.);
#15785 = EDGE_LOOP('',(#15786,#15787,#15809,#15810));
#15786 = ORIENTED_EDGE('',*,*,#12105,.T.);
#15787 = ORIENTED_EDGE('',*,*,#15788,.F.);
#15788 = EDGE_CURVE('',#12939,#12080,#15789,.T.);
#15789 = SURFACE_CURVE('',#15790,(#15795,#15802),.PCURVE_S1.);
#15790 = CIRCLE('',#15791,3.2);
#15791 = AXIS2_PLACEMENT_3D('',#15792,#15793,#15794);
#15792 = CARTESIAN_POINT('',(88.,148.85,34.7));
#15793 = DIRECTION('',(0.,0.,1.));
#15794 = DIRECTION('',(1.,0.,0.));
#15795 = PCURVE('',#12120,#15796);
#15796 = DEFINITIONAL_REPRESENTATION('',(#15797),#15801);
#15797 = LINE('',#15798,#15799);
#15798 = CARTESIAN_POINT('',(-0.,0.));
#15799 = VECTOR('',#15800,1.);
#15800 = DIRECTION('',(-1.,0.));
#15801 = ( GEOMETRIC_REPRESENTATION_CONTEXT(2) 
PARAMETRIC_REPRESENTATION_CONTEXT() REPRESENTATION_CONTEXT('2D SPACE',''
  ) );
#15802 = PCURVE('',#12094,#15803);
#15803 = DEFINITIONAL_REPRESENTATION('',(#15804),#15808);
#15804 = CIRCLE('',#15805,3.2);
#15805 = AXIS2_PLACEMENT_2D('',#15806,#15807);
#15806 = CARTESIAN_POINT('',(0.,0.));
#15807 = DIRECTION('',(1.,0.));
#15808 = ( GEOMETRIC_REPRESENTATION_CONTEXT(2) 
PARAMETRIC_REPRESENTATION_CONTEXT() REPRESENTATION_CONTEXT('2D SPACE',''
  ) );
#15809 = ORIENTED_EDGE('',*,*,#12938,.F.);
#15810 = ORIENTED_EDGE('',*,*,#14363,.F.);
#15811 = ADVANCED_FACE('',(#15812),#12094,.F.);
#15812 = FACE_BOUND('',#15813,.F.);
#15813 = EDGE_LOOP('',(#15814,#15815,#15816,#15817));
#15814 = ORIENTED_EDGE('',*,*,#12079,.F.);
#15815 = ORIENTED_EDGE('',*,*,#15548,.F.);
#15816 = ORIENTED_EDGE('',*,*,#12959,.F.);
#15817 = ORIENTED_EDGE('',*,*,#15788,.T.);
#15818 = ADVANCED_FACE('',(#15819),#12040,.T.);
#15819 = FACE_BOUND('',#15820,.T.);
#15820 = EDGE_LOOP('',(#15821,#15822,#15823));
#15821 = ORIENTED_EDGE('',*,*,#15571,.T.);
#15822 = ORIENTED_EDGE('',*,*,#15479,.T.);
#15823 = ORIENTED_EDGE('',*,*,#12025,.T.);
#15824 = ADVANCED_FACE('',(#15825),#11986,.F.);
#15825 = FACE_BOUND('',#15826,.F.);
#15826 = EDGE_LOOP('',(#15827,#15828,#15850,#15851));
#15827 = ORIENTED_EDGE('',*,*,#11971,.F.);
#15828 = ORIENTED_EDGE('',*,*,#15829,.T.);
#15829 = EDGE_CURVE('',#11946,#13061,#15830,.T.);
#15830 = SURFACE_CURVE('',#15831,(#15836,#15843),.PCURVE_S1.);
#15831 = CIRCLE('',#15832,3.2);
#15832 = AXIS2_PLACEMENT_3D('',#15833,#15834,#15835);
#15833 = CARTESIAN_POINT('',(88.,148.85,34.7));
#15834 = DIRECTION('',(0.,0.,1.));
#15835 = DIRECTION('',(1.,0.,0.));
#15836 = PCURVE('',#11986,#15837);
#15837 = DEFINITIONAL_REPRESENTATION('',(#15838),#15842);
#15838 = CIRCLE('',#15839,3.2);
#15839 = AXIS2_PLACEMENT_2D('',#15840,#15841);
#15840 = CARTESIAN_POINT('',(0.,0.));
#15841 = DIRECTION('',(1.,0.));
#15842 = ( GEOMETRIC_REPRESENTATION_CONTEXT(2) 
PARAMETRIC_REPRESENTATION_CONTEXT() REPRESENTATION_CONTEXT('2D SPACE',''
  ) );
#15843 = PCURVE('',#11960,#15844);
#15844 = DEFINITIONAL_REPRESENTATION('',(#15845),#15849);
#15845 = LINE('',#15846,#15847);
#15846 = CARTESIAN_POINT('',(-0.,0.));
#15847 = VECTOR('',#15848,1.);
#15848 = DIRECTION('',(-1.,0.));
#15849 = ( GEOMETRIC_REPRESENTATION_CONTEXT(2) 
PARAMETRIC_REPRESENTATION_CONTEXT() REPRESENTATION_CONTEXT('2D SPACE',''
  ) );
#15850 = ORIENTED_EDGE('',*,*,#13060,.F.);
#15851 = ORIENTED_EDGE('',*,*,#15502,.F.);
#15852 = ADVANCED_FACE('',(#15853),#11960,.T.);
#15853 = FACE_BOUND('',#15854,.F.);
#15854 = EDGE_LOOP('',(#15855,#15856,#15857,#15883));
#15855 = ORIENTED_EDGE('',*,*,#15829,.F.);
#15856 = ORIENTED_EDGE('',*,*,#11945,.F.);
#15857 = ORIENTED_EDGE('',*,*,#15858,.F.);
#15858 = EDGE_CURVE('',#13082,#11918,#15859,.T.);
#15859 = SURFACE_CURVE('',#15860,(#15865,#15872),.PCURVE_S1.);
#15860 = CIRCLE('',#15861,3.2);
#15861 = AXIS2_PLACEMENT_3D('',#15862,#15863,#15864);
#15862 = CARTESIAN_POINT('',(88.,148.85,36.2));
#15863 = DIRECTION('',(0.,0.,-1.));
#15864 = DIRECTION('',(1.,0.,0.));
#15865 = PCURVE('',#11960,#15866);
#15866 = DEFINITIONAL_REPRESENTATION('',(#15867),#15871);
#15867 = LINE('',#15868,#15869);
#15868 = CARTESIAN_POINT('',(-6.28318530718,-1.5));
#15869 = VECTOR('',#15870,1.);
#15870 = DIRECTION('',(1.,-0.));
#15871 = ( GEOMETRIC_REPRESENTATION_CONTEXT(2) 
PARAMETRIC_REPRESENTATION_CONTEXT() REPRESENTATION_CONTEXT('2D SPACE',''
  ) );
#15872 = PCURVE('',#11933,#15873);
#15873 = DEFINITIONAL_REPRESENTATION('',(#15874),#15882);
#15874 = ( BOUNDED_CURVE() B_SPLINE_CURVE(2,(#15875,#15876,#15877,#15878
    ,#15879,#15880,#15881),.UNSPECIFIED.,.T.,.F.) 
B_SPLINE_CURVE_WITH_KNOTS((1,2,2,2,2,1),(-2.094395102393,0.,
    2.094395102393,4.188790204786,6.28318530718,8.377580409573),
.UNSPECIFIED.) CURVE() GEOMETRIC_REPRESENTATION_ITEM() 
RATIONAL_B_SPLINE_CURVE((1.,0.5,1.,0.5,1.,0.5,1.)) REPRESENTATION_ITEM(
  '') );
#15875 = CARTESIAN_POINT('',(181.7,146.35));
#15876 = CARTESIAN_POINT('',(181.7,140.80743741578));
#15877 = CARTESIAN_POINT('',(176.9,143.57871870789));
#15878 = CARTESIAN_POINT('',(172.1,146.35));
#15879 = CARTESIAN_POINT('',(176.9,149.12128129211));
#15880 = CARTESIAN_POINT('',(181.7,151.89256258422));
#15881 = CARTESIAN_POINT('',(181.7,146.35));
#15882 = ( GEOMETRIC_REPRESENTATION_CONTEXT(2) 
PARAMETRIC_REPRESENTATION_CONTEXT() REPRESENTATION_CONTEXT('2D SPACE',''
  ) );
#15883 = ORIENTED_EDGE('',*,*,#13081,.T.);
#15884 = ADVANCED_FACE('',(#15885),#11933,.F.);
#15885 = FACE_BOUND('',#15886,.F.);
#15886 = EDGE_LOOP('',(#15887,#15888,#15889));
#15887 = ORIENTED_EDGE('',*,*,#13102,.F.);
#15888 = ORIENTED_EDGE('',*,*,#15858,.T.);
#15889 = ORIENTED_EDGE('',*,*,#11917,.T.);
#15890 = ADVANCED_FACE('',(#15891),#13022,.T.);
#15891 = FACE_BOUND('',#15892,.T.);
#15892 = EDGE_LOOP('',(#15893,#15894));
#15893 = ORIENTED_EDGE('',*,*,#13007,.T.);
#15894 = ORIENTED_EDGE('',*,*,#15525,.T.);
#15895 = ADVANCED_FACE('',(#15896),#12756,.T.);
#15896 = FACE_BOUND('',#15897,.F.);
#15897 = EDGE_LOOP('',(#15898,#15920,#15921,#15922));
#15898 = ORIENTED_EDGE('',*,*,#15899,.F.);
#15899 = EDGE_CURVE('',#12742,#12874,#15900,.T.);
#15900 = SURFACE_CURVE('',#15901,(#15906,#15913),.PCURVE_S1.);
#15901 = CIRCLE('',#15902,3.2);
#15902 = AXIS2_PLACEMENT_3D('',#15903,#15904,#15905);
#15903 = CARTESIAN_POINT('',(65.2,148.85,34.7));
#15904 = DIRECTION('',(0.,0.,1.));
#15905 = DIRECTION('',(-0.560543472333,0.828125,0.));
#15906 = PCURVE('',#12756,#15907);
#15907 = DEFINITIONAL_REPRESENTATION('',(#15908),#15912);
#15908 = LINE('',#15909,#15910);
#15909 = CARTESIAN_POINT('',(-2.165838249622,0.));
#15910 = VECTOR('',#15911,1.);
#15911 = DIRECTION('',(-1.,0.));
#15912 = ( GEOMETRIC_REPRESENTATION_CONTEXT(2) 
PARAMETRIC_REPRESENTATION_CONTEXT() REPRESENTATION_CONTEXT('2D SPACE',''
  ) );
#15913 = PCURVE('',#12782,#15914);
#15914 = DEFINITIONAL_REPRESENTATION('',(#15915),#15919);
#15915 = CIRCLE('',#15916,3.2);
#15916 = AXIS2_PLACEMENT_2D('',#15917,#15918);
#15917 = CARTESIAN_POINT('',(0.,0.));
#15918 = DIRECTION('',(-0.560543472333,0.828125));
#15919 = ( GEOMETRIC_REPRESENTATION_CONTEXT(2) 
PARAMETRIC_REPRESENTATION_CONTEXT() REPRESENTATION_CONTEXT('2D SPACE',''
  ) );
#15920 = ORIENTED_EDGE('',*,*,#12741,.F.);
#15921 = ORIENTED_EDGE('',*,*,#14390,.T.);
#15922 = ORIENTED_EDGE('',*,*,#12894,.T.);
#15923 = ADVANCED_FACE('',(#15924),#12782,.F.);
#15924 = FACE_BOUND('',#15925,.F.);
#15925 = EDGE_LOOP('',(#15926,#15927,#15928,#15929,#15930));
#15926 = ORIENTED_EDGE('',*,*,#12767,.F.);
#15927 = ORIENTED_EDGE('',*,*,#15899,.T.);
#15928 = ORIENTED_EDGE('',*,*,#12873,.F.);
#15929 = ORIENTED_EDGE('',*,*,#15434,.F.);
#15930 = ORIENTED_EDGE('',*,*,#15390,.F.);
#15931 = ADVANCED_FACE('',(#15932),#12835,.T.);
#15932 = FACE_BOUND('',#15933,.T.);
#15933 = EDGE_LOOP('',(#15934,#15935));
#15934 = ORIENTED_EDGE('',*,*,#12820,.T.);
#15935 = ORIENTED_EDGE('',*,*,#15367,.T.);
#15936 = ADVANCED_FACE('',(#15937),#12559,.T.);
#15937 = FACE_BOUND('',#15938,.F.);
#15938 = EDGE_LOOP('',(#15939,#15961,#15962,#15963));
#15939 = ORIENTED_EDGE('',*,*,#15940,.F.);
#15940 = EDGE_CURVE('',#12545,#12677,#15941,.T.);
#15941 = SURFACE_CURVE('',#15942,(#15947,#15954),.PCURVE_S1.);
#15942 = CIRCLE('',#15943,3.2);
#15943 = AXIS2_PLACEMENT_3D('',#15944,#15945,#15946);
#15944 = CARTESIAN_POINT('',(-65.2,148.85,34.7));
#15945 = DIRECTION('',(0.,0.,1.));
#15946 = DIRECTION('',(-0.560543472333,0.828125,0.));
#15947 = PCURVE('',#12559,#15948);
#15948 = DEFINITIONAL_REPRESENTATION('',(#15949),#15953);
#15949 = LINE('',#15950,#15951);
#15950 = CARTESIAN_POINT('',(-2.165838249622,0.));
#15951 = VECTOR('',#15952,1.);
#15952 = DIRECTION('',(-1.,0.));
#15953 = ( GEOMETRIC_REPRESENTATION_CONTEXT(2) 
PARAMETRIC_REPRESENTATION_CONTEXT() REPRESENTATION_CONTEXT('2D SPACE',''
  ) );
#15954 = PCURVE('',#12585,#15955);
#15955 = DEFINITIONAL_REPRESENTATION('',(#15956),#15960);
#15956 = CIRCLE('',#15957,3.2);
#15957 = AXIS2_PLACEMENT_2D('',#15958,#15959);
#15958 = CARTESIAN_POINT('',(0.,0.));
#15959 = DIRECTION('',(-0.560543472333,0.828125));
#15960 = ( GEOMETRIC_REPRESENTATION_CONTEXT(2) 
PARAMETRIC_REPRESENTATION_CONTEXT() REPRESENTATION_CONTEXT('2D SPACE',''
  ) );
#15961 = ORIENTED_EDGE('',*,*,#12544,.F.);
#15962 = ORIENTED_EDGE('',*,*,#14413,.T.);
#15963 = ORIENTED_EDGE('',*,*,#12697,.T.);
#15964 = ADVANCED_FACE('',(#15965),#12585,.F.);
#15965 = FACE_BOUND('',#15966,.F.);
#15966 = EDGE_LOOP('',(#15967,#15968,#15969,#15970,#15971));
#15967 = ORIENTED_EDGE('',*,*,#12570,.F.);
#15968 = ORIENTED_EDGE('',*,*,#15940,.T.);
#15969 = ORIENTED_EDGE('',*,*,#12676,.F.);
#15970 = ORIENTED_EDGE('',*,*,#15192,.F.);
#15971 = ORIENTED_EDGE('',*,*,#15148,.F.);
#15972 = ADVANCED_FACE('',(#15973),#12638,.T.);
#15973 = FACE_BOUND('',#15974,.T.);
#15974 = EDGE_LOOP('',(#15975,#15976));
#15975 = ORIENTED_EDGE('',*,*,#12623,.T.);
#15976 = ORIENTED_EDGE('',*,*,#15125,.T.);
#15977 = ADVANCED_FACE('',(#15978),#12441,.T.);
#15978 = FACE_BOUND('',#15979,.T.);
#15979 = EDGE_LOOP('',(#15980,#15981));
#15980 = ORIENTED_EDGE('',*,*,#12426,.T.);
#15981 = ORIENTED_EDGE('',*,*,#14986,.T.);
#15982 = ADVANCED_FACE('',(#15983),#13182,.F.);
#15983 = FACE_BOUND('',#15984,.F.);
#15984 = EDGE_LOOP('',(#15985,#15986,#15987,#15988));
#15985 = ORIENTED_EDGE('',*,*,#13244,.F.);
#15986 = ORIENTED_EDGE('',*,*,#13296,.T.);
#15987 = ORIENTED_EDGE('',*,*,#13198,.F.);
#15988 = ORIENTED_EDGE('',*,*,#13169,.T.);
#15989 = ADVANCED_FACE('',(#15990),#13359,.F.);
#15990 = FACE_BOUND('',#15991,.F.);
#15991 = EDGE_LOOP('',(#15992));
#15992 = ORIENTED_EDGE('',*,*,#13344,.T.);
#15993 = ADVANCED_FACE('',(#15994),#13392,.F.);
#15994 = FACE_BOUND('',#15995,.F.);
#15995 = EDGE_LOOP('',(#15996,#16018,#16019,#16020));
#15996 = ORIENTED_EDGE('',*,*,#15997,.F.);
#15997 = EDGE_CURVE('',#13838,#13378,#15998,.T.);
#15998 = SURFACE_CURVE('',#15999,(#16004,#16011),.PCURVE_S1.);
#15999 = CIRCLE('',#16000,3.5);
#16000 = AXIS2_PLACEMENT_3D('',#16001,#16002,#16003);
#16001 = CARTESIAN_POINT('',(30.,4.5,36.2));
#16002 = DIRECTION('',(-0.,0.,1.));
#16003 = DIRECTION('',(0.820651806648,-0.571428571429,0.));
#16004 = PCURVE('',#13392,#16005);
#16005 = DEFINITIONAL_REPRESENTATION('',(#16006),#16010);
#16006 = CIRCLE('',#16007,3.5);
#16007 = AXIS2_PLACEMENT_2D('',#16008,#16009);
#16008 = CARTESIAN_POINT('',(120.5,2.));
#16009 = DIRECTION('',(0.820651806648,-0.571428571429));
#16010 = ( GEOMETRIC_REPRESENTATION_CONTEXT(2) 
PARAMETRIC_REPRESENTATION_CONTEXT() REPRESENTATION_CONTEXT('2D SPACE',''
  ) );
#16011 = PCURVE('',#13639,#16012);
#16012 = DEFINITIONAL_REPRESENTATION('',(#16013),#16017);
#16013 = LINE('',#16014,#16015);
#16014 = CARTESIAN_POINT('',(-5.674939728269,-2.));
#16015 = VECTOR('',#16016,1.);
#16016 = DIRECTION('',(-1.,-0.));
#16017 = ( GEOMETRIC_REPRESENTATION_CONTEXT(2) 
PARAMETRIC_REPRESENTATION_CONTEXT() REPRESENTATION_CONTEXT('2D SPACE',''
  ) );
#16018 = ORIENTED_EDGE('',*,*,#13858,.T.);
#16019 = ORIENTED_EDGE('',*,*,#13655,.F.);
#16020 = ORIENTED_EDGE('',*,*,#13375,.T.);
#16021 = ADVANCED_FACE('',(#16022),#13639,.T.);
#16022 = FACE_BOUND('',#16023,.F.);
#16023 = EDGE_LOOP('',(#16024,#16046,#16047,#16048));
#16024 = ORIENTED_EDGE('',*,*,#16025,.F.);
#16025 = EDGE_CURVE('',#13817,#13601,#16026,.T.);
#16026 = SURFACE_CURVE('',#16027,(#16032,#16039),.PCURVE_S1.);
#16027 = CIRCLE('',#16028,3.5);
#16028 = AXIS2_PLACEMENT_3D('',#16029,#16030,#16031);
#16029 = CARTESIAN_POINT('',(30.,4.5,34.2));
#16030 = DIRECTION('',(0.,0.,1.));
#16031 = DIRECTION('',(0.820651806648,-0.571428571429,0.));
#16032 = PCURVE('',#13639,#16033);
#16033 = DEFINITIONAL_REPRESENTATION('',(#16034),#16038);
#16034 = LINE('',#16035,#16036);
#16035 = CARTESIAN_POINT('',(-5.674939728269,0.));
#16036 = VECTOR('',#16037,1.);
#16037 = DIRECTION('',(-1.,0.));
#16038 = ( GEOMETRIC_REPRESENTATION_CONTEXT(2) 
PARAMETRIC_REPRESENTATION_CONTEXT() REPRESENTATION_CONTEXT('2D SPACE',''
  ) );
#16039 = PCURVE('',#13615,#16040);
#16040 = DEFINITIONAL_REPRESENTATION('',(#16041),#16045);
#16041 = CIRCLE('',#16042,3.5);
#16042 = AXIS2_PLACEMENT_2D('',#16043,#16044);
#16043 = CARTESIAN_POINT('',(0.,0.));
#16044 = DIRECTION('',(0.820651806648,-0.571428571429));
#16045 = ( GEOMETRIC_REPRESENTATION_CONTEXT(2) 
PARAMETRIC_REPRESENTATION_CONTEXT() REPRESENTATION_CONTEXT('2D SPACE',''
  ) );
#16046 = ORIENTED_EDGE('',*,*,#13837,.F.);
#16047 = ORIENTED_EDGE('',*,*,#15997,.T.);
#16048 = ORIENTED_EDGE('',*,*,#13626,.T.);
#16049 = ADVANCED_FACE('',(#16050),#13615,.F.);
#16050 = FACE_BOUND('',#16051,.F.);
#16051 = EDGE_LOOP('',(#16052,#16053,#16054,#16076));
#16052 = ORIENTED_EDGE('',*,*,#16025,.T.);
#16053 = ORIENTED_EDGE('',*,*,#13600,.F.);
#16054 = ORIENTED_EDGE('',*,*,#16055,.T.);
#16055 = EDGE_CURVE('',#13575,#13796,#16056,.T.);
#16056 = SURFACE_CURVE('',#16057,(#16062,#16069),.PCURVE_S1.);
#16057 = CIRCLE('',#16058,3.5);
#16058 = AXIS2_PLACEMENT_3D('',#16059,#16060,#16061);
#16059 = CARTESIAN_POINT('',(30.,4.5,34.2));
#16060 = DIRECTION('',(0.,0.,1.));
#16061 = DIRECTION('',(1.,0.,0.));
#16062 = PCURVE('',#13615,#16063);
#16063 = DEFINITIONAL_REPRESENTATION('',(#16064),#16068);
#16064 = CIRCLE('',#16065,3.5);
#16065 = AXIS2_PLACEMENT_2D('',#16066,#16067);
#16066 = CARTESIAN_POINT('',(0.,0.));
#16067 = DIRECTION('',(1.,0.));
#16068 = ( GEOMETRIC_REPRESENTATION_CONTEXT(2) 
PARAMETRIC_REPRESENTATION_CONTEXT() REPRESENTATION_CONTEXT('2D SPACE',''
  ) );
#16069 = PCURVE('',#13589,#16070);
#16070 = DEFINITIONAL_REPRESENTATION('',(#16071),#16075);
#16071 = LINE('',#16072,#16073);
#16072 = CARTESIAN_POINT('',(-0.,0.));
#16073 = VECTOR('',#16074,1.);
#16074 = DIRECTION('',(-1.,0.));
#16075 = ( GEOMETRIC_REPRESENTATION_CONTEXT(2) 
PARAMETRIC_REPRESENTATION_CONTEXT() REPRESENTATION_CONTEXT('2D SPACE',''
  ) );
#16076 = ORIENTED_EDGE('',*,*,#13816,.T.);
#16077 = ADVANCED_FACE('',(#16078),#13589,.T.);
#16078 = FACE_BOUND('',#16079,.F.);
#16079 = EDGE_LOOP('',(#16080,#16081,#16082,#16108));
#16080 = ORIENTED_EDGE('',*,*,#16055,.F.);
#16081 = ORIENTED_EDGE('',*,*,#13574,.F.);
#16082 = ORIENTED_EDGE('',*,*,#16083,.F.);
#16083 = EDGE_CURVE('',#13773,#13549,#16084,.T.);
#16084 = SURFACE_CURVE('',#16085,(#16090,#16097),.PCURVE_S1.);
#16085 = CIRCLE('',#16086,3.5);
#16086 = AXIS2_PLACEMENT_3D('',#16087,#16088,#16089);
#16087 = CARTESIAN_POINT('',(30.,4.5,36.2));
#16088 = DIRECTION('',(0.,0.,-1.));
#16089 = DIRECTION('',(1.,0.,0.));
#16090 = PCURVE('',#13589,#16091);
#16091 = DEFINITIONAL_REPRESENTATION('',(#16092),#16096);
#16092 = LINE('',#16093,#16094);
#16093 = CARTESIAN_POINT('',(-6.28318530718,-2.));
#16094 = VECTOR('',#16095,1.);
#16095 = DIRECTION('',(1.,-0.));
#16096 = ( GEOMETRIC_REPRESENTATION_CONTEXT(2) 
PARAMETRIC_REPRESENTATION_CONTEXT() REPRESENTATION_CONTEXT('2D SPACE',''
  ) );
#16097 = PCURVE('',#13563,#16098);
#16098 = DEFINITIONAL_REPRESENTATION('',(#16099),#16107);
#16099 = ( BOUNDED_CURVE() B_SPLINE_CURVE(2,(#16100,#16101,#16102,#16103
    ,#16104,#16105,#16106),.UNSPECIFIED.,.T.,.F.) 
B_SPLINE_CURVE_WITH_KNOTS((1,2,2,2,2,1),(-2.094395102393,0.,
    2.094395102393,4.188790204786,6.28318530718,8.377580409573),
.UNSPECIFIED.) CURVE() GEOMETRIC_REPRESENTATION_ITEM() 
RATIONAL_B_SPLINE_CURVE((1.,0.5,1.,0.5,1.,0.5,1.)) REPRESENTATION_ITEM(
  '') );
#16100 = CARTESIAN_POINT('',(124.,2.));
#16101 = CARTESIAN_POINT('',(124.,-4.062177826491));
#16102 = CARTESIAN_POINT('',(118.75,-1.031088913246));
#16103 = CARTESIAN_POINT('',(113.5,2.));
#16104 = CARTESIAN_POINT('',(118.75,5.031088913246));
#16105 = CARTESIAN_POINT('',(124.,8.062177826491));
#16106 = CARTESIAN_POINT('',(124.,2.));
#16107 = ( GEOMETRIC_REPRESENTATION_CONTEXT(2) 
PARAMETRIC_REPRESENTATION_CONTEXT() REPRESENTATION_CONTEXT('2D SPACE',''
  ) );
#16108 = ORIENTED_EDGE('',*,*,#13795,.T.);
#16109 = ADVANCED_FACE('',(#16110),#13563,.F.);
#16110 = FACE_BOUND('',#16111,.F.);
#16111 = EDGE_LOOP('',(#16112,#16134,#16135,#16136));
#16112 = ORIENTED_EDGE('',*,*,#16113,.F.);
#16113 = EDGE_CURVE('',#13750,#13523,#16114,.T.);
#16114 = SURFACE_CURVE('',#16115,(#16120,#16127),.PCURVE_S1.);
#16115 = CIRCLE('',#16116,3.5);
#16116 = AXIS2_PLACEMENT_3D('',#16117,#16118,#16119);
#16117 = CARTESIAN_POINT('',(-30.,4.5,36.2));
#16118 = DIRECTION('',(-0.,0.,1.));
#16119 = DIRECTION('',(0.820651806648,-0.571428571429,0.));
#16120 = PCURVE('',#13563,#16121);
#16121 = DEFINITIONAL_REPRESENTATION('',(#16122),#16126);
#16122 = CIRCLE('',#16123,3.5);
#16123 = AXIS2_PLACEMENT_2D('',#16124,#16125);
#16124 = CARTESIAN_POINT('',(60.5,2.));
#16125 = DIRECTION('',(0.820651806648,-0.571428571429));
#16126 = ( GEOMETRIC_REPRESENTATION_CONTEXT(2) 
PARAMETRIC_REPRESENTATION_CONTEXT() REPRESENTATION_CONTEXT('2D SPACE',''
  ) );
#16127 = PCURVE('',#13537,#16128);
#16128 = DEFINITIONAL_REPRESENTATION('',(#16129),#16133);
#16129 = LINE('',#16130,#16131);
#16130 = CARTESIAN_POINT('',(-5.674939728269,-2.));
#16131 = VECTOR('',#16132,1.);
#16132 = DIRECTION('',(-1.,-0.));
#16133 = ( GEOMETRIC_REPRESENTATION_CONTEXT(2) 
PARAMETRIC_REPRESENTATION_CONTEXT() REPRESENTATION_CONTEXT('2D SPACE',''
  ) );
#16134 = ORIENTED_EDGE('',*,*,#13772,.T.);
#16135 = ORIENTED_EDGE('',*,*,#16083,.T.);
#16136 = ORIENTED_EDGE('',*,*,#13548,.T.);
#16137 = ADVANCED_FACE('',(#16138),#13537,.T.);
#16138 = FACE_BOUND('',#16139,.F.);
#16139 = EDGE_LOOP('',(#16140,#16162,#16163,#16164));
#16140 = ORIENTED_EDGE('',*,*,#16141,.F.);
#16141 = EDGE_CURVE('',#13752,#13497,#16142,.T.);
#16142 = SURFACE_CURVE('',#16143,(#16148,#16155),.PCURVE_S1.);
#16143 = CIRCLE('',#16144,3.5);
#16144 = AXIS2_PLACEMENT_3D('',#16145,#16146,#16147);
#16145 = CARTESIAN_POINT('',(-30.,4.5,34.2));
#16146 = DIRECTION('',(0.,0.,1.));
#16147 = DIRECTION('',(0.820651806648,-0.571428571429,0.));
#16148 = PCURVE('',#13537,#16149);
#16149 = DEFINITIONAL_REPRESENTATION('',(#16150),#16154);
#16150 = LINE('',#16151,#16152);
#16151 = CARTESIAN_POINT('',(-5.674939728269,0.));
#16152 = VECTOR('',#16153,1.);
#16153 = DIRECTION('',(-1.,0.));
#16154 = ( GEOMETRIC_REPRESENTATION_CONTEXT(2) 
PARAMETRIC_REPRESENTATION_CONTEXT() REPRESENTATION_CONTEXT('2D SPACE',''
  ) );
#16155 = PCURVE('',#13511,#16156);
#16156 = DEFINITIONAL_REPRESENTATION('',(#16157),#16161);
#16157 = CIRCLE('',#16158,3.5);
#16158 = AXIS2_PLACEMENT_2D('',#16159,#16160);
#16159 = CARTESIAN_POINT('',(0.,0.));
#16160 = DIRECTION('',(0.820651806648,-0.571428571429));
#16161 = ( GEOMETRIC_REPRESENTATION_CONTEXT(2) 
PARAMETRIC_REPRESENTATION_CONTEXT() REPRESENTATION_CONTEXT('2D SPACE',''
  ) );
#16162 = ORIENTED_EDGE('',*,*,#13749,.F.);
#16163 = ORIENTED_EDGE('',*,*,#16113,.T.);
#16164 = ORIENTED_EDGE('',*,*,#13522,.T.);
#16165 = ADVANCED_FACE('',(#16166),#13511,.F.);
#16166 = FACE_BOUND('',#16167,.F.);
#16167 = EDGE_LOOP('',(#16168,#16169,#16170,#16192));
#16168 = ORIENTED_EDGE('',*,*,#16141,.T.);
#16169 = ORIENTED_EDGE('',*,*,#13496,.F.);
#16170 = ORIENTED_EDGE('',*,*,#16171,.T.);
#16171 = EDGE_CURVE('',#13471,#13906,#16172,.T.);
#16172 = SURFACE_CURVE('',#16173,(#16178,#16185),.PCURVE_S1.);
#16173 = CIRCLE('',#16174,3.5);
#16174 = AXIS2_PLACEMENT_3D('',#16175,#16176,#16177);
#16175 = CARTESIAN_POINT('',(-30.,4.5,34.2));
#16176 = DIRECTION('',(0.,0.,1.));
#16177 = DIRECTION('',(1.,0.,0.));
#16178 = PCURVE('',#13511,#16179);
#16179 = DEFINITIONAL_REPRESENTATION('',(#16180),#16184);
#16180 = CIRCLE('',#16181,3.5);
#16181 = AXIS2_PLACEMENT_2D('',#16182,#16183);
#16182 = CARTESIAN_POINT('',(0.,0.));
#16183 = DIRECTION('',(1.,0.));
#16184 = ( GEOMETRIC_REPRESENTATION_CONTEXT(2) 
PARAMETRIC_REPRESENTATION_CONTEXT() REPRESENTATION_CONTEXT('2D SPACE',''
  ) );
#16185 = PCURVE('',#13485,#16186);
#16186 = DEFINITIONAL_REPRESENTATION('',(#16187),#16191);
#16187 = LINE('',#16188,#16189);
#16188 = CARTESIAN_POINT('',(-0.,0.));
#16189 = VECTOR('',#16190,1.);
#16190 = DIRECTION('',(-1.,0.));
#16191 = ( GEOMETRIC_REPRESENTATION_CONTEXT(2) 
PARAMETRIC_REPRESENTATION_CONTEXT() REPRESENTATION_CONTEXT('2D SPACE',''
  ) );
#16192 = ORIENTED_EDGE('',*,*,#13926,.T.);
#16193 = ADVANCED_FACE('',(#16194),#13485,.T.);
#16194 = FACE_BOUND('',#16195,.F.);
#16195 = EDGE_LOOP('',(#16196,#16197,#16198,#16224));
#16196 = ORIENTED_EDGE('',*,*,#16171,.F.);
#16197 = ORIENTED_EDGE('',*,*,#13470,.F.);
#16198 = ORIENTED_EDGE('',*,*,#16199,.F.);
#16199 = EDGE_CURVE('',#13883,#13445,#16200,.T.);
#16200 = SURFACE_CURVE('',#16201,(#16206,#16213),.PCURVE_S1.);
#16201 = CIRCLE('',#16202,3.5);
#16202 = AXIS2_PLACEMENT_3D('',#16203,#16204,#16205);
#16203 = CARTESIAN_POINT('',(-30.,4.5,36.2));
#16204 = DIRECTION('',(0.,0.,-1.));
#16205 = DIRECTION('',(1.,0.,0.));
#16206 = PCURVE('',#13485,#16207);
#16207 = DEFINITIONAL_REPRESENTATION('',(#16208),#16212);
#16208 = LINE('',#16209,#16210);
#16209 = CARTESIAN_POINT('',(-6.28318530718,-2.));
#16210 = VECTOR('',#16211,1.);
#16211 = DIRECTION('',(1.,-0.));
#16212 = ( GEOMETRIC_REPRESENTATION_CONTEXT(2) 
PARAMETRIC_REPRESENTATION_CONTEXT() REPRESENTATION_CONTEXT('2D SPACE',''
  ) );
#16213 = PCURVE('',#13459,#16214);
#16214 = DEFINITIONAL_REPRESENTATION('',(#16215),#16223);
#16215 = ( BOUNDED_CURVE() B_SPLINE_CURVE(2,(#16216,#16217,#16218,#16219
    ,#16220,#16221,#16222),.UNSPECIFIED.,.T.,.F.) 
B_SPLINE_CURVE_WITH_KNOTS((1,2,2,2,2,1),(-2.094395102393,0.,
    2.094395102393,4.188790204786,6.28318530718,8.377580409573),
.UNSPECIFIED.) CURVE() GEOMETRIC_REPRESENTATION_ITEM() 
RATIONAL_B_SPLINE_CURVE((1.,0.5,1.,0.5,1.,0.5,1.)) REPRESENTATION_ITEM(
  '') );
#16216 = CARTESIAN_POINT('',(64.,2.));
#16217 = CARTESIAN_POINT('',(64.,-4.062177826491));
#16218 = CARTESIAN_POINT('',(58.75,-1.031088913246));
#16219 = CARTESIAN_POINT('',(53.5,2.));
#16220 = CARTESIAN_POINT('',(58.75,5.031088913246));
#16221 = CARTESIAN_POINT('',(64.,8.062177826491));
#16222 = CARTESIAN_POINT('',(64.,2.));
#16223 = ( GEOMETRIC_REPRESENTATION_CONTEXT(2) 
PARAMETRIC_REPRESENTATION_CONTEXT() REPRESENTATION_CONTEXT('2D SPACE',''
  ) );
#16224 = ORIENTED_EDGE('',*,*,#13905,.T.);
#16225 = ADVANCED_FACE('',(#16226),#13459,.F.);
#16226 = FACE_BOUND('',#16227,.F.);
#16227 = EDGE_LOOP('',(#16228,#16229,#16230,#16231));
#16228 = ORIENTED_EDGE('',*,*,#13723,.F.);
#16229 = ORIENTED_EDGE('',*,*,#13882,.T.);
#16230 = ORIENTED_EDGE('',*,*,#16199,.T.);
#16231 = ORIENTED_EDGE('',*,*,#13444,.T.);
#16232 = ADVANCED_FACE('',(#16233),#13966,.F.);
#16233 = FACE_BOUND('',#16234,.F.);
#16234 = EDGE_LOOP('',(#16235,#16236,#16237,#16238));
#16235 = ORIENTED_EDGE('',*,*,#14116,.F.);
#16236 = ORIENTED_EDGE('',*,*,#14045,.T.);
#16237 = ORIENTED_EDGE('',*,*,#13948,.T.);
#16238 = ORIENTED_EDGE('',*,*,#14092,.T.);
#16239 = ADVANCED_FACE('',(#16240),#14181,.F.);
#16240 = FACE_BOUND('',#16241,.F.);
#16241 = EDGE_LOOP('',(#16242));
#16242 = ORIENTED_EDGE('',*,*,#14166,.T.);
#16243 = ADVANCED_FACE('',(#16244),#14236,.F.);
#16244 = FACE_BOUND('',#16245,.F.);
#16245 = EDGE_LOOP('',(#16246));
#16246 = ORIENTED_EDGE('',*,*,#14221,.T.);
#16247 = ADVANCED_FACE('',(#16248),#14291,.F.);
#16248 = FACE_BOUND('',#16249,.F.);
#16249 = EDGE_LOOP('',(#16250));
#16250 = ORIENTED_EDGE('',*,*,#14276,.T.);
#16251 = ADVANCED_FACE('',(#16252),#14630,.T.);
#16252 = FACE_BOUND('',#16253,.F.);
#16253 = EDGE_LOOP('',(#16254,#16283,#16304,#16305));
#16254 = ORIENTED_EDGE('',*,*,#16255,.F.);
#16255 = EDGE_CURVE('',#16256,#16256,#16258,.T.);
#16256 = VERTEX_POINT('',#16257);
#16257 = CARTESIAN_POINT('',(-48.5,138.,34.2));
#16258 = SURFACE_CURVE('',#16259,(#16264,#16271),.PCURVE_S1.);
#16259 = CIRCLE('',#16260,3.5);
#16260 = AXIS2_PLACEMENT_3D('',#16261,#16262,#16263);
#16261 = CARTESIAN_POINT('',(-52.,138.,34.2));
#16262 = DIRECTION('',(0.,0.,1.));
#16263 = DIRECTION('',(1.,0.,0.));
#16264 = PCURVE('',#14630,#16265);
#16265 = DEFINITIONAL_REPRESENTATION('',(#16266),#16270);
#16266 = LINE('',#16267,#16268);
#16267 = CARTESIAN_POINT('',(-0.,0.));
#16268 = VECTOR('',#16269,1.);
#16269 = DIRECTION('',(-1.,0.));
#16270 = ( GEOMETRIC_REPRESENTATION_CONTEXT(2) 
PARAMETRIC_REPRESENTATION_CONTEXT() REPRESENTATION_CONTEXT('2D SPACE',''
  ) );
#16271 = PCURVE('',#16272,#16277);
#16272 = PLANE('',#16273);
#16273 = AXIS2_PLACEMENT_3D('',#16274,#16275,#16276);
#16274 = CARTESIAN_POINT('',(-52.,138.,34.2));
#16275 = DIRECTION('',(0.,0.,1.));
#16276 = DIRECTION('',(1.,0.,-0.));
#16277 = DEFINITIONAL_REPRESENTATION('',(#16278),#16282);
#16278 = CIRCLE('',#16279,3.5);
#16279 = AXIS2_PLACEMENT_2D('',#16280,#16281);
#16280 = CARTESIAN_POINT('',(0.,0.));
#16281 = DIRECTION('',(1.,0.));
#16282 = ( GEOMETRIC_REPRESENTATION_CONTEXT(2) 
PARAMETRIC_REPRESENTATION_CONTEXT() REPRESENTATION_CONTEXT('2D SPACE',''
  ) );
#16283 = ORIENTED_EDGE('',*,*,#16284,.T.);
#16284 = EDGE_CURVE('',#16256,#14610,#16285,.T.);
#16285 = SEAM_CURVE('',#16286,(#16290,#16297),.PCURVE_S1.);
#16286 = LINE('',#16287,#16288);
#16287 = CARTESIAN_POINT('',(-48.5,138.,34.2));
#16288 = VECTOR('',#16289,1.);
#16289 = DIRECTION('',(0.,0.,1.));
#16290 = PCURVE('',#14630,#16291);
#16291 = DEFINITIONAL_REPRESENTATION('',(#16292),#16296);
#16292 = LINE('',#16293,#16294);
#16293 = CARTESIAN_POINT('',(-6.28318530718,0.));
#16294 = VECTOR('',#16295,1.);
#16295 = DIRECTION('',(-0.,-1.));
#16296 = ( GEOMETRIC_REPRESENTATION_CONTEXT(2) 
PARAMETRIC_REPRESENTATION_CONTEXT() REPRESENTATION_CONTEXT('2D SPACE',''
  ) );
#16297 = PCURVE('',#14630,#16298);
#16298 = DEFINITIONAL_REPRESENTATION('',(#16299),#16303);
#16299 = LINE('',#16300,#16301);
#16300 = CARTESIAN_POINT('',(-0.,0.));
#16301 = VECTOR('',#16302,1.);
#16302 = DIRECTION('',(-0.,-1.));
#16303 = ( GEOMETRIC_REPRESENTATION_CONTEXT(2) 
PARAMETRIC_REPRESENTATION_CONTEXT() REPRESENTATION_CONTEXT('2D SPACE',''
  ) );
#16304 = ORIENTED_EDGE('',*,*,#14609,.F.);
#16305 = ORIENTED_EDGE('',*,*,#16284,.F.);
#16306 = ADVANCED_FACE('',(#16307),#14665,.T.);
#16307 = FACE_BOUND('',#16308,.F.);
#16308 = EDGE_LOOP('',(#16309,#16333,#16354,#16355));
#16309 = ORIENTED_EDGE('',*,*,#16310,.F.);
#16310 = EDGE_CURVE('',#16311,#16311,#16313,.T.);
#16311 = VERTEX_POINT('',#16312);
#16312 = CARTESIAN_POINT('',(-62.,140.05,34.7));
#16313 = SURFACE_CURVE('',#16314,(#16319,#16326),.PCURVE_S1.);
#16314 = CIRCLE('',#16315,3.2);
#16315 = AXIS2_PLACEMENT_3D('',#16316,#16317,#16318);
#16316 = CARTESIAN_POINT('',(-65.2,140.05,34.7));
#16317 = DIRECTION('',(0.,0.,1.));
#16318 = DIRECTION('',(1.,0.,0.));
#16319 = PCURVE('',#14665,#16320);
#16320 = DEFINITIONAL_REPRESENTATION('',(#16321),#16325);
#16321 = LINE('',#16322,#16323);
#16322 = CARTESIAN_POINT('',(-0.,0.));
#16323 = VECTOR('',#16324,1.);
#16324 = DIRECTION('',(-1.,0.));
#16325 = ( GEOMETRIC_REPRESENTATION_CONTEXT(2) 
PARAMETRIC_REPRESENTATION_CONTEXT() REPRESENTATION_CONTEXT('2D SPACE',''
  ) );
#16326 = PCURVE('',#14950,#16327);
#16327 = DEFINITIONAL_REPRESENTATION('',(#16328),#16332);
#16328 = CIRCLE('',#16329,3.2);
#16329 = AXIS2_PLACEMENT_2D('',#16330,#16331);
#16330 = CARTESIAN_POINT('',(0.,0.));
#16331 = DIRECTION('',(1.,0.));
#16332 = ( GEOMETRIC_REPRESENTATION_CONTEXT(2) 
PARAMETRIC_REPRESENTATION_CONTEXT() REPRESENTATION_CONTEXT('2D SPACE',''
  ) );
#16333 = ORIENTED_EDGE('',*,*,#16334,.T.);
#16334 = EDGE_CURVE('',#16311,#14645,#16335,.T.);
#16335 = SEAM_CURVE('',#16336,(#16340,#16347),.PCURVE_S1.);
#16336 = LINE('',#16337,#16338);
#16337 = CARTESIAN_POINT('',(-62.,140.05,34.7));
#16338 = VECTOR('',#16339,1.);
#16339 = DIRECTION('',(0.,0.,1.));
#16340 = PCURVE('',#14665,#16341);
#16341 = DEFINITIONAL_REPRESENTATION('',(#16342),#16346);
#16342 = LINE('',#16343,#16344);
#16343 = CARTESIAN_POINT('',(-6.28318530718,0.));
#16344 = VECTOR('',#16345,1.);
#16345 = DIRECTION('',(-0.,-1.));
#16346 = ( GEOMETRIC_REPRESENTATION_CONTEXT(2) 
PARAMETRIC_REPRESENTATION_CONTEXT() REPRESENTATION_CONTEXT('2D SPACE',''
  ) );
#16347 = PCURVE('',#14665,#16348);
#16348 = DEFINITIONAL_REPRESENTATION('',(#16349),#16353);
#16349 = LINE('',#16350,#16351);
#16350 = CARTESIAN_POINT('',(-0.,0.));
#16351 = VECTOR('',#16352,1.);
#16352 = DIRECTION('',(-0.,-1.));
#16353 = ( GEOMETRIC_REPRESENTATION_CONTEXT(2) 
PARAMETRIC_REPRESENTATION_CONTEXT() REPRESENTATION_CONTEXT('2D SPACE',''
  ) );
#16354 = ORIENTED_EDGE('',*,*,#14644,.F.);
#16355 = ORIENTED_EDGE('',*,*,#16334,.F.);
#16356 = ADVANCED_FACE('',(#16357),#14720,.T.);
#16357 = FACE_BOUND('',#16358,.F.);
#16358 = EDGE_LOOP('',(#16359,#16382,#16383,#16384));
#16359 = ORIENTED_EDGE('',*,*,#16360,.T.);
#16360 = EDGE_CURVE('',#16361,#14704,#16363,.T.);
#16361 = VERTEX_POINT('',#16362);
#16362 = CARTESIAN_POINT('',(23.2,147.5,22.5));
#16363 = SEAM_CURVE('',#16364,(#16368,#16375),.PCURVE_S1.);
#16364 = LINE('',#16365,#16366);
#16365 = CARTESIAN_POINT('',(23.2,147.5,22.5));
#16366 = VECTOR('',#16367,1.);
#16367 = DIRECTION('',(0.,0.,1.));
#16368 = PCURVE('',#14720,#16369);
#16369 = DEFINITIONAL_REPRESENTATION('',(#16370),#16374);
#16370 = LINE('',#16371,#16372);
#16371 = CARTESIAN_POINT('',(-0.,0.));
#16372 = VECTOR('',#16373,1.);
#16373 = DIRECTION('',(-0.,-1.));
#16374 = ( GEOMETRIC_REPRESENTATION_CONTEXT(2) 
PARAMETRIC_REPRESENTATION_CONTEXT() REPRESENTATION_CONTEXT('2D SPACE',''
  ) );
#16375 = PCURVE('',#14720,#16376);
#16376 = DEFINITIONAL_REPRESENTATION('',(#16377),#16381);
#16377 = LINE('',#16378,#16379);
#16378 = CARTESIAN_POINT('',(-6.28318530718,0.));
#16379 = VECTOR('',#16380,1.);
#16380 = DIRECTION('',(-0.,-1.));
#16381 = ( GEOMETRIC_REPRESENTATION_CONTEXT(2) 
PARAMETRIC_REPRESENTATION_CONTEXT() REPRESENTATION_CONTEXT('2D SPACE',''
  ) );
#16382 = ORIENTED_EDGE('',*,*,#14703,.T.);
#16383 = ORIENTED_EDGE('',*,*,#16360,.F.);
#16384 = ORIENTED_EDGE('',*,*,#16385,.F.);
#16385 = EDGE_CURVE('',#16361,#16361,#16386,.T.);
#16386 = SURFACE_CURVE('',#16387,(#16392,#16399),.PCURVE_S1.);
#16387 = CIRCLE('',#16388,3.2);
#16388 = AXIS2_PLACEMENT_3D('',#16389,#16390,#16391);
#16389 = CARTESIAN_POINT('',(20.,147.5,22.5));
#16390 = DIRECTION('',(0.,0.,1.));
#16391 = DIRECTION('',(1.,0.,0.));
#16392 = PCURVE('',#14720,#16393);
#16393 = DEFINITIONAL_REPRESENTATION('',(#16394),#16398);
#16394 = LINE('',#16395,#16396);
#16395 = CARTESIAN_POINT('',(-0.,0.));
#16396 = VECTOR('',#16397,1.);
#16397 = DIRECTION('',(-1.,0.));
#16398 = ( GEOMETRIC_REPRESENTATION_CONTEXT(2) 
PARAMETRIC_REPRESENTATION_CONTEXT() REPRESENTATION_CONTEXT('2D SPACE',''
  ) );
#16399 = PCURVE('',#16400,#16405);
#16400 = PLANE('',#16401);
#16401 = AXIS2_PLACEMENT_3D('',#16402,#16403,#16404);
#16402 = CARTESIAN_POINT('',(20.,147.5,22.5));
#16403 = DIRECTION('',(0.,0.,1.));
#16404 = DIRECTION('',(1.,0.,-0.));
#16405 = DEFINITIONAL_REPRESENTATION('',(#16406),#16410);
#16406 = CIRCLE('',#16407,3.2);
#16407 = AXIS2_PLACEMENT_2D('',#16408,#16409);
#16408 = CARTESIAN_POINT('',(0.,0.));
#16409 = DIRECTION('',(1.,0.));
#16410 = ( GEOMETRIC_REPRESENTATION_CONTEXT(2) 
PARAMETRIC_REPRESENTATION_CONTEXT() REPRESENTATION_CONTEXT('2D SPACE',''
  ) );
#16411 = ADVANCED_FACE('',(#16412),#14755,.T.);
#16412 = FACE_BOUND('',#16413,.F.);
#16413 = EDGE_LOOP('',(#16414,#16443,#16464,#16465));
#16414 = ORIENTED_EDGE('',*,*,#16415,.F.);
#16415 = EDGE_CURVE('',#16416,#16416,#16418,.T.);
#16416 = VERTEX_POINT('',#16417);
#16417 = CARTESIAN_POINT('',(55.5,138.,34.2));
#16418 = SURFACE_CURVE('',#16419,(#16424,#16431),.PCURVE_S1.);
#16419 = CIRCLE('',#16420,3.5);
#16420 = AXIS2_PLACEMENT_3D('',#16421,#16422,#16423);
#16421 = CARTESIAN_POINT('',(52.,138.,34.2));
#16422 = DIRECTION('',(0.,0.,1.));
#16423 = DIRECTION('',(1.,0.,0.));
#16424 = PCURVE('',#14755,#16425);
#16425 = DEFINITIONAL_REPRESENTATION('',(#16426),#16430);
#16426 = LINE('',#16427,#16428);
#16427 = CARTESIAN_POINT('',(-0.,0.));
#16428 = VECTOR('',#16429,1.);
#16429 = DIRECTION('',(-1.,0.));
#16430 = ( GEOMETRIC_REPRESENTATION_CONTEXT(2) 
PARAMETRIC_REPRESENTATION_CONTEXT() REPRESENTATION_CONTEXT('2D SPACE',''
  ) );
#16431 = PCURVE('',#16432,#16437);
#16432 = PLANE('',#16433);
#16433 = AXIS2_PLACEMENT_3D('',#16434,#16435,#16436);
#16434 = CARTESIAN_POINT('',(52.,138.,34.2));
#16435 = DIRECTION('',(0.,0.,1.));
#16436 = DIRECTION('',(1.,0.,-0.));
#16437 = DEFINITIONAL_REPRESENTATION('',(#16438),#16442);
#16438 = CIRCLE('',#16439,3.5);
#16439 = AXIS2_PLACEMENT_2D('',#16440,#16441);
#16440 = CARTESIAN_POINT('',(0.,0.));
#16441 = DIRECTION('',(1.,0.));
#16442 = ( GEOMETRIC_REPRESENTATION_CONTEXT(2) 
PARAMETRIC_REPRESENTATION_CONTEXT() REPRESENTATION_CONTEXT('2D SPACE',''
  ) );
#16443 = ORIENTED_EDGE('',*,*,#16444,.T.);
#16444 = EDGE_CURVE('',#16416,#14735,#16445,.T.);
#16445 = SEAM_CURVE('',#16446,(#16450,#16457),.PCURVE_S1.);
#16446 = LINE('',#16447,#16448);
#16447 = CARTESIAN_POINT('',(55.5,138.,34.2));
#16448 = VECTOR('',#16449,1.);
#16449 = DIRECTION('',(0.,0.,1.));
#16450 = PCURVE('',#14755,#16451);
#16451 = DEFINITIONAL_REPRESENTATION('',(#16452),#16456);
#16452 = LINE('',#16453,#16454);
#16453 = CARTESIAN_POINT('',(-6.28318530718,0.));
#16454 = VECTOR('',#16455,1.);
#16455 = DIRECTION('',(-0.,-1.));
#16456 = ( GEOMETRIC_REPRESENTATION_CONTEXT(2) 
PARAMETRIC_REPRESENTATION_CONTEXT() REPRESENTATION_CONTEXT('2D SPACE',''
  ) );
#16457 = PCURVE('',#14755,#16458);
#16458 = DEFINITIONAL_REPRESENTATION('',(#16459),#16463);
#16459 = LINE('',#16460,#16461);
#16460 = CARTESIAN_POINT('',(-0.,0.));
#16461 = VECTOR('',#16462,1.);
#16462 = DIRECTION('',(-0.,-1.));
#16463 = ( GEOMETRIC_REPRESENTATION_CONTEXT(2) 
PARAMETRIC_REPRESENTATION_CONTEXT() REPRESENTATION_CONTEXT('2D SPACE',''
  ) );
#16464 = ORIENTED_EDGE('',*,*,#14734,.F.);
#16465 = ORIENTED_EDGE('',*,*,#16444,.F.);
#16466 = ADVANCED_FACE('',(#16467),#14790,.T.);
#16467 = FACE_BOUND('',#16468,.F.);
#16468 = EDGE_LOOP('',(#16469,#16493,#16514,#16515));
#16469 = ORIENTED_EDGE('',*,*,#16470,.F.);
#16470 = EDGE_CURVE('',#16471,#16471,#16473,.T.);
#16471 = VERTEX_POINT('',#16472);
#16472 = CARTESIAN_POINT('',(68.4,140.05,34.7));
#16473 = SURFACE_CURVE('',#16474,(#16479,#16486),.PCURVE_S1.);
#16474 = CIRCLE('',#16475,3.2);
#16475 = AXIS2_PLACEMENT_3D('',#16476,#16477,#16478);
#16476 = CARTESIAN_POINT('',(65.2,140.05,34.7));
#16477 = DIRECTION('',(0.,0.,1.));
#16478 = DIRECTION('',(1.,0.,0.));
#16479 = PCURVE('',#14790,#16480);
#16480 = DEFINITIONAL_REPRESENTATION('',(#16481),#16485);
#16481 = LINE('',#16482,#16483);
#16482 = CARTESIAN_POINT('',(-0.,0.));
#16483 = VECTOR('',#16484,1.);
#16484 = DIRECTION('',(-1.,0.));
#16485 = ( GEOMETRIC_REPRESENTATION_CONTEXT(2) 
PARAMETRIC_REPRESENTATION_CONTEXT() REPRESENTATION_CONTEXT('2D SPACE',''
  ) );
#16486 = PCURVE('',#15238,#16487);
#16487 = DEFINITIONAL_REPRESENTATION('',(#16488),#16492);
#16488 = CIRCLE('',#16489,3.2);
#16489 = AXIS2_PLACEMENT_2D('',#16490,#16491);
#16490 = CARTESIAN_POINT('',(0.,0.));
#16491 = DIRECTION('',(1.,0.));
#16492 = ( GEOMETRIC_REPRESENTATION_CONTEXT(2) 
PARAMETRIC_REPRESENTATION_CONTEXT() REPRESENTATION_CONTEXT('2D SPACE',''
  ) );
#16493 = ORIENTED_EDGE('',*,*,#16494,.T.);
#16494 = EDGE_CURVE('',#16471,#14770,#16495,.T.);
#16495 = SEAM_CURVE('',#16496,(#16500,#16507),.PCURVE_S1.);
#16496 = LINE('',#16497,#16498);
#16497 = CARTESIAN_POINT('',(68.4,140.05,34.7));
#16498 = VECTOR('',#16499,1.);
#16499 = DIRECTION('',(0.,0.,1.));
#16500 = PCURVE('',#14790,#16501);
#16501 = DEFINITIONAL_REPRESENTATION('',(#16502),#16506);
#16502 = LINE('',#16503,#16504);
#16503 = CARTESIAN_POINT('',(-6.28318530718,0.));
#16504 = VECTOR('',#16505,1.);
#16505 = DIRECTION('',(-0.,-1.));
#16506 = ( GEOMETRIC_REPRESENTATION_CONTEXT(2) 
PARAMETRIC_REPRESENTATION_CONTEXT() REPRESENTATION_CONTEXT('2D SPACE',''
  ) );
#16507 = PCURVE('',#14790,#16508);
#16508 = DEFINITIONAL_REPRESENTATION('',(#16509),#16513);
#16509 = LINE('',#16510,#16511);
#16510 = CARTESIAN_POINT('',(-0.,0.));
#16511 = VECTOR('',#16512,1.);
#16512 = DIRECTION('',(-0.,-1.));
#16513 = ( GEOMETRIC_REPRESENTATION_CONTEXT(2) 
PARAMETRIC_REPRESENTATION_CONTEXT() REPRESENTATION_CONTEXT('2D SPACE',''
  ) );
#16514 = ORIENTED_EDGE('',*,*,#14769,.F.);
#16515 = ORIENTED_EDGE('',*,*,#16494,.F.);
#16516 = ADVANCED_FACE('',(#16517),#14821,.T.);
#16517 = FACE_BOUND('',#16518,.F.);
#16518 = EDGE_LOOP('',(#16519,#16542,#16543,#16544));
#16519 = ORIENTED_EDGE('',*,*,#16520,.T.);
#16520 = EDGE_CURVE('',#16521,#14805,#16523,.T.);
#16521 = VERTEX_POINT('',#16522);
#16522 = CARTESIAN_POINT('',(75.2,147.5,22.5));
#16523 = SEAM_CURVE('',#16524,(#16528,#16535),.PCURVE_S1.);
#16524 = LINE('',#16525,#16526);
#16525 = CARTESIAN_POINT('',(75.2,147.5,22.5));
#16526 = VECTOR('',#16527,1.);
#16527 = DIRECTION('',(0.,0.,1.));
#16528 = PCURVE('',#14821,#16529);
#16529 = DEFINITIONAL_REPRESENTATION('',(#16530),#16534);
#16530 = LINE('',#16531,#16532);
#16531 = CARTESIAN_POINT('',(-0.,0.));
#16532 = VECTOR('',#16533,1.);
#16533 = DIRECTION('',(-0.,-1.));
#16534 = ( GEOMETRIC_REPRESENTATION_CONTEXT(2) 
PARAMETRIC_REPRESENTATION_CONTEXT() REPRESENTATION_CONTEXT('2D SPACE',''
  ) );
#16535 = PCURVE('',#14821,#16536);
#16536 = DEFINITIONAL_REPRESENTATION('',(#16537),#16541);
#16537 = LINE('',#16538,#16539);
#16538 = CARTESIAN_POINT('',(-6.28318530718,0.));
#16539 = VECTOR('',#16540,1.);
#16540 = DIRECTION('',(-0.,-1.));
#16541 = ( GEOMETRIC_REPRESENTATION_CONTEXT(2) 
PARAMETRIC_REPRESENTATION_CONTEXT() REPRESENTATION_CONTEXT('2D SPACE',''
  ) );
#16542 = ORIENTED_EDGE('',*,*,#14804,.T.);
#16543 = ORIENTED_EDGE('',*,*,#16520,.F.);
#16544 = ORIENTED_EDGE('',*,*,#16545,.F.);
#16545 = EDGE_CURVE('',#16521,#16521,#16546,.T.);
#16546 = SURFACE_CURVE('',#16547,(#16552,#16559),.PCURVE_S1.);
#16547 = CIRCLE('',#16548,3.2);
#16548 = AXIS2_PLACEMENT_3D('',#16549,#16550,#16551);
#16549 = CARTESIAN_POINT('',(72.,147.5,22.5));
#16550 = DIRECTION('',(0.,0.,1.));
#16551 = DIRECTION('',(1.,0.,0.));
#16552 = PCURVE('',#14821,#16553);
#16553 = DEFINITIONAL_REPRESENTATION('',(#16554),#16558);
#16554 = LINE('',#16555,#16556);
#16555 = CARTESIAN_POINT('',(-0.,0.));
#16556 = VECTOR('',#16557,1.);
#16557 = DIRECTION('',(-1.,0.));
#16558 = ( GEOMETRIC_REPRESENTATION_CONTEXT(2) 
PARAMETRIC_REPRESENTATION_CONTEXT() REPRESENTATION_CONTEXT('2D SPACE',''
  ) );
#16559 = PCURVE('',#16560,#16565);
#16560 = PLANE('',#16561);
#16561 = AXIS2_PLACEMENT_3D('',#16562,#16563,#16564);
#16562 = CARTESIAN_POINT('',(72.,147.5,22.5));
#16563 = DIRECTION('',(0.,0.,1.));
#16564 = DIRECTION('',(1.,0.,-0.));
#16565 = DEFINITIONAL_REPRESENTATION('',(#16566),#16570);
#16566 = CIRCLE('',#16567,3.2);
#16567 = AXIS2_PLACEMENT_2D('',#16568,#16569);
#16568 = CARTESIAN_POINT('',(0.,0.));
#16569 = DIRECTION('',(1.,0.));
#16570 = ( GEOMETRIC_REPRESENTATION_CONTEXT(2) 
PARAMETRIC_REPRESENTATION_CONTEXT() REPRESENTATION_CONTEXT('2D SPACE',''
  ) );
#16571 = ADVANCED_FACE('',(#16572,#16575),#14950,.F.);
#16572 = FACE_BOUND('',#16573,.F.);
#16573 = EDGE_LOOP('',(#16574));
#16574 = ORIENTED_EDGE('',*,*,#16310,.T.);
#16575 = FACE_BOUND('',#16576,.F.);
#16576 = EDGE_LOOP('',(#16577));
#16577 = ORIENTED_EDGE('',*,*,#14933,.F.);
#16578 = ADVANCED_FACE('',(#16579,#16582),#15238,.F.);
#16579 = FACE_BOUND('',#16580,.F.);
#16580 = EDGE_LOOP('',(#16581));
#16581 = ORIENTED_EDGE('',*,*,#16470,.T.);
#16582 = FACE_BOUND('',#16583,.F.);
#16583 = EDGE_LOOP('',(#16584));
#16584 = ORIENTED_EDGE('',*,*,#15221,.F.);
#16585 = ADVANCED_FACE('',(#16586),#16272,.F.);
#16586 = FACE_BOUND('',#16587,.F.);
#16587 = EDGE_LOOP('',(#16588));
#16588 = ORIENTED_EDGE('',*,*,#16255,.T.);
#16589 = ADVANCED_FACE('',(#16590,#16593),#16400,.F.);
#16590 = FACE_BOUND('',#16591,.F.);
#16591 = EDGE_LOOP('',(#16592));
#16592 = ORIENTED_EDGE('',*,*,#16385,.T.);
#16593 = FACE_BOUND('',#16594,.F.);
#16594 = EDGE_LOOP('',(#16595));
#16595 = ORIENTED_EDGE('',*,*,#16596,.T.);
#16596 = EDGE_CURVE('',#16597,#16597,#16599,.T.);
#16597 = VERTEX_POINT('',#16598);
#16598 = CARTESIAN_POINT('',(21.7,147.5,22.5));
#16599 = SURFACE_CURVE('',#16600,(#16605,#16616),.PCURVE_S1.);
#16600 = CIRCLE('',#16601,1.7);
#16601 = AXIS2_PLACEMENT_3D('',#16602,#16603,#16604);
#16602 = CARTESIAN_POINT('',(20.,147.5,22.5));
#16603 = DIRECTION('',(0.,0.,-1.));
#16604 = DIRECTION('',(1.,0.,0.));
#16605 = PCURVE('',#16400,#16606);
#16606 = DEFINITIONAL_REPRESENTATION('',(#16607),#16615);
#16607 = ( BOUNDED_CURVE() B_SPLINE_CURVE(2,(#16608,#16609,#16610,#16611
    ,#16612,#16613,#16614),.UNSPECIFIED.,.T.,.F.) 
B_SPLINE_CURVE_WITH_KNOTS((1,2,2,2,2,1),(-2.094395102393,0.,
    2.094395102393,4.188790204786,6.28318530718,8.377580409573),
.UNSPECIFIED.) CURVE() GEOMETRIC_REPRESENTATION_ITEM() 
RATIONAL_B_SPLINE_CURVE((1.,0.5,1.,0.5,1.,0.5,1.)) REPRESENTATION_ITEM(
  '') );
#16608 = CARTESIAN_POINT('',(1.7,0.));
#16609 = CARTESIAN_POINT('',(1.7,-2.944486372867));
#16610 = CARTESIAN_POINT('',(-0.85,-1.472243186434));
#16611 = CARTESIAN_POINT('',(-3.4,-4.163799117101E-16));
#16612 = CARTESIAN_POINT('',(-0.85,1.472243186434));
#16613 = CARTESIAN_POINT('',(1.7,2.944486372867));
#16614 = CARTESIAN_POINT('',(1.7,0.));
#16615 = ( GEOMETRIC_REPRESENTATION_CONTEXT(2) 
PARAMETRIC_REPRESENTATION_CONTEXT() REPRESENTATION_CONTEXT('2D SPACE',''
  ) );
#16616 = PCURVE('',#16617,#16622);
#16617 = CYLINDRICAL_SURFACE('',#16618,1.7);
#16618 = AXIS2_PLACEMENT_3D('',#16619,#16620,#16621);
#16619 = CARTESIAN_POINT('',(20.,147.5,21.5));
#16620 = DIRECTION('',(-0.,-0.,-1.));
#16621 = DIRECTION('',(1.,0.,0.));
#16622 = DEFINITIONAL_REPRESENTATION('',(#16623),#16627);
#16623 = LINE('',#16624,#16625);
#16624 = CARTESIAN_POINT('',(-6.28318530718,-1.));
#16625 = VECTOR('',#16626,1.);
#16626 = DIRECTION('',(1.,-0.));
#16627 = ( GEOMETRIC_REPRESENTATION_CONTEXT(2) 
PARAMETRIC_REPRESENTATION_CONTEXT() REPRESENTATION_CONTEXT('2D SPACE',''
  ) );
#16628 = ADVANCED_FACE('',(#16629),#16432,.F.);
#16629 = FACE_BOUND('',#16630,.F.);
#16630 = EDGE_LOOP('',(#16631));
#16631 = ORIENTED_EDGE('',*,*,#16415,.T.);
#16632 = ADVANCED_FACE('',(#16633,#16636),#16560,.F.);
#16633 = FACE_BOUND('',#16634,.F.);
#16634 = EDGE_LOOP('',(#16635));
#16635 = ORIENTED_EDGE('',*,*,#16545,.T.);
#16636 = FACE_BOUND('',#16637,.F.);
#16637 = EDGE_LOOP('',(#16638));
#16638 = ORIENTED_EDGE('',*,*,#16639,.T.);
#16639 = EDGE_CURVE('',#16640,#16640,#16642,.T.);
#16640 = VERTEX_POINT('',#16641);
#16641 = CARTESIAN_POINT('',(73.7,147.5,22.5));
#16642 = SURFACE_CURVE('',#16643,(#16648,#16659),.PCURVE_S1.);
#16643 = CIRCLE('',#16644,1.7);
#16644 = AXIS2_PLACEMENT_3D('',#16645,#16646,#16647);
#16645 = CARTESIAN_POINT('',(72.,147.5,22.5));
#16646 = DIRECTION('',(0.,0.,-1.));
#16647 = DIRECTION('',(1.,0.,0.));
#16648 = PCURVE('',#16560,#16649);
#16649 = DEFINITIONAL_REPRESENTATION('',(#16650),#16658);
#16650 = ( BOUNDED_CURVE() B_SPLINE_CURVE(2,(#16651,#16652,#16653,#16654
    ,#16655,#16656,#16657),.UNSPECIFIED.,.T.,.F.) 
B_SPLINE_CURVE_WITH_KNOTS((1,2,2,2,2,1),(-2.094395102393,0.,
    2.094395102393,4.188790204786,6.28318530718,8.377580409573),
.UNSPECIFIED.) CURVE() GEOMETRIC_REPRESENTATION_ITEM() 
RATIONAL_B_SPLINE_CURVE((1.,0.5,1.,0.5,1.,0.5,1.)) REPRESENTATION_ITEM(
  '') );
#16651 = CARTESIAN_POINT('',(1.7,0.));
#16652 = CARTESIAN_POINT('',(1.7,-2.944486372867));
#16653 = CARTESIAN_POINT('',(-0.85,-1.472243186434));
#16654 = CARTESIAN_POINT('',(-3.4,-4.163799117101E-16));
#16655 = CARTESIAN_POINT('',(-0.85,1.472243186434));
#16656 = CARTESIAN_POINT('',(1.7,2.944486372867));
#16657 = CARTESIAN_POINT('',(1.7,0.));
#16658 = ( GEOMETRIC_REPRESENTATION_CONTEXT(2) 
PARAMETRIC_REPRESENTATION_CONTEXT() REPRESENTATION_CONTEXT('2D SPACE',''
  ) );
#16659 = PCURVE('',#16660,#16665);
#16660 = CYLINDRICAL_SURFACE('',#16661,1.7);
#16661 = AXIS2_PLACEMENT_3D('',#16662,#16663,#16664);
#16662 = CARTESIAN_POINT('',(72.,147.5,21.5));
#16663 = DIRECTION('',(-0.,-0.,-1.));
#16664 = DIRECTION('',(1.,0.,0.));
#16665 = DEFINITIONAL_REPRESENTATION('',(#16666),#16670);
#16666 = LINE('',#16667,#16668);
#16667 = CARTESIAN_POINT('',(-6.28318530718,-1.));
#16668 = VECTOR('',#16669,1.);
#16669 = DIRECTION('',(1.,-0.));
#16670 = ( GEOMETRIC_REPRESENTATION_CONTEXT(2) 
PARAMETRIC_REPRESENTATION_CONTEXT() REPRESENTATION_CONTEXT('2D SPACE',''
  ) );
#16671 = ADVANCED_FACE('',(#16672),#16617,.F.);
#16672 = FACE_BOUND('',#16673,.T.);
#16673 = EDGE_LOOP('',(#16674,#16675,#16698,#16725));
#16674 = ORIENTED_EDGE('',*,*,#16596,.T.);
#16675 = ORIENTED_EDGE('',*,*,#16676,.T.);
#16676 = EDGE_CURVE('',#16597,#16677,#16679,.T.);
#16677 = VERTEX_POINT('',#16678);
#16678 = CARTESIAN_POINT('',(21.7,147.5,27.));
#16679 = SEAM_CURVE('',#16680,(#16684,#16691),.PCURVE_S1.);
#16680 = LINE('',#16681,#16682);
#16681 = CARTESIAN_POINT('',(21.7,147.5,21.5));
#16682 = VECTOR('',#16683,1.);
#16683 = DIRECTION('',(0.,0.,1.));
#16684 = PCURVE('',#16617,#16685);
#16685 = DEFINITIONAL_REPRESENTATION('',(#16686),#16690);
#16686 = LINE('',#16687,#16688);
#16687 = CARTESIAN_POINT('',(-6.28318530718,0.));
#16688 = VECTOR('',#16689,1.);
#16689 = DIRECTION('',(-0.,-1.));
#16690 = ( GEOMETRIC_REPRESENTATION_CONTEXT(2) 
PARAMETRIC_REPRESENTATION_CONTEXT() REPRESENTATION_CONTEXT('2D SPACE',''
  ) );
#16691 = PCURVE('',#16617,#16692);
#16692 = DEFINITIONAL_REPRESENTATION('',(#16693),#16697);
#16693 = LINE('',#16694,#16695);
#16694 = CARTESIAN_POINT('',(-0.,0.));
#16695 = VECTOR('',#16696,1.);
#16696 = DIRECTION('',(-0.,-1.));
#16697 = ( GEOMETRIC_REPRESENTATION_CONTEXT(2) 
PARAMETRIC_REPRESENTATION_CONTEXT() REPRESENTATION_CONTEXT('2D SPACE',''
  ) );
#16698 = ORIENTED_EDGE('',*,*,#16699,.T.);
#16699 = EDGE_CURVE('',#16677,#16677,#16700,.T.);
#16700 = SURFACE_CURVE('',#16701,(#16706,#16713),.PCURVE_S1.);
#16701 = CIRCLE('',#16702,1.7);
#16702 = AXIS2_PLACEMENT_3D('',#16703,#16704,#16705);
#16703 = CARTESIAN_POINT('',(20.,147.5,27.));
#16704 = DIRECTION('',(0.,0.,1.));
#16705 = DIRECTION('',(1.,0.,0.));
#16706 = PCURVE('',#16617,#16707);
#16707 = DEFINITIONAL_REPRESENTATION('',(#16708),#16712);
#16708 = LINE('',#16709,#16710);
#16709 = CARTESIAN_POINT('',(-0.,-5.5));
#16710 = VECTOR('',#16711,1.);
#16711 = DIRECTION('',(-1.,0.));
#16712 = ( GEOMETRIC_REPRESENTATION_CONTEXT(2) 
PARAMETRIC_REPRESENTATION_CONTEXT() REPRESENTATION_CONTEXT('2D SPACE',''
  ) );
#16713 = PCURVE('',#16714,#16719);
#16714 = PLANE('',#16715);
#16715 = AXIS2_PLACEMENT_3D('',#16716,#16717,#16718);
#16716 = CARTESIAN_POINT('',(20.,147.5,27.));
#16717 = DIRECTION('',(0.,0.,1.));
#16718 = DIRECTION('',(1.,0.,-0.));
#16719 = DEFINITIONAL_REPRESENTATION('',(#16720),#16724);
#16720 = CIRCLE('',#16721,1.7);
#16721 = AXIS2_PLACEMENT_2D('',#16722,#16723);
#16722 = CARTESIAN_POINT('',(0.,0.));
#16723 = DIRECTION('',(1.,0.));
#16724 = ( GEOMETRIC_REPRESENTATION_CONTEXT(2) 
PARAMETRIC_REPRESENTATION_CONTEXT() REPRESENTATION_CONTEXT('2D SPACE',''
  ) );
#16725 = ORIENTED_EDGE('',*,*,#16676,.F.);
#16726 = ADVANCED_FACE('',(#16727),#16660,.F.);
#16727 = FACE_BOUND('',#16728,.T.);
#16728 = EDGE_LOOP('',(#16729,#16730,#16753,#16780));
#16729 = ORIENTED_EDGE('',*,*,#16639,.T.);
#16730 = ORIENTED_EDGE('',*,*,#16731,.T.);
#16731 = EDGE_CURVE('',#16640,#16732,#16734,.T.);
#16732 = VERTEX_POINT('',#16733);
#16733 = CARTESIAN_POINT('',(73.7,147.5,27.));
#16734 = SEAM_CURVE('',#16735,(#16739,#16746),.PCURVE_S1.);
#16735 = LINE('',#16736,#16737);
#16736 = CARTESIAN_POINT('',(73.7,147.5,21.5));
#16737 = VECTOR('',#16738,1.);
#16738 = DIRECTION('',(0.,0.,1.));
#16739 = PCURVE('',#16660,#16740);
#16740 = DEFINITIONAL_REPRESENTATION('',(#16741),#16745);
#16741 = LINE('',#16742,#16743);
#16742 = CARTESIAN_POINT('',(-6.28318530718,0.));
#16743 = VECTOR('',#16744,1.);
#16744 = DIRECTION('',(-0.,-1.));
#16745 = ( GEOMETRIC_REPRESENTATION_CONTEXT(2) 
PARAMETRIC_REPRESENTATION_CONTEXT() REPRESENTATION_CONTEXT('2D SPACE',''
  ) );
#16746 = PCURVE('',#16660,#16747);
#16747 = DEFINITIONAL_REPRESENTATION('',(#16748),#16752);
#16748 = LINE('',#16749,#16750);
#16749 = CARTESIAN_POINT('',(-0.,0.));
#16750 = VECTOR('',#16751,1.);
#16751 = DIRECTION('',(-0.,-1.));
#16752 = ( GEOMETRIC_REPRESENTATION_CONTEXT(2) 
PARAMETRIC_REPRESENTATION_CONTEXT() REPRESENTATION_CONTEXT('2D SPACE',''
  ) );
#16753 = ORIENTED_EDGE('',*,*,#16754,.T.);
#16754 = EDGE_CURVE('',#16732,#16732,#16755,.T.);
#16755 = SURFACE_CURVE('',#16756,(#16761,#16768),.PCURVE_S1.);
#16756 = CIRCLE('',#16757,1.7);
#16757 = AXIS2_PLACEMENT_3D('',#16758,#16759,#16760);
#16758 = CARTESIAN_POINT('',(72.,147.5,27.));
#16759 = DIRECTION('',(0.,0.,1.));
#16760 = DIRECTION('',(1.,0.,0.));
#16761 = PCURVE('',#16660,#16762);
#16762 = DEFINITIONAL_REPRESENTATION('',(#16763),#16767);
#16763 = LINE('',#16764,#16765);
#16764 = CARTESIAN_POINT('',(-0.,-5.5));
#16765 = VECTOR('',#16766,1.);
#16766 = DIRECTION('',(-1.,0.));
#16767 = ( GEOMETRIC_REPRESENTATION_CONTEXT(2) 
PARAMETRIC_REPRESENTATION_CONTEXT() REPRESENTATION_CONTEXT('2D SPACE',''
  ) );
#16768 = PCURVE('',#16769,#16774);
#16769 = PLANE('',#16770);
#16770 = AXIS2_PLACEMENT_3D('',#16771,#16772,#16773);
#16771 = CARTESIAN_POINT('',(72.,147.5,27.));
#16772 = DIRECTION('',(0.,0.,1.));
#16773 = DIRECTION('',(1.,0.,-0.));
#16774 = DEFINITIONAL_REPRESENTATION('',(#16775),#16779);
#16775 = CIRCLE('',#16776,1.7);
#16776 = AXIS2_PLACEMENT_2D('',#16777,#16778);
#16777 = CARTESIAN_POINT('',(0.,0.));
#16778 = DIRECTION('',(1.,0.));
#16779 = ( GEOMETRIC_REPRESENTATION_CONTEXT(2) 
PARAMETRIC_REPRESENTATION_CONTEXT() REPRESENTATION_CONTEXT('2D SPACE',''
  ) );
#16780 = ORIENTED_EDGE('',*,*,#16731,.F.);
#16781 = ADVANCED_FACE('',(#16782),#16714,.F.);
#16782 = FACE_BOUND('',#16783,.F.);
#16783 = EDGE_LOOP('',(#16784));
#16784 = ORIENTED_EDGE('',*,*,#16699,.T.);
#16785 = ADVANCED_FACE('',(#16786),#16769,.F.);
#16786 = FACE_BOUND('',#16787,.F.);
#16787 = EDGE_LOOP('',(#16788));
#16788 = ORIENTED_EDGE('',*,*,#16754,.T.);
#16789 = ( GEOMETRIC_REPRESENTATION_CONTEXT(3) 
GLOBAL_UNCERTAINTY_ASSIGNED_CONTEXT((#16793)) 
GLOBAL_UNIT_ASSIGNED_CONTEXT((#16790,#16791,#16792)) 
REPRESENTATION_CONTEXT('Context #1',
  '3D Context with UNIT and UNCERTAINTY') );
#16790 = ( LENGTH_UNIT() NAMED_UNIT(*) SI_UNIT(.MILLI.,.METRE.) );
#16791 = ( NAMED_UNIT(*) PLANE_ANGLE_UNIT() SI_UNIT($,.RADIAN.) );
#16792 = ( NAMED_UNIT(*) SI_UNIT($,.STERADIAN.) SOLID_ANGLE_UNIT() );
#16793 = UNCERTAINTY_MEASURE_WITH_UNIT(LENGTH_MEASURE(1.E-07),#16790,
  'distance_accuracy_value','confusion accuracy');
#16794 = PRODUCT_RELATED_PRODUCT_CATEGORY('part',$,(#7));
ENDSEC;
END-ISO-10303-21;
