ISO-10303-21;
HEADER;
FILE_DESCRIPTION(('Open CASCADE Model'),'2;1');
FILE_NAME('Open CASCADE Shape Model','2026-10-05T18:04:46',('Author'),(
    'Open CASCADE'),'Open CASCADE STEP processor 7.9','Open CASCADE 7.9'
  ,'Unknown');
FILE_SCHEMA(('AUTOMOTIVE_DESIGN { 1 0 10303 214 1 1 1 1 }'));
ENDSEC;
DATA;
#1 = APPLICATION_PROTOCOL_DEFINITION('international standard',
  'automotive_design',2000,#2);
#2 = APPLICATION_CONTEXT(
  'core data for automotive mechanical design processes');
#3 = SHAPE_DEFINITION_REPRESENTATION(#4,#10);
#4 = PRODUCT_DEFINITION_SHAPE('','',#5);
#5 = PRODUCT_DEFINITION('design','',#6,#9);
#6 = PRODUCT_DEFINITION_FORMATION('','',#7);
#7 = PRODUCT('Open CASCADE STEP translator 7.9 8',
  'Open CASCADE STEP translator 7.9 8','',(#8));
#8 = PRODUCT_CONTEXT('',#2,'mechanical');
#9 = PRODUCT_DEFINITION_CONTEXT('part definition',#2,'design');
#10 = ADVANCED_BREP_SHAPE_REPRESENTATION('',(#11,#15),#7561);
#11 = AXIS2_PLACEMENT_3D('',#12,#13,#14);
#12 = CARTESIAN_POINT('',(0.,0.,0.));
#13 = DIRECTION('',(0.,0.,1.));
#14 = DIRECTION('',(1.,0.,-0.));
#15 = MANIFOLD_SOLID_BREP('',#16);
#16 = CLOSED_SHELL('',(#17,#134,#585,#686,#1235,#1262,#1402,#1454,#1574,
    #1622,#1727,#1893,#1988,#2036,#2176,#2228,#2348,#2414,#2441,#2468,
    #2475,#2522,#4082,#4125,#4150,#4177,#4204,#4211,#4218,#4272,#4319,
    #4351,#4408,#4457,#4484,#4539,#4594,#4619,#4626,#4653,#4698,#4723,
    #4768,#4793,#4800,#4807,#4832,#4839,#4866,#4942,#4991,#5038,#5087,
    #5136,#5163,#5239,#5288,#5337,#5364,#5440,#5489,#5538,#5565,#5641,
    #5690,#5739,#5788,#5835,#5862,#5938,#5987,#6036,#6063,#6137,#6186,
    #6235,#6284,#6333,#6360,#6415,#6443,#6498,#6553,#6629,#6678,#6727,
    #6754,#6830,#6879,#6928,#6975,#7024,#7051,#7084,#7090,#7096,#7100,
    #7104,#7113,#7120,#7127,#7136,#7143,#7152,#7192,#7231,#7270,#7277,
    #7286,#7325,#7380,#7435,#7490,#7545,#7549,#7553,#7557));
#17 = ADVANCED_FACE('',(#18),#32,.F.);
#18 = FACE_BOUND('',#19,.F.);
#19 = EDGE_LOOP('',(#20,#55,#83,#110));
#20 = ORIENTED_EDGE('',*,*,#21,.F.);
#21 = EDGE_CURVE('',#22,#24,#26,.T.);
#22 = VERTEX_POINT('',#23);
#23 = CARTESIAN_POINT('',(-93.,3.,56.8));
#24 = VERTEX_POINT('',#25);
#25 = CARTESIAN_POINT('',(-93.,154.8,56.8));
#26 = SURFACE_CURVE('',#27,(#31,#43),.PCURVE_S1.);
#27 = LINE('',#28,#29);
#28 = CARTESIAN_POINT('',(-93.,0.,56.8));
#29 = VECTOR('',#30,1.);
#30 = DIRECTION('',(0.,1.,0.));
#31 = PCURVE('',#32,#37);
#32 = PLANE('',#33);
#33 = AXIS2_PLACEMENT_3D('',#34,#35,#36);
#34 = CARTESIAN_POINT('',(-93.,0.,38.2));
#35 = DIRECTION('',(1.,0.,0.));
#36 = DIRECTION('',(0.,0.,1.));
#37 = DEFINITIONAL_REPRESENTATION('',(#38),#42);
#38 = LINE('',#39,#40);
#39 = CARTESIAN_POINT('',(18.6,0.));
#40 = VECTOR('',#41,1.);
#41 = DIRECTION('',(0.,-1.));
#42 = ( GEOMETRIC_REPRESENTATION_CONTEXT(2) 
PARAMETRIC_REPRESENTATION_CONTEXT() REPRESENTATION_CONTEXT('2D SPACE',''
  ) );
#43 = PCURVE('',#44,#49);
#44 = PLANE('',#45);
#45 = AXIS2_PLACEMENT_3D('',#46,#47,#48);
#46 = CARTESIAN_POINT('',(-93.,0.,56.8));
#47 = DIRECTION('',(0.,0.,1.));
#48 = DIRECTION('',(1.,0.,0.));
#49 = DEFINITIONAL_REPRESENTATION('',(#50),#54);
#50 = LINE('',#51,#52);
#51 = CARTESIAN_POINT('',(0.,0.));
#52 = VECTOR('',#53,1.);
#53 = DIRECTION('',(0.,1.));
#54 = ( GEOMETRIC_REPRESENTATION_CONTEXT(2) 
PARAMETRIC_REPRESENTATION_CONTEXT() REPRESENTATION_CONTEXT('2D SPACE',''
  ) );
#55 = ORIENTED_EDGE('',*,*,#56,.F.);
#56 = EDGE_CURVE('',#57,#22,#59,.T.);
#57 = VERTEX_POINT('',#58);
#58 = CARTESIAN_POINT('',(-93.,3.,40.2));
#59 = SURFACE_CURVE('',#60,(#64,#71),.PCURVE_S1.);
#60 = LINE('',#61,#62);
#61 = CARTESIAN_POINT('',(-93.,3.,38.2));
#62 = VECTOR('',#63,1.);
#63 = DIRECTION('',(0.,0.,1.));
#64 = PCURVE('',#32,#65);
#65 = DEFINITIONAL_REPRESENTATION('',(#66),#70);
#66 = LINE('',#67,#68);
#67 = CARTESIAN_POINT('',(0.,-3.));
#68 = VECTOR('',#69,1.);
#69 = DIRECTION('',(1.,0.));
#70 = ( GEOMETRIC_REPRESENTATION_CONTEXT(2) 
PARAMETRIC_REPRESENTATION_CONTEXT() REPRESENTATION_CONTEXT('2D SPACE',''
  ) );
#71 = PCURVE('',#72,#77);
#72 = CYLINDRICAL_SURFACE('',#73,3.);
#73 = AXIS2_PLACEMENT_3D('',#74,#75,#76);
#74 = CARTESIAN_POINT('',(-90.,3.,38.2));
#75 = DIRECTION('',(0.,0.,1.));
#76 = DIRECTION('',(-1.,-0.,0.));
#77 = DEFINITIONAL_REPRESENTATION('',(#78),#82);
#78 = LINE('',#79,#80);
#79 = CARTESIAN_POINT('',(0.,0.));
#80 = VECTOR('',#81,1.);
#81 = DIRECTION('',(0.,1.));
#82 = ( GEOMETRIC_REPRESENTATION_CONTEXT(2) 
PARAMETRIC_REPRESENTATION_CONTEXT() REPRESENTATION_CONTEXT('2D SPACE',''
  ) );
#83 = ORIENTED_EDGE('',*,*,#84,.F.);
#84 = EDGE_CURVE('',#85,#57,#87,.T.);
#85 = VERTEX_POINT('',#86);
#86 = CARTESIAN_POINT('',(-93.,154.8,40.2));
#87 = SURFACE_CURVE('',#88,(#92,#98),.PCURVE_S1.);
#88 = LINE('',#89,#90);
#89 = CARTESIAN_POINT('',(-93.,-0.5,40.2));
#90 = VECTOR('',#91,1.);
#91 = DIRECTION('',(0.,-1.,0.));
#92 = PCURVE('',#32,#93);
#93 = DEFINITIONAL_REPRESENTATION('',(#94),#97);
#94 = B_SPLINE_CURVE_WITH_KNOTS('',1,(#95,#96),.UNSPECIFIED.,.F.,.F.,(2,
    2),(-155.3,-3.5),.PIECEWISE_BEZIER_KNOTS.);
#95 = CARTESIAN_POINT('',(2.,-154.8));
#96 = CARTESIAN_POINT('',(2.,-3.));
#97 = ( GEOMETRIC_REPRESENTATION_CONTEXT(2) 
PARAMETRIC_REPRESENTATION_CONTEXT() REPRESENTATION_CONTEXT('2D SPACE',''
  ) );
#98 = PCURVE('',#99,#104);
#99 = PLANE('',#100);
#100 = AXIS2_PLACEMENT_3D('',#101,#102,#103);
#101 = CARTESIAN_POINT('',(-186.,-1.,40.2));
#102 = DIRECTION('',(0.,0.,1.));
#103 = DIRECTION('',(1.,0.,0.));
#104 = DEFINITIONAL_REPRESENTATION('',(#105),#109);
#105 = LINE('',#106,#107);
#106 = CARTESIAN_POINT('',(93.,0.5));
#107 = VECTOR('',#108,1.);
#108 = DIRECTION('',(0.,-1.));
#109 = ( GEOMETRIC_REPRESENTATION_CONTEXT(2) 
PARAMETRIC_REPRESENTATION_CONTEXT() REPRESENTATION_CONTEXT('2D SPACE',''
  ) );
#110 = ORIENTED_EDGE('',*,*,#111,.T.);
#111 = EDGE_CURVE('',#85,#24,#112,.T.);
#112 = SURFACE_CURVE('',#113,(#117,#123),.PCURVE_S1.);
#113 = LINE('',#114,#115);
#114 = CARTESIAN_POINT('',(-93.,154.8,37.7));
#115 = VECTOR('',#116,1.);
#116 = DIRECTION('',(0.,0.,1.));
#117 = PCURVE('',#32,#118);
#118 = DEFINITIONAL_REPRESENTATION('',(#119),#122);
#119 = B_SPLINE_CURVE_WITH_KNOTS('',1,(#120,#121),.UNSPECIFIED.,.F.,.F.,
  (2,2),(0.5,19.1),.PIECEWISE_BEZIER_KNOTS.);
#120 = CARTESIAN_POINT('',(0.,-154.8));
#121 = CARTESIAN_POINT('',(18.6,-154.8));
#122 = ( GEOMETRIC_REPRESENTATION_CONTEXT(2) 
PARAMETRIC_REPRESENTATION_CONTEXT() REPRESENTATION_CONTEXT('2D SPACE',''
  ) );
#123 = PCURVE('',#124,#129);
#124 = PLANE('',#125);
#125 = AXIS2_PLACEMENT_3D('',#126,#127,#128);
#126 = CARTESIAN_POINT('',(-93.4,154.8,37.2));
#127 = DIRECTION('',(0.,1.,0.));
#128 = DIRECTION('',(0.,0.,1.));
#129 = DEFINITIONAL_REPRESENTATION('',(#130),#133);
#130 = B_SPLINE_CURVE_WITH_KNOTS('',1,(#131,#132),.UNSPECIFIED.,.F.,.F.,
  (2,2),(0.5,19.1),.PIECEWISE_BEZIER_KNOTS.);
#131 = CARTESIAN_POINT('',(1.,0.4));
#132 = CARTESIAN_POINT('',(19.6,0.4));
#133 = ( GEOMETRIC_REPRESENTATION_CONTEXT(2) 
PARAMETRIC_REPRESENTATION_CONTEXT() REPRESENTATION_CONTEXT('2D SPACE',''
  ) );
#134 = ADVANCED_FACE('',(#135),#44,.T.);
#135 = FACE_BOUND('',#136,.T.);
#136 = EDGE_LOOP('',(#137,#138,#162,#190,#223,#251,#277,#303,#330,#356,
    #382,#408,#435,#461,#487,#513,#540,#566));
#137 = ORIENTED_EDGE('',*,*,#21,.F.);
#138 = ORIENTED_EDGE('',*,*,#139,.T.);
#139 = EDGE_CURVE('',#22,#140,#142,.T.);
#140 = VERTEX_POINT('',#141);
#141 = CARTESIAN_POINT('',(-90.,-4.440892098501E-16,56.8));
#142 = SURFACE_CURVE('',#143,(#148,#155),.PCURVE_S1.);
#143 = CIRCLE('',#144,3.);
#144 = AXIS2_PLACEMENT_3D('',#145,#146,#147);
#145 = CARTESIAN_POINT('',(-90.,3.,56.8));
#146 = DIRECTION('',(0.,0.,1.));
#147 = DIRECTION('',(0.,-1.,0.));
#148 = PCURVE('',#44,#149);
#149 = DEFINITIONAL_REPRESENTATION('',(#150),#154);
#150 = CIRCLE('',#151,3.);
#151 = AXIS2_PLACEMENT_2D('',#152,#153);
#152 = CARTESIAN_POINT('',(3.,3.));
#153 = DIRECTION('',(0.,-1.));
#154 = ( GEOMETRIC_REPRESENTATION_CONTEXT(2) 
PARAMETRIC_REPRESENTATION_CONTEXT() REPRESENTATION_CONTEXT('2D SPACE',''
  ) );
#155 = PCURVE('',#72,#156);
#156 = DEFINITIONAL_REPRESENTATION('',(#157),#161);
#157 = LINE('',#158,#159);
#158 = CARTESIAN_POINT('',(-4.712388980385,18.6));
#159 = VECTOR('',#160,1.);
#160 = DIRECTION('',(1.,0.));
#161 = ( GEOMETRIC_REPRESENTATION_CONTEXT(2) 
PARAMETRIC_REPRESENTATION_CONTEXT() REPRESENTATION_CONTEXT('2D SPACE',''
  ) );
#162 = ORIENTED_EDGE('',*,*,#163,.T.);
#163 = EDGE_CURVE('',#140,#164,#166,.T.);
#164 = VERTEX_POINT('',#165);
#165 = CARTESIAN_POINT('',(90.,-4.440892098501E-16,56.8));
#166 = SURFACE_CURVE('',#167,(#171,#178),.PCURVE_S1.);
#167 = LINE('',#168,#169);
#168 = CARTESIAN_POINT('',(-93.,0.,56.8));
#169 = VECTOR('',#170,1.);
#170 = DIRECTION('',(1.,0.,0.));
#171 = PCURVE('',#44,#172);
#172 = DEFINITIONAL_REPRESENTATION('',(#173),#177);
#173 = LINE('',#174,#175);
#174 = CARTESIAN_POINT('',(0.,0.));
#175 = VECTOR('',#176,1.);
#176 = DIRECTION('',(1.,0.));
#177 = ( GEOMETRIC_REPRESENTATION_CONTEXT(2) 
PARAMETRIC_REPRESENTATION_CONTEXT() REPRESENTATION_CONTEXT('2D SPACE',''
  ) );
#178 = PCURVE('',#179,#184);
#179 = PLANE('',#180);
#180 = AXIS2_PLACEMENT_3D('',#181,#182,#183);
#181 = CARTESIAN_POINT('',(-93.,0.,38.2));
#182 = DIRECTION('',(0.,1.,0.));
#183 = DIRECTION('',(0.,0.,1.));
#184 = DEFINITIONAL_REPRESENTATION('',(#185),#189);
#185 = LINE('',#186,#187);
#186 = CARTESIAN_POINT('',(18.6,0.));
#187 = VECTOR('',#188,1.);
#188 = DIRECTION('',(0.,1.));
#189 = ( GEOMETRIC_REPRESENTATION_CONTEXT(2) 
PARAMETRIC_REPRESENTATION_CONTEXT() REPRESENTATION_CONTEXT('2D SPACE',''
  ) );
#190 = ORIENTED_EDGE('',*,*,#191,.F.);
#191 = EDGE_CURVE('',#192,#164,#194,.T.);
#192 = VERTEX_POINT('',#193);
#193 = CARTESIAN_POINT('',(93.,3.,56.8));
#194 = SURFACE_CURVE('',#195,(#200,#211),.PCURVE_S1.);
#195 = CIRCLE('',#196,3.);
#196 = AXIS2_PLACEMENT_3D('',#197,#198,#199);
#197 = CARTESIAN_POINT('',(90.,3.,56.8));
#198 = DIRECTION('',(-0.,-0.,-1.));
#199 = DIRECTION('',(0.,-1.,0.));
#200 = PCURVE('',#44,#201);
#201 = DEFINITIONAL_REPRESENTATION('',(#202),#210);
#202 = ( BOUNDED_CURVE() B_SPLINE_CURVE(2,(#203,#204,#205,#206,#207,#208
,#209),.UNSPECIFIED.,.T.,.F.) B_SPLINE_CURVE_WITH_KNOTS((1,2,2,2,2,1),(
    -2.094395102393,0.,2.094395102393,4.188790204786,6.28318530718,
8.377580409573),.UNSPECIFIED.) CURVE() GEOMETRIC_REPRESENTATION_ITEM() 
RATIONAL_B_SPLINE_CURVE((1.,0.5,1.,0.5,1.,0.5,1.)) REPRESENTATION_ITEM(
  '') );
#203 = CARTESIAN_POINT('',(183.,-4.440892098501E-16));
#204 = CARTESIAN_POINT('',(177.80384757729,-4.440892098501E-16));
#205 = CARTESIAN_POINT('',(180.40192378864,4.5));
#206 = CARTESIAN_POINT('',(183.,9.));
#207 = CARTESIAN_POINT('',(185.59807621135,4.5));
#208 = CARTESIAN_POINT('',(188.1961524227,3.996802888651E-15));
#209 = CARTESIAN_POINT('',(183.,-4.440892098501E-16));
#210 = ( GEOMETRIC_REPRESENTATION_CONTEXT(2) 
PARAMETRIC_REPRESENTATION_CONTEXT() REPRESENTATION_CONTEXT('2D SPACE',''
  ) );
#211 = PCURVE('',#212,#217);
#212 = CYLINDRICAL_SURFACE('',#213,3.);
#213 = AXIS2_PLACEMENT_3D('',#214,#215,#216);
#214 = CARTESIAN_POINT('',(90.,3.,38.2));
#215 = DIRECTION('',(0.,0.,1.));
#216 = DIRECTION('',(1.,0.,-0.));
#217 = DEFINITIONAL_REPRESENTATION('',(#218),#222);
#218 = LINE('',#219,#220);
#219 = CARTESIAN_POINT('',(4.712388980385,18.6));
#220 = VECTOR('',#221,1.);
#221 = DIRECTION('',(-1.,0.));
#222 = ( GEOMETRIC_REPRESENTATION_CONTEXT(2) 
PARAMETRIC_REPRESENTATION_CONTEXT() REPRESENTATION_CONTEXT('2D SPACE',''
  ) );
#223 = ORIENTED_EDGE('',*,*,#224,.T.);
#224 = EDGE_CURVE('',#192,#225,#227,.T.);
#225 = VERTEX_POINT('',#226);
#226 = CARTESIAN_POINT('',(93.,154.8,56.8));
#227 = SURFACE_CURVE('',#228,(#232,#239),.PCURVE_S1.);
#228 = LINE('',#229,#230);
#229 = CARTESIAN_POINT('',(93.,0.,56.8));
#230 = VECTOR('',#231,1.);
#231 = DIRECTION('',(0.,1.,0.));
#232 = PCURVE('',#44,#233);
#233 = DEFINITIONAL_REPRESENTATION('',(#234),#238);
#234 = LINE('',#235,#236);
#235 = CARTESIAN_POINT('',(186.,0.));
#236 = VECTOR('',#237,1.);
#237 = DIRECTION('',(0.,1.));
#238 = ( GEOMETRIC_REPRESENTATION_CONTEXT(2) 
PARAMETRIC_REPRESENTATION_CONTEXT() REPRESENTATION_CONTEXT('2D SPACE',''
  ) );
#239 = PCURVE('',#240,#245);
#240 = PLANE('',#241);
#241 = AXIS2_PLACEMENT_3D('',#242,#243,#244);
#242 = CARTESIAN_POINT('',(93.,0.,38.2));
#243 = DIRECTION('',(1.,0.,0.));
#244 = DIRECTION('',(0.,0.,1.));
#245 = DEFINITIONAL_REPRESENTATION('',(#246),#250);
#246 = LINE('',#247,#248);
#247 = CARTESIAN_POINT('',(18.6,0.));
#248 = VECTOR('',#249,1.);
#249 = DIRECTION('',(0.,-1.));
#250 = ( GEOMETRIC_REPRESENTATION_CONTEXT(2) 
PARAMETRIC_REPRESENTATION_CONTEXT() REPRESENTATION_CONTEXT('2D SPACE',''
  ) );
#251 = ORIENTED_EDGE('',*,*,#252,.T.);
#252 = EDGE_CURVE('',#225,#253,#255,.T.);
#253 = VERTEX_POINT('',#254);
#254 = CARTESIAN_POINT('',(82.6,154.8,56.8));
#255 = SURFACE_CURVE('',#256,(#260,#266),.PCURVE_S1.);
#256 = LINE('',#257,#258);
#257 = CARTESIAN_POINT('',(-5.2,154.8,56.8));
#258 = VECTOR('',#259,1.);
#259 = DIRECTION('',(-1.,0.,0.));
#260 = PCURVE('',#44,#261);
#261 = DEFINITIONAL_REPRESENTATION('',(#262),#265);
#262 = B_SPLINE_CURVE_WITH_KNOTS('',1,(#263,#264),.UNSPECIFIED.,.F.,.F.,
  (2,2),(-98.2,-87.8),.PIECEWISE_BEZIER_KNOTS.);
#263 = CARTESIAN_POINT('',(186.,154.8));
#264 = CARTESIAN_POINT('',(175.6,154.8));
#265 = ( GEOMETRIC_REPRESENTATION_CONTEXT(2) 
PARAMETRIC_REPRESENTATION_CONTEXT() REPRESENTATION_CONTEXT('2D SPACE',''
  ) );
#266 = PCURVE('',#267,#272);
#267 = PLANE('',#268);
#268 = AXIS2_PLACEMENT_3D('',#269,#270,#271);
#269 = CARTESIAN_POINT('',(82.6,154.8,37.2));
#270 = DIRECTION('',(0.,1.,0.));
#271 = DIRECTION('',(0.,0.,1.));
#272 = DEFINITIONAL_REPRESENTATION('',(#273),#276);
#273 = B_SPLINE_CURVE_WITH_KNOTS('',1,(#274,#275),.UNSPECIFIED.,.F.,.F.,
  (2,2),(-98.2,-87.8),.PIECEWISE_BEZIER_KNOTS.);
#274 = CARTESIAN_POINT('',(19.6,10.4));
#275 = CARTESIAN_POINT('',(19.6,0.));
#276 = ( GEOMETRIC_REPRESENTATION_CONTEXT(2) 
PARAMETRIC_REPRESENTATION_CONTEXT() REPRESENTATION_CONTEXT('2D SPACE',''
  ) );
#277 = ORIENTED_EDGE('',*,*,#278,.T.);
#278 = EDGE_CURVE('',#253,#279,#281,.T.);
#279 = VERTEX_POINT('',#280);
#280 = CARTESIAN_POINT('',(82.6,164.7,56.8));
#281 = SURFACE_CURVE('',#282,(#286,#292),.PCURVE_S1.);
#282 = LINE('',#283,#284);
#283 = CARTESIAN_POINT('',(82.6,77.4,56.8));
#284 = VECTOR('',#285,1.);
#285 = DIRECTION('',(0.,1.,0.));
#286 = PCURVE('',#44,#287);
#287 = DEFINITIONAL_REPRESENTATION('',(#288),#291);
#288 = B_SPLINE_CURVE_WITH_KNOTS('',1,(#289,#290),.UNSPECIFIED.,.F.,.F.,
  (2,2),(77.4,87.3),.PIECEWISE_BEZIER_KNOTS.);
#289 = CARTESIAN_POINT('',(175.6,154.8));
#290 = CARTESIAN_POINT('',(175.6,164.7));
#291 = ( GEOMETRIC_REPRESENTATION_CONTEXT(2) 
PARAMETRIC_REPRESENTATION_CONTEXT() REPRESENTATION_CONTEXT('2D SPACE',''
  ) );
#292 = PCURVE('',#293,#298);
#293 = PLANE('',#294);
#294 = AXIS2_PLACEMENT_3D('',#295,#296,#297);
#295 = CARTESIAN_POINT('',(82.6,154.8,37.2));
#296 = DIRECTION('',(1.,0.,0.));
#297 = DIRECTION('',(0.,0.,1.));
#298 = DEFINITIONAL_REPRESENTATION('',(#299),#302);
#299 = B_SPLINE_CURVE_WITH_KNOTS('',1,(#300,#301),.UNSPECIFIED.,.F.,.F.,
  (2,2),(77.4,87.3),.PIECEWISE_BEZIER_KNOTS.);
#300 = CARTESIAN_POINT('',(19.6,0.));
#301 = CARTESIAN_POINT('',(19.6,-9.9));
#302 = ( GEOMETRIC_REPRESENTATION_CONTEXT(2) 
PARAMETRIC_REPRESENTATION_CONTEXT() REPRESENTATION_CONTEXT('2D SPACE',''
  ) );
#303 = ORIENTED_EDGE('',*,*,#304,.F.);
#304 = EDGE_CURVE('',#305,#279,#307,.T.);
#305 = VERTEX_POINT('',#306);
#306 = CARTESIAN_POINT('',(70.6,164.7,56.8));
#307 = SURFACE_CURVE('',#308,(#312,#319),.PCURVE_S1.);
#308 = LINE('',#309,#310);
#309 = CARTESIAN_POINT('',(-93.,164.7,56.8));
#310 = VECTOR('',#311,1.);
#311 = DIRECTION('',(1.,0.,0.));
#312 = PCURVE('',#44,#313);
#313 = DEFINITIONAL_REPRESENTATION('',(#314),#318);
#314 = LINE('',#315,#316);
#315 = CARTESIAN_POINT('',(0.,164.7));
#316 = VECTOR('',#317,1.);
#317 = DIRECTION('',(1.,0.));
#318 = ( GEOMETRIC_REPRESENTATION_CONTEXT(2) 
PARAMETRIC_REPRESENTATION_CONTEXT() REPRESENTATION_CONTEXT('2D SPACE',''
  ) );
#319 = PCURVE('',#320,#325);
#320 = CYLINDRICAL_SURFACE('',#321,9.3);
#321 = AXIS2_PLACEMENT_3D('',#322,#323,#324);
#322 = CARTESIAN_POINT('',(-93.,164.7,47.5));
#323 = DIRECTION('',(-1.,-0.,-0.));
#324 = DIRECTION('',(0.,1.,0.));
#325 = DEFINITIONAL_REPRESENTATION('',(#326),#329);
#326 = B_SPLINE_CURVE_WITH_KNOTS('',1,(#327,#328),.UNSPECIFIED.,.F.,.F.,
  (2,2),(0.,186.),.PIECEWISE_BEZIER_KNOTS.);
#327 = CARTESIAN_POINT('',(-7.853981633974,0.));
#328 = CARTESIAN_POINT('',(-7.853981633974,-186.));
#329 = ( GEOMETRIC_REPRESENTATION_CONTEXT(2) 
PARAMETRIC_REPRESENTATION_CONTEXT() REPRESENTATION_CONTEXT('2D SPACE',''
  ) );
#330 = ORIENTED_EDGE('',*,*,#331,.F.);
#331 = EDGE_CURVE('',#332,#305,#334,.T.);
#332 = VERTEX_POINT('',#333);
#333 = CARTESIAN_POINT('',(70.6,154.8,56.8));
#334 = SURFACE_CURVE('',#335,(#339,#345),.PCURVE_S1.);
#335 = LINE('',#336,#337);
#336 = CARTESIAN_POINT('',(70.6,77.4,56.8));
#337 = VECTOR('',#338,1.);
#338 = DIRECTION('',(0.,1.,0.));
#339 = PCURVE('',#44,#340);
#340 = DEFINITIONAL_REPRESENTATION('',(#341),#344);
#341 = B_SPLINE_CURVE_WITH_KNOTS('',1,(#342,#343),.UNSPECIFIED.,.F.,.F.,
  (2,2),(77.4,87.3),.PIECEWISE_BEZIER_KNOTS.);
#342 = CARTESIAN_POINT('',(163.6,154.8));
#343 = CARTESIAN_POINT('',(163.6,164.7));
#344 = ( GEOMETRIC_REPRESENTATION_CONTEXT(2) 
PARAMETRIC_REPRESENTATION_CONTEXT() REPRESENTATION_CONTEXT('2D SPACE',''
  ) );
#345 = PCURVE('',#346,#351);
#346 = PLANE('',#347);
#347 = AXIS2_PLACEMENT_3D('',#348,#349,#350);
#348 = CARTESIAN_POINT('',(70.6,154.8,37.2));
#349 = DIRECTION('',(1.,0.,0.));
#350 = DIRECTION('',(0.,0.,1.));
#351 = DEFINITIONAL_REPRESENTATION('',(#352),#355);
#352 = B_SPLINE_CURVE_WITH_KNOTS('',1,(#353,#354),.UNSPECIFIED.,.F.,.F.,
  (2,2),(77.4,87.3),.PIECEWISE_BEZIER_KNOTS.);
#353 = CARTESIAN_POINT('',(19.6,0.));
#354 = CARTESIAN_POINT('',(19.6,-9.9));
#355 = ( GEOMETRIC_REPRESENTATION_CONTEXT(2) 
PARAMETRIC_REPRESENTATION_CONTEXT() REPRESENTATION_CONTEXT('2D SPACE',''
  ) );
#356 = ORIENTED_EDGE('',*,*,#357,.T.);
#357 = EDGE_CURVE('',#332,#358,#360,.T.);
#358 = VERTEX_POINT('',#359);
#359 = CARTESIAN_POINT('',(59.8,154.8,56.8));
#360 = SURFACE_CURVE('',#361,(#365,#371),.PCURVE_S1.);
#361 = LINE('',#362,#363);
#362 = CARTESIAN_POINT('',(-16.6,154.8,56.8));
#363 = VECTOR('',#364,1.);
#364 = DIRECTION('',(-1.,0.,0.));
#365 = PCURVE('',#44,#366);
#366 = DEFINITIONAL_REPRESENTATION('',(#367),#370);
#367 = B_SPLINE_CURVE_WITH_KNOTS('',1,(#368,#369),.UNSPECIFIED.,.F.,.F.,
  (2,2),(-87.2,-76.4),.PIECEWISE_BEZIER_KNOTS.);
#368 = CARTESIAN_POINT('',(163.6,154.8));
#369 = CARTESIAN_POINT('',(152.8,154.8));
#370 = ( GEOMETRIC_REPRESENTATION_CONTEXT(2) 
PARAMETRIC_REPRESENTATION_CONTEXT() REPRESENTATION_CONTEXT('2D SPACE',''
  ) );
#371 = PCURVE('',#372,#377);
#372 = PLANE('',#373);
#373 = AXIS2_PLACEMENT_3D('',#374,#375,#376);
#374 = CARTESIAN_POINT('',(59.8,154.8,37.2));
#375 = DIRECTION('',(0.,1.,0.));
#376 = DIRECTION('',(0.,0.,1.));
#377 = DEFINITIONAL_REPRESENTATION('',(#378),#381);
#378 = B_SPLINE_CURVE_WITH_KNOTS('',1,(#379,#380),.UNSPECIFIED.,.F.,.F.,
  (2,2),(-87.2,-76.4),.PIECEWISE_BEZIER_KNOTS.);
#379 = CARTESIAN_POINT('',(19.6,10.8));
#380 = CARTESIAN_POINT('',(19.6,0.));
#381 = ( GEOMETRIC_REPRESENTATION_CONTEXT(2) 
PARAMETRIC_REPRESENTATION_CONTEXT() REPRESENTATION_CONTEXT('2D SPACE',''
  ) );
#382 = ORIENTED_EDGE('',*,*,#383,.T.);
#383 = EDGE_CURVE('',#358,#384,#386,.T.);
#384 = VERTEX_POINT('',#385);
#385 = CARTESIAN_POINT('',(59.8,164.7,56.8));
#386 = SURFACE_CURVE('',#387,(#391,#397),.PCURVE_S1.);
#387 = LINE('',#388,#389);
#388 = CARTESIAN_POINT('',(59.8,77.4,56.8));
#389 = VECTOR('',#390,1.);
#390 = DIRECTION('',(0.,1.,0.));
#391 = PCURVE('',#44,#392);
#392 = DEFINITIONAL_REPRESENTATION('',(#393),#396);
#393 = B_SPLINE_CURVE_WITH_KNOTS('',1,(#394,#395),.UNSPECIFIED.,.F.,.F.,
  (2,2),(77.4,87.3),.PIECEWISE_BEZIER_KNOTS.);
#394 = CARTESIAN_POINT('',(152.8,154.8));
#395 = CARTESIAN_POINT('',(152.8,164.7));
#396 = ( GEOMETRIC_REPRESENTATION_CONTEXT(2) 
PARAMETRIC_REPRESENTATION_CONTEXT() REPRESENTATION_CONTEXT('2D SPACE',''
  ) );
#397 = PCURVE('',#398,#403);
#398 = PLANE('',#399);
#399 = AXIS2_PLACEMENT_3D('',#400,#401,#402);
#400 = CARTESIAN_POINT('',(59.8,154.8,37.2));
#401 = DIRECTION('',(1.,0.,0.));
#402 = DIRECTION('',(0.,0.,1.));
#403 = DEFINITIONAL_REPRESENTATION('',(#404),#407);
#404 = B_SPLINE_CURVE_WITH_KNOTS('',1,(#405,#406),.UNSPECIFIED.,.F.,.F.,
  (2,2),(77.4,87.3),.PIECEWISE_BEZIER_KNOTS.);
#405 = CARTESIAN_POINT('',(19.6,0.));
#406 = CARTESIAN_POINT('',(19.6,-9.9));
#407 = ( GEOMETRIC_REPRESENTATION_CONTEXT(2) 
PARAMETRIC_REPRESENTATION_CONTEXT() REPRESENTATION_CONTEXT('2D SPACE',''
  ) );
#408 = ORIENTED_EDGE('',*,*,#409,.F.);
#409 = EDGE_CURVE('',#410,#384,#412,.T.);
#410 = VERTEX_POINT('',#411);
#411 = CARTESIAN_POINT('',(-59.8,164.7,56.8));
#412 = SURFACE_CURVE('',#413,(#417,#424),.PCURVE_S1.);
#413 = LINE('',#414,#415);
#414 = CARTESIAN_POINT('',(-93.,164.7,56.8));
#415 = VECTOR('',#416,1.);
#416 = DIRECTION('',(1.,0.,0.));
#417 = PCURVE('',#44,#418);
#418 = DEFINITIONAL_REPRESENTATION('',(#419),#423);
#419 = LINE('',#420,#421);
#420 = CARTESIAN_POINT('',(0.,164.7));
#421 = VECTOR('',#422,1.);
#422 = DIRECTION('',(1.,0.));
#423 = ( GEOMETRIC_REPRESENTATION_CONTEXT(2) 
PARAMETRIC_REPRESENTATION_CONTEXT() REPRESENTATION_CONTEXT('2D SPACE',''
  ) );
#424 = PCURVE('',#425,#430);
#425 = CYLINDRICAL_SURFACE('',#426,9.3);
#426 = AXIS2_PLACEMENT_3D('',#427,#428,#429);
#427 = CARTESIAN_POINT('',(-93.,164.7,47.5));
#428 = DIRECTION('',(-1.,-0.,-0.));
#429 = DIRECTION('',(0.,1.,0.));
#430 = DEFINITIONAL_REPRESENTATION('',(#431),#434);
#431 = B_SPLINE_CURVE_WITH_KNOTS('',1,(#432,#433),.UNSPECIFIED.,.F.,.F.,
  (2,2),(0.,186.),.PIECEWISE_BEZIER_KNOTS.);
#432 = CARTESIAN_POINT('',(-7.853981633974,0.));
#433 = CARTESIAN_POINT('',(-7.853981633974,-186.));
#434 = ( GEOMETRIC_REPRESENTATION_CONTEXT(2) 
PARAMETRIC_REPRESENTATION_CONTEXT() REPRESENTATION_CONTEXT('2D SPACE',''
  ) );
#435 = ORIENTED_EDGE('',*,*,#436,.F.);
#436 = EDGE_CURVE('',#437,#410,#439,.T.);
#437 = VERTEX_POINT('',#438);
#438 = CARTESIAN_POINT('',(-59.8,154.8,56.8));
#439 = SURFACE_CURVE('',#440,(#444,#450),.PCURVE_S1.);
#440 = LINE('',#441,#442);
#441 = CARTESIAN_POINT('',(-59.8,77.4,56.8));
#442 = VECTOR('',#443,1.);
#443 = DIRECTION('',(0.,1.,0.));
#444 = PCURVE('',#44,#445);
#445 = DEFINITIONAL_REPRESENTATION('',(#446),#449);
#446 = B_SPLINE_CURVE_WITH_KNOTS('',1,(#447,#448),.UNSPECIFIED.,.F.,.F.,
  (2,2),(77.4,87.3),.PIECEWISE_BEZIER_KNOTS.);
#447 = CARTESIAN_POINT('',(33.2,154.8));
#448 = CARTESIAN_POINT('',(33.2,164.7));
#449 = ( GEOMETRIC_REPRESENTATION_CONTEXT(2) 
PARAMETRIC_REPRESENTATION_CONTEXT() REPRESENTATION_CONTEXT('2D SPACE',''
  ) );
#450 = PCURVE('',#451,#456);
#451 = PLANE('',#452);
#452 = AXIS2_PLACEMENT_3D('',#453,#454,#455);
#453 = CARTESIAN_POINT('',(-59.8,154.8,37.2));
#454 = DIRECTION('',(1.,0.,0.));
#455 = DIRECTION('',(0.,0.,1.));
#456 = DEFINITIONAL_REPRESENTATION('',(#457),#460);
#457 = B_SPLINE_CURVE_WITH_KNOTS('',1,(#458,#459),.UNSPECIFIED.,.F.,.F.,
  (2,2),(77.4,87.3),.PIECEWISE_BEZIER_KNOTS.);
#458 = CARTESIAN_POINT('',(19.6,0.));
#459 = CARTESIAN_POINT('',(19.6,-9.9));
#460 = ( GEOMETRIC_REPRESENTATION_CONTEXT(2) 
PARAMETRIC_REPRESENTATION_CONTEXT() REPRESENTATION_CONTEXT('2D SPACE',''
  ) );
#461 = ORIENTED_EDGE('',*,*,#462,.T.);
#462 = EDGE_CURVE('',#437,#463,#465,.T.);
#463 = VERTEX_POINT('',#464);
#464 = CARTESIAN_POINT('',(-70.6,154.8,56.8));
#465 = SURFACE_CURVE('',#466,(#470,#476),.PCURVE_S1.);
#466 = LINE('',#467,#468);
#467 = CARTESIAN_POINT('',(-81.8,154.8,56.8));
#468 = VECTOR('',#469,1.);
#469 = DIRECTION('',(-1.,0.,0.));
#470 = PCURVE('',#44,#471);
#471 = DEFINITIONAL_REPRESENTATION('',(#472),#475);
#472 = B_SPLINE_CURVE_WITH_KNOTS('',1,(#473,#474),.UNSPECIFIED.,.F.,.F.,
  (2,2),(-22.,-11.2),.PIECEWISE_BEZIER_KNOTS.);
#473 = CARTESIAN_POINT('',(33.2,154.8));
#474 = CARTESIAN_POINT('',(22.4,154.8));
#475 = ( GEOMETRIC_REPRESENTATION_CONTEXT(2) 
PARAMETRIC_REPRESENTATION_CONTEXT() REPRESENTATION_CONTEXT('2D SPACE',''
  ) );
#476 = PCURVE('',#477,#482);
#477 = PLANE('',#478);
#478 = AXIS2_PLACEMENT_3D('',#479,#480,#481);
#479 = CARTESIAN_POINT('',(-70.6,154.8,37.2));
#480 = DIRECTION('',(0.,1.,0.));
#481 = DIRECTION('',(0.,0.,1.));
#482 = DEFINITIONAL_REPRESENTATION('',(#483),#486);
#483 = B_SPLINE_CURVE_WITH_KNOTS('',1,(#484,#485),.UNSPECIFIED.,.F.,.F.,
  (2,2),(-22.,-11.2),.PIECEWISE_BEZIER_KNOTS.);
#484 = CARTESIAN_POINT('',(19.6,10.8));
#485 = CARTESIAN_POINT('',(19.6,0.));
#486 = ( GEOMETRIC_REPRESENTATION_CONTEXT(2) 
PARAMETRIC_REPRESENTATION_CONTEXT() REPRESENTATION_CONTEXT('2D SPACE',''
  ) );
#487 = ORIENTED_EDGE('',*,*,#488,.T.);
#488 = EDGE_CURVE('',#463,#489,#491,.T.);
#489 = VERTEX_POINT('',#490);
#490 = CARTESIAN_POINT('',(-70.6,164.7,56.8));
#491 = SURFACE_CURVE('',#492,(#496,#502),.PCURVE_S1.);
#492 = LINE('',#493,#494);
#493 = CARTESIAN_POINT('',(-70.6,77.4,56.8));
#494 = VECTOR('',#495,1.);
#495 = DIRECTION('',(0.,1.,0.));
#496 = PCURVE('',#44,#497);
#497 = DEFINITIONAL_REPRESENTATION('',(#498),#501);
#498 = B_SPLINE_CURVE_WITH_KNOTS('',1,(#499,#500),.UNSPECIFIED.,.F.,.F.,
  (2,2),(77.4,87.3),.PIECEWISE_BEZIER_KNOTS.);
#499 = CARTESIAN_POINT('',(22.4,154.8));
#500 = CARTESIAN_POINT('',(22.4,164.7));
#501 = ( GEOMETRIC_REPRESENTATION_CONTEXT(2) 
PARAMETRIC_REPRESENTATION_CONTEXT() REPRESENTATION_CONTEXT('2D SPACE',''
  ) );
#502 = PCURVE('',#503,#508);
#503 = PLANE('',#504);
#504 = AXIS2_PLACEMENT_3D('',#505,#506,#507);
#505 = CARTESIAN_POINT('',(-70.6,154.8,37.2));
#506 = DIRECTION('',(1.,0.,0.));
#507 = DIRECTION('',(0.,0.,1.));
#508 = DEFINITIONAL_REPRESENTATION('',(#509),#512);
#509 = B_SPLINE_CURVE_WITH_KNOTS('',1,(#510,#511),.UNSPECIFIED.,.F.,.F.,
  (2,2),(77.4,87.3),.PIECEWISE_BEZIER_KNOTS.);
#510 = CARTESIAN_POINT('',(19.6,0.));
#511 = CARTESIAN_POINT('',(19.6,-9.9));
#512 = ( GEOMETRIC_REPRESENTATION_CONTEXT(2) 
PARAMETRIC_REPRESENTATION_CONTEXT() REPRESENTATION_CONTEXT('2D SPACE',''
  ) );
#513 = ORIENTED_EDGE('',*,*,#514,.F.);
#514 = EDGE_CURVE('',#515,#489,#517,.T.);
#515 = VERTEX_POINT('',#516);
#516 = CARTESIAN_POINT('',(-82.6,164.7,56.8));
#517 = SURFACE_CURVE('',#518,(#522,#529),.PCURVE_S1.);
#518 = LINE('',#519,#520);
#519 = CARTESIAN_POINT('',(-93.,164.7,56.8));
#520 = VECTOR('',#521,1.);
#521 = DIRECTION('',(1.,0.,0.));
#522 = PCURVE('',#44,#523);
#523 = DEFINITIONAL_REPRESENTATION('',(#524),#528);
#524 = LINE('',#525,#526);
#525 = CARTESIAN_POINT('',(0.,164.7));
#526 = VECTOR('',#527,1.);
#527 = DIRECTION('',(1.,0.));
#528 = ( GEOMETRIC_REPRESENTATION_CONTEXT(2) 
PARAMETRIC_REPRESENTATION_CONTEXT() REPRESENTATION_CONTEXT('2D SPACE',''
  ) );
#529 = PCURVE('',#530,#535);
#530 = CYLINDRICAL_SURFACE('',#531,9.3);
#531 = AXIS2_PLACEMENT_3D('',#532,#533,#534);
#532 = CARTESIAN_POINT('',(-93.,164.7,47.5));
#533 = DIRECTION('',(-1.,-0.,-0.));
#534 = DIRECTION('',(0.,1.,0.));
#535 = DEFINITIONAL_REPRESENTATION('',(#536),#539);
#536 = B_SPLINE_CURVE_WITH_KNOTS('',1,(#537,#538),.UNSPECIFIED.,.F.,.F.,
  (2,2),(0.,186.),.PIECEWISE_BEZIER_KNOTS.);
#537 = CARTESIAN_POINT('',(-7.853981633974,0.));
#538 = CARTESIAN_POINT('',(-7.853981633974,-186.));
#539 = ( GEOMETRIC_REPRESENTATION_CONTEXT(2) 
PARAMETRIC_REPRESENTATION_CONTEXT() REPRESENTATION_CONTEXT('2D SPACE',''
  ) );
#540 = ORIENTED_EDGE('',*,*,#541,.F.);
#541 = EDGE_CURVE('',#542,#515,#544,.T.);
#542 = VERTEX_POINT('',#543);
#543 = CARTESIAN_POINT('',(-82.6,154.8,56.8));
#544 = SURFACE_CURVE('',#545,(#549,#555),.PCURVE_S1.);
#545 = LINE('',#546,#547);
#546 = CARTESIAN_POINT('',(-82.6,77.4,56.8));
#547 = VECTOR('',#548,1.);
#548 = DIRECTION('',(0.,1.,0.));
#549 = PCURVE('',#44,#550);
#550 = DEFINITIONAL_REPRESENTATION('',(#551),#554);
#551 = B_SPLINE_CURVE_WITH_KNOTS('',1,(#552,#553),.UNSPECIFIED.,.F.,.F.,
  (2,2),(77.4,87.3),.PIECEWISE_BEZIER_KNOTS.);
#552 = CARTESIAN_POINT('',(10.4,154.8));
#553 = CARTESIAN_POINT('',(10.4,164.7));
#554 = ( GEOMETRIC_REPRESENTATION_CONTEXT(2) 
PARAMETRIC_REPRESENTATION_CONTEXT() REPRESENTATION_CONTEXT('2D SPACE',''
  ) );
#555 = PCURVE('',#556,#561);
#556 = PLANE('',#557);
#557 = AXIS2_PLACEMENT_3D('',#558,#559,#560);
#558 = CARTESIAN_POINT('',(-82.6,154.8,37.2));
#559 = DIRECTION('',(1.,0.,0.));
#560 = DIRECTION('',(0.,0.,1.));
#561 = DEFINITIONAL_REPRESENTATION('',(#562),#565);
#562 = B_SPLINE_CURVE_WITH_KNOTS('',1,(#563,#564),.UNSPECIFIED.,.F.,.F.,
  (2,2),(77.4,87.3),.PIECEWISE_BEZIER_KNOTS.);
#563 = CARTESIAN_POINT('',(19.6,0.));
#564 = CARTESIAN_POINT('',(19.6,-9.9));
#565 = ( GEOMETRIC_REPRESENTATION_CONTEXT(2) 
PARAMETRIC_REPRESENTATION_CONTEXT() REPRESENTATION_CONTEXT('2D SPACE',''
  ) );
#566 = ORIENTED_EDGE('',*,*,#567,.T.);
#567 = EDGE_CURVE('',#542,#24,#568,.T.);
#568 = SURFACE_CURVE('',#569,(#573,#579),.PCURVE_S1.);
#569 = LINE('',#570,#571);
#570 = CARTESIAN_POINT('',(-93.2,154.8,56.8));
#571 = VECTOR('',#572,1.);
#572 = DIRECTION('',(-1.,0.,0.));
#573 = PCURVE('',#44,#574);
#574 = DEFINITIONAL_REPRESENTATION('',(#575),#578);
#575 = B_SPLINE_CURVE_WITH_KNOTS('',1,(#576,#577),.UNSPECIFIED.,.F.,.F.,
  (2,2),(-10.6,-0.2),.PIECEWISE_BEZIER_KNOTS.);
#576 = CARTESIAN_POINT('',(10.4,154.8));
#577 = CARTESIAN_POINT('',(0.,154.8));
#578 = ( GEOMETRIC_REPRESENTATION_CONTEXT(2) 
PARAMETRIC_REPRESENTATION_CONTEXT() REPRESENTATION_CONTEXT('2D SPACE',''
  ) );
#579 = PCURVE('',#124,#580);
#580 = DEFINITIONAL_REPRESENTATION('',(#581),#584);
#581 = B_SPLINE_CURVE_WITH_KNOTS('',1,(#582,#583),.UNSPECIFIED.,.F.,.F.,
  (2,2),(-10.6,-0.2),.PIECEWISE_BEZIER_KNOTS.);
#582 = CARTESIAN_POINT('',(19.6,10.8));
#583 = CARTESIAN_POINT('',(19.6,0.4));
#584 = ( GEOMETRIC_REPRESENTATION_CONTEXT(2) 
PARAMETRIC_REPRESENTATION_CONTEXT() REPRESENTATION_CONTEXT('2D SPACE',''
  ) );
#585 = ADVANCED_FACE('',(#586),#124,.T.);
#586 = FACE_BOUND('',#587,.T.);
#587 = EDGE_LOOP('',(#588,#611,#638,#664,#684,#685));
#588 = ORIENTED_EDGE('',*,*,#589,.F.);
#589 = EDGE_CURVE('',#590,#542,#592,.T.);
#590 = VERTEX_POINT('',#591);
#591 = CARTESIAN_POINT('',(-82.6,154.8,54.8));
#592 = SURFACE_CURVE('',#593,(#597,#604),.PCURVE_S1.);
#593 = LINE('',#594,#595);
#594 = CARTESIAN_POINT('',(-82.6,154.8,37.2));
#595 = VECTOR('',#596,1.);
#596 = DIRECTION('',(0.,0.,1.));
#597 = PCURVE('',#124,#598);
#598 = DEFINITIONAL_REPRESENTATION('',(#599),#603);
#599 = LINE('',#600,#601);
#600 = CARTESIAN_POINT('',(0.,10.8));
#601 = VECTOR('',#602,1.);
#602 = DIRECTION('',(1.,0.));
#603 = ( GEOMETRIC_REPRESENTATION_CONTEXT(2) 
PARAMETRIC_REPRESENTATION_CONTEXT() REPRESENTATION_CONTEXT('2D SPACE',''
  ) );
#604 = PCURVE('',#556,#605);
#605 = DEFINITIONAL_REPRESENTATION('',(#606),#610);
#606 = LINE('',#607,#608);
#607 = CARTESIAN_POINT('',(0.,0.));
#608 = VECTOR('',#609,1.);
#609 = DIRECTION('',(1.,0.));
#610 = ( GEOMETRIC_REPRESENTATION_CONTEXT(2) 
PARAMETRIC_REPRESENTATION_CONTEXT() REPRESENTATION_CONTEXT('2D SPACE',''
  ) );
#611 = ORIENTED_EDGE('',*,*,#612,.F.);
#612 = EDGE_CURVE('',#613,#590,#615,.T.);
#613 = VERTEX_POINT('',#614);
#614 = CARTESIAN_POINT('',(-90.5,154.8,54.8));
#615 = SURFACE_CURVE('',#616,(#620,#626),.PCURVE_S1.);
#616 = LINE('',#617,#618);
#617 = CARTESIAN_POINT('',(-91.95,154.8,54.8));
#618 = VECTOR('',#619,1.);
#619 = DIRECTION('',(1.,0.,0.));
#620 = PCURVE('',#124,#621);
#621 = DEFINITIONAL_REPRESENTATION('',(#622),#625);
#622 = B_SPLINE_CURVE_WITH_KNOTS('',1,(#623,#624),.UNSPECIFIED.,.F.,.F.,
  (2,2),(1.45,9.35),.PIECEWISE_BEZIER_KNOTS.);
#623 = CARTESIAN_POINT('',(17.6,2.9));
#624 = CARTESIAN_POINT('',(17.6,10.8));
#625 = ( GEOMETRIC_REPRESENTATION_CONTEXT(2) 
PARAMETRIC_REPRESENTATION_CONTEXT() REPRESENTATION_CONTEXT('2D SPACE',''
  ) );
#626 = PCURVE('',#627,#632);
#627 = PLANE('',#628);
#628 = AXIS2_PLACEMENT_3D('',#629,#630,#631);
#629 = CARTESIAN_POINT('',(-90.5,2.5,54.8));
#630 = DIRECTION('',(0.,0.,1.));
#631 = DIRECTION('',(1.,0.,0.));
#632 = DEFINITIONAL_REPRESENTATION('',(#633),#637);
#633 = LINE('',#634,#635);
#634 = CARTESIAN_POINT('',(-1.45,152.3));
#635 = VECTOR('',#636,1.);
#636 = DIRECTION('',(1.,0.));
#637 = ( GEOMETRIC_REPRESENTATION_CONTEXT(2) 
PARAMETRIC_REPRESENTATION_CONTEXT() REPRESENTATION_CONTEXT('2D SPACE',''
  ) );
#638 = ORIENTED_EDGE('',*,*,#639,.T.);
#639 = EDGE_CURVE('',#613,#640,#642,.T.);
#640 = VERTEX_POINT('',#641);
#641 = CARTESIAN_POINT('',(-90.5,154.8,40.2));
#642 = SURFACE_CURVE('',#643,(#647,#653),.PCURVE_S1.);
#643 = LINE('',#644,#645);
#644 = CARTESIAN_POINT('',(-90.5,154.8,38.2));
#645 = VECTOR('',#646,1.);
#646 = DIRECTION('',(0.,0.,-1.));
#647 = PCURVE('',#124,#648);
#648 = DEFINITIONAL_REPRESENTATION('',(#649),#652);
#649 = B_SPLINE_CURVE_WITH_KNOTS('',1,(#650,#651),.UNSPECIFIED.,.F.,.F.,
  (2,2),(-16.6,-2.),.PIECEWISE_BEZIER_KNOTS.);
#650 = CARTESIAN_POINT('',(17.6,2.9));
#651 = CARTESIAN_POINT('',(3.,2.9));
#652 = ( GEOMETRIC_REPRESENTATION_CONTEXT(2) 
PARAMETRIC_REPRESENTATION_CONTEXT() REPRESENTATION_CONTEXT('2D SPACE',''
  ) );
#653 = PCURVE('',#654,#659);
#654 = PLANE('',#655);
#655 = AXIS2_PLACEMENT_3D('',#656,#657,#658);
#656 = CARTESIAN_POINT('',(-90.5,2.5,39.2));
#657 = DIRECTION('',(1.,0.,0.));
#658 = DIRECTION('',(0.,0.,1.));
#659 = DEFINITIONAL_REPRESENTATION('',(#660),#663);
#660 = B_SPLINE_CURVE_WITH_KNOTS('',1,(#661,#662),.UNSPECIFIED.,.F.,.F.,
  (2,2),(-16.6,-2.),.PIECEWISE_BEZIER_KNOTS.);
#661 = CARTESIAN_POINT('',(15.6,-152.3));
#662 = CARTESIAN_POINT('',(1.,-152.3));
#663 = ( GEOMETRIC_REPRESENTATION_CONTEXT(2) 
PARAMETRIC_REPRESENTATION_CONTEXT() REPRESENTATION_CONTEXT('2D SPACE',''
  ) );
#664 = ORIENTED_EDGE('',*,*,#665,.F.);
#665 = EDGE_CURVE('',#85,#640,#666,.T.);
#666 = SURFACE_CURVE('',#667,(#671,#677),.PCURVE_S1.);
#667 = LINE('',#668,#669);
#668 = CARTESIAN_POINT('',(-139.7,154.8,40.2));
#669 = VECTOR('',#670,1.);
#670 = DIRECTION('',(1.,0.,0.));
#671 = PCURVE('',#124,#672);
#672 = DEFINITIONAL_REPRESENTATION('',(#673),#676);
#673 = B_SPLINE_CURVE_WITH_KNOTS('',1,(#674,#675),.UNSPECIFIED.,.F.,.F.,
  (2,2),(46.7,57.1),.PIECEWISE_BEZIER_KNOTS.);
#674 = CARTESIAN_POINT('',(3.,0.4));
#675 = CARTESIAN_POINT('',(3.,10.8));
#676 = ( GEOMETRIC_REPRESENTATION_CONTEXT(2) 
PARAMETRIC_REPRESENTATION_CONTEXT() REPRESENTATION_CONTEXT('2D SPACE',''
  ) );
#677 = PCURVE('',#99,#678);
#678 = DEFINITIONAL_REPRESENTATION('',(#679),#683);
#679 = LINE('',#680,#681);
#680 = CARTESIAN_POINT('',(46.3,155.8));
#681 = VECTOR('',#682,1.);
#682 = DIRECTION('',(1.,0.));
#683 = ( GEOMETRIC_REPRESENTATION_CONTEXT(2) 
PARAMETRIC_REPRESENTATION_CONTEXT() REPRESENTATION_CONTEXT('2D SPACE',''
  ) );
#684 = ORIENTED_EDGE('',*,*,#111,.T.);
#685 = ORIENTED_EDGE('',*,*,#567,.F.);
#686 = ADVANCED_FACE('',(#687,#995,#1080,#1165,#1200),#99,.F.);
#687 = FACE_BOUND('',#688,.F.);
#688 = EDGE_LOOP('',(#689,#724,#751,#771,#772,#773,#797,#819,#843,#865,
    #887,#914,#941,#970));
#689 = ORIENTED_EDGE('',*,*,#690,.F.);
#690 = EDGE_CURVE('',#691,#693,#695,.T.);
#691 = VERTEX_POINT('',#692);
#692 = CARTESIAN_POINT('',(-90.5,4.6,40.2));
#693 = VERTEX_POINT('',#694);
#694 = CARTESIAN_POINT('',(-85.35757147143,2.5,40.2));
#695 = SURFACE_CURVE('',#696,(#701,#712),.PCURVE_S1.);
#696 = CIRCLE('',#697,3.);
#697 = AXIS2_PLACEMENT_3D('',#698,#699,#700);
#698 = CARTESIAN_POINT('',(-87.5,4.6,40.2));
#699 = DIRECTION('',(-0.,0.,-1.));
#700 = DIRECTION('',(-1.,-2.960594732334E-16,0.));
#701 = PCURVE('',#99,#702);
#702 = DEFINITIONAL_REPRESENTATION('',(#703),#711);
#703 = ( BOUNDED_CURVE() B_SPLINE_CURVE(2,(#704,#705,#706,#707,#708,#709
,#710),.UNSPECIFIED.,.T.,.F.) B_SPLINE_CURVE_WITH_KNOTS((1,2,2,2,2,1),(
    -2.094395102393,0.,2.094395102393,4.188790204786,6.28318530718,
8.377580409573),.UNSPECIFIED.) CURVE() GEOMETRIC_REPRESENTATION_ITEM() 
RATIONAL_B_SPLINE_CURVE((1.,0.5,1.,0.5,1.,0.5,1.)) REPRESENTATION_ITEM(
  '') );
#704 = CARTESIAN_POINT('',(95.5,5.6));
#705 = CARTESIAN_POINT('',(95.5,10.796152422707));
#706 = CARTESIAN_POINT('',(100.,8.198076211353));
#707 = CARTESIAN_POINT('',(104.5,5.6));
#708 = CARTESIAN_POINT('',(100.,3.001923788647));
#709 = CARTESIAN_POINT('',(95.5,0.403847577293));
#710 = CARTESIAN_POINT('',(95.5,5.6));
#711 = ( GEOMETRIC_REPRESENTATION_CONTEXT(2) 
PARAMETRIC_REPRESENTATION_CONTEXT() REPRESENTATION_CONTEXT('2D SPACE',''
  ) );
#712 = PCURVE('',#713,#718);
#713 = CYLINDRICAL_SURFACE('',#714,3.);
#714 = AXIS2_PLACEMENT_3D('',#715,#716,#717);
#715 = CARTESIAN_POINT('',(-87.5,4.6,40.2));
#716 = DIRECTION('',(-0.,-0.,-1.));
#717 = DIRECTION('',(1.,0.,0.));
#718 = DEFINITIONAL_REPRESENTATION('',(#719),#723);
#719 = LINE('',#720,#721);
#720 = CARTESIAN_POINT('',(-9.424777960769,0.));
#721 = VECTOR('',#722,1.);
#722 = DIRECTION('',(1.,-0.));
#723 = ( GEOMETRIC_REPRESENTATION_CONTEXT(2) 
PARAMETRIC_REPRESENTATION_CONTEXT() REPRESENTATION_CONTEXT('2D SPACE',''
  ) );
#724 = ORIENTED_EDGE('',*,*,#725,.T.);
#725 = EDGE_CURVE('',#691,#726,#728,.T.);
#726 = VERTEX_POINT('',#727);
#727 = CARTESIAN_POINT('',(-90.5,145.6,40.2));
#728 = SURFACE_CURVE('',#729,(#733,#740),.PCURVE_S1.);
#729 = LINE('',#730,#731);
#730 = CARTESIAN_POINT('',(-90.5,0.75,40.2));
#731 = VECTOR('',#732,1.);
#732 = DIRECTION('',(0.,1.,0.));
#733 = PCURVE('',#99,#734);
#734 = DEFINITIONAL_REPRESENTATION('',(#735),#739);
#735 = LINE('',#736,#737);
#736 = CARTESIAN_POINT('',(95.5,1.75));
#737 = VECTOR('',#738,1.);
#738 = DIRECTION('',(0.,1.));
#739 = ( GEOMETRIC_REPRESENTATION_CONTEXT(2) 
PARAMETRIC_REPRESENTATION_CONTEXT() REPRESENTATION_CONTEXT('2D SPACE',''
  ) );
#740 = PCURVE('',#741,#746);
#741 = PLANE('',#742);
#742 = AXIS2_PLACEMENT_3D('',#743,#744,#745);
#743 = CARTESIAN_POINT('',(-90.5,2.5,39.2));
#744 = DIRECTION('',(1.,0.,0.));
#745 = DIRECTION('',(0.,0.,1.));
#746 = DEFINITIONAL_REPRESENTATION('',(#747),#750);
#747 = B_SPLINE_CURVE_WITH_KNOTS('',1,(#748,#749),.UNSPECIFIED.,.F.,.F.,
  (2,2),(1.75,160.95),.PIECEWISE_BEZIER_KNOTS.);
#748 = CARTESIAN_POINT('',(1.,0.));
#749 = CARTESIAN_POINT('',(1.,-159.2));
#750 = ( GEOMETRIC_REPRESENTATION_CONTEXT(2) 
PARAMETRIC_REPRESENTATION_CONTEXT() REPRESENTATION_CONTEXT('2D SPACE',''
  ) );
#751 = ORIENTED_EDGE('',*,*,#752,.T.);
#752 = EDGE_CURVE('',#726,#640,#753,.T.);
#753 = SURFACE_CURVE('',#754,(#758,#765),.PCURVE_S1.);
#754 = LINE('',#755,#756);
#755 = CARTESIAN_POINT('',(-90.5,0.75,40.2));
#756 = VECTOR('',#757,1.);
#757 = DIRECTION('',(0.,1.,0.));
#758 = PCURVE('',#99,#759);
#759 = DEFINITIONAL_REPRESENTATION('',(#760),#764);
#760 = LINE('',#761,#762);
#761 = CARTESIAN_POINT('',(95.5,1.75));
#762 = VECTOR('',#763,1.);
#763 = DIRECTION('',(0.,1.));
#764 = ( GEOMETRIC_REPRESENTATION_CONTEXT(2) 
PARAMETRIC_REPRESENTATION_CONTEXT() REPRESENTATION_CONTEXT('2D SPACE',''
  ) );
#765 = PCURVE('',#654,#766);
#766 = DEFINITIONAL_REPRESENTATION('',(#767),#770);
#767 = B_SPLINE_CURVE_WITH_KNOTS('',1,(#768,#769),.UNSPECIFIED.,.F.,.F.,
  (2,2),(1.75,160.95),.PIECEWISE_BEZIER_KNOTS.);
#768 = CARTESIAN_POINT('',(1.,0.));
#769 = CARTESIAN_POINT('',(1.,-159.2));
#770 = ( GEOMETRIC_REPRESENTATION_CONTEXT(2) 
PARAMETRIC_REPRESENTATION_CONTEXT() REPRESENTATION_CONTEXT('2D SPACE',''
  ) );
#771 = ORIENTED_EDGE('',*,*,#665,.F.);
#772 = ORIENTED_EDGE('',*,*,#84,.T.);
#773 = ORIENTED_EDGE('',*,*,#774,.T.);
#774 = EDGE_CURVE('',#57,#775,#777,.T.);
#775 = VERTEX_POINT('',#776);
#776 = CARTESIAN_POINT('',(-90.,-4.440892098501E-16,40.2));
#777 = SURFACE_CURVE('',#778,(#783,#790),.PCURVE_S1.);
#778 = CIRCLE('',#779,3.);
#779 = AXIS2_PLACEMENT_3D('',#780,#781,#782);
#780 = CARTESIAN_POINT('',(-90.,3.,40.2));
#781 = DIRECTION('',(0.,0.,1.));
#782 = DIRECTION('',(-1.,-0.,0.));
#783 = PCURVE('',#99,#784);
#784 = DEFINITIONAL_REPRESENTATION('',(#785),#789);
#785 = CIRCLE('',#786,3.);
#786 = AXIS2_PLACEMENT_2D('',#787,#788);
#787 = CARTESIAN_POINT('',(96.,4.));
#788 = DIRECTION('',(-1.,0.));
#789 = ( GEOMETRIC_REPRESENTATION_CONTEXT(2) 
PARAMETRIC_REPRESENTATION_CONTEXT() REPRESENTATION_CONTEXT('2D SPACE',''
  ) );
#790 = PCURVE('',#72,#791);
#791 = DEFINITIONAL_REPRESENTATION('',(#792),#796);
#792 = LINE('',#793,#794);
#793 = CARTESIAN_POINT('',(0.,2.));
#794 = VECTOR('',#795,1.);
#795 = DIRECTION('',(1.,0.));
#796 = ( GEOMETRIC_REPRESENTATION_CONTEXT(2) 
PARAMETRIC_REPRESENTATION_CONTEXT() REPRESENTATION_CONTEXT('2D SPACE',''
  ) );
#797 = ORIENTED_EDGE('',*,*,#798,.T.);
#798 = EDGE_CURVE('',#775,#799,#801,.T.);
#799 = VERTEX_POINT('',#800);
#800 = CARTESIAN_POINT('',(90.,-4.440892098501E-16,40.2));
#801 = SURFACE_CURVE('',#802,(#806,#813),.PCURVE_S1.);
#802 = LINE('',#803,#804);
#803 = CARTESIAN_POINT('',(-139.5,0.,40.2));
#804 = VECTOR('',#805,1.);
#805 = DIRECTION('',(1.,0.,0.));
#806 = PCURVE('',#99,#807);
#807 = DEFINITIONAL_REPRESENTATION('',(#808),#812);
#808 = LINE('',#809,#810);
#809 = CARTESIAN_POINT('',(46.5,1.));
#810 = VECTOR('',#811,1.);
#811 = DIRECTION('',(1.,0.));
#812 = ( GEOMETRIC_REPRESENTATION_CONTEXT(2) 
PARAMETRIC_REPRESENTATION_CONTEXT() REPRESENTATION_CONTEXT('2D SPACE',''
  ) );
#813 = PCURVE('',#179,#814);
#814 = DEFINITIONAL_REPRESENTATION('',(#815),#818);
#815 = B_SPLINE_CURVE_WITH_KNOTS('',1,(#816,#817),.UNSPECIFIED.,.F.,.F.,
  (2,2),(49.5,229.5),.PIECEWISE_BEZIER_KNOTS.);
#816 = CARTESIAN_POINT('',(2.,3.));
#817 = CARTESIAN_POINT('',(2.,183.));
#818 = ( GEOMETRIC_REPRESENTATION_CONTEXT(2) 
PARAMETRIC_REPRESENTATION_CONTEXT() REPRESENTATION_CONTEXT('2D SPACE',''
  ) );
#819 = ORIENTED_EDGE('',*,*,#820,.T.);
#820 = EDGE_CURVE('',#799,#821,#823,.T.);
#821 = VERTEX_POINT('',#822);
#822 = CARTESIAN_POINT('',(93.,3.,40.2));
#823 = SURFACE_CURVE('',#824,(#829,#836),.PCURVE_S1.);
#824 = CIRCLE('',#825,3.);
#825 = AXIS2_PLACEMENT_3D('',#826,#827,#828);
#826 = CARTESIAN_POINT('',(90.,3.,40.2));
#827 = DIRECTION('',(0.,0.,1.));
#828 = DIRECTION('',(1.,0.,-0.));
#829 = PCURVE('',#99,#830);
#830 = DEFINITIONAL_REPRESENTATION('',(#831),#835);
#831 = CIRCLE('',#832,3.);
#832 = AXIS2_PLACEMENT_2D('',#833,#834);
#833 = CARTESIAN_POINT('',(276.,4.));
#834 = DIRECTION('',(1.,0.));
#835 = ( GEOMETRIC_REPRESENTATION_CONTEXT(2) 
PARAMETRIC_REPRESENTATION_CONTEXT() REPRESENTATION_CONTEXT('2D SPACE',''
  ) );
#836 = PCURVE('',#212,#837);
#837 = DEFINITIONAL_REPRESENTATION('',(#838),#842);
#838 = LINE('',#839,#840);
#839 = CARTESIAN_POINT('',(-6.28318530718,2.));
#840 = VECTOR('',#841,1.);
#841 = DIRECTION('',(1.,-0.));
#842 = ( GEOMETRIC_REPRESENTATION_CONTEXT(2) 
PARAMETRIC_REPRESENTATION_CONTEXT() REPRESENTATION_CONTEXT('2D SPACE',''
  ) );
#843 = ORIENTED_EDGE('',*,*,#844,.F.);
#844 = EDGE_CURVE('',#845,#821,#847,.T.);
#845 = VERTEX_POINT('',#846);
#846 = CARTESIAN_POINT('',(93.,154.8,40.2));
#847 = SURFACE_CURVE('',#848,(#852,#859),.PCURVE_S1.);
#848 = LINE('',#849,#850);
#849 = CARTESIAN_POINT('',(93.,-0.5,40.2));
#850 = VECTOR('',#851,1.);
#851 = DIRECTION('',(0.,-1.,0.));
#852 = PCURVE('',#99,#853);
#853 = DEFINITIONAL_REPRESENTATION('',(#854),#858);
#854 = LINE('',#855,#856);
#855 = CARTESIAN_POINT('',(279.,0.5));
#856 = VECTOR('',#857,1.);
#857 = DIRECTION('',(0.,-1.));
#858 = ( GEOMETRIC_REPRESENTATION_CONTEXT(2) 
PARAMETRIC_REPRESENTATION_CONTEXT() REPRESENTATION_CONTEXT('2D SPACE',''
  ) );
#859 = PCURVE('',#240,#860);
#860 = DEFINITIONAL_REPRESENTATION('',(#861),#864);
#861 = B_SPLINE_CURVE_WITH_KNOTS('',1,(#862,#863),.UNSPECIFIED.,.F.,.F.,
  (2,2),(-155.3,-3.5),.PIECEWISE_BEZIER_KNOTS.);
#862 = CARTESIAN_POINT('',(2.,-154.8));
#863 = CARTESIAN_POINT('',(2.,-3.));
#864 = ( GEOMETRIC_REPRESENTATION_CONTEXT(2) 
PARAMETRIC_REPRESENTATION_CONTEXT() REPRESENTATION_CONTEXT('2D SPACE',''
  ) );
#865 = ORIENTED_EDGE('',*,*,#866,.F.);
#866 = EDGE_CURVE('',#867,#845,#869,.T.);
#867 = VERTEX_POINT('',#868);
#868 = CARTESIAN_POINT('',(90.5,154.8,40.2));
#869 = SURFACE_CURVE('',#870,(#874,#881),.PCURVE_S1.);
#870 = LINE('',#871,#872);
#871 = CARTESIAN_POINT('',(-51.7,154.8,40.2));
#872 = VECTOR('',#873,1.);
#873 = DIRECTION('',(1.,0.,0.));
#874 = PCURVE('',#99,#875);
#875 = DEFINITIONAL_REPRESENTATION('',(#876),#880);
#876 = LINE('',#877,#878);
#877 = CARTESIAN_POINT('',(134.3,155.8));
#878 = VECTOR('',#879,1.);
#879 = DIRECTION('',(1.,0.));
#880 = ( GEOMETRIC_REPRESENTATION_CONTEXT(2) 
PARAMETRIC_REPRESENTATION_CONTEXT() REPRESENTATION_CONTEXT('2D SPACE',''
  ) );
#881 = PCURVE('',#267,#882);
#882 = DEFINITIONAL_REPRESENTATION('',(#883),#886);
#883 = B_SPLINE_CURVE_WITH_KNOTS('',1,(#884,#885),.UNSPECIFIED.,.F.,.F.,
  (2,2),(134.3,144.7),.PIECEWISE_BEZIER_KNOTS.);
#884 = CARTESIAN_POINT('',(3.,0.));
#885 = CARTESIAN_POINT('',(3.,10.4));
#886 = ( GEOMETRIC_REPRESENTATION_CONTEXT(2) 
PARAMETRIC_REPRESENTATION_CONTEXT() REPRESENTATION_CONTEXT('2D SPACE',''
  ) );
#887 = ORIENTED_EDGE('',*,*,#888,.F.);
#888 = EDGE_CURVE('',#889,#867,#891,.T.);
#889 = VERTEX_POINT('',#890);
#890 = CARTESIAN_POINT('',(90.5,145.6,40.2));
#891 = SURFACE_CURVE('',#892,(#896,#903),.PCURVE_S1.);
#892 = LINE('',#893,#894);
#893 = CARTESIAN_POINT('',(90.5,0.75,40.2));
#894 = VECTOR('',#895,1.);
#895 = DIRECTION('',(0.,1.,0.));
#896 = PCURVE('',#99,#897);
#897 = DEFINITIONAL_REPRESENTATION('',(#898),#902);
#898 = LINE('',#899,#900);
#899 = CARTESIAN_POINT('',(276.5,1.75));
#900 = VECTOR('',#901,1.);
#901 = DIRECTION('',(0.,1.));
#902 = ( GEOMETRIC_REPRESENTATION_CONTEXT(2) 
PARAMETRIC_REPRESENTATION_CONTEXT() REPRESENTATION_CONTEXT('2D SPACE',''
  ) );
#903 = PCURVE('',#904,#909);
#904 = PLANE('',#905);
#905 = AXIS2_PLACEMENT_3D('',#906,#907,#908);
#906 = CARTESIAN_POINT('',(90.5,2.5,39.2));
#907 = DIRECTION('',(1.,0.,0.));
#908 = DIRECTION('',(0.,0.,1.));
#909 = DEFINITIONAL_REPRESENTATION('',(#910),#913);
#910 = B_SPLINE_CURVE_WITH_KNOTS('',1,(#911,#912),.UNSPECIFIED.,.F.,.F.,
  (2,2),(1.75,160.95),.PIECEWISE_BEZIER_KNOTS.);
#911 = CARTESIAN_POINT('',(1.,0.));
#912 = CARTESIAN_POINT('',(1.,-159.2));
#913 = ( GEOMETRIC_REPRESENTATION_CONTEXT(2) 
PARAMETRIC_REPRESENTATION_CONTEXT() REPRESENTATION_CONTEXT('2D SPACE',''
  ) );
#914 = ORIENTED_EDGE('',*,*,#915,.F.);
#915 = EDGE_CURVE('',#916,#889,#918,.T.);
#916 = VERTEX_POINT('',#917);
#917 = CARTESIAN_POINT('',(90.5,4.6,40.2));
#918 = SURFACE_CURVE('',#919,(#923,#930),.PCURVE_S1.);
#919 = LINE('',#920,#921);
#920 = CARTESIAN_POINT('',(90.5,0.75,40.2));
#921 = VECTOR('',#922,1.);
#922 = DIRECTION('',(0.,1.,0.));
#923 = PCURVE('',#99,#924);
#924 = DEFINITIONAL_REPRESENTATION('',(#925),#929);
#925 = LINE('',#926,#927);
#926 = CARTESIAN_POINT('',(276.5,1.75));
#927 = VECTOR('',#928,1.);
#928 = DIRECTION('',(0.,1.));
#929 = ( GEOMETRIC_REPRESENTATION_CONTEXT(2) 
PARAMETRIC_REPRESENTATION_CONTEXT() REPRESENTATION_CONTEXT('2D SPACE',''
  ) );
#930 = PCURVE('',#931,#936);
#931 = PLANE('',#932);
#932 = AXIS2_PLACEMENT_3D('',#933,#934,#935);
#933 = CARTESIAN_POINT('',(90.5,2.5,39.2));
#934 = DIRECTION('',(1.,0.,0.));
#935 = DIRECTION('',(0.,0.,1.));
#936 = DEFINITIONAL_REPRESENTATION('',(#937),#940);
#937 = B_SPLINE_CURVE_WITH_KNOTS('',1,(#938,#939),.UNSPECIFIED.,.F.,.F.,
  (2,2),(1.75,160.95),.PIECEWISE_BEZIER_KNOTS.);
#938 = CARTESIAN_POINT('',(1.,0.));
#939 = CARTESIAN_POINT('',(1.,-159.2));
#940 = ( GEOMETRIC_REPRESENTATION_CONTEXT(2) 
PARAMETRIC_REPRESENTATION_CONTEXT() REPRESENTATION_CONTEXT('2D SPACE',''
  ) );
#941 = ORIENTED_EDGE('',*,*,#942,.T.);
#942 = EDGE_CURVE('',#916,#943,#945,.T.);
#943 = VERTEX_POINT('',#944);
#944 = CARTESIAN_POINT('',(85.357571471437,2.5,40.2));
#945 = SURFACE_CURVE('',#946,(#951,#958),.PCURVE_S1.);
#946 = CIRCLE('',#947,3.);
#947 = AXIS2_PLACEMENT_3D('',#948,#949,#950);
#948 = CARTESIAN_POINT('',(87.5,4.6,40.2));
#949 = DIRECTION('',(0.,0.,1.));
#950 = DIRECTION('',(1.,0.,0.));
#951 = PCURVE('',#99,#952);
#952 = DEFINITIONAL_REPRESENTATION('',(#953),#957);
#953 = CIRCLE('',#954,3.);
#954 = AXIS2_PLACEMENT_2D('',#955,#956);
#955 = CARTESIAN_POINT('',(273.5,5.6));
#956 = DIRECTION('',(1.,0.));
#957 = ( GEOMETRIC_REPRESENTATION_CONTEXT(2) 
PARAMETRIC_REPRESENTATION_CONTEXT() REPRESENTATION_CONTEXT('2D SPACE',''
  ) );
#958 = PCURVE('',#959,#964);
#959 = CYLINDRICAL_SURFACE('',#960,3.);
#960 = AXIS2_PLACEMENT_3D('',#961,#962,#963);
#961 = CARTESIAN_POINT('',(87.5,4.6,40.2));
#962 = DIRECTION('',(-0.,-0.,-1.));
#963 = DIRECTION('',(1.,0.,0.));
#964 = DEFINITIONAL_REPRESENTATION('',(#965),#969);
#965 = LINE('',#966,#967);
#966 = CARTESIAN_POINT('',(-0.,0.));
#967 = VECTOR('',#968,1.);
#968 = DIRECTION('',(-1.,0.));
#969 = ( GEOMETRIC_REPRESENTATION_CONTEXT(2) 
PARAMETRIC_REPRESENTATION_CONTEXT() REPRESENTATION_CONTEXT('2D SPACE',''
  ) );
#970 = ORIENTED_EDGE('',*,*,#971,.T.);
#971 = EDGE_CURVE('',#943,#693,#972,.T.);
#972 = SURFACE_CURVE('',#973,(#977,#984),.PCURVE_S1.);
#973 = LINE('',#974,#975);
#974 = CARTESIAN_POINT('',(-138.25,2.5,40.2));
#975 = VECTOR('',#976,1.);
#976 = DIRECTION('',(-1.,0.,0.));
#977 = PCURVE('',#99,#978);
#978 = DEFINITIONAL_REPRESENTATION('',(#979),#983);
#979 = LINE('',#980,#981);
#980 = CARTESIAN_POINT('',(47.75,3.5));
#981 = VECTOR('',#982,1.);
#982 = DIRECTION('',(-1.,0.));
#983 = ( GEOMETRIC_REPRESENTATION_CONTEXT(2) 
PARAMETRIC_REPRESENTATION_CONTEXT() REPRESENTATION_CONTEXT('2D SPACE',''
  ) );
#984 = PCURVE('',#985,#990);
#985 = PLANE('',#986);
#986 = AXIS2_PLACEMENT_3D('',#987,#988,#989);
#987 = CARTESIAN_POINT('',(-90.5,2.5,39.2));
#988 = DIRECTION('',(0.,1.,0.));
#989 = DIRECTION('',(0.,0.,1.));
#990 = DEFINITIONAL_REPRESENTATION('',(#991),#994);
#991 = B_SPLINE_CURVE_WITH_KNOTS('',1,(#992,#993),.UNSPECIFIED.,.F.,.F.,
  (2,2),(-228.75,-47.75),.PIECEWISE_BEZIER_KNOTS.);
#992 = CARTESIAN_POINT('',(1.,181.));
#993 = CARTESIAN_POINT('',(1.,0.));
#994 = ( GEOMETRIC_REPRESENTATION_CONTEXT(2) 
PARAMETRIC_REPRESENTATION_CONTEXT() REPRESENTATION_CONTEXT('2D SPACE',''
  ) );
#995 = FACE_BOUND('',#996,.F.);
#996 = EDGE_LOOP('',(#997,#1026,#1055));
#997 = ORIENTED_EDGE('',*,*,#998,.T.);
#998 = EDGE_CURVE('',#999,#1001,#1003,.T.);
#999 = VERTEX_POINT('',#1000);
#1000 = CARTESIAN_POINT('',(-90.5,2.5,40.2));
#1001 = VERTEX_POINT('',#1002);
#1002 = CARTESIAN_POINT('',(-90.5,4.6,40.2));
#1003 = SURFACE_CURVE('',#1004,(#1008,#1015),.PCURVE_S1.);
#1004 = LINE('',#1005,#1006);
#1005 = CARTESIAN_POINT('',(-90.5,0.75,40.2));
#1006 = VECTOR('',#1007,1.);
#1007 = DIRECTION('',(0.,1.,0.));
#1008 = PCURVE('',#99,#1009);
#1009 = DEFINITIONAL_REPRESENTATION('',(#1010),#1014);
#1010 = LINE('',#1011,#1012);
#1011 = CARTESIAN_POINT('',(95.5,1.75));
#1012 = VECTOR('',#1013,1.);
#1013 = DIRECTION('',(0.,1.));
#1014 = ( GEOMETRIC_REPRESENTATION_CONTEXT(2) 
PARAMETRIC_REPRESENTATION_CONTEXT() REPRESENTATION_CONTEXT('2D SPACE',''
  ) );
#1015 = PCURVE('',#1016,#1021);
#1016 = PLANE('',#1017);
#1017 = AXIS2_PLACEMENT_3D('',#1018,#1019,#1020);
#1018 = CARTESIAN_POINT('',(-90.5,2.5,39.2));
#1019 = DIRECTION('',(1.,0.,0.));
#1020 = DIRECTION('',(0.,0.,1.));
#1021 = DEFINITIONAL_REPRESENTATION('',(#1022),#1025);
#1022 = B_SPLINE_CURVE_WITH_KNOTS('',1,(#1023,#1024),.UNSPECIFIED.,.F.,
  .F.,(2,2),(1.75,160.95),.PIECEWISE_BEZIER_KNOTS.);
#1023 = CARTESIAN_POINT('',(1.,0.));
#1024 = CARTESIAN_POINT('',(1.,-159.2));
#1025 = ( GEOMETRIC_REPRESENTATION_CONTEXT(2) 
PARAMETRIC_REPRESENTATION_CONTEXT() REPRESENTATION_CONTEXT('2D SPACE',''
  ) );
#1026 = ORIENTED_EDGE('',*,*,#1027,.T.);
#1027 = EDGE_CURVE('',#1001,#1028,#1030,.T.);
#1028 = VERTEX_POINT('',#1029);
#1029 = CARTESIAN_POINT('',(-89.64242852856,2.5,40.2));
#1030 = SURFACE_CURVE('',#1031,(#1036,#1043),.PCURVE_S1.);
#1031 = CIRCLE('',#1032,3.);
#1032 = AXIS2_PLACEMENT_3D('',#1033,#1034,#1035);
#1033 = CARTESIAN_POINT('',(-87.5,4.6,40.2));
#1034 = DIRECTION('',(0.,0.,1.));
#1035 = DIRECTION('',(1.,0.,0.));
#1036 = PCURVE('',#99,#1037);
#1037 = DEFINITIONAL_REPRESENTATION('',(#1038),#1042);
#1038 = CIRCLE('',#1039,3.);
#1039 = AXIS2_PLACEMENT_2D('',#1040,#1041);
#1040 = CARTESIAN_POINT('',(98.5,5.6));
#1041 = DIRECTION('',(1.,0.));
#1042 = ( GEOMETRIC_REPRESENTATION_CONTEXT(2) 
PARAMETRIC_REPRESENTATION_CONTEXT() REPRESENTATION_CONTEXT('2D SPACE',''
  ) );
#1043 = PCURVE('',#1044,#1049);
#1044 = CYLINDRICAL_SURFACE('',#1045,3.);
#1045 = AXIS2_PLACEMENT_3D('',#1046,#1047,#1048);
#1046 = CARTESIAN_POINT('',(-87.5,4.6,40.2));
#1047 = DIRECTION('',(-0.,-0.,-1.));
#1048 = DIRECTION('',(1.,0.,0.));
#1049 = DEFINITIONAL_REPRESENTATION('',(#1050),#1054);
#1050 = LINE('',#1051,#1052);
#1051 = CARTESIAN_POINT('',(-0.,0.));
#1052 = VECTOR('',#1053,1.);
#1053 = DIRECTION('',(-1.,0.));
#1054 = ( GEOMETRIC_REPRESENTATION_CONTEXT(2) 
PARAMETRIC_REPRESENTATION_CONTEXT() REPRESENTATION_CONTEXT('2D SPACE',''
  ) );
#1055 = ORIENTED_EDGE('',*,*,#1056,.T.);
#1056 = EDGE_CURVE('',#1028,#999,#1057,.T.);
#1057 = SURFACE_CURVE('',#1058,(#1062,#1069),.PCURVE_S1.);
#1058 = LINE('',#1059,#1060);
#1059 = CARTESIAN_POINT('',(-138.25,2.5,40.2));
#1060 = VECTOR('',#1061,1.);
#1061 = DIRECTION('',(-1.,0.,0.));
#1062 = PCURVE('',#99,#1063);
#1063 = DEFINITIONAL_REPRESENTATION('',(#1064),#1068);
#1064 = LINE('',#1065,#1066);
#1065 = CARTESIAN_POINT('',(47.75,3.5));
#1066 = VECTOR('',#1067,1.);
#1067 = DIRECTION('',(-1.,0.));
#1068 = ( GEOMETRIC_REPRESENTATION_CONTEXT(2) 
PARAMETRIC_REPRESENTATION_CONTEXT() REPRESENTATION_CONTEXT('2D SPACE',''
  ) );
#1069 = PCURVE('',#1070,#1075);
#1070 = PLANE('',#1071);
#1071 = AXIS2_PLACEMENT_3D('',#1072,#1073,#1074);
#1072 = CARTESIAN_POINT('',(-90.5,2.5,39.2));
#1073 = DIRECTION('',(0.,1.,0.));
#1074 = DIRECTION('',(0.,0.,1.));
#1075 = DEFINITIONAL_REPRESENTATION('',(#1076),#1079);
#1076 = B_SPLINE_CURVE_WITH_KNOTS('',1,(#1077,#1078),.UNSPECIFIED.,.F.,
  .F.,(2,2),(-228.75,-47.75),.PIECEWISE_BEZIER_KNOTS.);
#1077 = CARTESIAN_POINT('',(1.,181.));
#1078 = CARTESIAN_POINT('',(1.,0.));
#1079 = ( GEOMETRIC_REPRESENTATION_CONTEXT(2) 
PARAMETRIC_REPRESENTATION_CONTEXT() REPRESENTATION_CONTEXT('2D SPACE',''
  ) );
#1080 = FACE_BOUND('',#1081,.F.);
#1081 = EDGE_LOOP('',(#1082,#1113,#1140));
#1082 = ORIENTED_EDGE('',*,*,#1083,.T.);
#1083 = EDGE_CURVE('',#1084,#1086,#1088,.T.);
#1084 = VERTEX_POINT('',#1085);
#1085 = CARTESIAN_POINT('',(89.642428528563,2.5,40.2));
#1086 = VERTEX_POINT('',#1087);
#1087 = CARTESIAN_POINT('',(90.5,4.6,40.2));
#1088 = SURFACE_CURVE('',#1089,(#1094,#1101),.PCURVE_S1.);
#1089 = CIRCLE('',#1090,3.);
#1090 = AXIS2_PLACEMENT_3D('',#1091,#1092,#1093);
#1091 = CARTESIAN_POINT('',(87.5,4.6,40.2));
#1092 = DIRECTION('',(0.,0.,1.));
#1093 = DIRECTION('',(1.,0.,0.));
#1094 = PCURVE('',#99,#1095);
#1095 = DEFINITIONAL_REPRESENTATION('',(#1096),#1100);
#1096 = CIRCLE('',#1097,3.);
#1097 = AXIS2_PLACEMENT_2D('',#1098,#1099);
#1098 = CARTESIAN_POINT('',(273.5,5.6));
#1099 = DIRECTION('',(1.,0.));
#1100 = ( GEOMETRIC_REPRESENTATION_CONTEXT(2) 
PARAMETRIC_REPRESENTATION_CONTEXT() REPRESENTATION_CONTEXT('2D SPACE',''
  ) );
#1101 = PCURVE('',#1102,#1107);
#1102 = CYLINDRICAL_SURFACE('',#1103,3.);
#1103 = AXIS2_PLACEMENT_3D('',#1104,#1105,#1106);
#1104 = CARTESIAN_POINT('',(87.5,4.6,40.2));
#1105 = DIRECTION('',(-0.,-0.,-1.));
#1106 = DIRECTION('',(1.,0.,0.));
#1107 = DEFINITIONAL_REPRESENTATION('',(#1108),#1112);
#1108 = LINE('',#1109,#1110);
#1109 = CARTESIAN_POINT('',(-0.,0.));
#1110 = VECTOR('',#1111,1.);
#1111 = DIRECTION('',(-1.,0.));
#1112 = ( GEOMETRIC_REPRESENTATION_CONTEXT(2) 
PARAMETRIC_REPRESENTATION_CONTEXT() REPRESENTATION_CONTEXT('2D SPACE',''
  ) );
#1113 = ORIENTED_EDGE('',*,*,#1114,.F.);
#1114 = EDGE_CURVE('',#1115,#1086,#1117,.T.);
#1115 = VERTEX_POINT('',#1116);
#1116 = CARTESIAN_POINT('',(90.5,2.5,40.2));
#1117 = SURFACE_CURVE('',#1118,(#1122,#1129),.PCURVE_S1.);
#1118 = LINE('',#1119,#1120);
#1119 = CARTESIAN_POINT('',(90.5,0.75,40.2));
#1120 = VECTOR('',#1121,1.);
#1121 = DIRECTION('',(0.,1.,0.));
#1122 = PCURVE('',#99,#1123);
#1123 = DEFINITIONAL_REPRESENTATION('',(#1124),#1128);
#1124 = LINE('',#1125,#1126);
#1125 = CARTESIAN_POINT('',(276.5,1.75));
#1126 = VECTOR('',#1127,1.);
#1127 = DIRECTION('',(0.,1.));
#1128 = ( GEOMETRIC_REPRESENTATION_CONTEXT(2) 
PARAMETRIC_REPRESENTATION_CONTEXT() REPRESENTATION_CONTEXT('2D SPACE',''
  ) );
#1129 = PCURVE('',#1130,#1135);
#1130 = PLANE('',#1131);
#1131 = AXIS2_PLACEMENT_3D('',#1132,#1133,#1134);
#1132 = CARTESIAN_POINT('',(90.5,2.5,39.2));
#1133 = DIRECTION('',(1.,0.,0.));
#1134 = DIRECTION('',(0.,0.,1.));
#1135 = DEFINITIONAL_REPRESENTATION('',(#1136),#1139);
#1136 = B_SPLINE_CURVE_WITH_KNOTS('',1,(#1137,#1138),.UNSPECIFIED.,.F.,
  .F.,(2,2),(1.75,160.95),.PIECEWISE_BEZIER_KNOTS.);
#1137 = CARTESIAN_POINT('',(1.,0.));
#1138 = CARTESIAN_POINT('',(1.,-159.2));
#1139 = ( GEOMETRIC_REPRESENTATION_CONTEXT(2) 
PARAMETRIC_REPRESENTATION_CONTEXT() REPRESENTATION_CONTEXT('2D SPACE',''
  ) );
#1140 = ORIENTED_EDGE('',*,*,#1141,.T.);
#1141 = EDGE_CURVE('',#1115,#1084,#1142,.T.);
#1142 = SURFACE_CURVE('',#1143,(#1147,#1154),.PCURVE_S1.);
#1143 = LINE('',#1144,#1145);
#1144 = CARTESIAN_POINT('',(-138.25,2.5,40.2));
#1145 = VECTOR('',#1146,1.);
#1146 = DIRECTION('',(-1.,0.,0.));
#1147 = PCURVE('',#99,#1148);
#1148 = DEFINITIONAL_REPRESENTATION('',(#1149),#1153);
#1149 = LINE('',#1150,#1151);
#1150 = CARTESIAN_POINT('',(47.75,3.5));
#1151 = VECTOR('',#1152,1.);
#1152 = DIRECTION('',(-1.,0.));
#1153 = ( GEOMETRIC_REPRESENTATION_CONTEXT(2) 
PARAMETRIC_REPRESENTATION_CONTEXT() REPRESENTATION_CONTEXT('2D SPACE',''
  ) );
#1154 = PCURVE('',#1155,#1160);
#1155 = PLANE('',#1156);
#1156 = AXIS2_PLACEMENT_3D('',#1157,#1158,#1159);
#1157 = CARTESIAN_POINT('',(-90.5,2.5,39.2));
#1158 = DIRECTION('',(0.,1.,0.));
#1159 = DIRECTION('',(0.,0.,1.));
#1160 = DEFINITIONAL_REPRESENTATION('',(#1161),#1164);
#1161 = B_SPLINE_CURVE_WITH_KNOTS('',1,(#1162,#1163),.UNSPECIFIED.,.F.,
  .F.,(2,2),(-228.75,-47.75),.PIECEWISE_BEZIER_KNOTS.);
#1162 = CARTESIAN_POINT('',(1.,181.));
#1163 = CARTESIAN_POINT('',(1.,0.));
#1164 = ( GEOMETRIC_REPRESENTATION_CONTEXT(2) 
PARAMETRIC_REPRESENTATION_CONTEXT() REPRESENTATION_CONTEXT('2D SPACE',''
  ) );
#1165 = FACE_BOUND('',#1166,.F.);
#1166 = EDGE_LOOP('',(#1167));
#1167 = ORIENTED_EDGE('',*,*,#1168,.T.);
#1168 = EDGE_CURVE('',#1169,#1169,#1171,.T.);
#1169 = VERTEX_POINT('',#1170);
#1170 = CARTESIAN_POINT('',(-85.8,4.6,40.2));
#1171 = SURFACE_CURVE('',#1172,(#1177,#1188),.PCURVE_S1.);
#1172 = CIRCLE('',#1173,1.7);
#1173 = AXIS2_PLACEMENT_3D('',#1174,#1175,#1176);
#1174 = CARTESIAN_POINT('',(-87.5,4.6,40.2));
#1175 = DIRECTION('',(0.,0.,-1.));
#1176 = DIRECTION('',(1.,0.,0.));
#1177 = PCURVE('',#99,#1178);
#1178 = DEFINITIONAL_REPRESENTATION('',(#1179),#1187);
#1179 = ( BOUNDED_CURVE() B_SPLINE_CURVE(2,(#1180,#1181,#1182,#1183,
#1184,#1185,#1186),.UNSPECIFIED.,.T.,.F.) B_SPLINE_CURVE_WITH_KNOTS((1,2
    ,2,2,2,1),(-2.094395102393,0.,2.094395102393,4.188790204786,
6.28318530718,8.377580409573),.UNSPECIFIED.) CURVE() 
GEOMETRIC_REPRESENTATION_ITEM() RATIONAL_B_SPLINE_CURVE((1.,0.5,1.,0.5,
1.,0.5,1.)) REPRESENTATION_ITEM('') );
#1180 = CARTESIAN_POINT('',(100.2,5.6));
#1181 = CARTESIAN_POINT('',(100.2,2.655513627133));
#1182 = CARTESIAN_POINT('',(97.65,4.127756813566));
#1183 = CARTESIAN_POINT('',(95.1,5.6));
#1184 = CARTESIAN_POINT('',(97.65,7.072243186434));
#1185 = CARTESIAN_POINT('',(100.2,8.544486372867));
#1186 = CARTESIAN_POINT('',(100.2,5.6));
#1187 = ( GEOMETRIC_REPRESENTATION_CONTEXT(2) 
PARAMETRIC_REPRESENTATION_CONTEXT() REPRESENTATION_CONTEXT('2D SPACE',''
  ) );
#1188 = PCURVE('',#1189,#1194);
#1189 = CYLINDRICAL_SURFACE('',#1190,1.7);
#1190 = AXIS2_PLACEMENT_3D('',#1191,#1192,#1193);
#1191 = CARTESIAN_POINT('',(-87.5,4.6,39.2));
#1192 = DIRECTION('',(-0.,-0.,-1.));
#1193 = DIRECTION('',(1.,0.,0.));
#1194 = DEFINITIONAL_REPRESENTATION('',(#1195),#1199);
#1195 = LINE('',#1196,#1197);
#1196 = CARTESIAN_POINT('',(-6.28318530718,-1.));
#1197 = VECTOR('',#1198,1.);
#1198 = DIRECTION('',(1.,-0.));
#1199 = ( GEOMETRIC_REPRESENTATION_CONTEXT(2) 
PARAMETRIC_REPRESENTATION_CONTEXT() REPRESENTATION_CONTEXT('2D SPACE',''
  ) );
#1200 = FACE_BOUND('',#1201,.F.);
#1201 = EDGE_LOOP('',(#1202));
#1202 = ORIENTED_EDGE('',*,*,#1203,.T.);
#1203 = EDGE_CURVE('',#1204,#1204,#1206,.T.);
#1204 = VERTEX_POINT('',#1205);
#1205 = CARTESIAN_POINT('',(89.2,4.6,40.2));
#1206 = SURFACE_CURVE('',#1207,(#1212,#1223),.PCURVE_S1.);
#1207 = CIRCLE('',#1208,1.7);
#1208 = AXIS2_PLACEMENT_3D('',#1209,#1210,#1211);
#1209 = CARTESIAN_POINT('',(87.5,4.6,40.2));
#1210 = DIRECTION('',(0.,0.,-1.));
#1211 = DIRECTION('',(1.,0.,0.));
#1212 = PCURVE('',#99,#1213);
#1213 = DEFINITIONAL_REPRESENTATION('',(#1214),#1222);
#1214 = ( BOUNDED_CURVE() B_SPLINE_CURVE(2,(#1215,#1216,#1217,#1218,
#1219,#1220,#1221),.UNSPECIFIED.,.T.,.F.) B_SPLINE_CURVE_WITH_KNOTS((1,2
    ,2,2,2,1),(-2.094395102393,0.,2.094395102393,4.188790204786,
6.28318530718,8.377580409573),.UNSPECIFIED.) CURVE() 
GEOMETRIC_REPRESENTATION_ITEM() RATIONAL_B_SPLINE_CURVE((1.,0.5,1.,0.5,
1.,0.5,1.)) REPRESENTATION_ITEM('') );
#1215 = CARTESIAN_POINT('',(275.2,5.6));
#1216 = CARTESIAN_POINT('',(275.2,2.655513627133));
#1217 = CARTESIAN_POINT('',(272.65,4.127756813566));
#1218 = CARTESIAN_POINT('',(270.1,5.6));
#1219 = CARTESIAN_POINT('',(272.65,7.072243186434));
#1220 = CARTESIAN_POINT('',(275.2,8.544486372867));
#1221 = CARTESIAN_POINT('',(275.2,5.6));
#1222 = ( GEOMETRIC_REPRESENTATION_CONTEXT(2) 
PARAMETRIC_REPRESENTATION_CONTEXT() REPRESENTATION_CONTEXT('2D SPACE',''
  ) );
#1223 = PCURVE('',#1224,#1229);
#1224 = CYLINDRICAL_SURFACE('',#1225,1.7);
#1225 = AXIS2_PLACEMENT_3D('',#1226,#1227,#1228);
#1226 = CARTESIAN_POINT('',(87.5,4.6,39.2));
#1227 = DIRECTION('',(-0.,-0.,-1.));
#1228 = DIRECTION('',(1.,0.,0.));
#1229 = DEFINITIONAL_REPRESENTATION('',(#1230),#1234);
#1230 = LINE('',#1231,#1232);
#1231 = CARTESIAN_POINT('',(-6.28318530718,-1.));
#1232 = VECTOR('',#1233,1.);
#1233 = DIRECTION('',(1.,-0.));
#1234 = ( GEOMETRIC_REPRESENTATION_CONTEXT(2) 
PARAMETRIC_REPRESENTATION_CONTEXT() REPRESENTATION_CONTEXT('2D SPACE',''
  ) );
#1235 = ADVANCED_FACE('',(#1236),#72,.T.);
#1236 = FACE_BOUND('',#1237,.T.);
#1237 = EDGE_LOOP('',(#1238,#1239,#1240,#1261));
#1238 = ORIENTED_EDGE('',*,*,#56,.F.);
#1239 = ORIENTED_EDGE('',*,*,#774,.T.);
#1240 = ORIENTED_EDGE('',*,*,#1241,.T.);
#1241 = EDGE_CURVE('',#775,#140,#1242,.T.);
#1242 = SURFACE_CURVE('',#1243,(#1247,#1254),.PCURVE_S1.);
#1243 = LINE('',#1244,#1245);
#1244 = CARTESIAN_POINT('',(-90.,-4.440892098501E-16,38.2));
#1245 = VECTOR('',#1246,1.);
#1246 = DIRECTION('',(0.,0.,1.));
#1247 = PCURVE('',#72,#1248);
#1248 = DEFINITIONAL_REPRESENTATION('',(#1249),#1253);
#1249 = LINE('',#1250,#1251);
#1250 = CARTESIAN_POINT('',(1.570796326795,0.));
#1251 = VECTOR('',#1252,1.);
#1252 = DIRECTION('',(0.,1.));
#1253 = ( GEOMETRIC_REPRESENTATION_CONTEXT(2) 
PARAMETRIC_REPRESENTATION_CONTEXT() REPRESENTATION_CONTEXT('2D SPACE',''
  ) );
#1254 = PCURVE('',#179,#1255);
#1255 = DEFINITIONAL_REPRESENTATION('',(#1256),#1260);
#1256 = LINE('',#1257,#1258);
#1257 = CARTESIAN_POINT('',(0.,3.));
#1258 = VECTOR('',#1259,1.);
#1259 = DIRECTION('',(1.,0.));
#1260 = ( GEOMETRIC_REPRESENTATION_CONTEXT(2) 
PARAMETRIC_REPRESENTATION_CONTEXT() REPRESENTATION_CONTEXT('2D SPACE',''
  ) );
#1261 = ORIENTED_EDGE('',*,*,#139,.F.);
#1262 = ADVANCED_FACE('',(#1263,#1367),#556,.F.);
#1263 = FACE_BOUND('',#1264,.F.);
#1264 = EDGE_LOOP('',(#1265,#1266,#1288,#1314,#1340,#1366));
#1265 = ORIENTED_EDGE('',*,*,#589,.F.);
#1266 = ORIENTED_EDGE('',*,*,#1267,.F.);
#1267 = EDGE_CURVE('',#1268,#590,#1270,.T.);
#1268 = VERTEX_POINT('',#1269);
#1269 = CARTESIAN_POINT('',(-82.6,161.7,54.8));
#1270 = SURFACE_CURVE('',#1271,(#1275,#1281),.PCURVE_S1.);
#1271 = LINE('',#1272,#1273);
#1272 = CARTESIAN_POINT('',(-82.6,78.65,54.8));
#1273 = VECTOR('',#1274,1.);
#1274 = DIRECTION('',(0.,-1.,0.));
#1275 = PCURVE('',#556,#1276);
#1276 = DEFINITIONAL_REPRESENTATION('',(#1277),#1280);
#1277 = B_SPLINE_CURVE_WITH_KNOTS('',1,(#1278,#1279),.UNSPECIFIED.,.F.,
  .F.,(2,2),(-83.05,-76.15),.PIECEWISE_BEZIER_KNOTS.);
#1278 = CARTESIAN_POINT('',(17.6,-6.9));
#1279 = CARTESIAN_POINT('',(17.6,0.));
#1280 = ( GEOMETRIC_REPRESENTATION_CONTEXT(2) 
PARAMETRIC_REPRESENTATION_CONTEXT() REPRESENTATION_CONTEXT('2D SPACE',''
  ) );
#1281 = PCURVE('',#627,#1282);
#1282 = DEFINITIONAL_REPRESENTATION('',(#1283),#1287);
#1283 = LINE('',#1284,#1285);
#1284 = CARTESIAN_POINT('',(7.9,76.15));
#1285 = VECTOR('',#1286,1.);
#1286 = DIRECTION('',(0.,-1.));
#1287 = ( GEOMETRIC_REPRESENTATION_CONTEXT(2) 
PARAMETRIC_REPRESENTATION_CONTEXT() REPRESENTATION_CONTEXT('2D SPACE',''
  ) );
#1288 = ORIENTED_EDGE('',*,*,#1289,.F.);
#1289 = EDGE_CURVE('',#1290,#1268,#1292,.T.);
#1290 = VERTEX_POINT('',#1291);
#1291 = CARTESIAN_POINT('',(-82.6,161.7,40.2));
#1292 = SURFACE_CURVE('',#1293,(#1297,#1303),.PCURVE_S1.);
#1293 = LINE('',#1294,#1295);
#1294 = CARTESIAN_POINT('',(-82.6,161.7,38.2));
#1295 = VECTOR('',#1296,1.);
#1296 = DIRECTION('',(0.,0.,1.));
#1297 = PCURVE('',#556,#1298);
#1298 = DEFINITIONAL_REPRESENTATION('',(#1299),#1302);
#1299 = B_SPLINE_CURVE_WITH_KNOTS('',1,(#1300,#1301),.UNSPECIFIED.,.F.,
  .F.,(2,2),(2.,16.6),.PIECEWISE_BEZIER_KNOTS.);
#1300 = CARTESIAN_POINT('',(3.,-6.9));
#1301 = CARTESIAN_POINT('',(17.6,-6.9));
#1302 = ( GEOMETRIC_REPRESENTATION_CONTEXT(2) 
PARAMETRIC_REPRESENTATION_CONTEXT() REPRESENTATION_CONTEXT('2D SPACE',''
  ) );
#1303 = PCURVE('',#1304,#1309);
#1304 = PLANE('',#1305);
#1305 = AXIS2_PLACEMENT_3D('',#1306,#1307,#1308);
#1306 = CARTESIAN_POINT('',(-90.5,161.7,39.2));
#1307 = DIRECTION('',(0.,1.,0.));
#1308 = DIRECTION('',(0.,0.,1.));
#1309 = DEFINITIONAL_REPRESENTATION('',(#1310),#1313);
#1310 = B_SPLINE_CURVE_WITH_KNOTS('',1,(#1311,#1312),.UNSPECIFIED.,.F.,
  .F.,(2,2),(2.,16.6),.PIECEWISE_BEZIER_KNOTS.);
#1311 = CARTESIAN_POINT('',(1.,7.9));
#1312 = CARTESIAN_POINT('',(15.6,7.9));
#1313 = ( GEOMETRIC_REPRESENTATION_CONTEXT(2) 
PARAMETRIC_REPRESENTATION_CONTEXT() REPRESENTATION_CONTEXT('2D SPACE',''
  ) );
#1314 = ORIENTED_EDGE('',*,*,#1315,.F.);
#1315 = EDGE_CURVE('',#1316,#1290,#1318,.T.);
#1316 = VERTEX_POINT('',#1317);
#1317 = CARTESIAN_POINT('',(-82.6,170.46194411635,40.2));
#1318 = SURFACE_CURVE('',#1319,(#1323,#1329),.PCURVE_S1.);
#1319 = LINE('',#1320,#1321);
#1320 = CARTESIAN_POINT('',(-82.6,76.9,40.2));
#1321 = VECTOR('',#1322,1.);
#1322 = DIRECTION('',(0.,-1.,0.));
#1323 = PCURVE('',#556,#1324);
#1324 = DEFINITIONAL_REPRESENTATION('',(#1325),#1328);
#1325 = B_SPLINE_CURVE_WITH_KNOTS('',1,(#1326,#1327),.UNSPECIFIED.,.F.,
  .F.,(2,2),(-97.1,-77.9),.PIECEWISE_BEZIER_KNOTS.);
#1326 = CARTESIAN_POINT('',(3.,-19.2));
#1327 = CARTESIAN_POINT('',(3.,0.));
#1328 = ( GEOMETRIC_REPRESENTATION_CONTEXT(2) 
PARAMETRIC_REPRESENTATION_CONTEXT() REPRESENTATION_CONTEXT('2D SPACE',''
  ) );
#1329 = PCURVE('',#1330,#1335);
#1330 = PLANE('',#1331);
#1331 = AXIS2_PLACEMENT_3D('',#1332,#1333,#1334);
#1332 = CARTESIAN_POINT('',(-186.,-1.,40.2));
#1333 = DIRECTION('',(0.,0.,1.));
#1334 = DIRECTION('',(1.,0.,0.));
#1335 = DEFINITIONAL_REPRESENTATION('',(#1336),#1339);
#1336 = B_SPLINE_CURVE_WITH_KNOTS('',1,(#1337,#1338),.UNSPECIFIED.,.F.,
  .F.,(2,2),(-97.1,-77.9),.PIECEWISE_BEZIER_KNOTS.);
#1337 = CARTESIAN_POINT('',(103.4,175.));
#1338 = CARTESIAN_POINT('',(103.4,155.8));
#1339 = ( GEOMETRIC_REPRESENTATION_CONTEXT(2) 
PARAMETRIC_REPRESENTATION_CONTEXT() REPRESENTATION_CONTEXT('2D SPACE',''
  ) );
#1340 = ORIENTED_EDGE('',*,*,#1341,.F.);
#1341 = EDGE_CURVE('',#515,#1316,#1342,.T.);
#1342 = SURFACE_CURVE('',#1343,(#1348,#1359),.PCURVE_S1.);
#1343 = CIRCLE('',#1344,9.3);
#1344 = AXIS2_PLACEMENT_3D('',#1345,#1346,#1347);
#1345 = CARTESIAN_POINT('',(-82.6,164.7,47.5));
#1346 = DIRECTION('',(-1.,0.,0.));
#1347 = DIRECTION('',(0.,1.,0.));
#1348 = PCURVE('',#556,#1349);
#1349 = DEFINITIONAL_REPRESENTATION('',(#1350),#1358);
#1350 = ( BOUNDED_CURVE() B_SPLINE_CURVE(2,(#1351,#1352,#1353,#1354,
#1355,#1356,#1357),.UNSPECIFIED.,.T.,.F.) B_SPLINE_CURVE_WITH_KNOTS((1,2
    ,2,2,2,1),(-2.094395102393,0.,2.094395102393,4.188790204786,
6.28318530718,8.377580409573),.UNSPECIFIED.) CURVE() 
GEOMETRIC_REPRESENTATION_ITEM() RATIONAL_B_SPLINE_CURVE((1.,0.5,1.,0.5,
1.,0.5,1.)) REPRESENTATION_ITEM('') );
#1351 = CARTESIAN_POINT('',(10.3,-19.2));
#1352 = CARTESIAN_POINT('',(-5.808072510391,-19.2));
#1353 = CARTESIAN_POINT('',(2.245963744805,-5.25));
#1354 = CARTESIAN_POINT('',(10.3,8.7));
#1355 = CARTESIAN_POINT('',(18.354036255195,-5.25));
#1356 = CARTESIAN_POINT('',(26.408072510391,-19.2));
#1357 = CARTESIAN_POINT('',(10.3,-19.2));
#1358 = ( GEOMETRIC_REPRESENTATION_CONTEXT(2) 
PARAMETRIC_REPRESENTATION_CONTEXT() REPRESENTATION_CONTEXT('2D SPACE',''
  ) );
#1359 = PCURVE('',#530,#1360);
#1360 = DEFINITIONAL_REPRESENTATION('',(#1361),#1365);
#1361 = LINE('',#1362,#1363);
#1362 = CARTESIAN_POINT('',(-12.56637061435,-10.4));
#1363 = VECTOR('',#1364,1.);
#1364 = DIRECTION('',(1.,-0.));
#1365 = ( GEOMETRIC_REPRESENTATION_CONTEXT(2) 
PARAMETRIC_REPRESENTATION_CONTEXT() REPRESENTATION_CONTEXT('2D SPACE',''
  ) );
#1366 = ORIENTED_EDGE('',*,*,#541,.F.);
#1367 = FACE_BOUND('',#1368,.F.);
#1368 = EDGE_LOOP('',(#1369));
#1369 = ORIENTED_EDGE('',*,*,#1370,.T.);
#1370 = EDGE_CURVE('',#1371,#1371,#1373,.T.);
#1371 = VERTEX_POINT('',#1372);
#1372 = CARTESIAN_POINT('',(-82.6,166.35,47.5));
#1373 = SURFACE_CURVE('',#1374,(#1379,#1390),.PCURVE_S1.);
#1374 = CIRCLE('',#1375,1.65);
#1375 = AXIS2_PLACEMENT_3D('',#1376,#1377,#1378);
#1376 = CARTESIAN_POINT('',(-82.6,164.7,47.5));
#1377 = DIRECTION('',(-1.,0.,0.));
#1378 = DIRECTION('',(0.,1.,0.));
#1379 = PCURVE('',#556,#1380);
#1380 = DEFINITIONAL_REPRESENTATION('',(#1381),#1389);
#1381 = ( BOUNDED_CURVE() B_SPLINE_CURVE(2,(#1382,#1383,#1384,#1385,
#1386,#1387,#1388),.UNSPECIFIED.,.T.,.F.) B_SPLINE_CURVE_WITH_KNOTS((1,2
    ,2,2,2,1),(-2.094395102393,0.,2.094395102393,4.188790204786,
6.28318530718,8.377580409573),.UNSPECIFIED.) CURVE() 
GEOMETRIC_REPRESENTATION_ITEM() RATIONAL_B_SPLINE_CURVE((1.,0.5,1.,0.5,
1.,0.5,1.)) REPRESENTATION_ITEM('') );
#1382 = CARTESIAN_POINT('',(10.3,-11.55));
#1383 = CARTESIAN_POINT('',(7.442116167511,-11.55));
#1384 = CARTESIAN_POINT('',(8.871058083756,-9.075));
#1385 = CARTESIAN_POINT('',(10.3,-6.6));
#1386 = CARTESIAN_POINT('',(11.728941916244,-9.075));
#1387 = CARTESIAN_POINT('',(13.157883832489,-11.55));
#1388 = CARTESIAN_POINT('',(10.3,-11.55));
#1389 = ( GEOMETRIC_REPRESENTATION_CONTEXT(2) 
PARAMETRIC_REPRESENTATION_CONTEXT() REPRESENTATION_CONTEXT('2D SPACE',''
  ) );
#1390 = PCURVE('',#1391,#1396);
#1391 = CYLINDRICAL_SURFACE('',#1392,1.65);
#1392 = AXIS2_PLACEMENT_3D('',#1393,#1394,#1395);
#1393 = CARTESIAN_POINT('',(-83.6,164.7,47.5));
#1394 = DIRECTION('',(-1.,-0.,-0.));
#1395 = DIRECTION('',(0.,1.,0.));
#1396 = DEFINITIONAL_REPRESENTATION('',(#1397),#1401);
#1397 = LINE('',#1398,#1399);
#1398 = CARTESIAN_POINT('',(-6.28318530718,-1.));
#1399 = VECTOR('',#1400,1.);
#1400 = DIRECTION('',(1.,-0.));
#1401 = ( GEOMETRIC_REPRESENTATION_CONTEXT(2) 
PARAMETRIC_REPRESENTATION_CONTEXT() REPRESENTATION_CONTEXT('2D SPACE',''
  ) );
#1402 = ADVANCED_FACE('',(#1403),#530,.T.);
#1403 = FACE_BOUND('',#1404,.F.);
#1404 = EDGE_LOOP('',(#1405,#1406,#1407,#1428));
#1405 = ORIENTED_EDGE('',*,*,#514,.F.);
#1406 = ORIENTED_EDGE('',*,*,#1341,.T.);
#1407 = ORIENTED_EDGE('',*,*,#1408,.F.);
#1408 = EDGE_CURVE('',#1409,#1316,#1411,.T.);
#1409 = VERTEX_POINT('',#1410);
#1410 = CARTESIAN_POINT('',(-70.6,170.46194411635,40.2));
#1411 = SURFACE_CURVE('',#1412,(#1416,#1422),.PCURVE_S1.);
#1412 = LINE('',#1413,#1414);
#1413 = CARTESIAN_POINT('',(-93.,170.46194411635,40.2));
#1414 = VECTOR('',#1415,1.);
#1415 = DIRECTION('',(-1.,-0.,-0.));
#1416 = PCURVE('',#530,#1417);
#1417 = DEFINITIONAL_REPRESENTATION('',(#1418),#1421);
#1418 = B_SPLINE_CURVE_WITH_KNOTS('',1,(#1419,#1420),.UNSPECIFIED.,.F.,
  .F.,(2,2),(-22.4000006,-10.3999994),.PIECEWISE_BEZIER_KNOTS.);
#1419 = CARTESIAN_POINT('',(-5.380575961179,-22.4000006));
#1420 = CARTESIAN_POINT('',(-5.380575961179,-10.3999994));
#1421 = ( GEOMETRIC_REPRESENTATION_CONTEXT(2) 
PARAMETRIC_REPRESENTATION_CONTEXT() REPRESENTATION_CONTEXT('2D SPACE',''
  ) );
#1422 = PCURVE('',#1330,#1423);
#1423 = DEFINITIONAL_REPRESENTATION('',(#1424),#1427);
#1424 = B_SPLINE_CURVE_WITH_KNOTS('',1,(#1425,#1426),.UNSPECIFIED.,.F.,
  .F.,(2,2),(-22.4000006,-10.3999994),.PIECEWISE_BEZIER_KNOTS.);
#1425 = CARTESIAN_POINT('',(115.4000006,171.46194411635));
#1426 = CARTESIAN_POINT('',(103.3999994,171.46194411635));
#1427 = ( GEOMETRIC_REPRESENTATION_CONTEXT(2) 
PARAMETRIC_REPRESENTATION_CONTEXT() REPRESENTATION_CONTEXT('2D SPACE',''
  ) );
#1428 = ORIENTED_EDGE('',*,*,#1429,.F.);
#1429 = EDGE_CURVE('',#489,#1409,#1430,.T.);
#1430 = SURFACE_CURVE('',#1431,(#1436,#1443),.PCURVE_S1.);
#1431 = CIRCLE('',#1432,9.3);
#1432 = AXIS2_PLACEMENT_3D('',#1433,#1434,#1435);
#1433 = CARTESIAN_POINT('',(-70.6,164.7,47.5));
#1434 = DIRECTION('',(-1.,0.,0.));
#1435 = DIRECTION('',(0.,1.,0.));
#1436 = PCURVE('',#530,#1437);
#1437 = DEFINITIONAL_REPRESENTATION('',(#1438),#1442);
#1438 = LINE('',#1439,#1440);
#1439 = CARTESIAN_POINT('',(-12.56637061435,-22.4));
#1440 = VECTOR('',#1441,1.);
#1441 = DIRECTION('',(1.,-0.));
#1442 = ( GEOMETRIC_REPRESENTATION_CONTEXT(2) 
PARAMETRIC_REPRESENTATION_CONTEXT() REPRESENTATION_CONTEXT('2D SPACE',''
  ) );
#1443 = PCURVE('',#503,#1444);
#1444 = DEFINITIONAL_REPRESENTATION('',(#1445),#1453);
#1445 = ( BOUNDED_CURVE() B_SPLINE_CURVE(2,(#1446,#1447,#1448,#1449,
#1450,#1451,#1452),.UNSPECIFIED.,.T.,.F.) B_SPLINE_CURVE_WITH_KNOTS((1,2
    ,2,2,2,1),(-2.094395102393,0.,2.094395102393,4.188790204786,
6.28318530718,8.377580409573),.UNSPECIFIED.) CURVE() 
GEOMETRIC_REPRESENTATION_ITEM() RATIONAL_B_SPLINE_CURVE((1.,0.5,1.,0.5,
1.,0.5,1.)) REPRESENTATION_ITEM('') );
#1446 = CARTESIAN_POINT('',(10.3,-19.2));
#1447 = CARTESIAN_POINT('',(-5.808072510391,-19.2));
#1448 = CARTESIAN_POINT('',(2.245963744805,-5.25));
#1449 = CARTESIAN_POINT('',(10.3,8.7));
#1450 = CARTESIAN_POINT('',(18.354036255195,-5.25));
#1451 = CARTESIAN_POINT('',(26.408072510391,-19.2));
#1452 = CARTESIAN_POINT('',(10.3,-19.2));
#1453 = ( GEOMETRIC_REPRESENTATION_CONTEXT(2) 
PARAMETRIC_REPRESENTATION_CONTEXT() REPRESENTATION_CONTEXT('2D SPACE',''
  ) );
#1454 = ADVANCED_FACE('',(#1455,#1544),#503,.T.);
#1455 = FACE_BOUND('',#1456,.T.);
#1456 = EDGE_LOOP('',(#1457,#1480,#1502,#1523,#1542,#1543));
#1457 = ORIENTED_EDGE('',*,*,#1458,.F.);
#1458 = EDGE_CURVE('',#1459,#463,#1461,.T.);
#1459 = VERTEX_POINT('',#1460);
#1460 = CARTESIAN_POINT('',(-70.6,154.8,54.8));
#1461 = SURFACE_CURVE('',#1462,(#1466,#1473),.PCURVE_S1.);
#1462 = LINE('',#1463,#1464);
#1463 = CARTESIAN_POINT('',(-70.6,154.8,37.2));
#1464 = VECTOR('',#1465,1.);
#1465 = DIRECTION('',(0.,0.,1.));
#1466 = PCURVE('',#503,#1467);
#1467 = DEFINITIONAL_REPRESENTATION('',(#1468),#1472);
#1468 = LINE('',#1469,#1470);
#1469 = CARTESIAN_POINT('',(0.,0.));
#1470 = VECTOR('',#1471,1.);
#1471 = DIRECTION('',(1.,0.));
#1472 = ( GEOMETRIC_REPRESENTATION_CONTEXT(2) 
PARAMETRIC_REPRESENTATION_CONTEXT() REPRESENTATION_CONTEXT('2D SPACE',''
  ) );
#1473 = PCURVE('',#477,#1474);
#1474 = DEFINITIONAL_REPRESENTATION('',(#1475),#1479);
#1475 = LINE('',#1476,#1477);
#1476 = CARTESIAN_POINT('',(0.,0.));
#1477 = VECTOR('',#1478,1.);
#1478 = DIRECTION('',(1.,0.));
#1479 = ( GEOMETRIC_REPRESENTATION_CONTEXT(2) 
PARAMETRIC_REPRESENTATION_CONTEXT() REPRESENTATION_CONTEXT('2D SPACE',''
  ) );
#1480 = ORIENTED_EDGE('',*,*,#1481,.F.);
#1481 = EDGE_CURVE('',#1482,#1459,#1484,.T.);
#1482 = VERTEX_POINT('',#1483);
#1483 = CARTESIAN_POINT('',(-70.6,161.7,54.8));
#1484 = SURFACE_CURVE('',#1485,(#1489,#1495),.PCURVE_S1.);
#1485 = LINE('',#1486,#1487);
#1486 = CARTESIAN_POINT('',(-70.6,78.65,54.8));
#1487 = VECTOR('',#1488,1.);
#1488 = DIRECTION('',(0.,-1.,0.));
#1489 = PCURVE('',#503,#1490);
#1490 = DEFINITIONAL_REPRESENTATION('',(#1491),#1494);
#1491 = B_SPLINE_CURVE_WITH_KNOTS('',1,(#1492,#1493),.UNSPECIFIED.,.F.,
  .F.,(2,2),(-83.05,-76.15),.PIECEWISE_BEZIER_KNOTS.);
#1492 = CARTESIAN_POINT('',(17.6,-6.9));
#1493 = CARTESIAN_POINT('',(17.6,0.));
#1494 = ( GEOMETRIC_REPRESENTATION_CONTEXT(2) 
PARAMETRIC_REPRESENTATION_CONTEXT() REPRESENTATION_CONTEXT('2D SPACE',''
  ) );
#1495 = PCURVE('',#627,#1496);
#1496 = DEFINITIONAL_REPRESENTATION('',(#1497),#1501);
#1497 = LINE('',#1498,#1499);
#1498 = CARTESIAN_POINT('',(19.9,76.15));
#1499 = VECTOR('',#1500,1.);
#1500 = DIRECTION('',(0.,-1.));
#1501 = ( GEOMETRIC_REPRESENTATION_CONTEXT(2) 
PARAMETRIC_REPRESENTATION_CONTEXT() REPRESENTATION_CONTEXT('2D SPACE',''
  ) );
#1502 = ORIENTED_EDGE('',*,*,#1503,.F.);
#1503 = EDGE_CURVE('',#1504,#1482,#1506,.T.);
#1504 = VERTEX_POINT('',#1505);
#1505 = CARTESIAN_POINT('',(-70.6,161.7,40.2));
#1506 = SURFACE_CURVE('',#1507,(#1511,#1517),.PCURVE_S1.);
#1507 = LINE('',#1508,#1509);
#1508 = CARTESIAN_POINT('',(-70.6,161.7,38.2));
#1509 = VECTOR('',#1510,1.);
#1510 = DIRECTION('',(0.,0.,1.));
#1511 = PCURVE('',#503,#1512);
#1512 = DEFINITIONAL_REPRESENTATION('',(#1513),#1516);
#1513 = B_SPLINE_CURVE_WITH_KNOTS('',1,(#1514,#1515),.UNSPECIFIED.,.F.,
  .F.,(2,2),(2.,16.6),.PIECEWISE_BEZIER_KNOTS.);
#1514 = CARTESIAN_POINT('',(3.,-6.9));
#1515 = CARTESIAN_POINT('',(17.6,-6.9));
#1516 = ( GEOMETRIC_REPRESENTATION_CONTEXT(2) 
PARAMETRIC_REPRESENTATION_CONTEXT() REPRESENTATION_CONTEXT('2D SPACE',''
  ) );
#1517 = PCURVE('',#1304,#1518);
#1518 = DEFINITIONAL_REPRESENTATION('',(#1519),#1522);
#1519 = B_SPLINE_CURVE_WITH_KNOTS('',1,(#1520,#1521),.UNSPECIFIED.,.F.,
  .F.,(2,2),(2.,16.6),.PIECEWISE_BEZIER_KNOTS.);
#1520 = CARTESIAN_POINT('',(1.,19.9));
#1521 = CARTESIAN_POINT('',(15.6,19.9));
#1522 = ( GEOMETRIC_REPRESENTATION_CONTEXT(2) 
PARAMETRIC_REPRESENTATION_CONTEXT() REPRESENTATION_CONTEXT('2D SPACE',''
  ) );
#1523 = ORIENTED_EDGE('',*,*,#1524,.F.);
#1524 = EDGE_CURVE('',#1409,#1504,#1525,.T.);
#1525 = SURFACE_CURVE('',#1526,(#1530,#1536),.PCURVE_S1.);
#1526 = LINE('',#1527,#1528);
#1527 = CARTESIAN_POINT('',(-70.6,76.9,40.2));
#1528 = VECTOR('',#1529,1.);
#1529 = DIRECTION('',(0.,-1.,0.));
#1530 = PCURVE('',#503,#1531);
#1531 = DEFINITIONAL_REPRESENTATION('',(#1532),#1535);
#1532 = B_SPLINE_CURVE_WITH_KNOTS('',1,(#1533,#1534),.UNSPECIFIED.,.F.,
  .F.,(2,2),(-97.1,-77.9),.PIECEWISE_BEZIER_KNOTS.);
#1533 = CARTESIAN_POINT('',(3.,-19.2));
#1534 = CARTESIAN_POINT('',(3.,0.));
#1535 = ( GEOMETRIC_REPRESENTATION_CONTEXT(2) 
PARAMETRIC_REPRESENTATION_CONTEXT() REPRESENTATION_CONTEXT('2D SPACE',''
  ) );
#1536 = PCURVE('',#1330,#1537);
#1537 = DEFINITIONAL_REPRESENTATION('',(#1538),#1541);
#1538 = B_SPLINE_CURVE_WITH_KNOTS('',1,(#1539,#1540),.UNSPECIFIED.,.F.,
  .F.,(2,2),(-97.1,-77.9),.PIECEWISE_BEZIER_KNOTS.);
#1539 = CARTESIAN_POINT('',(115.4,175.));
#1540 = CARTESIAN_POINT('',(115.4,155.8));
#1541 = ( GEOMETRIC_REPRESENTATION_CONTEXT(2) 
PARAMETRIC_REPRESENTATION_CONTEXT() REPRESENTATION_CONTEXT('2D SPACE',''
  ) );
#1542 = ORIENTED_EDGE('',*,*,#1429,.F.);
#1543 = ORIENTED_EDGE('',*,*,#488,.F.);
#1544 = FACE_BOUND('',#1545,.T.);
#1545 = EDGE_LOOP('',(#1546));
#1546 = ORIENTED_EDGE('',*,*,#1547,.T.);
#1547 = EDGE_CURVE('',#1548,#1548,#1550,.T.);
#1548 = VERTEX_POINT('',#1549);
#1549 = CARTESIAN_POINT('',(-70.6,166.35,47.5));
#1550 = SURFACE_CURVE('',#1551,(#1556,#1567),.PCURVE_S1.);
#1551 = CIRCLE('',#1552,1.65);
#1552 = AXIS2_PLACEMENT_3D('',#1553,#1554,#1555);
#1553 = CARTESIAN_POINT('',(-70.6,164.7,47.5));
#1554 = DIRECTION('',(-1.,0.,0.));
#1555 = DIRECTION('',(0.,1.,0.));
#1556 = PCURVE('',#503,#1557);
#1557 = DEFINITIONAL_REPRESENTATION('',(#1558),#1566);
#1558 = ( BOUNDED_CURVE() B_SPLINE_CURVE(2,(#1559,#1560,#1561,#1562,
#1563,#1564,#1565),.UNSPECIFIED.,.T.,.F.) B_SPLINE_CURVE_WITH_KNOTS((1,2
    ,2,2,2,1),(-2.094395102393,0.,2.094395102393,4.188790204786,
6.28318530718,8.377580409573),.UNSPECIFIED.) CURVE() 
GEOMETRIC_REPRESENTATION_ITEM() RATIONAL_B_SPLINE_CURVE((1.,0.5,1.,0.5,
1.,0.5,1.)) REPRESENTATION_ITEM('') );
#1559 = CARTESIAN_POINT('',(10.3,-11.55));
#1560 = CARTESIAN_POINT('',(7.442116167511,-11.55));
#1561 = CARTESIAN_POINT('',(8.871058083756,-9.075));
#1562 = CARTESIAN_POINT('',(10.3,-6.6));
#1563 = CARTESIAN_POINT('',(11.728941916244,-9.075));
#1564 = CARTESIAN_POINT('',(13.157883832489,-11.55));
#1565 = CARTESIAN_POINT('',(10.3,-11.55));
#1566 = ( GEOMETRIC_REPRESENTATION_CONTEXT(2) 
PARAMETRIC_REPRESENTATION_CONTEXT() REPRESENTATION_CONTEXT('2D SPACE',''
  ) );
#1567 = PCURVE('',#1391,#1568);
#1568 = DEFINITIONAL_REPRESENTATION('',(#1569),#1573);
#1569 = LINE('',#1570,#1571);
#1570 = CARTESIAN_POINT('',(-6.28318530718,-13.));
#1571 = VECTOR('',#1572,1.);
#1572 = DIRECTION('',(1.,-0.));
#1573 = ( GEOMETRIC_REPRESENTATION_CONTEXT(2) 
PARAMETRIC_REPRESENTATION_CONTEXT() REPRESENTATION_CONTEXT('2D SPACE',''
  ) );
#1574 = ADVANCED_FACE('',(#1575),#477,.T.);
#1575 = FACE_BOUND('',#1576,.T.);
#1576 = EDGE_LOOP('',(#1577,#1600,#1620,#1621));
#1577 = ORIENTED_EDGE('',*,*,#1578,.F.);
#1578 = EDGE_CURVE('',#1579,#437,#1581,.T.);
#1579 = VERTEX_POINT('',#1580);
#1580 = CARTESIAN_POINT('',(-59.8,154.8,54.8));
#1581 = SURFACE_CURVE('',#1582,(#1586,#1593),.PCURVE_S1.);
#1582 = LINE('',#1583,#1584);
#1583 = CARTESIAN_POINT('',(-59.8,154.8,37.2));
#1584 = VECTOR('',#1585,1.);
#1585 = DIRECTION('',(0.,0.,1.));
#1586 = PCURVE('',#477,#1587);
#1587 = DEFINITIONAL_REPRESENTATION('',(#1588),#1592);
#1588 = LINE('',#1589,#1590);
#1589 = CARTESIAN_POINT('',(0.,10.8));
#1590 = VECTOR('',#1591,1.);
#1591 = DIRECTION('',(1.,0.));
#1592 = ( GEOMETRIC_REPRESENTATION_CONTEXT(2) 
PARAMETRIC_REPRESENTATION_CONTEXT() REPRESENTATION_CONTEXT('2D SPACE',''
  ) );
#1593 = PCURVE('',#451,#1594);
#1594 = DEFINITIONAL_REPRESENTATION('',(#1595),#1599);
#1595 = LINE('',#1596,#1597);
#1596 = CARTESIAN_POINT('',(0.,0.));
#1597 = VECTOR('',#1598,1.);
#1598 = DIRECTION('',(1.,0.));
#1599 = ( GEOMETRIC_REPRESENTATION_CONTEXT(2) 
PARAMETRIC_REPRESENTATION_CONTEXT() REPRESENTATION_CONTEXT('2D SPACE',''
  ) );
#1600 = ORIENTED_EDGE('',*,*,#1601,.F.);
#1601 = EDGE_CURVE('',#1459,#1579,#1602,.T.);
#1602 = SURFACE_CURVE('',#1603,(#1607,#1613),.PCURVE_S1.);
#1603 = LINE('',#1604,#1605);
#1604 = CARTESIAN_POINT('',(-80.55,154.8,54.8));
#1605 = VECTOR('',#1606,1.);
#1606 = DIRECTION('',(1.,0.,0.));
#1607 = PCURVE('',#477,#1608);
#1608 = DEFINITIONAL_REPRESENTATION('',(#1609),#1612);
#1609 = B_SPLINE_CURVE_WITH_KNOTS('',1,(#1610,#1611),.UNSPECIFIED.,.F.,
  .F.,(2,2),(9.95,20.75),.PIECEWISE_BEZIER_KNOTS.);
#1610 = CARTESIAN_POINT('',(17.6,0.));
#1611 = CARTESIAN_POINT('',(17.6,10.8));
#1612 = ( GEOMETRIC_REPRESENTATION_CONTEXT(2) 
PARAMETRIC_REPRESENTATION_CONTEXT() REPRESENTATION_CONTEXT('2D SPACE',''
  ) );
#1613 = PCURVE('',#627,#1614);
#1614 = DEFINITIONAL_REPRESENTATION('',(#1615),#1619);
#1615 = LINE('',#1616,#1617);
#1616 = CARTESIAN_POINT('',(9.95,152.3));
#1617 = VECTOR('',#1618,1.);
#1618 = DIRECTION('',(1.,0.));
#1619 = ( GEOMETRIC_REPRESENTATION_CONTEXT(2) 
PARAMETRIC_REPRESENTATION_CONTEXT() REPRESENTATION_CONTEXT('2D SPACE',''
  ) );
#1620 = ORIENTED_EDGE('',*,*,#1458,.T.);
#1621 = ORIENTED_EDGE('',*,*,#462,.F.);
#1622 = ADVANCED_FACE('',(#1623),#451,.F.);
#1623 = FACE_BOUND('',#1624,.F.);
#1624 = EDGE_LOOP('',(#1625,#1626,#1648,#1674,#1700,#1726));
#1625 = ORIENTED_EDGE('',*,*,#1578,.F.);
#1626 = ORIENTED_EDGE('',*,*,#1627,.F.);
#1627 = EDGE_CURVE('',#1628,#1579,#1630,.T.);
#1628 = VERTEX_POINT('',#1629);
#1629 = CARTESIAN_POINT('',(-59.8,161.7,54.8));
#1630 = SURFACE_CURVE('',#1631,(#1635,#1641),.PCURVE_S1.);
#1631 = LINE('',#1632,#1633);
#1632 = CARTESIAN_POINT('',(-59.8,78.65,54.8));
#1633 = VECTOR('',#1634,1.);
#1634 = DIRECTION('',(0.,-1.,0.));
#1635 = PCURVE('',#451,#1636);
#1636 = DEFINITIONAL_REPRESENTATION('',(#1637),#1640);
#1637 = B_SPLINE_CURVE_WITH_KNOTS('',1,(#1638,#1639),.UNSPECIFIED.,.F.,
  .F.,(2,2),(-83.05,-76.15),.PIECEWISE_BEZIER_KNOTS.);
#1638 = CARTESIAN_POINT('',(17.6,-6.9));
#1639 = CARTESIAN_POINT('',(17.6,0.));
#1640 = ( GEOMETRIC_REPRESENTATION_CONTEXT(2) 
PARAMETRIC_REPRESENTATION_CONTEXT() REPRESENTATION_CONTEXT('2D SPACE',''
  ) );
#1641 = PCURVE('',#627,#1642);
#1642 = DEFINITIONAL_REPRESENTATION('',(#1643),#1647);
#1643 = LINE('',#1644,#1645);
#1644 = CARTESIAN_POINT('',(30.7,76.15));
#1645 = VECTOR('',#1646,1.);
#1646 = DIRECTION('',(0.,-1.));
#1647 = ( GEOMETRIC_REPRESENTATION_CONTEXT(2) 
PARAMETRIC_REPRESENTATION_CONTEXT() REPRESENTATION_CONTEXT('2D SPACE',''
  ) );
#1648 = ORIENTED_EDGE('',*,*,#1649,.F.);
#1649 = EDGE_CURVE('',#1650,#1628,#1652,.T.);
#1650 = VERTEX_POINT('',#1651);
#1651 = CARTESIAN_POINT('',(-59.8,161.7,40.2));
#1652 = SURFACE_CURVE('',#1653,(#1657,#1663),.PCURVE_S1.);
#1653 = LINE('',#1654,#1655);
#1654 = CARTESIAN_POINT('',(-59.8,161.7,38.2));
#1655 = VECTOR('',#1656,1.);
#1656 = DIRECTION('',(0.,0.,1.));
#1657 = PCURVE('',#451,#1658);
#1658 = DEFINITIONAL_REPRESENTATION('',(#1659),#1662);
#1659 = B_SPLINE_CURVE_WITH_KNOTS('',1,(#1660,#1661),.UNSPECIFIED.,.F.,
  .F.,(2,2),(2.,16.6),.PIECEWISE_BEZIER_KNOTS.);
#1660 = CARTESIAN_POINT('',(3.,-6.9));
#1661 = CARTESIAN_POINT('',(17.6,-6.9));
#1662 = ( GEOMETRIC_REPRESENTATION_CONTEXT(2) 
PARAMETRIC_REPRESENTATION_CONTEXT() REPRESENTATION_CONTEXT('2D SPACE',''
  ) );
#1663 = PCURVE('',#1664,#1669);
#1664 = PLANE('',#1665);
#1665 = AXIS2_PLACEMENT_3D('',#1666,#1667,#1668);
#1666 = CARTESIAN_POINT('',(-90.5,161.7,39.2));
#1667 = DIRECTION('',(0.,1.,0.));
#1668 = DIRECTION('',(0.,0.,1.));
#1669 = DEFINITIONAL_REPRESENTATION('',(#1670),#1673);
#1670 = B_SPLINE_CURVE_WITH_KNOTS('',1,(#1671,#1672),.UNSPECIFIED.,.F.,
  .F.,(2,2),(2.,16.6),.PIECEWISE_BEZIER_KNOTS.);
#1671 = CARTESIAN_POINT('',(1.,30.7));
#1672 = CARTESIAN_POINT('',(15.6,30.7));
#1673 = ( GEOMETRIC_REPRESENTATION_CONTEXT(2) 
PARAMETRIC_REPRESENTATION_CONTEXT() REPRESENTATION_CONTEXT('2D SPACE',''
  ) );
#1674 = ORIENTED_EDGE('',*,*,#1675,.F.);
#1675 = EDGE_CURVE('',#1676,#1650,#1678,.T.);
#1676 = VERTEX_POINT('',#1677);
#1677 = CARTESIAN_POINT('',(-59.8,170.46194411635,40.2));
#1678 = SURFACE_CURVE('',#1679,(#1683,#1689),.PCURVE_S1.);
#1679 = LINE('',#1680,#1681);
#1680 = CARTESIAN_POINT('',(-59.8,76.9,40.2));
#1681 = VECTOR('',#1682,1.);
#1682 = DIRECTION('',(0.,-1.,0.));
#1683 = PCURVE('',#451,#1684);
#1684 = DEFINITIONAL_REPRESENTATION('',(#1685),#1688);
#1685 = B_SPLINE_CURVE_WITH_KNOTS('',1,(#1686,#1687),.UNSPECIFIED.,.F.,
  .F.,(2,2),(-97.1,-77.9),.PIECEWISE_BEZIER_KNOTS.);
#1686 = CARTESIAN_POINT('',(3.,-19.2));
#1687 = CARTESIAN_POINT('',(3.,0.));
#1688 = ( GEOMETRIC_REPRESENTATION_CONTEXT(2) 
PARAMETRIC_REPRESENTATION_CONTEXT() REPRESENTATION_CONTEXT('2D SPACE',''
  ) );
#1689 = PCURVE('',#1690,#1695);
#1690 = PLANE('',#1691);
#1691 = AXIS2_PLACEMENT_3D('',#1692,#1693,#1694);
#1692 = CARTESIAN_POINT('',(-186.,-1.,40.2));
#1693 = DIRECTION('',(0.,0.,1.));
#1694 = DIRECTION('',(1.,0.,0.));
#1695 = DEFINITIONAL_REPRESENTATION('',(#1696),#1699);
#1696 = B_SPLINE_CURVE_WITH_KNOTS('',1,(#1697,#1698),.UNSPECIFIED.,.F.,
  .F.,(2,2),(-97.1,-77.9),.PIECEWISE_BEZIER_KNOTS.);
#1697 = CARTESIAN_POINT('',(126.2,175.));
#1698 = CARTESIAN_POINT('',(126.2,155.8));
#1699 = ( GEOMETRIC_REPRESENTATION_CONTEXT(2) 
PARAMETRIC_REPRESENTATION_CONTEXT() REPRESENTATION_CONTEXT('2D SPACE',''
  ) );
#1700 = ORIENTED_EDGE('',*,*,#1701,.F.);
#1701 = EDGE_CURVE('',#410,#1676,#1702,.T.);
#1702 = SURFACE_CURVE('',#1703,(#1708,#1719),.PCURVE_S1.);
#1703 = CIRCLE('',#1704,9.3);
#1704 = AXIS2_PLACEMENT_3D('',#1705,#1706,#1707);
#1705 = CARTESIAN_POINT('',(-59.8,164.7,47.5));
#1706 = DIRECTION('',(-1.,0.,0.));
#1707 = DIRECTION('',(0.,1.,0.));
#1708 = PCURVE('',#451,#1709);
#1709 = DEFINITIONAL_REPRESENTATION('',(#1710),#1718);
#1710 = ( BOUNDED_CURVE() B_SPLINE_CURVE(2,(#1711,#1712,#1713,#1714,
#1715,#1716,#1717),.UNSPECIFIED.,.T.,.F.) B_SPLINE_CURVE_WITH_KNOTS((1,2
    ,2,2,2,1),(-2.094395102393,0.,2.094395102393,4.188790204786,
6.28318530718,8.377580409573),.UNSPECIFIED.) CURVE() 
GEOMETRIC_REPRESENTATION_ITEM() RATIONAL_B_SPLINE_CURVE((1.,0.5,1.,0.5,
1.,0.5,1.)) REPRESENTATION_ITEM('') );
#1711 = CARTESIAN_POINT('',(10.3,-19.2));
#1712 = CARTESIAN_POINT('',(-5.808072510391,-19.2));
#1713 = CARTESIAN_POINT('',(2.245963744805,-5.25));
#1714 = CARTESIAN_POINT('',(10.3,8.7));
#1715 = CARTESIAN_POINT('',(18.354036255195,-5.25));
#1716 = CARTESIAN_POINT('',(26.408072510391,-19.2));
#1717 = CARTESIAN_POINT('',(10.3,-19.2));
#1718 = ( GEOMETRIC_REPRESENTATION_CONTEXT(2) 
PARAMETRIC_REPRESENTATION_CONTEXT() REPRESENTATION_CONTEXT('2D SPACE',''
  ) );
#1719 = PCURVE('',#425,#1720);
#1720 = DEFINITIONAL_REPRESENTATION('',(#1721),#1725);
#1721 = LINE('',#1722,#1723);
#1722 = CARTESIAN_POINT('',(-12.56637061435,-33.2));
#1723 = VECTOR('',#1724,1.);
#1724 = DIRECTION('',(1.,-0.));
#1725 = ( GEOMETRIC_REPRESENTATION_CONTEXT(2) 
PARAMETRIC_REPRESENTATION_CONTEXT() REPRESENTATION_CONTEXT('2D SPACE',''
  ) );
#1726 = ORIENTED_EDGE('',*,*,#436,.F.);
#1727 = ADVANCED_FACE('',(#1728),#425,.T.);
#1728 = FACE_BOUND('',#1729,.F.);
#1729 = EDGE_LOOP('',(#1730,#1731,#1732,#1753,#1786,#1808,#1841,#1867));
#1730 = ORIENTED_EDGE('',*,*,#409,.F.);
#1731 = ORIENTED_EDGE('',*,*,#1701,.T.);
#1732 = ORIENTED_EDGE('',*,*,#1733,.F.);
#1733 = EDGE_CURVE('',#1734,#1676,#1736,.T.);
#1734 = VERTEX_POINT('',#1735);
#1735 = CARTESIAN_POINT('',(17.,170.46194411635,40.2));
#1736 = SURFACE_CURVE('',#1737,(#1741,#1747),.PCURVE_S1.);
#1737 = LINE('',#1738,#1739);
#1738 = CARTESIAN_POINT('',(-93.,170.46194411635,40.2));
#1739 = VECTOR('',#1740,1.);
#1740 = DIRECTION('',(-1.,-0.,-0.));
#1741 = PCURVE('',#425,#1742);
#1742 = DEFINITIONAL_REPRESENTATION('',(#1743),#1746);
#1743 = B_SPLINE_CURVE_WITH_KNOTS('',1,(#1744,#1745),.UNSPECIFIED.,.F.,
  .F.,(2,2),(-152.8000006,-33.1999994),.PIECEWISE_BEZIER_KNOTS.);
#1744 = CARTESIAN_POINT('',(-5.380575961179,-152.8000006));
#1745 = CARTESIAN_POINT('',(-5.380575961179,-33.1999994));
#1746 = ( GEOMETRIC_REPRESENTATION_CONTEXT(2) 
PARAMETRIC_REPRESENTATION_CONTEXT() REPRESENTATION_CONTEXT('2D SPACE',''
  ) );
#1747 = PCURVE('',#1690,#1748);
#1748 = DEFINITIONAL_REPRESENTATION('',(#1749),#1752);
#1749 = B_SPLINE_CURVE_WITH_KNOTS('',1,(#1750,#1751),.UNSPECIFIED.,.F.,
  .F.,(2,2),(-152.8000006,-33.1999994),.PIECEWISE_BEZIER_KNOTS.);
#1750 = CARTESIAN_POINT('',(245.8000006,171.46194411635));
#1751 = CARTESIAN_POINT('',(126.1999994,171.46194411635));
#1752 = ( GEOMETRIC_REPRESENTATION_CONTEXT(2) 
PARAMETRIC_REPRESENTATION_CONTEXT() REPRESENTATION_CONTEXT('2D SPACE',''
  ) );
#1753 = ORIENTED_EDGE('',*,*,#1754,.F.);
#1754 = EDGE_CURVE('',#1755,#1734,#1757,.T.);
#1755 = VERTEX_POINT('',#1756);
#1756 = CARTESIAN_POINT('',(17.,170.46194411635,54.8));
#1757 = SURFACE_CURVE('',#1758,(#1763,#1770),.PCURVE_S1.);
#1758 = CIRCLE('',#1759,9.3);
#1759 = AXIS2_PLACEMENT_3D('',#1760,#1761,#1762);
#1760 = CARTESIAN_POINT('',(17.,164.7,47.5));
#1761 = DIRECTION('',(-1.,0.,0.));
#1762 = DIRECTION('',(0.,1.,0.));
#1763 = PCURVE('',#425,#1764);
#1764 = DEFINITIONAL_REPRESENTATION('',(#1765),#1769);
#1765 = LINE('',#1766,#1767);
#1766 = CARTESIAN_POINT('',(-12.56637061435,-110.));
#1767 = VECTOR('',#1768,1.);
#1768 = DIRECTION('',(1.,-0.));
#1769 = ( GEOMETRIC_REPRESENTATION_CONTEXT(2) 
PARAMETRIC_REPRESENTATION_CONTEXT() REPRESENTATION_CONTEXT('2D SPACE',''
  ) );
#1770 = PCURVE('',#1771,#1776);
#1771 = PLANE('',#1772);
#1772 = AXIS2_PLACEMENT_3D('',#1773,#1774,#1775);
#1773 = CARTESIAN_POINT('',(17.,156.7,39.2));
#1774 = DIRECTION('',(1.,0.,0.));
#1775 = DIRECTION('',(0.,0.,1.));
#1776 = DEFINITIONAL_REPRESENTATION('',(#1777),#1785);
#1777 = ( BOUNDED_CURVE() B_SPLINE_CURVE(2,(#1778,#1779,#1780,#1781,
#1782,#1783,#1784),.UNSPECIFIED.,.T.,.F.) B_SPLINE_CURVE_WITH_KNOTS((1,2
    ,2,2,2,1),(-2.094395102393,0.,2.094395102393,4.188790204786,
6.28318530718,8.377580409573),.UNSPECIFIED.) CURVE() 
GEOMETRIC_REPRESENTATION_ITEM() RATIONAL_B_SPLINE_CURVE((1.,0.5,1.,0.5,
1.,0.5,1.)) REPRESENTATION_ITEM('') );
#1778 = CARTESIAN_POINT('',(8.3,-17.3));
#1779 = CARTESIAN_POINT('',(-7.808072510391,-17.3));
#1780 = CARTESIAN_POINT('',(0.245963744805,-3.35));
#1781 = CARTESIAN_POINT('',(8.3,10.6));
#1782 = CARTESIAN_POINT('',(16.354036255195,-3.35));
#1783 = CARTESIAN_POINT('',(24.408072510391,-17.3));
#1784 = CARTESIAN_POINT('',(8.3,-17.3));
#1785 = ( GEOMETRIC_REPRESENTATION_CONTEXT(2) 
PARAMETRIC_REPRESENTATION_CONTEXT() REPRESENTATION_CONTEXT('2D SPACE',''
  ) );
#1786 = ORIENTED_EDGE('',*,*,#1787,.F.);
#1787 = EDGE_CURVE('',#1788,#1755,#1790,.T.);
#1788 = VERTEX_POINT('',#1789);
#1789 = CARTESIAN_POINT('',(43.,170.46194411635,54.8));
#1790 = SURFACE_CURVE('',#1791,(#1795,#1801),.PCURVE_S1.);
#1791 = LINE('',#1792,#1793);
#1792 = CARTESIAN_POINT('',(-93.,170.46194411635,54.8));
#1793 = VECTOR('',#1794,1.);
#1794 = DIRECTION('',(-1.,-0.,-0.));
#1795 = PCURVE('',#425,#1796);
#1796 = DEFINITIONAL_REPRESENTATION('',(#1797),#1800);
#1797 = B_SPLINE_CURVE_WITH_KNOTS('',1,(#1798,#1799),.UNSPECIFIED.,.F.,
  .F.,(2,2),(-138.6,-107.4),.PIECEWISE_BEZIER_KNOTS.);
#1798 = CARTESIAN_POINT('',(-7.18579465318,-138.6));
#1799 = CARTESIAN_POINT('',(-7.18579465318,-107.4));
#1800 = ( GEOMETRIC_REPRESENTATION_CONTEXT(2) 
PARAMETRIC_REPRESENTATION_CONTEXT() REPRESENTATION_CONTEXT('2D SPACE',''
  ) );
#1801 = PCURVE('',#627,#1802);
#1802 = DEFINITIONAL_REPRESENTATION('',(#1803),#1807);
#1803 = LINE('',#1804,#1805);
#1804 = CARTESIAN_POINT('',(-2.5,167.96194411635));
#1805 = VECTOR('',#1806,1.);
#1806 = DIRECTION('',(-1.,0.));
#1807 = ( GEOMETRIC_REPRESENTATION_CONTEXT(2) 
PARAMETRIC_REPRESENTATION_CONTEXT() REPRESENTATION_CONTEXT('2D SPACE',''
  ) );
#1808 = ORIENTED_EDGE('',*,*,#1809,.T.);
#1809 = EDGE_CURVE('',#1788,#1810,#1812,.T.);
#1810 = VERTEX_POINT('',#1811);
#1811 = CARTESIAN_POINT('',(43.,170.46194411635,40.2));
#1812 = SURFACE_CURVE('',#1813,(#1818,#1825),.PCURVE_S1.);
#1813 = CIRCLE('',#1814,9.3);
#1814 = AXIS2_PLACEMENT_3D('',#1815,#1816,#1817);
#1815 = CARTESIAN_POINT('',(43.,164.7,47.5));
#1816 = DIRECTION('',(-1.,0.,0.));
#1817 = DIRECTION('',(0.,1.,0.));
#1818 = PCURVE('',#425,#1819);
#1819 = DEFINITIONAL_REPRESENTATION('',(#1820),#1824);
#1820 = LINE('',#1821,#1822);
#1821 = CARTESIAN_POINT('',(-12.56637061435,-136.));
#1822 = VECTOR('',#1823,1.);
#1823 = DIRECTION('',(1.,-0.));
#1824 = ( GEOMETRIC_REPRESENTATION_CONTEXT(2) 
PARAMETRIC_REPRESENTATION_CONTEXT() REPRESENTATION_CONTEXT('2D SPACE',''
  ) );
#1825 = PCURVE('',#1826,#1831);
#1826 = PLANE('',#1827);
#1827 = AXIS2_PLACEMENT_3D('',#1828,#1829,#1830);
#1828 = CARTESIAN_POINT('',(43.,156.7,39.2));
#1829 = DIRECTION('',(1.,0.,0.));
#1830 = DIRECTION('',(0.,0.,1.));
#1831 = DEFINITIONAL_REPRESENTATION('',(#1832),#1840);
#1832 = ( BOUNDED_CURVE() B_SPLINE_CURVE(2,(#1833,#1834,#1835,#1836,
#1837,#1838,#1839),.UNSPECIFIED.,.T.,.F.) B_SPLINE_CURVE_WITH_KNOTS((1,2
    ,2,2,2,1),(-2.094395102393,0.,2.094395102393,4.188790204786,
6.28318530718,8.377580409573),.UNSPECIFIED.) CURVE() 
GEOMETRIC_REPRESENTATION_ITEM() RATIONAL_B_SPLINE_CURVE((1.,0.5,1.,0.5,
1.,0.5,1.)) REPRESENTATION_ITEM('') );
#1833 = CARTESIAN_POINT('',(8.3,-17.3));
#1834 = CARTESIAN_POINT('',(-7.808072510391,-17.3));
#1835 = CARTESIAN_POINT('',(0.245963744805,-3.35));
#1836 = CARTESIAN_POINT('',(8.3,10.6));
#1837 = CARTESIAN_POINT('',(16.354036255195,-3.35));
#1838 = CARTESIAN_POINT('',(24.408072510391,-17.3));
#1839 = CARTESIAN_POINT('',(8.3,-17.3));
#1840 = ( GEOMETRIC_REPRESENTATION_CONTEXT(2) 
PARAMETRIC_REPRESENTATION_CONTEXT() REPRESENTATION_CONTEXT('2D SPACE',''
  ) );
#1841 = ORIENTED_EDGE('',*,*,#1842,.F.);
#1842 = EDGE_CURVE('',#1843,#1810,#1845,.T.);
#1843 = VERTEX_POINT('',#1844);
#1844 = CARTESIAN_POINT('',(59.8,170.46194411635,40.2));
#1845 = SURFACE_CURVE('',#1846,(#1850,#1856),.PCURVE_S1.);
#1846 = LINE('',#1847,#1848);
#1847 = CARTESIAN_POINT('',(-93.,170.46194411635,40.2));
#1848 = VECTOR('',#1849,1.);
#1849 = DIRECTION('',(-1.,-0.,-0.));
#1850 = PCURVE('',#425,#1851);
#1851 = DEFINITIONAL_REPRESENTATION('',(#1852),#1855);
#1852 = B_SPLINE_CURVE_WITH_KNOTS('',1,(#1853,#1854),.UNSPECIFIED.,.F.,
  .F.,(2,2),(-152.8000006,-33.1999994),.PIECEWISE_BEZIER_KNOTS.);
#1853 = CARTESIAN_POINT('',(-5.380575961179,-152.8000006));
#1854 = CARTESIAN_POINT('',(-5.380575961179,-33.1999994));
#1855 = ( GEOMETRIC_REPRESENTATION_CONTEXT(2) 
PARAMETRIC_REPRESENTATION_CONTEXT() REPRESENTATION_CONTEXT('2D SPACE',''
  ) );
#1856 = PCURVE('',#1857,#1862);
#1857 = PLANE('',#1858);
#1858 = AXIS2_PLACEMENT_3D('',#1859,#1860,#1861);
#1859 = CARTESIAN_POINT('',(-186.,-1.,40.2));
#1860 = DIRECTION('',(0.,0.,1.));
#1861 = DIRECTION('',(1.,0.,0.));
#1862 = DEFINITIONAL_REPRESENTATION('',(#1863),#1866);
#1863 = B_SPLINE_CURVE_WITH_KNOTS('',1,(#1864,#1865),.UNSPECIFIED.,.F.,
  .F.,(2,2),(-152.8000006,-33.1999994),.PIECEWISE_BEZIER_KNOTS.);
#1864 = CARTESIAN_POINT('',(245.8000006,171.46194411635));
#1865 = CARTESIAN_POINT('',(126.1999994,171.46194411635));
#1866 = ( GEOMETRIC_REPRESENTATION_CONTEXT(2) 
PARAMETRIC_REPRESENTATION_CONTEXT() REPRESENTATION_CONTEXT('2D SPACE',''
  ) );
#1867 = ORIENTED_EDGE('',*,*,#1868,.F.);
#1868 = EDGE_CURVE('',#384,#1843,#1869,.T.);
#1869 = SURFACE_CURVE('',#1870,(#1875,#1882),.PCURVE_S1.);
#1870 = CIRCLE('',#1871,9.3);
#1871 = AXIS2_PLACEMENT_3D('',#1872,#1873,#1874);
#1872 = CARTESIAN_POINT('',(59.8,164.7,47.5));
#1873 = DIRECTION('',(-1.,0.,0.));
#1874 = DIRECTION('',(0.,1.,0.));
#1875 = PCURVE('',#425,#1876);
#1876 = DEFINITIONAL_REPRESENTATION('',(#1877),#1881);
#1877 = LINE('',#1878,#1879);
#1878 = CARTESIAN_POINT('',(-12.56637061435,-152.8));
#1879 = VECTOR('',#1880,1.);
#1880 = DIRECTION('',(1.,-0.));
#1881 = ( GEOMETRIC_REPRESENTATION_CONTEXT(2) 
PARAMETRIC_REPRESENTATION_CONTEXT() REPRESENTATION_CONTEXT('2D SPACE',''
  ) );
#1882 = PCURVE('',#398,#1883);
#1883 = DEFINITIONAL_REPRESENTATION('',(#1884),#1892);
#1884 = ( BOUNDED_CURVE() B_SPLINE_CURVE(2,(#1885,#1886,#1887,#1888,
#1889,#1890,#1891),.UNSPECIFIED.,.T.,.F.) B_SPLINE_CURVE_WITH_KNOTS((1,2
    ,2,2,2,1),(-2.094395102393,0.,2.094395102393,4.188790204786,
6.28318530718,8.377580409573),.UNSPECIFIED.) CURVE() 
GEOMETRIC_REPRESENTATION_ITEM() RATIONAL_B_SPLINE_CURVE((1.,0.5,1.,0.5,
1.,0.5,1.)) REPRESENTATION_ITEM('') );
#1885 = CARTESIAN_POINT('',(10.3,-19.2));
#1886 = CARTESIAN_POINT('',(-5.808072510391,-19.2));
#1887 = CARTESIAN_POINT('',(2.245963744805,-5.25));
#1888 = CARTESIAN_POINT('',(10.3,8.7));
#1889 = CARTESIAN_POINT('',(18.354036255195,-5.25));
#1890 = CARTESIAN_POINT('',(26.408072510391,-19.2));
#1891 = CARTESIAN_POINT('',(10.3,-19.2));
#1892 = ( GEOMETRIC_REPRESENTATION_CONTEXT(2) 
PARAMETRIC_REPRESENTATION_CONTEXT() REPRESENTATION_CONTEXT('2D SPACE',''
  ) );
#1893 = ADVANCED_FACE('',(#1894),#398,.T.);
#1894 = FACE_BOUND('',#1895,.T.);
#1895 = EDGE_LOOP('',(#1896,#1919,#1941,#1967,#1986,#1987));
#1896 = ORIENTED_EDGE('',*,*,#1897,.F.);
#1897 = EDGE_CURVE('',#1898,#358,#1900,.T.);
#1898 = VERTEX_POINT('',#1899);
#1899 = CARTESIAN_POINT('',(59.8,154.8,54.8));
#1900 = SURFACE_CURVE('',#1901,(#1905,#1912),.PCURVE_S1.);
#1901 = LINE('',#1902,#1903);
#1902 = CARTESIAN_POINT('',(59.8,154.8,37.2));
#1903 = VECTOR('',#1904,1.);
#1904 = DIRECTION('',(0.,0.,1.));
#1905 = PCURVE('',#398,#1906);
#1906 = DEFINITIONAL_REPRESENTATION('',(#1907),#1911);
#1907 = LINE('',#1908,#1909);
#1908 = CARTESIAN_POINT('',(0.,0.));
#1909 = VECTOR('',#1910,1.);
#1910 = DIRECTION('',(1.,0.));
#1911 = ( GEOMETRIC_REPRESENTATION_CONTEXT(2) 
PARAMETRIC_REPRESENTATION_CONTEXT() REPRESENTATION_CONTEXT('2D SPACE',''
  ) );
#1912 = PCURVE('',#372,#1913);
#1913 = DEFINITIONAL_REPRESENTATION('',(#1914),#1918);
#1914 = LINE('',#1915,#1916);
#1915 = CARTESIAN_POINT('',(0.,0.));
#1916 = VECTOR('',#1917,1.);
#1917 = DIRECTION('',(1.,0.));
#1918 = ( GEOMETRIC_REPRESENTATION_CONTEXT(2) 
PARAMETRIC_REPRESENTATION_CONTEXT() REPRESENTATION_CONTEXT('2D SPACE',''
  ) );
#1919 = ORIENTED_EDGE('',*,*,#1920,.F.);
#1920 = EDGE_CURVE('',#1921,#1898,#1923,.T.);
#1921 = VERTEX_POINT('',#1922);
#1922 = CARTESIAN_POINT('',(59.8,161.7,54.8));
#1923 = SURFACE_CURVE('',#1924,(#1928,#1934),.PCURVE_S1.);
#1924 = LINE('',#1925,#1926);
#1925 = CARTESIAN_POINT('',(59.8,78.65,54.8));
#1926 = VECTOR('',#1927,1.);
#1927 = DIRECTION('',(0.,-1.,0.));
#1928 = PCURVE('',#398,#1929);
#1929 = DEFINITIONAL_REPRESENTATION('',(#1930),#1933);
#1930 = B_SPLINE_CURVE_WITH_KNOTS('',1,(#1931,#1932),.UNSPECIFIED.,.F.,
  .F.,(2,2),(-83.05,-76.15),.PIECEWISE_BEZIER_KNOTS.);
#1931 = CARTESIAN_POINT('',(17.6,-6.9));
#1932 = CARTESIAN_POINT('',(17.6,0.));
#1933 = ( GEOMETRIC_REPRESENTATION_CONTEXT(2) 
PARAMETRIC_REPRESENTATION_CONTEXT() REPRESENTATION_CONTEXT('2D SPACE',''
  ) );
#1934 = PCURVE('',#627,#1935);
#1935 = DEFINITIONAL_REPRESENTATION('',(#1936),#1940);
#1936 = LINE('',#1937,#1938);
#1937 = CARTESIAN_POINT('',(150.3,76.15));
#1938 = VECTOR('',#1939,1.);
#1939 = DIRECTION('',(0.,-1.));
#1940 = ( GEOMETRIC_REPRESENTATION_CONTEXT(2) 
PARAMETRIC_REPRESENTATION_CONTEXT() REPRESENTATION_CONTEXT('2D SPACE',''
  ) );
#1941 = ORIENTED_EDGE('',*,*,#1942,.F.);
#1942 = EDGE_CURVE('',#1943,#1921,#1945,.T.);
#1943 = VERTEX_POINT('',#1944);
#1944 = CARTESIAN_POINT('',(59.8,161.7,40.2));
#1945 = SURFACE_CURVE('',#1946,(#1950,#1956),.PCURVE_S1.);
#1946 = LINE('',#1947,#1948);
#1947 = CARTESIAN_POINT('',(59.8,161.7,38.2));
#1948 = VECTOR('',#1949,1.);
#1949 = DIRECTION('',(0.,0.,1.));
#1950 = PCURVE('',#398,#1951);
#1951 = DEFINITIONAL_REPRESENTATION('',(#1952),#1955);
#1952 = B_SPLINE_CURVE_WITH_KNOTS('',1,(#1953,#1954),.UNSPECIFIED.,.F.,
  .F.,(2,2),(2.,16.6),.PIECEWISE_BEZIER_KNOTS.);
#1953 = CARTESIAN_POINT('',(3.,-6.9));
#1954 = CARTESIAN_POINT('',(17.6,-6.9));
#1955 = ( GEOMETRIC_REPRESENTATION_CONTEXT(2) 
PARAMETRIC_REPRESENTATION_CONTEXT() REPRESENTATION_CONTEXT('2D SPACE',''
  ) );
#1956 = PCURVE('',#1957,#1962);
#1957 = PLANE('',#1958);
#1958 = AXIS2_PLACEMENT_3D('',#1959,#1960,#1961);
#1959 = CARTESIAN_POINT('',(-90.5,161.7,39.2));
#1960 = DIRECTION('',(0.,1.,0.));
#1961 = DIRECTION('',(0.,0.,1.));
#1962 = DEFINITIONAL_REPRESENTATION('',(#1963),#1966);
#1963 = B_SPLINE_CURVE_WITH_KNOTS('',1,(#1964,#1965),.UNSPECIFIED.,.F.,
  .F.,(2,2),(2.,16.6),.PIECEWISE_BEZIER_KNOTS.);
#1964 = CARTESIAN_POINT('',(1.,150.3));
#1965 = CARTESIAN_POINT('',(15.6,150.3));
#1966 = ( GEOMETRIC_REPRESENTATION_CONTEXT(2) 
PARAMETRIC_REPRESENTATION_CONTEXT() REPRESENTATION_CONTEXT('2D SPACE',''
  ) );
#1967 = ORIENTED_EDGE('',*,*,#1968,.F.);
#1968 = EDGE_CURVE('',#1843,#1943,#1969,.T.);
#1969 = SURFACE_CURVE('',#1970,(#1974,#1980),.PCURVE_S1.);
#1970 = LINE('',#1971,#1972);
#1971 = CARTESIAN_POINT('',(59.8,76.9,40.2));
#1972 = VECTOR('',#1973,1.);
#1973 = DIRECTION('',(0.,-1.,0.));
#1974 = PCURVE('',#398,#1975);
#1975 = DEFINITIONAL_REPRESENTATION('',(#1976),#1979);
#1976 = B_SPLINE_CURVE_WITH_KNOTS('',1,(#1977,#1978),.UNSPECIFIED.,.F.,
  .F.,(2,2),(-97.1,-77.9),.PIECEWISE_BEZIER_KNOTS.);
#1977 = CARTESIAN_POINT('',(3.,-19.2));
#1978 = CARTESIAN_POINT('',(3.,0.));
#1979 = ( GEOMETRIC_REPRESENTATION_CONTEXT(2) 
PARAMETRIC_REPRESENTATION_CONTEXT() REPRESENTATION_CONTEXT('2D SPACE',''
  ) );
#1980 = PCURVE('',#1857,#1981);
#1981 = DEFINITIONAL_REPRESENTATION('',(#1982),#1985);
#1982 = B_SPLINE_CURVE_WITH_KNOTS('',1,(#1983,#1984),.UNSPECIFIED.,.F.,
  .F.,(2,2),(-97.1,-77.9),.PIECEWISE_BEZIER_KNOTS.);
#1983 = CARTESIAN_POINT('',(245.8,175.));
#1984 = CARTESIAN_POINT('',(245.8,155.8));
#1985 = ( GEOMETRIC_REPRESENTATION_CONTEXT(2) 
PARAMETRIC_REPRESENTATION_CONTEXT() REPRESENTATION_CONTEXT('2D SPACE',''
  ) );
#1986 = ORIENTED_EDGE('',*,*,#1868,.F.);
#1987 = ORIENTED_EDGE('',*,*,#383,.F.);
#1988 = ADVANCED_FACE('',(#1989),#372,.T.);
#1989 = FACE_BOUND('',#1990,.T.);
#1990 = EDGE_LOOP('',(#1991,#2014,#2034,#2035));
#1991 = ORIENTED_EDGE('',*,*,#1992,.F.);
#1992 = EDGE_CURVE('',#1993,#332,#1995,.T.);
#1993 = VERTEX_POINT('',#1994);
#1994 = CARTESIAN_POINT('',(70.6,154.8,54.8));
#1995 = SURFACE_CURVE('',#1996,(#2000,#2007),.PCURVE_S1.);
#1996 = LINE('',#1997,#1998);
#1997 = CARTESIAN_POINT('',(70.6,154.8,37.2));
#1998 = VECTOR('',#1999,1.);
#1999 = DIRECTION('',(0.,0.,1.));
#2000 = PCURVE('',#372,#2001);
#2001 = DEFINITIONAL_REPRESENTATION('',(#2002),#2006);
#2002 = LINE('',#2003,#2004);
#2003 = CARTESIAN_POINT('',(0.,10.8));
#2004 = VECTOR('',#2005,1.);
#2005 = DIRECTION('',(1.,0.));
#2006 = ( GEOMETRIC_REPRESENTATION_CONTEXT(2) 
PARAMETRIC_REPRESENTATION_CONTEXT() REPRESENTATION_CONTEXT('2D SPACE',''
  ) );
#2007 = PCURVE('',#346,#2008);
#2008 = DEFINITIONAL_REPRESENTATION('',(#2009),#2013);
#2009 = LINE('',#2010,#2011);
#2010 = CARTESIAN_POINT('',(0.,0.));
#2011 = VECTOR('',#2012,1.);
#2012 = DIRECTION('',(1.,0.));
#2013 = ( GEOMETRIC_REPRESENTATION_CONTEXT(2) 
PARAMETRIC_REPRESENTATION_CONTEXT() REPRESENTATION_CONTEXT('2D SPACE',''
  ) );
#2014 = ORIENTED_EDGE('',*,*,#2015,.F.);
#2015 = EDGE_CURVE('',#1898,#1993,#2016,.T.);
#2016 = SURFACE_CURVE('',#2017,(#2021,#2027),.PCURVE_S1.);
#2017 = LINE('',#2018,#2019);
#2018 = CARTESIAN_POINT('',(-15.35,154.8,54.8));
#2019 = VECTOR('',#2020,1.);
#2020 = DIRECTION('',(1.,0.,0.));
#2021 = PCURVE('',#372,#2022);
#2022 = DEFINITIONAL_REPRESENTATION('',(#2023),#2026);
#2023 = B_SPLINE_CURVE_WITH_KNOTS('',1,(#2024,#2025),.UNSPECIFIED.,.F.,
  .F.,(2,2),(75.15,85.95),.PIECEWISE_BEZIER_KNOTS.);
#2024 = CARTESIAN_POINT('',(17.6,0.));
#2025 = CARTESIAN_POINT('',(17.6,10.8));
#2026 = ( GEOMETRIC_REPRESENTATION_CONTEXT(2) 
PARAMETRIC_REPRESENTATION_CONTEXT() REPRESENTATION_CONTEXT('2D SPACE',''
  ) );
#2027 = PCURVE('',#627,#2028);
#2028 = DEFINITIONAL_REPRESENTATION('',(#2029),#2033);
#2029 = LINE('',#2030,#2031);
#2030 = CARTESIAN_POINT('',(75.15,152.3));
#2031 = VECTOR('',#2032,1.);
#2032 = DIRECTION('',(1.,0.));
#2033 = ( GEOMETRIC_REPRESENTATION_CONTEXT(2) 
PARAMETRIC_REPRESENTATION_CONTEXT() REPRESENTATION_CONTEXT('2D SPACE',''
  ) );
#2034 = ORIENTED_EDGE('',*,*,#1897,.T.);
#2035 = ORIENTED_EDGE('',*,*,#357,.F.);
#2036 = ADVANCED_FACE('',(#2037,#2141),#346,.F.);
#2037 = FACE_BOUND('',#2038,.F.);
#2038 = EDGE_LOOP('',(#2039,#2040,#2062,#2088,#2114,#2140));
#2039 = ORIENTED_EDGE('',*,*,#1992,.F.);
#2040 = ORIENTED_EDGE('',*,*,#2041,.F.);
#2041 = EDGE_CURVE('',#2042,#1993,#2044,.T.);
#2042 = VERTEX_POINT('',#2043);
#2043 = CARTESIAN_POINT('',(70.6,161.7,54.8));
#2044 = SURFACE_CURVE('',#2045,(#2049,#2055),.PCURVE_S1.);
#2045 = LINE('',#2046,#2047);
#2046 = CARTESIAN_POINT('',(70.6,78.65,54.8));
#2047 = VECTOR('',#2048,1.);
#2048 = DIRECTION('',(0.,-1.,0.));
#2049 = PCURVE('',#346,#2050);
#2050 = DEFINITIONAL_REPRESENTATION('',(#2051),#2054);
#2051 = B_SPLINE_CURVE_WITH_KNOTS('',1,(#2052,#2053),.UNSPECIFIED.,.F.,
  .F.,(2,2),(-83.05,-76.15),.PIECEWISE_BEZIER_KNOTS.);
#2052 = CARTESIAN_POINT('',(17.6,-6.9));
#2053 = CARTESIAN_POINT('',(17.6,0.));
#2054 = ( GEOMETRIC_REPRESENTATION_CONTEXT(2) 
PARAMETRIC_REPRESENTATION_CONTEXT() REPRESENTATION_CONTEXT('2D SPACE',''
  ) );
#2055 = PCURVE('',#627,#2056);
#2056 = DEFINITIONAL_REPRESENTATION('',(#2057),#2061);
#2057 = LINE('',#2058,#2059);
#2058 = CARTESIAN_POINT('',(161.1,76.15));
#2059 = VECTOR('',#2060,1.);
#2060 = DIRECTION('',(0.,-1.));
#2061 = ( GEOMETRIC_REPRESENTATION_CONTEXT(2) 
PARAMETRIC_REPRESENTATION_CONTEXT() REPRESENTATION_CONTEXT('2D SPACE',''
  ) );
#2062 = ORIENTED_EDGE('',*,*,#2063,.F.);
#2063 = EDGE_CURVE('',#2064,#2042,#2066,.T.);
#2064 = VERTEX_POINT('',#2065);
#2065 = CARTESIAN_POINT('',(70.6,161.7,40.2));
#2066 = SURFACE_CURVE('',#2067,(#2071,#2077),.PCURVE_S1.);
#2067 = LINE('',#2068,#2069);
#2068 = CARTESIAN_POINT('',(70.6,161.7,38.2));
#2069 = VECTOR('',#2070,1.);
#2070 = DIRECTION('',(0.,0.,1.));
#2071 = PCURVE('',#346,#2072);
#2072 = DEFINITIONAL_REPRESENTATION('',(#2073),#2076);
#2073 = B_SPLINE_CURVE_WITH_KNOTS('',1,(#2074,#2075),.UNSPECIFIED.,.F.,
  .F.,(2,2),(2.,16.6),.PIECEWISE_BEZIER_KNOTS.);
#2074 = CARTESIAN_POINT('',(3.,-6.9));
#2075 = CARTESIAN_POINT('',(17.6,-6.9));
#2076 = ( GEOMETRIC_REPRESENTATION_CONTEXT(2) 
PARAMETRIC_REPRESENTATION_CONTEXT() REPRESENTATION_CONTEXT('2D SPACE',''
  ) );
#2077 = PCURVE('',#2078,#2083);
#2078 = PLANE('',#2079);
#2079 = AXIS2_PLACEMENT_3D('',#2080,#2081,#2082);
#2080 = CARTESIAN_POINT('',(-90.5,161.7,39.2));
#2081 = DIRECTION('',(0.,1.,0.));
#2082 = DIRECTION('',(0.,0.,1.));
#2083 = DEFINITIONAL_REPRESENTATION('',(#2084),#2087);
#2084 = B_SPLINE_CURVE_WITH_KNOTS('',1,(#2085,#2086),.UNSPECIFIED.,.F.,
  .F.,(2,2),(2.,16.6),.PIECEWISE_BEZIER_KNOTS.);
#2085 = CARTESIAN_POINT('',(1.,161.1));
#2086 = CARTESIAN_POINT('',(15.6,161.1));
#2087 = ( GEOMETRIC_REPRESENTATION_CONTEXT(2) 
PARAMETRIC_REPRESENTATION_CONTEXT() REPRESENTATION_CONTEXT('2D SPACE',''
  ) );
#2088 = ORIENTED_EDGE('',*,*,#2089,.F.);
#2089 = EDGE_CURVE('',#2090,#2064,#2092,.T.);
#2090 = VERTEX_POINT('',#2091);
#2091 = CARTESIAN_POINT('',(70.6,170.46194411635,40.2));
#2092 = SURFACE_CURVE('',#2093,(#2097,#2103),.PCURVE_S1.);
#2093 = LINE('',#2094,#2095);
#2094 = CARTESIAN_POINT('',(70.6,76.9,40.2));
#2095 = VECTOR('',#2096,1.);
#2096 = DIRECTION('',(0.,-1.,0.));
#2097 = PCURVE('',#346,#2098);
#2098 = DEFINITIONAL_REPRESENTATION('',(#2099),#2102);
#2099 = B_SPLINE_CURVE_WITH_KNOTS('',1,(#2100,#2101),.UNSPECIFIED.,.F.,
  .F.,(2,2),(-97.1,-77.9),.PIECEWISE_BEZIER_KNOTS.);
#2100 = CARTESIAN_POINT('',(3.,-19.2));
#2101 = CARTESIAN_POINT('',(3.,0.));
#2102 = ( GEOMETRIC_REPRESENTATION_CONTEXT(2) 
PARAMETRIC_REPRESENTATION_CONTEXT() REPRESENTATION_CONTEXT('2D SPACE',''
  ) );
#2103 = PCURVE('',#2104,#2109);
#2104 = PLANE('',#2105);
#2105 = AXIS2_PLACEMENT_3D('',#2106,#2107,#2108);
#2106 = CARTESIAN_POINT('',(-186.,-1.,40.2));
#2107 = DIRECTION('',(0.,0.,1.));
#2108 = DIRECTION('',(1.,0.,0.));
#2109 = DEFINITIONAL_REPRESENTATION('',(#2110),#2113);
#2110 = B_SPLINE_CURVE_WITH_KNOTS('',1,(#2111,#2112),.UNSPECIFIED.,.F.,
  .F.,(2,2),(-97.1,-77.9),.PIECEWISE_BEZIER_KNOTS.);
#2111 = CARTESIAN_POINT('',(256.6,175.));
#2112 = CARTESIAN_POINT('',(256.6,155.8));
#2113 = ( GEOMETRIC_REPRESENTATION_CONTEXT(2) 
PARAMETRIC_REPRESENTATION_CONTEXT() REPRESENTATION_CONTEXT('2D SPACE',''
  ) );
#2114 = ORIENTED_EDGE('',*,*,#2115,.F.);
#2115 = EDGE_CURVE('',#305,#2090,#2116,.T.);
#2116 = SURFACE_CURVE('',#2117,(#2122,#2133),.PCURVE_S1.);
#2117 = CIRCLE('',#2118,9.3);
#2118 = AXIS2_PLACEMENT_3D('',#2119,#2120,#2121);
#2119 = CARTESIAN_POINT('',(70.6,164.7,47.5));
#2120 = DIRECTION('',(-1.,0.,0.));
#2121 = DIRECTION('',(0.,1.,0.));
#2122 = PCURVE('',#346,#2123);
#2123 = DEFINITIONAL_REPRESENTATION('',(#2124),#2132);
#2124 = ( BOUNDED_CURVE() B_SPLINE_CURVE(2,(#2125,#2126,#2127,#2128,
#2129,#2130,#2131),.UNSPECIFIED.,.T.,.F.) B_SPLINE_CURVE_WITH_KNOTS((1,2
    ,2,2,2,1),(-2.094395102393,0.,2.094395102393,4.188790204786,
6.28318530718,8.377580409573),.UNSPECIFIED.) CURVE() 
GEOMETRIC_REPRESENTATION_ITEM() RATIONAL_B_SPLINE_CURVE((1.,0.5,1.,0.5,
1.,0.5,1.)) REPRESENTATION_ITEM('') );
#2125 = CARTESIAN_POINT('',(10.3,-19.2));
#2126 = CARTESIAN_POINT('',(-5.808072510391,-19.2));
#2127 = CARTESIAN_POINT('',(2.245963744805,-5.25));
#2128 = CARTESIAN_POINT('',(10.3,8.7));
#2129 = CARTESIAN_POINT('',(18.354036255195,-5.25));
#2130 = CARTESIAN_POINT('',(26.408072510391,-19.2));
#2131 = CARTESIAN_POINT('',(10.3,-19.2));
#2132 = ( GEOMETRIC_REPRESENTATION_CONTEXT(2) 
PARAMETRIC_REPRESENTATION_CONTEXT() REPRESENTATION_CONTEXT('2D SPACE',''
  ) );
#2133 = PCURVE('',#320,#2134);
#2134 = DEFINITIONAL_REPRESENTATION('',(#2135),#2139);
#2135 = LINE('',#2136,#2137);
#2136 = CARTESIAN_POINT('',(-12.56637061435,-163.6));
#2137 = VECTOR('',#2138,1.);
#2138 = DIRECTION('',(1.,-0.));
#2139 = ( GEOMETRIC_REPRESENTATION_CONTEXT(2) 
PARAMETRIC_REPRESENTATION_CONTEXT() REPRESENTATION_CONTEXT('2D SPACE',''
  ) );
#2140 = ORIENTED_EDGE('',*,*,#331,.F.);
#2141 = FACE_BOUND('',#2142,.F.);
#2142 = EDGE_LOOP('',(#2143));
#2143 = ORIENTED_EDGE('',*,*,#2144,.T.);
#2144 = EDGE_CURVE('',#2145,#2145,#2147,.T.);
#2145 = VERTEX_POINT('',#2146);
#2146 = CARTESIAN_POINT('',(70.6,166.35,47.5));
#2147 = SURFACE_CURVE('',#2148,(#2153,#2164),.PCURVE_S1.);
#2148 = CIRCLE('',#2149,1.65);
#2149 = AXIS2_PLACEMENT_3D('',#2150,#2151,#2152);
#2150 = CARTESIAN_POINT('',(70.6,164.7,47.5));
#2151 = DIRECTION('',(-1.,0.,0.));
#2152 = DIRECTION('',(0.,1.,0.));
#2153 = PCURVE('',#346,#2154);
#2154 = DEFINITIONAL_REPRESENTATION('',(#2155),#2163);
#2155 = ( BOUNDED_CURVE() B_SPLINE_CURVE(2,(#2156,#2157,#2158,#2159,
#2160,#2161,#2162),.UNSPECIFIED.,.T.,.F.) B_SPLINE_CURVE_WITH_KNOTS((1,2
    ,2,2,2,1),(-2.094395102393,0.,2.094395102393,4.188790204786,
6.28318530718,8.377580409573),.UNSPECIFIED.) CURVE() 
GEOMETRIC_REPRESENTATION_ITEM() RATIONAL_B_SPLINE_CURVE((1.,0.5,1.,0.5,
1.,0.5,1.)) REPRESENTATION_ITEM('') );
#2156 = CARTESIAN_POINT('',(10.3,-11.55));
#2157 = CARTESIAN_POINT('',(7.442116167511,-11.55));
#2158 = CARTESIAN_POINT('',(8.871058083756,-9.075));
#2159 = CARTESIAN_POINT('',(10.3,-6.6));
#2160 = CARTESIAN_POINT('',(11.728941916244,-9.075));
#2161 = CARTESIAN_POINT('',(13.157883832489,-11.55));
#2162 = CARTESIAN_POINT('',(10.3,-11.55));
#2163 = ( GEOMETRIC_REPRESENTATION_CONTEXT(2) 
PARAMETRIC_REPRESENTATION_CONTEXT() REPRESENTATION_CONTEXT('2D SPACE',''
  ) );
#2164 = PCURVE('',#2165,#2170);
#2165 = CYLINDRICAL_SURFACE('',#2166,1.65);
#2166 = AXIS2_PLACEMENT_3D('',#2167,#2168,#2169);
#2167 = CARTESIAN_POINT('',(69.6,164.7,47.5));
#2168 = DIRECTION('',(-1.,-0.,-0.));
#2169 = DIRECTION('',(0.,1.,0.));
#2170 = DEFINITIONAL_REPRESENTATION('',(#2171),#2175);
#2171 = LINE('',#2172,#2173);
#2172 = CARTESIAN_POINT('',(-6.28318530718,-1.));
#2173 = VECTOR('',#2174,1.);
#2174 = DIRECTION('',(1.,-0.));
#2175 = ( GEOMETRIC_REPRESENTATION_CONTEXT(2) 
PARAMETRIC_REPRESENTATION_CONTEXT() REPRESENTATION_CONTEXT('2D SPACE',''
  ) );
#2176 = ADVANCED_FACE('',(#2177),#320,.T.);
#2177 = FACE_BOUND('',#2178,.F.);
#2178 = EDGE_LOOP('',(#2179,#2180,#2181,#2202));
#2179 = ORIENTED_EDGE('',*,*,#304,.F.);
#2180 = ORIENTED_EDGE('',*,*,#2115,.T.);
#2181 = ORIENTED_EDGE('',*,*,#2182,.F.);
#2182 = EDGE_CURVE('',#2183,#2090,#2185,.T.);
#2183 = VERTEX_POINT('',#2184);
#2184 = CARTESIAN_POINT('',(82.6,170.46194411635,40.2));
#2185 = SURFACE_CURVE('',#2186,(#2190,#2196),.PCURVE_S1.);
#2186 = LINE('',#2187,#2188);
#2187 = CARTESIAN_POINT('',(-93.,170.46194411635,40.2));
#2188 = VECTOR('',#2189,1.);
#2189 = DIRECTION('',(-1.,-0.,-0.));
#2190 = PCURVE('',#320,#2191);
#2191 = DEFINITIONAL_REPRESENTATION('',(#2192),#2195);
#2192 = B_SPLINE_CURVE_WITH_KNOTS('',1,(#2193,#2194),.UNSPECIFIED.,.F.,
  .F.,(2,2),(-175.6000006,-163.5999994),.PIECEWISE_BEZIER_KNOTS.);
#2193 = CARTESIAN_POINT('',(-5.380575961179,-175.6000006));
#2194 = CARTESIAN_POINT('',(-5.380575961179,-163.5999994));
#2195 = ( GEOMETRIC_REPRESENTATION_CONTEXT(2) 
PARAMETRIC_REPRESENTATION_CONTEXT() REPRESENTATION_CONTEXT('2D SPACE',''
  ) );
#2196 = PCURVE('',#2104,#2197);
#2197 = DEFINITIONAL_REPRESENTATION('',(#2198),#2201);
#2198 = B_SPLINE_CURVE_WITH_KNOTS('',1,(#2199,#2200),.UNSPECIFIED.,.F.,
  .F.,(2,2),(-175.6000006,-163.5999994),.PIECEWISE_BEZIER_KNOTS.);
#2199 = CARTESIAN_POINT('',(268.6000006,171.46194411635));
#2200 = CARTESIAN_POINT('',(256.5999994,171.46194411635));
#2201 = ( GEOMETRIC_REPRESENTATION_CONTEXT(2) 
PARAMETRIC_REPRESENTATION_CONTEXT() REPRESENTATION_CONTEXT('2D SPACE',''
  ) );
#2202 = ORIENTED_EDGE('',*,*,#2203,.F.);
#2203 = EDGE_CURVE('',#279,#2183,#2204,.T.);
#2204 = SURFACE_CURVE('',#2205,(#2210,#2217),.PCURVE_S1.);
#2205 = CIRCLE('',#2206,9.3);
#2206 = AXIS2_PLACEMENT_3D('',#2207,#2208,#2209);
#2207 = CARTESIAN_POINT('',(82.6,164.7,47.5));
#2208 = DIRECTION('',(-1.,0.,0.));
#2209 = DIRECTION('',(0.,1.,0.));
#2210 = PCURVE('',#320,#2211);
#2211 = DEFINITIONAL_REPRESENTATION('',(#2212),#2216);
#2212 = LINE('',#2213,#2214);
#2213 = CARTESIAN_POINT('',(-12.56637061435,-175.6));
#2214 = VECTOR('',#2215,1.);
#2215 = DIRECTION('',(1.,-0.));
#2216 = ( GEOMETRIC_REPRESENTATION_CONTEXT(2) 
PARAMETRIC_REPRESENTATION_CONTEXT() REPRESENTATION_CONTEXT('2D SPACE',''
  ) );
#2217 = PCURVE('',#293,#2218);
#2218 = DEFINITIONAL_REPRESENTATION('',(#2219),#2227);
#2219 = ( BOUNDED_CURVE() B_SPLINE_CURVE(2,(#2220,#2221,#2222,#2223,
#2224,#2225,#2226),.UNSPECIFIED.,.T.,.F.) B_SPLINE_CURVE_WITH_KNOTS((1,2
    ,2,2,2,1),(-2.094395102393,0.,2.094395102393,4.188790204786,
6.28318530718,8.377580409573),.UNSPECIFIED.) CURVE() 
GEOMETRIC_REPRESENTATION_ITEM() RATIONAL_B_SPLINE_CURVE((1.,0.5,1.,0.5,
1.,0.5,1.)) REPRESENTATION_ITEM('') );
#2220 = CARTESIAN_POINT('',(10.3,-19.2));
#2221 = CARTESIAN_POINT('',(-5.808072510391,-19.2));
#2222 = CARTESIAN_POINT('',(2.245963744805,-5.25));
#2223 = CARTESIAN_POINT('',(10.3,8.7));
#2224 = CARTESIAN_POINT('',(18.354036255195,-5.25));
#2225 = CARTESIAN_POINT('',(26.408072510391,-19.2));
#2226 = CARTESIAN_POINT('',(10.3,-19.2));
#2227 = ( GEOMETRIC_REPRESENTATION_CONTEXT(2) 
PARAMETRIC_REPRESENTATION_CONTEXT() REPRESENTATION_CONTEXT('2D SPACE',''
  ) );
#2228 = ADVANCED_FACE('',(#2229,#2318),#293,.T.);
#2229 = FACE_BOUND('',#2230,.T.);
#2230 = EDGE_LOOP('',(#2231,#2254,#2276,#2297,#2316,#2317));
#2231 = ORIENTED_EDGE('',*,*,#2232,.F.);
#2232 = EDGE_CURVE('',#2233,#253,#2235,.T.);
#2233 = VERTEX_POINT('',#2234);
#2234 = CARTESIAN_POINT('',(82.6,154.8,54.8));
#2235 = SURFACE_CURVE('',#2236,(#2240,#2247),.PCURVE_S1.);
#2236 = LINE('',#2237,#2238);
#2237 = CARTESIAN_POINT('',(82.6,154.8,37.2));
#2238 = VECTOR('',#2239,1.);
#2239 = DIRECTION('',(0.,0.,1.));
#2240 = PCURVE('',#293,#2241);
#2241 = DEFINITIONAL_REPRESENTATION('',(#2242),#2246);
#2242 = LINE('',#2243,#2244);
#2243 = CARTESIAN_POINT('',(0.,0.));
#2244 = VECTOR('',#2245,1.);
#2245 = DIRECTION('',(1.,0.));
#2246 = ( GEOMETRIC_REPRESENTATION_CONTEXT(2) 
PARAMETRIC_REPRESENTATION_CONTEXT() REPRESENTATION_CONTEXT('2D SPACE',''
  ) );
#2247 = PCURVE('',#267,#2248);
#2248 = DEFINITIONAL_REPRESENTATION('',(#2249),#2253);
#2249 = LINE('',#2250,#2251);
#2250 = CARTESIAN_POINT('',(0.,0.));
#2251 = VECTOR('',#2252,1.);
#2252 = DIRECTION('',(1.,0.));
#2253 = ( GEOMETRIC_REPRESENTATION_CONTEXT(2) 
PARAMETRIC_REPRESENTATION_CONTEXT() REPRESENTATION_CONTEXT('2D SPACE',''
  ) );
#2254 = ORIENTED_EDGE('',*,*,#2255,.F.);
#2255 = EDGE_CURVE('',#2256,#2233,#2258,.T.);
#2256 = VERTEX_POINT('',#2257);
#2257 = CARTESIAN_POINT('',(82.6,161.7,54.8));
#2258 = SURFACE_CURVE('',#2259,(#2263,#2269),.PCURVE_S1.);
#2259 = LINE('',#2260,#2261);
#2260 = CARTESIAN_POINT('',(82.6,78.65,54.8));
#2261 = VECTOR('',#2262,1.);
#2262 = DIRECTION('',(0.,-1.,0.));
#2263 = PCURVE('',#293,#2264);
#2264 = DEFINITIONAL_REPRESENTATION('',(#2265),#2268);
#2265 = B_SPLINE_CURVE_WITH_KNOTS('',1,(#2266,#2267),.UNSPECIFIED.,.F.,
  .F.,(2,2),(-83.05,-76.15),.PIECEWISE_BEZIER_KNOTS.);
#2266 = CARTESIAN_POINT('',(17.6,-6.9));
#2267 = CARTESIAN_POINT('',(17.6,0.));
#2268 = ( GEOMETRIC_REPRESENTATION_CONTEXT(2) 
PARAMETRIC_REPRESENTATION_CONTEXT() REPRESENTATION_CONTEXT('2D SPACE',''
  ) );
#2269 = PCURVE('',#627,#2270);
#2270 = DEFINITIONAL_REPRESENTATION('',(#2271),#2275);
#2271 = LINE('',#2272,#2273);
#2272 = CARTESIAN_POINT('',(173.1,76.15));
#2273 = VECTOR('',#2274,1.);
#2274 = DIRECTION('',(0.,-1.));
#2275 = ( GEOMETRIC_REPRESENTATION_CONTEXT(2) 
PARAMETRIC_REPRESENTATION_CONTEXT() REPRESENTATION_CONTEXT('2D SPACE',''
  ) );
#2276 = ORIENTED_EDGE('',*,*,#2277,.F.);
#2277 = EDGE_CURVE('',#2278,#2256,#2280,.T.);
#2278 = VERTEX_POINT('',#2279);
#2279 = CARTESIAN_POINT('',(82.6,161.7,40.2));
#2280 = SURFACE_CURVE('',#2281,(#2285,#2291),.PCURVE_S1.);
#2281 = LINE('',#2282,#2283);
#2282 = CARTESIAN_POINT('',(82.6,161.7,38.2));
#2283 = VECTOR('',#2284,1.);
#2284 = DIRECTION('',(0.,0.,1.));
#2285 = PCURVE('',#293,#2286);
#2286 = DEFINITIONAL_REPRESENTATION('',(#2287),#2290);
#2287 = B_SPLINE_CURVE_WITH_KNOTS('',1,(#2288,#2289),.UNSPECIFIED.,.F.,
  .F.,(2,2),(2.,16.6),.PIECEWISE_BEZIER_KNOTS.);
#2288 = CARTESIAN_POINT('',(3.,-6.9));
#2289 = CARTESIAN_POINT('',(17.6,-6.9));
#2290 = ( GEOMETRIC_REPRESENTATION_CONTEXT(2) 
PARAMETRIC_REPRESENTATION_CONTEXT() REPRESENTATION_CONTEXT('2D SPACE',''
  ) );
#2291 = PCURVE('',#2078,#2292);
#2292 = DEFINITIONAL_REPRESENTATION('',(#2293),#2296);
#2293 = B_SPLINE_CURVE_WITH_KNOTS('',1,(#2294,#2295),.UNSPECIFIED.,.F.,
  .F.,(2,2),(2.,16.6),.PIECEWISE_BEZIER_KNOTS.);
#2294 = CARTESIAN_POINT('',(1.,173.1));
#2295 = CARTESIAN_POINT('',(15.6,173.1));
#2296 = ( GEOMETRIC_REPRESENTATION_CONTEXT(2) 
PARAMETRIC_REPRESENTATION_CONTEXT() REPRESENTATION_CONTEXT('2D SPACE',''
  ) );
#2297 = ORIENTED_EDGE('',*,*,#2298,.F.);
#2298 = EDGE_CURVE('',#2183,#2278,#2299,.T.);
#2299 = SURFACE_CURVE('',#2300,(#2304,#2310),.PCURVE_S1.);
#2300 = LINE('',#2301,#2302);
#2301 = CARTESIAN_POINT('',(82.6,76.9,40.2));
#2302 = VECTOR('',#2303,1.);
#2303 = DIRECTION('',(0.,-1.,0.));
#2304 = PCURVE('',#293,#2305);
#2305 = DEFINITIONAL_REPRESENTATION('',(#2306),#2309);
#2306 = B_SPLINE_CURVE_WITH_KNOTS('',1,(#2307,#2308),.UNSPECIFIED.,.F.,
  .F.,(2,2),(-97.1,-77.9),.PIECEWISE_BEZIER_KNOTS.);
#2307 = CARTESIAN_POINT('',(3.,-19.2));
#2308 = CARTESIAN_POINT('',(3.,0.));
#2309 = ( GEOMETRIC_REPRESENTATION_CONTEXT(2) 
PARAMETRIC_REPRESENTATION_CONTEXT() REPRESENTATION_CONTEXT('2D SPACE',''
  ) );
#2310 = PCURVE('',#2104,#2311);
#2311 = DEFINITIONAL_REPRESENTATION('',(#2312),#2315);
#2312 = B_SPLINE_CURVE_WITH_KNOTS('',1,(#2313,#2314),.UNSPECIFIED.,.F.,
  .F.,(2,2),(-97.1,-77.9),.PIECEWISE_BEZIER_KNOTS.);
#2313 = CARTESIAN_POINT('',(268.6,175.));
#2314 = CARTESIAN_POINT('',(268.6,155.8));
#2315 = ( GEOMETRIC_REPRESENTATION_CONTEXT(2) 
PARAMETRIC_REPRESENTATION_CONTEXT() REPRESENTATION_CONTEXT('2D SPACE',''
  ) );
#2316 = ORIENTED_EDGE('',*,*,#2203,.F.);
#2317 = ORIENTED_EDGE('',*,*,#278,.F.);
#2318 = FACE_BOUND('',#2319,.T.);
#2319 = EDGE_LOOP('',(#2320));
#2320 = ORIENTED_EDGE('',*,*,#2321,.T.);
#2321 = EDGE_CURVE('',#2322,#2322,#2324,.T.);
#2322 = VERTEX_POINT('',#2323);
#2323 = CARTESIAN_POINT('',(82.6,166.35,47.5));
#2324 = SURFACE_CURVE('',#2325,(#2330,#2341),.PCURVE_S1.);
#2325 = CIRCLE('',#2326,1.65);
#2326 = AXIS2_PLACEMENT_3D('',#2327,#2328,#2329);
#2327 = CARTESIAN_POINT('',(82.6,164.7,47.5));
#2328 = DIRECTION('',(-1.,0.,0.));
#2329 = DIRECTION('',(0.,1.,0.));
#2330 = PCURVE('',#293,#2331);
#2331 = DEFINITIONAL_REPRESENTATION('',(#2332),#2340);
#2332 = ( BOUNDED_CURVE() B_SPLINE_CURVE(2,(#2333,#2334,#2335,#2336,
#2337,#2338,#2339),.UNSPECIFIED.,.T.,.F.) B_SPLINE_CURVE_WITH_KNOTS((1,2
    ,2,2,2,1),(-2.094395102393,0.,2.094395102393,4.188790204786,
6.28318530718,8.377580409573),.UNSPECIFIED.) CURVE() 
GEOMETRIC_REPRESENTATION_ITEM() RATIONAL_B_SPLINE_CURVE((1.,0.5,1.,0.5,
1.,0.5,1.)) REPRESENTATION_ITEM('') );
#2333 = CARTESIAN_POINT('',(10.3,-11.55));
#2334 = CARTESIAN_POINT('',(7.442116167511,-11.55));
#2335 = CARTESIAN_POINT('',(8.871058083756,-9.075));
#2336 = CARTESIAN_POINT('',(10.3,-6.6));
#2337 = CARTESIAN_POINT('',(11.728941916244,-9.075));
#2338 = CARTESIAN_POINT('',(13.157883832489,-11.55));
#2339 = CARTESIAN_POINT('',(10.3,-11.55));
#2340 = ( GEOMETRIC_REPRESENTATION_CONTEXT(2) 
PARAMETRIC_REPRESENTATION_CONTEXT() REPRESENTATION_CONTEXT('2D SPACE',''
  ) );
#2341 = PCURVE('',#2165,#2342);
#2342 = DEFINITIONAL_REPRESENTATION('',(#2343),#2347);
#2343 = LINE('',#2344,#2345);
#2344 = CARTESIAN_POINT('',(-6.28318530718,-13.));
#2345 = VECTOR('',#2346,1.);
#2346 = DIRECTION('',(1.,-0.));
#2347 = ( GEOMETRIC_REPRESENTATION_CONTEXT(2) 
PARAMETRIC_REPRESENTATION_CONTEXT() REPRESENTATION_CONTEXT('2D SPACE',''
  ) );
#2348 = ADVANCED_FACE('',(#2349),#267,.T.);
#2349 = FACE_BOUND('',#2350,.T.);
#2350 = EDGE_LOOP('',(#2351,#2370,#2371,#2392,#2412,#2413));
#2351 = ORIENTED_EDGE('',*,*,#2352,.F.);
#2352 = EDGE_CURVE('',#845,#225,#2353,.T.);
#2353 = SURFACE_CURVE('',#2354,(#2358,#2364),.PCURVE_S1.);
#2354 = LINE('',#2355,#2356);
#2355 = CARTESIAN_POINT('',(93.,154.8,37.7));
#2356 = VECTOR('',#2357,1.);
#2357 = DIRECTION('',(0.,0.,1.));
#2358 = PCURVE('',#267,#2359);
#2359 = DEFINITIONAL_REPRESENTATION('',(#2360),#2363);
#2360 = B_SPLINE_CURVE_WITH_KNOTS('',1,(#2361,#2362),.UNSPECIFIED.,.F.,
  .F.,(2,2),(0.5,19.1),.PIECEWISE_BEZIER_KNOTS.);
#2361 = CARTESIAN_POINT('',(1.,10.4));
#2362 = CARTESIAN_POINT('',(19.6,10.4));
#2363 = ( GEOMETRIC_REPRESENTATION_CONTEXT(2) 
PARAMETRIC_REPRESENTATION_CONTEXT() REPRESENTATION_CONTEXT('2D SPACE',''
  ) );
#2364 = PCURVE('',#240,#2365);
#2365 = DEFINITIONAL_REPRESENTATION('',(#2366),#2369);
#2366 = B_SPLINE_CURVE_WITH_KNOTS('',1,(#2367,#2368),.UNSPECIFIED.,.F.,
  .F.,(2,2),(0.5,19.1),.PIECEWISE_BEZIER_KNOTS.);
#2367 = CARTESIAN_POINT('',(0.,-154.8));
#2368 = CARTESIAN_POINT('',(18.6,-154.8));
#2369 = ( GEOMETRIC_REPRESENTATION_CONTEXT(2) 
PARAMETRIC_REPRESENTATION_CONTEXT() REPRESENTATION_CONTEXT('2D SPACE',''
  ) );
#2370 = ORIENTED_EDGE('',*,*,#866,.F.);
#2371 = ORIENTED_EDGE('',*,*,#2372,.F.);
#2372 = EDGE_CURVE('',#2373,#867,#2375,.T.);
#2373 = VERTEX_POINT('',#2374);
#2374 = CARTESIAN_POINT('',(90.5,154.8,54.8));
#2375 = SURFACE_CURVE('',#2376,(#2380,#2386),.PCURVE_S1.);
#2376 = LINE('',#2377,#2378);
#2377 = CARTESIAN_POINT('',(90.5,154.8,38.2));
#2378 = VECTOR('',#2379,1.);
#2379 = DIRECTION('',(0.,0.,-1.));
#2380 = PCURVE('',#267,#2381);
#2381 = DEFINITIONAL_REPRESENTATION('',(#2382),#2385);
#2382 = B_SPLINE_CURVE_WITH_KNOTS('',1,(#2383,#2384),.UNSPECIFIED.,.F.,
  .F.,(2,2),(-16.6,-2.),.PIECEWISE_BEZIER_KNOTS.);
#2383 = CARTESIAN_POINT('',(17.6,7.9));
#2384 = CARTESIAN_POINT('',(3.,7.9));
#2385 = ( GEOMETRIC_REPRESENTATION_CONTEXT(2) 
PARAMETRIC_REPRESENTATION_CONTEXT() REPRESENTATION_CONTEXT('2D SPACE',''
  ) );
#2386 = PCURVE('',#904,#2387);
#2387 = DEFINITIONAL_REPRESENTATION('',(#2388),#2391);
#2388 = B_SPLINE_CURVE_WITH_KNOTS('',1,(#2389,#2390),.UNSPECIFIED.,.F.,
  .F.,(2,2),(-16.6,-2.),.PIECEWISE_BEZIER_KNOTS.);
#2389 = CARTESIAN_POINT('',(15.6,-152.3));
#2390 = CARTESIAN_POINT('',(1.,-152.3));
#2391 = ( GEOMETRIC_REPRESENTATION_CONTEXT(2) 
PARAMETRIC_REPRESENTATION_CONTEXT() REPRESENTATION_CONTEXT('2D SPACE',''
  ) );
#2392 = ORIENTED_EDGE('',*,*,#2393,.F.);
#2393 = EDGE_CURVE('',#2233,#2373,#2394,.T.);
#2394 = SURFACE_CURVE('',#2395,(#2399,#2405),.PCURVE_S1.);
#2395 = LINE('',#2396,#2397);
#2396 = CARTESIAN_POINT('',(-3.95,154.8,54.8));
#2397 = VECTOR('',#2398,1.);
#2398 = DIRECTION('',(1.,0.,0.));
#2399 = PCURVE('',#267,#2400);
#2400 = DEFINITIONAL_REPRESENTATION('',(#2401),#2404);
#2401 = B_SPLINE_CURVE_WITH_KNOTS('',1,(#2402,#2403),.UNSPECIFIED.,.F.,
  .F.,(2,2),(86.55,94.45),.PIECEWISE_BEZIER_KNOTS.);
#2402 = CARTESIAN_POINT('',(17.6,0.));
#2403 = CARTESIAN_POINT('',(17.6,7.9));
#2404 = ( GEOMETRIC_REPRESENTATION_CONTEXT(2) 
PARAMETRIC_REPRESENTATION_CONTEXT() REPRESENTATION_CONTEXT('2D SPACE',''
  ) );
#2405 = PCURVE('',#627,#2406);
#2406 = DEFINITIONAL_REPRESENTATION('',(#2407),#2411);
#2407 = LINE('',#2408,#2409);
#2408 = CARTESIAN_POINT('',(86.55,152.3));
#2409 = VECTOR('',#2410,1.);
#2410 = DIRECTION('',(1.,0.));
#2411 = ( GEOMETRIC_REPRESENTATION_CONTEXT(2) 
PARAMETRIC_REPRESENTATION_CONTEXT() REPRESENTATION_CONTEXT('2D SPACE',''
  ) );
#2412 = ORIENTED_EDGE('',*,*,#2232,.T.);
#2413 = ORIENTED_EDGE('',*,*,#252,.F.);
#2414 = ADVANCED_FACE('',(#2415),#240,.T.);
#2415 = FACE_BOUND('',#2416,.T.);
#2416 = EDGE_LOOP('',(#2417,#2418,#2439,#2440));
#2417 = ORIENTED_EDGE('',*,*,#224,.F.);
#2418 = ORIENTED_EDGE('',*,*,#2419,.F.);
#2419 = EDGE_CURVE('',#821,#192,#2420,.T.);
#2420 = SURFACE_CURVE('',#2421,(#2425,#2432),.PCURVE_S1.);
#2421 = LINE('',#2422,#2423);
#2422 = CARTESIAN_POINT('',(93.,3.,38.2));
#2423 = VECTOR('',#2424,1.);
#2424 = DIRECTION('',(0.,0.,1.));
#2425 = PCURVE('',#240,#2426);
#2426 = DEFINITIONAL_REPRESENTATION('',(#2427),#2431);
#2427 = LINE('',#2428,#2429);
#2428 = CARTESIAN_POINT('',(0.,-3.));
#2429 = VECTOR('',#2430,1.);
#2430 = DIRECTION('',(1.,0.));
#2431 = ( GEOMETRIC_REPRESENTATION_CONTEXT(2) 
PARAMETRIC_REPRESENTATION_CONTEXT() REPRESENTATION_CONTEXT('2D SPACE',''
  ) );
#2432 = PCURVE('',#212,#2433);
#2433 = DEFINITIONAL_REPRESENTATION('',(#2434),#2438);
#2434 = LINE('',#2435,#2436);
#2435 = CARTESIAN_POINT('',(-0.,0.));
#2436 = VECTOR('',#2437,1.);
#2437 = DIRECTION('',(-0.,1.));
#2438 = ( GEOMETRIC_REPRESENTATION_CONTEXT(2) 
PARAMETRIC_REPRESENTATION_CONTEXT() REPRESENTATION_CONTEXT('2D SPACE',''
  ) );
#2439 = ORIENTED_EDGE('',*,*,#844,.F.);
#2440 = ORIENTED_EDGE('',*,*,#2352,.T.);
#2441 = ADVANCED_FACE('',(#2442),#212,.T.);
#2442 = FACE_BOUND('',#2443,.F.);
#2443 = EDGE_LOOP('',(#2444,#2445,#2446,#2467));
#2444 = ORIENTED_EDGE('',*,*,#2419,.F.);
#2445 = ORIENTED_EDGE('',*,*,#820,.F.);
#2446 = ORIENTED_EDGE('',*,*,#2447,.T.);
#2447 = EDGE_CURVE('',#799,#164,#2448,.T.);
#2448 = SURFACE_CURVE('',#2449,(#2453,#2460),.PCURVE_S1.);
#2449 = LINE('',#2450,#2451);
#2450 = CARTESIAN_POINT('',(90.,-4.440892098501E-16,38.2));
#2451 = VECTOR('',#2452,1.);
#2452 = DIRECTION('',(0.,0.,1.));
#2453 = PCURVE('',#212,#2454);
#2454 = DEFINITIONAL_REPRESENTATION('',(#2455),#2459);
#2455 = LINE('',#2456,#2457);
#2456 = CARTESIAN_POINT('',(-1.570796326795,0.));
#2457 = VECTOR('',#2458,1.);
#2458 = DIRECTION('',(-0.,1.));
#2459 = ( GEOMETRIC_REPRESENTATION_CONTEXT(2) 
PARAMETRIC_REPRESENTATION_CONTEXT() REPRESENTATION_CONTEXT('2D SPACE',''
  ) );
#2460 = PCURVE('',#179,#2461);
#2461 = DEFINITIONAL_REPRESENTATION('',(#2462),#2466);
#2462 = LINE('',#2463,#2464);
#2463 = CARTESIAN_POINT('',(0.,183.));
#2464 = VECTOR('',#2465,1.);
#2465 = DIRECTION('',(1.,0.));
#2466 = ( GEOMETRIC_REPRESENTATION_CONTEXT(2) 
PARAMETRIC_REPRESENTATION_CONTEXT() REPRESENTATION_CONTEXT('2D SPACE',''
  ) );
#2467 = ORIENTED_EDGE('',*,*,#191,.F.);
#2468 = ADVANCED_FACE('',(#2469),#179,.F.);
#2469 = FACE_BOUND('',#2470,.F.);
#2470 = EDGE_LOOP('',(#2471,#2472,#2473,#2474));
#2471 = ORIENTED_EDGE('',*,*,#798,.F.);
#2472 = ORIENTED_EDGE('',*,*,#1241,.T.);
#2473 = ORIENTED_EDGE('',*,*,#163,.T.);
#2474 = ORIENTED_EDGE('',*,*,#2447,.F.);
#2475 = ADVANCED_FACE('',(#2476),#654,.T.);
#2476 = FACE_BOUND('',#2477,.T.);
#2477 = EDGE_LOOP('',(#2478,#2501,#2520,#2521));
#2478 = ORIENTED_EDGE('',*,*,#2479,.F.);
#2479 = EDGE_CURVE('',#2480,#613,#2482,.T.);
#2480 = VERTEX_POINT('',#2481);
#2481 = CARTESIAN_POINT('',(-90.5,145.6,54.8));
#2482 = SURFACE_CURVE('',#2483,(#2487,#2494),.PCURVE_S1.);
#2483 = LINE('',#2484,#2485);
#2484 = CARTESIAN_POINT('',(-90.5,2.5,54.8));
#2485 = VECTOR('',#2486,1.);
#2486 = DIRECTION('',(0.,1.,0.));
#2487 = PCURVE('',#654,#2488);
#2488 = DEFINITIONAL_REPRESENTATION('',(#2489),#2493);
#2489 = LINE('',#2490,#2491);
#2490 = CARTESIAN_POINT('',(15.6,0.));
#2491 = VECTOR('',#2492,1.);
#2492 = DIRECTION('',(0.,-1.));
#2493 = ( GEOMETRIC_REPRESENTATION_CONTEXT(2) 
PARAMETRIC_REPRESENTATION_CONTEXT() REPRESENTATION_CONTEXT('2D SPACE',''
  ) );
#2494 = PCURVE('',#627,#2495);
#2495 = DEFINITIONAL_REPRESENTATION('',(#2496),#2500);
#2496 = LINE('',#2497,#2498);
#2497 = CARTESIAN_POINT('',(0.,0.));
#2498 = VECTOR('',#2499,1.);
#2499 = DIRECTION('',(0.,1.));
#2500 = ( GEOMETRIC_REPRESENTATION_CONTEXT(2) 
PARAMETRIC_REPRESENTATION_CONTEXT() REPRESENTATION_CONTEXT('2D SPACE',''
  ) );
#2501 = ORIENTED_EDGE('',*,*,#2502,.T.);
#2502 = EDGE_CURVE('',#2480,#726,#2503,.T.);
#2503 = SURFACE_CURVE('',#2504,(#2508,#2514),.PCURVE_S1.);
#2504 = LINE('',#2505,#2506);
#2505 = CARTESIAN_POINT('',(-90.5,145.6,40.2));
#2506 = VECTOR('',#2507,1.);
#2507 = DIRECTION('',(-0.,-0.,-1.));
#2508 = PCURVE('',#654,#2509);
#2509 = DEFINITIONAL_REPRESENTATION('',(#2510),#2513);
#2510 = B_SPLINE_CURVE_WITH_KNOTS('',1,(#2511,#2512),.UNSPECIFIED.,.F.,
  .F.,(2,2),(-14.6100006,5.999999999062E-07),.PIECEWISE_BEZIER_KNOTS.);
#2511 = CARTESIAN_POINT('',(15.6100006,-143.1));
#2512 = CARTESIAN_POINT('',(0.9999994,-143.1));
#2513 = ( GEOMETRIC_REPRESENTATION_CONTEXT(2) 
PARAMETRIC_REPRESENTATION_CONTEXT() REPRESENTATION_CONTEXT('2D SPACE',''
  ) );
#2514 = PCURVE('',#741,#2515);
#2515 = DEFINITIONAL_REPRESENTATION('',(#2516),#2519);
#2516 = B_SPLINE_CURVE_WITH_KNOTS('',1,(#2517,#2518),.UNSPECIFIED.,.F.,
  .F.,(2,2),(-14.6100006,5.999999999062E-07),.PIECEWISE_BEZIER_KNOTS.);
#2517 = CARTESIAN_POINT('',(15.6100006,-143.1));
#2518 = CARTESIAN_POINT('',(0.9999994,-143.1));
#2519 = ( GEOMETRIC_REPRESENTATION_CONTEXT(2) 
PARAMETRIC_REPRESENTATION_CONTEXT() REPRESENTATION_CONTEXT('2D SPACE',''
  ) );
#2520 = ORIENTED_EDGE('',*,*,#752,.T.);
#2521 = ORIENTED_EDGE('',*,*,#639,.F.);
#2522 = ADVANCED_FACE('',(#2523,#2873,#3039,#3149,#3259,#3425,#3535,
    #3701,#3736,#3771,#3881,#4047),#627,.F.);
#2523 = FACE_BOUND('',#2524,.F.);
#2524 = EDGE_LOOP('',(#2525,#2548,#2549,#2550,#2571,#2572,#2573,#2574,
    #2597,#2618,#2619,#2642,#2663,#2664,#2665,#2666,#2687,#2688,#2689,
    #2690,#2723,#2754,#2777,#2801,#2824,#2852));
#2525 = ORIENTED_EDGE('',*,*,#2526,.T.);
#2526 = EDGE_CURVE('',#2527,#2373,#2529,.T.);
#2527 = VERTEX_POINT('',#2528);
#2528 = CARTESIAN_POINT('',(90.5,145.6,54.8));
#2529 = SURFACE_CURVE('',#2530,(#2534,#2541),.PCURVE_S1.);
#2530 = LINE('',#2531,#2532);
#2531 = CARTESIAN_POINT('',(90.5,2.5,54.8));
#2532 = VECTOR('',#2533,1.);
#2533 = DIRECTION('',(0.,1.,0.));
#2534 = PCURVE('',#627,#2535);
#2535 = DEFINITIONAL_REPRESENTATION('',(#2536),#2540);
#2536 = LINE('',#2537,#2538);
#2537 = CARTESIAN_POINT('',(181.,0.));
#2538 = VECTOR('',#2539,1.);
#2539 = DIRECTION('',(0.,1.));
#2540 = ( GEOMETRIC_REPRESENTATION_CONTEXT(2) 
PARAMETRIC_REPRESENTATION_CONTEXT() REPRESENTATION_CONTEXT('2D SPACE',''
  ) );
#2541 = PCURVE('',#904,#2542);
#2542 = DEFINITIONAL_REPRESENTATION('',(#2543),#2547);
#2543 = LINE('',#2544,#2545);
#2544 = CARTESIAN_POINT('',(15.6,0.));
#2545 = VECTOR('',#2546,1.);
#2546 = DIRECTION('',(0.,-1.));
#2547 = ( GEOMETRIC_REPRESENTATION_CONTEXT(2) 
PARAMETRIC_REPRESENTATION_CONTEXT() REPRESENTATION_CONTEXT('2D SPACE',''
  ) );
#2548 = ORIENTED_EDGE('',*,*,#2393,.F.);
#2549 = ORIENTED_EDGE('',*,*,#2255,.F.);
#2550 = ORIENTED_EDGE('',*,*,#2551,.F.);
#2551 = EDGE_CURVE('',#2042,#2256,#2552,.T.);
#2552 = SURFACE_CURVE('',#2553,(#2557,#2564),.PCURVE_S1.);
#2553 = LINE('',#2554,#2555);
#2554 = CARTESIAN_POINT('',(-90.5,161.7,54.8));
#2555 = VECTOR('',#2556,1.);
#2556 = DIRECTION('',(1.,0.,0.));
#2557 = PCURVE('',#627,#2558);
#2558 = DEFINITIONAL_REPRESENTATION('',(#2559),#2563);
#2559 = LINE('',#2560,#2561);
#2560 = CARTESIAN_POINT('',(0.,159.2));
#2561 = VECTOR('',#2562,1.);
#2562 = DIRECTION('',(1.,0.));
#2563 = ( GEOMETRIC_REPRESENTATION_CONTEXT(2) 
PARAMETRIC_REPRESENTATION_CONTEXT() REPRESENTATION_CONTEXT('2D SPACE',''
  ) );
#2564 = PCURVE('',#2078,#2565);
#2565 = DEFINITIONAL_REPRESENTATION('',(#2566),#2570);
#2566 = LINE('',#2567,#2568);
#2567 = CARTESIAN_POINT('',(15.6,0.));
#2568 = VECTOR('',#2569,1.);
#2569 = DIRECTION('',(0.,1.));
#2570 = ( GEOMETRIC_REPRESENTATION_CONTEXT(2) 
PARAMETRIC_REPRESENTATION_CONTEXT() REPRESENTATION_CONTEXT('2D SPACE',''
  ) );
#2571 = ORIENTED_EDGE('',*,*,#2041,.T.);
#2572 = ORIENTED_EDGE('',*,*,#2015,.F.);
#2573 = ORIENTED_EDGE('',*,*,#1920,.F.);
#2574 = ORIENTED_EDGE('',*,*,#2575,.F.);
#2575 = EDGE_CURVE('',#2576,#1921,#2578,.T.);
#2576 = VERTEX_POINT('',#2577);
#2577 = CARTESIAN_POINT('',(43.,161.7,54.8));
#2578 = SURFACE_CURVE('',#2579,(#2583,#2590),.PCURVE_S1.);
#2579 = LINE('',#2580,#2581);
#2580 = CARTESIAN_POINT('',(-90.5,161.7,54.8));
#2581 = VECTOR('',#2582,1.);
#2582 = DIRECTION('',(1.,0.,0.));
#2583 = PCURVE('',#627,#2584);
#2584 = DEFINITIONAL_REPRESENTATION('',(#2585),#2589);
#2585 = LINE('',#2586,#2587);
#2586 = CARTESIAN_POINT('',(0.,159.2));
#2587 = VECTOR('',#2588,1.);
#2588 = DIRECTION('',(1.,0.));
#2589 = ( GEOMETRIC_REPRESENTATION_CONTEXT(2) 
PARAMETRIC_REPRESENTATION_CONTEXT() REPRESENTATION_CONTEXT('2D SPACE',''
  ) );
#2590 = PCURVE('',#1957,#2591);
#2591 = DEFINITIONAL_REPRESENTATION('',(#2592),#2596);
#2592 = LINE('',#2593,#2594);
#2593 = CARTESIAN_POINT('',(15.6,0.));
#2594 = VECTOR('',#2595,1.);
#2595 = DIRECTION('',(0.,1.));
#2596 = ( GEOMETRIC_REPRESENTATION_CONTEXT(2) 
PARAMETRIC_REPRESENTATION_CONTEXT() REPRESENTATION_CONTEXT('2D SPACE',''
  ) );
#2597 = ORIENTED_EDGE('',*,*,#2598,.T.);
#2598 = EDGE_CURVE('',#2576,#1788,#2599,.T.);
#2599 = SURFACE_CURVE('',#2600,(#2604,#2611),.PCURVE_S1.);
#2600 = LINE('',#2601,#2602);
#2601 = CARTESIAN_POINT('',(43.,156.7,54.8));
#2602 = VECTOR('',#2603,1.);
#2603 = DIRECTION('',(0.,1.,0.));
#2604 = PCURVE('',#627,#2605);
#2605 = DEFINITIONAL_REPRESENTATION('',(#2606),#2610);
#2606 = LINE('',#2607,#2608);
#2607 = CARTESIAN_POINT('',(133.5,154.2));
#2608 = VECTOR('',#2609,1.);
#2609 = DIRECTION('',(0.,1.));
#2610 = ( GEOMETRIC_REPRESENTATION_CONTEXT(2) 
PARAMETRIC_REPRESENTATION_CONTEXT() REPRESENTATION_CONTEXT('2D SPACE',''
  ) );
#2611 = PCURVE('',#1826,#2612);
#2612 = DEFINITIONAL_REPRESENTATION('',(#2613),#2617);
#2613 = LINE('',#2614,#2615);
#2614 = CARTESIAN_POINT('',(15.6,0.));
#2615 = VECTOR('',#2616,1.);
#2616 = DIRECTION('',(0.,-1.));
#2617 = ( GEOMETRIC_REPRESENTATION_CONTEXT(2) 
PARAMETRIC_REPRESENTATION_CONTEXT() REPRESENTATION_CONTEXT('2D SPACE',''
  ) );
#2618 = ORIENTED_EDGE('',*,*,#1787,.T.);
#2619 = ORIENTED_EDGE('',*,*,#2620,.F.);
#2620 = EDGE_CURVE('',#2621,#1755,#2623,.T.);
#2621 = VERTEX_POINT('',#2622);
#2622 = CARTESIAN_POINT('',(17.,161.7,54.8));
#2623 = SURFACE_CURVE('',#2624,(#2628,#2635),.PCURVE_S1.);
#2624 = LINE('',#2625,#2626);
#2625 = CARTESIAN_POINT('',(17.,156.7,54.8));
#2626 = VECTOR('',#2627,1.);
#2627 = DIRECTION('',(0.,1.,0.));
#2628 = PCURVE('',#627,#2629);
#2629 = DEFINITIONAL_REPRESENTATION('',(#2630),#2634);
#2630 = LINE('',#2631,#2632);
#2631 = CARTESIAN_POINT('',(107.5,154.2));
#2632 = VECTOR('',#2633,1.);
#2633 = DIRECTION('',(0.,1.));
#2634 = ( GEOMETRIC_REPRESENTATION_CONTEXT(2) 
PARAMETRIC_REPRESENTATION_CONTEXT() REPRESENTATION_CONTEXT('2D SPACE',''
  ) );
#2635 = PCURVE('',#1771,#2636);
#2636 = DEFINITIONAL_REPRESENTATION('',(#2637),#2641);
#2637 = LINE('',#2638,#2639);
#2638 = CARTESIAN_POINT('',(15.6,0.));
#2639 = VECTOR('',#2640,1.);
#2640 = DIRECTION('',(0.,-1.));
#2641 = ( GEOMETRIC_REPRESENTATION_CONTEXT(2) 
PARAMETRIC_REPRESENTATION_CONTEXT() REPRESENTATION_CONTEXT('2D SPACE',''
  ) );
#2642 = ORIENTED_EDGE('',*,*,#2643,.F.);
#2643 = EDGE_CURVE('',#1628,#2621,#2644,.T.);
#2644 = SURFACE_CURVE('',#2645,(#2649,#2656),.PCURVE_S1.);
#2645 = LINE('',#2646,#2647);
#2646 = CARTESIAN_POINT('',(-90.5,161.7,54.8));
#2647 = VECTOR('',#2648,1.);
#2648 = DIRECTION('',(1.,0.,0.));
#2649 = PCURVE('',#627,#2650);
#2650 = DEFINITIONAL_REPRESENTATION('',(#2651),#2655);
#2651 = LINE('',#2652,#2653);
#2652 = CARTESIAN_POINT('',(0.,159.2));
#2653 = VECTOR('',#2654,1.);
#2654 = DIRECTION('',(1.,0.));
#2655 = ( GEOMETRIC_REPRESENTATION_CONTEXT(2) 
PARAMETRIC_REPRESENTATION_CONTEXT() REPRESENTATION_CONTEXT('2D SPACE',''
  ) );
#2656 = PCURVE('',#1664,#2657);
#2657 = DEFINITIONAL_REPRESENTATION('',(#2658),#2662);
#2658 = LINE('',#2659,#2660);
#2659 = CARTESIAN_POINT('',(15.6,0.));
#2660 = VECTOR('',#2661,1.);
#2661 = DIRECTION('',(0.,1.));
#2662 = ( GEOMETRIC_REPRESENTATION_CONTEXT(2) 
PARAMETRIC_REPRESENTATION_CONTEXT() REPRESENTATION_CONTEXT('2D SPACE',''
  ) );
#2663 = ORIENTED_EDGE('',*,*,#1627,.T.);
#2664 = ORIENTED_EDGE('',*,*,#1601,.F.);
#2665 = ORIENTED_EDGE('',*,*,#1481,.F.);
#2666 = ORIENTED_EDGE('',*,*,#2667,.F.);
#2667 = EDGE_CURVE('',#1268,#1482,#2668,.T.);
#2668 = SURFACE_CURVE('',#2669,(#2673,#2680),.PCURVE_S1.);
#2669 = LINE('',#2670,#2671);
#2670 = CARTESIAN_POINT('',(-90.5,161.7,54.8));
#2671 = VECTOR('',#2672,1.);
#2672 = DIRECTION('',(1.,0.,0.));
#2673 = PCURVE('',#627,#2674);
#2674 = DEFINITIONAL_REPRESENTATION('',(#2675),#2679);
#2675 = LINE('',#2676,#2677);
#2676 = CARTESIAN_POINT('',(0.,159.2));
#2677 = VECTOR('',#2678,1.);
#2678 = DIRECTION('',(1.,0.));
#2679 = ( GEOMETRIC_REPRESENTATION_CONTEXT(2) 
PARAMETRIC_REPRESENTATION_CONTEXT() REPRESENTATION_CONTEXT('2D SPACE',''
  ) );
#2680 = PCURVE('',#1304,#2681);
#2681 = DEFINITIONAL_REPRESENTATION('',(#2682),#2686);
#2682 = LINE('',#2683,#2684);
#2683 = CARTESIAN_POINT('',(15.6,0.));
#2684 = VECTOR('',#2685,1.);
#2685 = DIRECTION('',(0.,1.));
#2686 = ( GEOMETRIC_REPRESENTATION_CONTEXT(2) 
PARAMETRIC_REPRESENTATION_CONTEXT() REPRESENTATION_CONTEXT('2D SPACE',''
  ) );
#2687 = ORIENTED_EDGE('',*,*,#1267,.T.);
#2688 = ORIENTED_EDGE('',*,*,#612,.F.);
#2689 = ORIENTED_EDGE('',*,*,#2479,.F.);
#2690 = ORIENTED_EDGE('',*,*,#2691,.T.);
#2691 = EDGE_CURVE('',#2480,#2692,#2694,.T.);
#2692 = VERTEX_POINT('',#2693);
#2693 = CARTESIAN_POINT('',(-84.5,145.6,54.8));
#2694 = SURFACE_CURVE('',#2695,(#2700,#2711),.PCURVE_S1.);
#2695 = CIRCLE('',#2696,3.);
#2696 = AXIS2_PLACEMENT_3D('',#2697,#2698,#2699);
#2697 = CARTESIAN_POINT('',(-87.5,145.6,54.8));
#2698 = DIRECTION('',(0.,0.,-1.));
#2699 = DIRECTION('',(1.,0.,0.));
#2700 = PCURVE('',#627,#2701);
#2701 = DEFINITIONAL_REPRESENTATION('',(#2702),#2710);
#2702 = ( BOUNDED_CURVE() B_SPLINE_CURVE(2,(#2703,#2704,#2705,#2706,
#2707,#2708,#2709),.UNSPECIFIED.,.T.,.F.) B_SPLINE_CURVE_WITH_KNOTS((1,2
    ,2,2,2,1),(-2.094395102393,0.,2.094395102393,4.188790204786,
6.28318530718,8.377580409573),.UNSPECIFIED.) CURVE() 
GEOMETRIC_REPRESENTATION_ITEM() RATIONAL_B_SPLINE_CURVE((1.,0.5,1.,0.5,
1.,0.5,1.)) REPRESENTATION_ITEM('') );
#2703 = CARTESIAN_POINT('',(6.,143.1));
#2704 = CARTESIAN_POINT('',(6.,137.90384757729));
#2705 = CARTESIAN_POINT('',(1.5,140.50192378864));
#2706 = CARTESIAN_POINT('',(-3.,143.1));
#2707 = CARTESIAN_POINT('',(1.5,145.69807621135));
#2708 = CARTESIAN_POINT('',(6.,148.2961524227));
#2709 = CARTESIAN_POINT('',(6.,143.1));
#2710 = ( GEOMETRIC_REPRESENTATION_CONTEXT(2) 
PARAMETRIC_REPRESENTATION_CONTEXT() REPRESENTATION_CONTEXT('2D SPACE',''
  ) );
#2711 = PCURVE('',#2712,#2717);
#2712 = CYLINDRICAL_SURFACE('',#2713,3.);
#2713 = AXIS2_PLACEMENT_3D('',#2714,#2715,#2716);
#2714 = CARTESIAN_POINT('',(-87.5,145.6,40.2));
#2715 = DIRECTION('',(-0.,-0.,-1.));
#2716 = DIRECTION('',(1.,0.,0.));
#2717 = DEFINITIONAL_REPRESENTATION('',(#2718),#2722);
#2718 = LINE('',#2719,#2720);
#2719 = CARTESIAN_POINT('',(-6.28318530718,-14.6));
#2720 = VECTOR('',#2721,1.);
#2721 = DIRECTION('',(1.,-0.));
#2722 = ( GEOMETRIC_REPRESENTATION_CONTEXT(2) 
PARAMETRIC_REPRESENTATION_CONTEXT() REPRESENTATION_CONTEXT('2D SPACE',''
  ) );
#2723 = ORIENTED_EDGE('',*,*,#2724,.T.);
#2724 = EDGE_CURVE('',#2692,#2480,#2725,.T.);
#2725 = SURFACE_CURVE('',#2726,(#2731,#2742),.PCURVE_S1.);
#2726 = CIRCLE('',#2727,3.);
#2727 = AXIS2_PLACEMENT_3D('',#2728,#2729,#2730);
#2728 = CARTESIAN_POINT('',(-87.5,145.6,54.8));
#2729 = DIRECTION('',(0.,0.,-1.));
#2730 = DIRECTION('',(1.,0.,0.));
#2731 = PCURVE('',#627,#2732);
#2732 = DEFINITIONAL_REPRESENTATION('',(#2733),#2741);
#2733 = ( BOUNDED_CURVE() B_SPLINE_CURVE(2,(#2734,#2735,#2736,#2737,
#2738,#2739,#2740),.UNSPECIFIED.,.T.,.F.) B_SPLINE_CURVE_WITH_KNOTS((1,2
    ,2,2,2,1),(-2.094395102393,0.,2.094395102393,4.188790204786,
6.28318530718,8.377580409573),.UNSPECIFIED.) CURVE() 
GEOMETRIC_REPRESENTATION_ITEM() RATIONAL_B_SPLINE_CURVE((1.,0.5,1.,0.5,
1.,0.5,1.)) REPRESENTATION_ITEM('') );
#2734 = CARTESIAN_POINT('',(6.,143.1));
#2735 = CARTESIAN_POINT('',(6.,137.90384757729));
#2736 = CARTESIAN_POINT('',(1.5,140.50192378864));
#2737 = CARTESIAN_POINT('',(-3.,143.1));
#2738 = CARTESIAN_POINT('',(1.5,145.69807621135));
#2739 = CARTESIAN_POINT('',(6.,148.2961524227));
#2740 = CARTESIAN_POINT('',(6.,143.1));
#2741 = ( GEOMETRIC_REPRESENTATION_CONTEXT(2) 
PARAMETRIC_REPRESENTATION_CONTEXT() REPRESENTATION_CONTEXT('2D SPACE',''
  ) );
#2742 = PCURVE('',#2743,#2748);
#2743 = CYLINDRICAL_SURFACE('',#2744,3.);
#2744 = AXIS2_PLACEMENT_3D('',#2745,#2746,#2747);
#2745 = CARTESIAN_POINT('',(-87.5,145.6,40.2));
#2746 = DIRECTION('',(-0.,-0.,-1.));
#2747 = DIRECTION('',(1.,0.,0.));
#2748 = DEFINITIONAL_REPRESENTATION('',(#2749),#2753);
#2749 = LINE('',#2750,#2751);
#2750 = CARTESIAN_POINT('',(-6.28318530718,-14.6));
#2751 = VECTOR('',#2752,1.);
#2752 = DIRECTION('',(1.,-0.));
#2753 = ( GEOMETRIC_REPRESENTATION_CONTEXT(2) 
PARAMETRIC_REPRESENTATION_CONTEXT() REPRESENTATION_CONTEXT('2D SPACE',''
  ) );
#2754 = ORIENTED_EDGE('',*,*,#2755,.F.);
#2755 = EDGE_CURVE('',#2756,#2480,#2758,.T.);
#2756 = VERTEX_POINT('',#2757);
#2757 = CARTESIAN_POINT('',(-90.5,4.6,54.8));
#2758 = SURFACE_CURVE('',#2759,(#2763,#2770),.PCURVE_S1.);
#2759 = LINE('',#2760,#2761);
#2760 = CARTESIAN_POINT('',(-90.5,2.5,54.8));
#2761 = VECTOR('',#2762,1.);
#2762 = DIRECTION('',(0.,1.,0.));
#2763 = PCURVE('',#627,#2764);
#2764 = DEFINITIONAL_REPRESENTATION('',(#2765),#2769);
#2765 = LINE('',#2766,#2767);
#2766 = CARTESIAN_POINT('',(0.,0.));
#2767 = VECTOR('',#2768,1.);
#2768 = DIRECTION('',(0.,1.));
#2769 = ( GEOMETRIC_REPRESENTATION_CONTEXT(2) 
PARAMETRIC_REPRESENTATION_CONTEXT() REPRESENTATION_CONTEXT('2D SPACE',''
  ) );
#2770 = PCURVE('',#741,#2771);
#2771 = DEFINITIONAL_REPRESENTATION('',(#2772),#2776);
#2772 = LINE('',#2773,#2774);
#2773 = CARTESIAN_POINT('',(15.6,0.));
#2774 = VECTOR('',#2775,1.);
#2775 = DIRECTION('',(0.,-1.));
#2776 = ( GEOMETRIC_REPRESENTATION_CONTEXT(2) 
PARAMETRIC_REPRESENTATION_CONTEXT() REPRESENTATION_CONTEXT('2D SPACE',''
  ) );
#2777 = ORIENTED_EDGE('',*,*,#2778,.F.);
#2778 = EDGE_CURVE('',#2779,#2756,#2781,.T.);
#2779 = VERTEX_POINT('',#2780);
#2780 = CARTESIAN_POINT('',(-85.35757147143,2.5,54.8));
#2781 = SURFACE_CURVE('',#2782,(#2787,#2794),.PCURVE_S1.);
#2782 = CIRCLE('',#2783,3.);
#2783 = AXIS2_PLACEMENT_3D('',#2784,#2785,#2786);
#2784 = CARTESIAN_POINT('',(-87.5,4.6,54.8));
#2785 = DIRECTION('',(-0.,0.,1.));
#2786 = DIRECTION('',(0.714142842854,-0.7,0.));
#2787 = PCURVE('',#627,#2788);
#2788 = DEFINITIONAL_REPRESENTATION('',(#2789),#2793);
#2789 = CIRCLE('',#2790,3.);
#2790 = AXIS2_PLACEMENT_2D('',#2791,#2792);
#2791 = CARTESIAN_POINT('',(3.,2.1));
#2792 = DIRECTION('',(0.714142842854,-0.7));
#2793 = ( GEOMETRIC_REPRESENTATION_CONTEXT(2) 
PARAMETRIC_REPRESENTATION_CONTEXT() REPRESENTATION_CONTEXT('2D SPACE',''
  ) );
#2794 = PCURVE('',#713,#2795);
#2795 = DEFINITIONAL_REPRESENTATION('',(#2796),#2800);
#2796 = LINE('',#2797,#2798);
#2797 = CARTESIAN_POINT('',(-5.507787810569,-14.6));
#2798 = VECTOR('',#2799,1.);
#2799 = DIRECTION('',(-1.,-0.));
#2800 = ( GEOMETRIC_REPRESENTATION_CONTEXT(2) 
PARAMETRIC_REPRESENTATION_CONTEXT() REPRESENTATION_CONTEXT('2D SPACE',''
  ) );
#2801 = ORIENTED_EDGE('',*,*,#2802,.T.);
#2802 = EDGE_CURVE('',#2779,#2803,#2805,.T.);
#2803 = VERTEX_POINT('',#2804);
#2804 = CARTESIAN_POINT('',(85.357571471437,2.5,54.8));
#2805 = SURFACE_CURVE('',#2806,(#2810,#2817),.PCURVE_S1.);
#2806 = LINE('',#2807,#2808);
#2807 = CARTESIAN_POINT('',(-90.5,2.5,54.8));
#2808 = VECTOR('',#2809,1.);
#2809 = DIRECTION('',(1.,0.,0.));
#2810 = PCURVE('',#627,#2811);
#2811 = DEFINITIONAL_REPRESENTATION('',(#2812),#2816);
#2812 = LINE('',#2813,#2814);
#2813 = CARTESIAN_POINT('',(0.,0.));
#2814 = VECTOR('',#2815,1.);
#2815 = DIRECTION('',(1.,0.));
#2816 = ( GEOMETRIC_REPRESENTATION_CONTEXT(2) 
PARAMETRIC_REPRESENTATION_CONTEXT() REPRESENTATION_CONTEXT('2D SPACE',''
  ) );
#2817 = PCURVE('',#985,#2818);
#2818 = DEFINITIONAL_REPRESENTATION('',(#2819),#2823);
#2819 = LINE('',#2820,#2821);
#2820 = CARTESIAN_POINT('',(15.6,0.));
#2821 = VECTOR('',#2822,1.);
#2822 = DIRECTION('',(0.,1.));
#2823 = ( GEOMETRIC_REPRESENTATION_CONTEXT(2) 
PARAMETRIC_REPRESENTATION_CONTEXT() REPRESENTATION_CONTEXT('2D SPACE',''
  ) );
#2824 = ORIENTED_EDGE('',*,*,#2825,.T.);
#2825 = EDGE_CURVE('',#2803,#2826,#2828,.T.);
#2826 = VERTEX_POINT('',#2827);
#2827 = CARTESIAN_POINT('',(90.5,4.6,54.8));
#2828 = SURFACE_CURVE('',#2829,(#2834,#2845),.PCURVE_S1.);
#2829 = CIRCLE('',#2830,3.);
#2830 = AXIS2_PLACEMENT_3D('',#2831,#2832,#2833);
#2831 = CARTESIAN_POINT('',(87.5,4.6,54.8));
#2832 = DIRECTION('',(0.,0.,-1.));
#2833 = DIRECTION('',(1.,0.,0.));
#2834 = PCURVE('',#627,#2835);
#2835 = DEFINITIONAL_REPRESENTATION('',(#2836),#2844);
#2836 = ( BOUNDED_CURVE() B_SPLINE_CURVE(2,(#2837,#2838,#2839,#2840,
#2841,#2842,#2843),.UNSPECIFIED.,.T.,.F.) B_SPLINE_CURVE_WITH_KNOTS((1,2
    ,2,2,2,1),(-2.094395102393,0.,2.094395102393,4.188790204786,
6.28318530718,8.377580409573),.UNSPECIFIED.) CURVE() 
GEOMETRIC_REPRESENTATION_ITEM() RATIONAL_B_SPLINE_CURVE((1.,0.5,1.,0.5,
1.,0.5,1.)) REPRESENTATION_ITEM('') );
#2837 = CARTESIAN_POINT('',(181.,2.1));
#2838 = CARTESIAN_POINT('',(181.,-3.096152422707));
#2839 = CARTESIAN_POINT('',(176.5,-0.498076211353));
#2840 = CARTESIAN_POINT('',(172.,2.1));
#2841 = CARTESIAN_POINT('',(176.5,4.698076211353));
#2842 = CARTESIAN_POINT('',(181.,7.296152422707));
#2843 = CARTESIAN_POINT('',(181.,2.1));
#2844 = ( GEOMETRIC_REPRESENTATION_CONTEXT(2) 
PARAMETRIC_REPRESENTATION_CONTEXT() REPRESENTATION_CONTEXT('2D SPACE',''
  ) );
#2845 = PCURVE('',#959,#2846);
#2846 = DEFINITIONAL_REPRESENTATION('',(#2847),#2851);
#2847 = LINE('',#2848,#2849);
#2848 = CARTESIAN_POINT('',(-6.28318530718,-14.6));
#2849 = VECTOR('',#2850,1.);
#2850 = DIRECTION('',(1.,-0.));
#2851 = ( GEOMETRIC_REPRESENTATION_CONTEXT(2) 
PARAMETRIC_REPRESENTATION_CONTEXT() REPRESENTATION_CONTEXT('2D SPACE',''
  ) );
#2852 = ORIENTED_EDGE('',*,*,#2853,.T.);
#2853 = EDGE_CURVE('',#2826,#2527,#2854,.T.);
#2854 = SURFACE_CURVE('',#2855,(#2859,#2866),.PCURVE_S1.);
#2855 = LINE('',#2856,#2857);
#2856 = CARTESIAN_POINT('',(90.5,2.5,54.8));
#2857 = VECTOR('',#2858,1.);
#2858 = DIRECTION('',(0.,1.,0.));
#2859 = PCURVE('',#627,#2860);
#2860 = DEFINITIONAL_REPRESENTATION('',(#2861),#2865);
#2861 = LINE('',#2862,#2863);
#2862 = CARTESIAN_POINT('',(181.,0.));
#2863 = VECTOR('',#2864,1.);
#2864 = DIRECTION('',(0.,1.));
#2865 = ( GEOMETRIC_REPRESENTATION_CONTEXT(2) 
PARAMETRIC_REPRESENTATION_CONTEXT() REPRESENTATION_CONTEXT('2D SPACE',''
  ) );
#2866 = PCURVE('',#931,#2867);
#2867 = DEFINITIONAL_REPRESENTATION('',(#2868),#2872);
#2868 = LINE('',#2869,#2870);
#2869 = CARTESIAN_POINT('',(15.6,0.));
#2870 = VECTOR('',#2871,1.);
#2871 = DIRECTION('',(0.,-1.));
#2872 = ( GEOMETRIC_REPRESENTATION_CONTEXT(2) 
PARAMETRIC_REPRESENTATION_CONTEXT() REPRESENTATION_CONTEXT('2D SPACE',''
  ) );
#2873 = FACE_BOUND('',#2874,.F.);
#2874 = EDGE_LOOP('',(#2875,#2904,#2932,#2960,#2987,#3014));
#2875 = ORIENTED_EDGE('',*,*,#2876,.F.);
#2876 = EDGE_CURVE('',#2877,#2879,#2881,.T.);
#2877 = VERTEX_POINT('',#2878);
#2878 = CARTESIAN_POINT('',(-73.4,13.,54.8));
#2879 = VERTEX_POINT('',#2880);
#2880 = CARTESIAN_POINT('',(-73.4,14.6,54.8));
#2881 = SURFACE_CURVE('',#2882,(#2886,#2893),.PCURVE_S1.);
#2882 = LINE('',#2883,#2884);
#2883 = CARTESIAN_POINT('',(-73.4,7.75,54.8));
#2884 = VECTOR('',#2885,1.);
#2885 = DIRECTION('',(0.,1.,0.));
#2886 = PCURVE('',#627,#2887);
#2887 = DEFINITIONAL_REPRESENTATION('',(#2888),#2892);
#2888 = LINE('',#2889,#2890);
#2889 = CARTESIAN_POINT('',(17.1,5.25));
#2890 = VECTOR('',#2891,1.);
#2891 = DIRECTION('',(0.,1.));
#2892 = ( GEOMETRIC_REPRESENTATION_CONTEXT(2) 
PARAMETRIC_REPRESENTATION_CONTEXT() REPRESENTATION_CONTEXT('2D SPACE',''
  ) );
#2893 = PCURVE('',#2894,#2899);
#2894 = PLANE('',#2895);
#2895 = AXIS2_PLACEMENT_3D('',#2896,#2897,#2898);
#2896 = CARTESIAN_POINT('',(-73.4,13.,40.2));
#2897 = DIRECTION('',(1.,0.,0.));
#2898 = DIRECTION('',(0.,0.,1.));
#2899 = DEFINITIONAL_REPRESENTATION('',(#2900),#2903);
#2900 = B_SPLINE_CURVE_WITH_KNOTS('',1,(#2901,#2902),.UNSPECIFIED.,.F.,
  .F.,(2,2),(5.25,6.85),.PIECEWISE_BEZIER_KNOTS.);
#2901 = CARTESIAN_POINT('',(14.6,0.));
#2902 = CARTESIAN_POINT('',(14.6,-1.6));
#2903 = ( GEOMETRIC_REPRESENTATION_CONTEXT(2) 
PARAMETRIC_REPRESENTATION_CONTEXT() REPRESENTATION_CONTEXT('2D SPACE',''
  ) );
#2904 = ORIENTED_EDGE('',*,*,#2905,.F.);
#2905 = EDGE_CURVE('',#2906,#2877,#2908,.T.);
#2906 = VERTEX_POINT('',#2907);
#2907 = CARTESIAN_POINT('',(-85.,13.,54.8));
#2908 = SURFACE_CURVE('',#2909,(#2913,#2920),.PCURVE_S1.);
#2909 = LINE('',#2910,#2911);
#2910 = CARTESIAN_POINT('',(-85.,13.,54.8));
#2911 = VECTOR('',#2912,1.);
#2912 = DIRECTION('',(1.,0.,0.));
#2913 = PCURVE('',#627,#2914);
#2914 = DEFINITIONAL_REPRESENTATION('',(#2915),#2919);
#2915 = LINE('',#2916,#2917);
#2916 = CARTESIAN_POINT('',(5.5,10.5));
#2917 = VECTOR('',#2918,1.);
#2918 = DIRECTION('',(1.,0.));
#2919 = ( GEOMETRIC_REPRESENTATION_CONTEXT(2) 
PARAMETRIC_REPRESENTATION_CONTEXT() REPRESENTATION_CONTEXT('2D SPACE',''
  ) );
#2920 = PCURVE('',#2921,#2926);
#2921 = PLANE('',#2922);
#2922 = AXIS2_PLACEMENT_3D('',#2923,#2924,#2925);
#2923 = CARTESIAN_POINT('',(-85.,13.,40.2));
#2924 = DIRECTION('',(0.,1.,0.));
#2925 = DIRECTION('',(0.,0.,1.));
#2926 = DEFINITIONAL_REPRESENTATION('',(#2927),#2931);
#2927 = LINE('',#2928,#2929);
#2928 = CARTESIAN_POINT('',(14.6,0.));
#2929 = VECTOR('',#2930,1.);
#2930 = DIRECTION('',(0.,1.));
#2931 = ( GEOMETRIC_REPRESENTATION_CONTEXT(2) 
PARAMETRIC_REPRESENTATION_CONTEXT() REPRESENTATION_CONTEXT('2D SPACE',''
  ) );
#2932 = ORIENTED_EDGE('',*,*,#2933,.F.);
#2933 = EDGE_CURVE('',#2934,#2906,#2936,.T.);
#2934 = VERTEX_POINT('',#2935);
#2935 = CARTESIAN_POINT('',(-85.,24.6,54.8));
#2936 = SURFACE_CURVE('',#2937,(#2941,#2948),.PCURVE_S1.);
#2937 = LINE('',#2938,#2939);
#2938 = CARTESIAN_POINT('',(-85.,24.6,54.8));
#2939 = VECTOR('',#2940,1.);
#2940 = DIRECTION('',(0.,-1.,0.));
#2941 = PCURVE('',#627,#2942);
#2942 = DEFINITIONAL_REPRESENTATION('',(#2943),#2947);
#2943 = LINE('',#2944,#2945);
#2944 = CARTESIAN_POINT('',(5.5,22.1));
#2945 = VECTOR('',#2946,1.);
#2946 = DIRECTION('',(0.,-1.));
#2947 = ( GEOMETRIC_REPRESENTATION_CONTEXT(2) 
PARAMETRIC_REPRESENTATION_CONTEXT() REPRESENTATION_CONTEXT('2D SPACE',''
  ) );
#2948 = PCURVE('',#2949,#2954);
#2949 = PLANE('',#2950);
#2950 = AXIS2_PLACEMENT_3D('',#2951,#2952,#2953);
#2951 = CARTESIAN_POINT('',(-85.,13.,40.2));
#2952 = DIRECTION('',(1.,0.,0.));
#2953 = DIRECTION('',(0.,0.,1.));
#2954 = DEFINITIONAL_REPRESENTATION('',(#2955),#2959);
#2955 = LINE('',#2956,#2957);
#2956 = CARTESIAN_POINT('',(14.6,-11.6));
#2957 = VECTOR('',#2958,1.);
#2958 = DIRECTION('',(0.,1.));
#2959 = ( GEOMETRIC_REPRESENTATION_CONTEXT(2) 
PARAMETRIC_REPRESENTATION_CONTEXT() REPRESENTATION_CONTEXT('2D SPACE',''
  ) );
#2960 = ORIENTED_EDGE('',*,*,#2961,.F.);
#2961 = EDGE_CURVE('',#2962,#2934,#2964,.T.);
#2962 = VERTEX_POINT('',#2963);
#2963 = CARTESIAN_POINT('',(-83.4,24.6,54.8));
#2964 = SURFACE_CURVE('',#2965,(#2969,#2976),.PCURVE_S1.);
#2965 = LINE('',#2966,#2967);
#2966 = CARTESIAN_POINT('',(-87.75,24.6,54.8));
#2967 = VECTOR('',#2968,1.);
#2968 = DIRECTION('',(-1.,0.,0.));
#2969 = PCURVE('',#627,#2970);
#2970 = DEFINITIONAL_REPRESENTATION('',(#2971),#2975);
#2971 = LINE('',#2972,#2973);
#2972 = CARTESIAN_POINT('',(2.75,22.1));
#2973 = VECTOR('',#2974,1.);
#2974 = DIRECTION('',(-1.,0.));
#2975 = ( GEOMETRIC_REPRESENTATION_CONTEXT(2) 
PARAMETRIC_REPRESENTATION_CONTEXT() REPRESENTATION_CONTEXT('2D SPACE',''
  ) );
#2976 = PCURVE('',#2977,#2982);
#2977 = PLANE('',#2978);
#2978 = AXIS2_PLACEMENT_3D('',#2979,#2980,#2981);
#2979 = CARTESIAN_POINT('',(-85.,24.6,40.2));
#2980 = DIRECTION('',(0.,1.,0.));
#2981 = DIRECTION('',(0.,0.,1.));
#2982 = DEFINITIONAL_REPRESENTATION('',(#2983),#2986);
#2983 = B_SPLINE_CURVE_WITH_KNOTS('',1,(#2984,#2985),.UNSPECIFIED.,.F.,
  .F.,(2,2),(-4.35,-2.75),.PIECEWISE_BEZIER_KNOTS.);
#2984 = CARTESIAN_POINT('',(14.6,1.6));
#2985 = CARTESIAN_POINT('',(14.6,0.));
#2986 = ( GEOMETRIC_REPRESENTATION_CONTEXT(2) 
PARAMETRIC_REPRESENTATION_CONTEXT() REPRESENTATION_CONTEXT('2D SPACE',''
  ) );
#2987 = ORIENTED_EDGE('',*,*,#2988,.F.);
#2988 = EDGE_CURVE('',#2989,#2962,#2991,.T.);
#2989 = VERTEX_POINT('',#2990);
#2990 = CARTESIAN_POINT('',(-83.4,14.6,54.8));
#2991 = SURFACE_CURVE('',#2992,(#2996,#3003),.PCURVE_S1.);
#2992 = LINE('',#2993,#2994);
#2993 = CARTESIAN_POINT('',(-83.4,7.75,54.8));
#2994 = VECTOR('',#2995,1.);
#2995 = DIRECTION('',(0.,1.,0.));
#2996 = PCURVE('',#627,#2997);
#2997 = DEFINITIONAL_REPRESENTATION('',(#2998),#3002);
#2998 = LINE('',#2999,#3000);
#2999 = CARTESIAN_POINT('',(7.1,5.25));
#3000 = VECTOR('',#3001,1.);
#3001 = DIRECTION('',(0.,1.));
#3002 = ( GEOMETRIC_REPRESENTATION_CONTEXT(2) 
PARAMETRIC_REPRESENTATION_CONTEXT() REPRESENTATION_CONTEXT('2D SPACE',''
  ) );
#3003 = PCURVE('',#3004,#3009);
#3004 = PLANE('',#3005);
#3005 = AXIS2_PLACEMENT_3D('',#3006,#3007,#3008);
#3006 = CARTESIAN_POINT('',(-83.4,13.,40.2));
#3007 = DIRECTION('',(1.,0.,0.));
#3008 = DIRECTION('',(0.,0.,1.));
#3009 = DEFINITIONAL_REPRESENTATION('',(#3010),#3013);
#3010 = B_SPLINE_CURVE_WITH_KNOTS('',1,(#3011,#3012),.UNSPECIFIED.,.F.,
  .F.,(2,2),(5.25,16.85),.PIECEWISE_BEZIER_KNOTS.);
#3011 = CARTESIAN_POINT('',(14.6,0.));
#3012 = CARTESIAN_POINT('',(14.6,-11.6));
#3013 = ( GEOMETRIC_REPRESENTATION_CONTEXT(2) 
PARAMETRIC_REPRESENTATION_CONTEXT() REPRESENTATION_CONTEXT('2D SPACE',''
  ) );
#3014 = ORIENTED_EDGE('',*,*,#3015,.F.);
#3015 = EDGE_CURVE('',#2879,#2989,#3016,.T.);
#3016 = SURFACE_CURVE('',#3017,(#3021,#3028),.PCURVE_S1.);
#3017 = LINE('',#3018,#3019);
#3018 = CARTESIAN_POINT('',(-87.75,14.6,54.8));
#3019 = VECTOR('',#3020,1.);
#3020 = DIRECTION('',(-1.,0.,0.));
#3021 = PCURVE('',#627,#3022);
#3022 = DEFINITIONAL_REPRESENTATION('',(#3023),#3027);
#3023 = LINE('',#3024,#3025);
#3024 = CARTESIAN_POINT('',(2.75,12.1));
#3025 = VECTOR('',#3026,1.);
#3026 = DIRECTION('',(-1.,0.));
#3027 = ( GEOMETRIC_REPRESENTATION_CONTEXT(2) 
PARAMETRIC_REPRESENTATION_CONTEXT() REPRESENTATION_CONTEXT('2D SPACE',''
  ) );
#3028 = PCURVE('',#3029,#3034);
#3029 = PLANE('',#3030);
#3030 = AXIS2_PLACEMENT_3D('',#3031,#3032,#3033);
#3031 = CARTESIAN_POINT('',(-85.,14.6,40.2));
#3032 = DIRECTION('',(0.,1.,0.));
#3033 = DIRECTION('',(0.,0.,1.));
#3034 = DEFINITIONAL_REPRESENTATION('',(#3035),#3038);
#3035 = B_SPLINE_CURVE_WITH_KNOTS('',1,(#3036,#3037),.UNSPECIFIED.,.F.,
  .F.,(2,2),(-14.35,-2.75),.PIECEWISE_BEZIER_KNOTS.);
#3036 = CARTESIAN_POINT('',(14.6,11.6));
#3037 = CARTESIAN_POINT('',(14.6,0.));
#3038 = ( GEOMETRIC_REPRESENTATION_CONTEXT(2) 
PARAMETRIC_REPRESENTATION_CONTEXT() REPRESENTATION_CONTEXT('2D SPACE',''
  ) );
#3039 = FACE_BOUND('',#3040,.F.);
#3040 = EDGE_LOOP('',(#3041,#3070,#3097,#3124));
#3041 = ORIENTED_EDGE('',*,*,#3042,.T.);
#3042 = EDGE_CURVE('',#3043,#3045,#3047,.T.);
#3043 = VERTEX_POINT('',#3044);
#3044 = CARTESIAN_POINT('',(-49.,24.,54.8));
#3045 = VERTEX_POINT('',#3046);
#3046 = CARTESIAN_POINT('',(-61.,24.,54.8));
#3047 = SURFACE_CURVE('',#3048,(#3052,#3059),.PCURVE_S1.);
#3048 = LINE('',#3049,#3050);
#3049 = CARTESIAN_POINT('',(-75.75,24.,54.8));
#3050 = VECTOR('',#3051,1.);
#3051 = DIRECTION('',(-1.,0.,0.));
#3052 = PCURVE('',#627,#3053);
#3053 = DEFINITIONAL_REPRESENTATION('',(#3054),#3058);
#3054 = LINE('',#3055,#3056);
#3055 = CARTESIAN_POINT('',(14.75,21.5));
#3056 = VECTOR('',#3057,1.);
#3057 = DIRECTION('',(-1.,0.));
#3058 = ( GEOMETRIC_REPRESENTATION_CONTEXT(2) 
PARAMETRIC_REPRESENTATION_CONTEXT() REPRESENTATION_CONTEXT('2D SPACE',''
  ) );
#3059 = PCURVE('',#3060,#3065);
#3060 = PLANE('',#3061);
#3061 = AXIS2_PLACEMENT_3D('',#3062,#3063,#3064);
#3062 = CARTESIAN_POINT('',(-61.,24.,54.6));
#3063 = DIRECTION('',(0.,1.,0.));
#3064 = DIRECTION('',(0.,0.,1.));
#3065 = DEFINITIONAL_REPRESENTATION('',(#3066),#3069);
#3066 = B_SPLINE_CURVE_WITH_KNOTS('',1,(#3067,#3068),.UNSPECIFIED.,.F.,
  .F.,(2,2),(-26.75,-14.75),.PIECEWISE_BEZIER_KNOTS.);
#3067 = CARTESIAN_POINT('',(0.2,12.));
#3068 = CARTESIAN_POINT('',(0.2,0.));
#3069 = ( GEOMETRIC_REPRESENTATION_CONTEXT(2) 
PARAMETRIC_REPRESENTATION_CONTEXT() REPRESENTATION_CONTEXT('2D SPACE',''
  ) );
#3070 = ORIENTED_EDGE('',*,*,#3071,.T.);
#3071 = EDGE_CURVE('',#3045,#3072,#3074,.T.);
#3072 = VERTEX_POINT('',#3073);
#3073 = CARTESIAN_POINT('',(-61.,36.,54.8));
#3074 = SURFACE_CURVE('',#3075,(#3079,#3086),.PCURVE_S1.);
#3075 = LINE('',#3076,#3077);
#3076 = CARTESIAN_POINT('',(-61.,13.25,54.8));
#3077 = VECTOR('',#3078,1.);
#3078 = DIRECTION('',(0.,1.,0.));
#3079 = PCURVE('',#627,#3080);
#3080 = DEFINITIONAL_REPRESENTATION('',(#3081),#3085);
#3081 = LINE('',#3082,#3083);
#3082 = CARTESIAN_POINT('',(29.5,10.75));
#3083 = VECTOR('',#3084,1.);
#3084 = DIRECTION('',(0.,1.));
#3085 = ( GEOMETRIC_REPRESENTATION_CONTEXT(2) 
PARAMETRIC_REPRESENTATION_CONTEXT() REPRESENTATION_CONTEXT('2D SPACE',''
  ) );
#3086 = PCURVE('',#3087,#3092);
#3087 = PLANE('',#3088);
#3088 = AXIS2_PLACEMENT_3D('',#3089,#3090,#3091);
#3089 = CARTESIAN_POINT('',(-61.,24.,54.6));
#3090 = DIRECTION('',(1.,0.,0.));
#3091 = DIRECTION('',(0.,0.,1.));
#3092 = DEFINITIONAL_REPRESENTATION('',(#3093),#3096);
#3093 = B_SPLINE_CURVE_WITH_KNOTS('',1,(#3094,#3095),.UNSPECIFIED.,.F.,
  .F.,(2,2),(10.75,22.75),.PIECEWISE_BEZIER_KNOTS.);
#3094 = CARTESIAN_POINT('',(0.2,0.));
#3095 = CARTESIAN_POINT('',(0.2,-12.));
#3096 = ( GEOMETRIC_REPRESENTATION_CONTEXT(2) 
PARAMETRIC_REPRESENTATION_CONTEXT() REPRESENTATION_CONTEXT('2D SPACE',''
  ) );
#3097 = ORIENTED_EDGE('',*,*,#3098,.F.);
#3098 = EDGE_CURVE('',#3099,#3072,#3101,.T.);
#3099 = VERTEX_POINT('',#3100);
#3100 = CARTESIAN_POINT('',(-49.,36.,54.8));
#3101 = SURFACE_CURVE('',#3102,(#3106,#3113),.PCURVE_S1.);
#3102 = LINE('',#3103,#3104);
#3103 = CARTESIAN_POINT('',(-75.75,36.,54.8));
#3104 = VECTOR('',#3105,1.);
#3105 = DIRECTION('',(-1.,0.,0.));
#3106 = PCURVE('',#627,#3107);
#3107 = DEFINITIONAL_REPRESENTATION('',(#3108),#3112);
#3108 = LINE('',#3109,#3110);
#3109 = CARTESIAN_POINT('',(14.75,33.5));
#3110 = VECTOR('',#3111,1.);
#3111 = DIRECTION('',(-1.,0.));
#3112 = ( GEOMETRIC_REPRESENTATION_CONTEXT(2) 
PARAMETRIC_REPRESENTATION_CONTEXT() REPRESENTATION_CONTEXT('2D SPACE',''
  ) );
#3113 = PCURVE('',#3114,#3119);
#3114 = PLANE('',#3115);
#3115 = AXIS2_PLACEMENT_3D('',#3116,#3117,#3118);
#3116 = CARTESIAN_POINT('',(-61.,36.,54.6));
#3117 = DIRECTION('',(0.,1.,0.));
#3118 = DIRECTION('',(0.,0.,1.));
#3119 = DEFINITIONAL_REPRESENTATION('',(#3120),#3123);
#3120 = B_SPLINE_CURVE_WITH_KNOTS('',1,(#3121,#3122),.UNSPECIFIED.,.F.,
  .F.,(2,2),(-26.75,-14.75),.PIECEWISE_BEZIER_KNOTS.);
#3121 = CARTESIAN_POINT('',(0.2,12.));
#3122 = CARTESIAN_POINT('',(0.2,0.));
#3123 = ( GEOMETRIC_REPRESENTATION_CONTEXT(2) 
PARAMETRIC_REPRESENTATION_CONTEXT() REPRESENTATION_CONTEXT('2D SPACE',''
  ) );
#3124 = ORIENTED_EDGE('',*,*,#3125,.F.);
#3125 = EDGE_CURVE('',#3043,#3099,#3126,.T.);
#3126 = SURFACE_CURVE('',#3127,(#3131,#3138),.PCURVE_S1.);
#3127 = LINE('',#3128,#3129);
#3128 = CARTESIAN_POINT('',(-49.,13.25,54.8));
#3129 = VECTOR('',#3130,1.);
#3130 = DIRECTION('',(0.,1.,0.));
#3131 = PCURVE('',#627,#3132);
#3132 = DEFINITIONAL_REPRESENTATION('',(#3133),#3137);
#3133 = LINE('',#3134,#3135);
#3134 = CARTESIAN_POINT('',(41.5,10.75));
#3135 = VECTOR('',#3136,1.);
#3136 = DIRECTION('',(0.,1.));
#3137 = ( GEOMETRIC_REPRESENTATION_CONTEXT(2) 
PARAMETRIC_REPRESENTATION_CONTEXT() REPRESENTATION_CONTEXT('2D SPACE',''
  ) );
#3138 = PCURVE('',#3139,#3144);
#3139 = PLANE('',#3140);
#3140 = AXIS2_PLACEMENT_3D('',#3141,#3142,#3143);
#3141 = CARTESIAN_POINT('',(-49.,24.,54.6));
#3142 = DIRECTION('',(1.,0.,0.));
#3143 = DIRECTION('',(0.,0.,1.));
#3144 = DEFINITIONAL_REPRESENTATION('',(#3145),#3148);
#3145 = B_SPLINE_CURVE_WITH_KNOTS('',1,(#3146,#3147),.UNSPECIFIED.,.F.,
  .F.,(2,2),(10.75,22.75),.PIECEWISE_BEZIER_KNOTS.);
#3146 = CARTESIAN_POINT('',(0.2,0.));
#3147 = CARTESIAN_POINT('',(0.2,-12.));
#3148 = ( GEOMETRIC_REPRESENTATION_CONTEXT(2) 
PARAMETRIC_REPRESENTATION_CONTEXT() REPRESENTATION_CONTEXT('2D SPACE',''
  ) );
#3149 = FACE_BOUND('',#3150,.F.);
#3150 = EDGE_LOOP('',(#3151,#3180,#3207,#3234));
#3151 = ORIENTED_EDGE('',*,*,#3152,.T.);
#3152 = EDGE_CURVE('',#3153,#3155,#3157,.T.);
#3153 = VERTEX_POINT('',#3154);
#3154 = CARTESIAN_POINT('',(61.,24.,54.8));
#3155 = VERTEX_POINT('',#3156);
#3156 = CARTESIAN_POINT('',(49.,24.,54.8));
#3157 = SURFACE_CURVE('',#3158,(#3162,#3169),.PCURVE_S1.);
#3158 = LINE('',#3159,#3160);
#3159 = CARTESIAN_POINT('',(-20.75,24.,54.8));
#3160 = VECTOR('',#3161,1.);
#3161 = DIRECTION('',(-1.,0.,0.));
#3162 = PCURVE('',#627,#3163);
#3163 = DEFINITIONAL_REPRESENTATION('',(#3164),#3168);
#3164 = LINE('',#3165,#3166);
#3165 = CARTESIAN_POINT('',(69.75,21.5));
#3166 = VECTOR('',#3167,1.);
#3167 = DIRECTION('',(-1.,0.));
#3168 = ( GEOMETRIC_REPRESENTATION_CONTEXT(2) 
PARAMETRIC_REPRESENTATION_CONTEXT() REPRESENTATION_CONTEXT('2D SPACE',''
  ) );
#3169 = PCURVE('',#3170,#3175);
#3170 = PLANE('',#3171);
#3171 = AXIS2_PLACEMENT_3D('',#3172,#3173,#3174);
#3172 = CARTESIAN_POINT('',(49.,24.,54.6));
#3173 = DIRECTION('',(0.,1.,0.));
#3174 = DIRECTION('',(0.,0.,1.));
#3175 = DEFINITIONAL_REPRESENTATION('',(#3176),#3179);
#3176 = B_SPLINE_CURVE_WITH_KNOTS('',1,(#3177,#3178),.UNSPECIFIED.,.F.,
  .F.,(2,2),(-81.75,-69.75),.PIECEWISE_BEZIER_KNOTS.);
#3177 = CARTESIAN_POINT('',(0.2,12.));
#3178 = CARTESIAN_POINT('',(0.2,0.));
#3179 = ( GEOMETRIC_REPRESENTATION_CONTEXT(2) 
PARAMETRIC_REPRESENTATION_CONTEXT() REPRESENTATION_CONTEXT('2D SPACE',''
  ) );
#3180 = ORIENTED_EDGE('',*,*,#3181,.T.);
#3181 = EDGE_CURVE('',#3155,#3182,#3184,.T.);
#3182 = VERTEX_POINT('',#3183);
#3183 = CARTESIAN_POINT('',(49.,36.,54.8));
#3184 = SURFACE_CURVE('',#3185,(#3189,#3196),.PCURVE_S1.);
#3185 = LINE('',#3186,#3187);
#3186 = CARTESIAN_POINT('',(49.,13.25,54.8));
#3187 = VECTOR('',#3188,1.);
#3188 = DIRECTION('',(0.,1.,0.));
#3189 = PCURVE('',#627,#3190);
#3190 = DEFINITIONAL_REPRESENTATION('',(#3191),#3195);
#3191 = LINE('',#3192,#3193);
#3192 = CARTESIAN_POINT('',(139.5,10.75));
#3193 = VECTOR('',#3194,1.);
#3194 = DIRECTION('',(0.,1.));
#3195 = ( GEOMETRIC_REPRESENTATION_CONTEXT(2) 
PARAMETRIC_REPRESENTATION_CONTEXT() REPRESENTATION_CONTEXT('2D SPACE',''
  ) );
#3196 = PCURVE('',#3197,#3202);
#3197 = PLANE('',#3198);
#3198 = AXIS2_PLACEMENT_3D('',#3199,#3200,#3201);
#3199 = CARTESIAN_POINT('',(49.,24.,54.6));
#3200 = DIRECTION('',(1.,0.,0.));
#3201 = DIRECTION('',(0.,0.,1.));
#3202 = DEFINITIONAL_REPRESENTATION('',(#3203),#3206);
#3203 = B_SPLINE_CURVE_WITH_KNOTS('',1,(#3204,#3205),.UNSPECIFIED.,.F.,
  .F.,(2,2),(10.75,22.75),.PIECEWISE_BEZIER_KNOTS.);
#3204 = CARTESIAN_POINT('',(0.2,0.));
#3205 = CARTESIAN_POINT('',(0.2,-12.));
#3206 = ( GEOMETRIC_REPRESENTATION_CONTEXT(2) 
PARAMETRIC_REPRESENTATION_CONTEXT() REPRESENTATION_CONTEXT('2D SPACE',''
  ) );
#3207 = ORIENTED_EDGE('',*,*,#3208,.F.);
#3208 = EDGE_CURVE('',#3209,#3182,#3211,.T.);
#3209 = VERTEX_POINT('',#3210);
#3210 = CARTESIAN_POINT('',(61.,36.,54.8));
#3211 = SURFACE_CURVE('',#3212,(#3216,#3223),.PCURVE_S1.);
#3212 = LINE('',#3213,#3214);
#3213 = CARTESIAN_POINT('',(-20.75,36.,54.8));
#3214 = VECTOR('',#3215,1.);
#3215 = DIRECTION('',(-1.,0.,0.));
#3216 = PCURVE('',#627,#3217);
#3217 = DEFINITIONAL_REPRESENTATION('',(#3218),#3222);
#3218 = LINE('',#3219,#3220);
#3219 = CARTESIAN_POINT('',(69.75,33.5));
#3220 = VECTOR('',#3221,1.);
#3221 = DIRECTION('',(-1.,0.));
#3222 = ( GEOMETRIC_REPRESENTATION_CONTEXT(2) 
PARAMETRIC_REPRESENTATION_CONTEXT() REPRESENTATION_CONTEXT('2D SPACE',''
  ) );
#3223 = PCURVE('',#3224,#3229);
#3224 = PLANE('',#3225);
#3225 = AXIS2_PLACEMENT_3D('',#3226,#3227,#3228);
#3226 = CARTESIAN_POINT('',(49.,36.,54.6));
#3227 = DIRECTION('',(0.,1.,0.));
#3228 = DIRECTION('',(0.,0.,1.));
#3229 = DEFINITIONAL_REPRESENTATION('',(#3230),#3233);
#3230 = B_SPLINE_CURVE_WITH_KNOTS('',1,(#3231,#3232),.UNSPECIFIED.,.F.,
  .F.,(2,2),(-81.75,-69.75),.PIECEWISE_BEZIER_KNOTS.);
#3231 = CARTESIAN_POINT('',(0.2,12.));
#3232 = CARTESIAN_POINT('',(0.2,0.));
#3233 = ( GEOMETRIC_REPRESENTATION_CONTEXT(2) 
PARAMETRIC_REPRESENTATION_CONTEXT() REPRESENTATION_CONTEXT('2D SPACE',''
  ) );
#3234 = ORIENTED_EDGE('',*,*,#3235,.F.);
#3235 = EDGE_CURVE('',#3153,#3209,#3236,.T.);
#3236 = SURFACE_CURVE('',#3237,(#3241,#3248),.PCURVE_S1.);
#3237 = LINE('',#3238,#3239);
#3238 = CARTESIAN_POINT('',(61.,13.25,54.8));
#3239 = VECTOR('',#3240,1.);
#3240 = DIRECTION('',(0.,1.,0.));
#3241 = PCURVE('',#627,#3242);
#3242 = DEFINITIONAL_REPRESENTATION('',(#3243),#3247);
#3243 = LINE('',#3244,#3245);
#3244 = CARTESIAN_POINT('',(151.5,10.75));
#3245 = VECTOR('',#3246,1.);
#3246 = DIRECTION('',(0.,1.));
#3247 = ( GEOMETRIC_REPRESENTATION_CONTEXT(2) 
PARAMETRIC_REPRESENTATION_CONTEXT() REPRESENTATION_CONTEXT('2D SPACE',''
  ) );
#3248 = PCURVE('',#3249,#3254);
#3249 = PLANE('',#3250);
#3250 = AXIS2_PLACEMENT_3D('',#3251,#3252,#3253);
#3251 = CARTESIAN_POINT('',(61.,24.,54.6));
#3252 = DIRECTION('',(1.,0.,0.));
#3253 = DIRECTION('',(0.,0.,1.));
#3254 = DEFINITIONAL_REPRESENTATION('',(#3255),#3258);
#3255 = B_SPLINE_CURVE_WITH_KNOTS('',1,(#3256,#3257),.UNSPECIFIED.,.F.,
  .F.,(2,2),(10.75,22.75),.PIECEWISE_BEZIER_KNOTS.);
#3256 = CARTESIAN_POINT('',(0.2,0.));
#3257 = CARTESIAN_POINT('',(0.2,-12.));
#3258 = ( GEOMETRIC_REPRESENTATION_CONTEXT(2) 
PARAMETRIC_REPRESENTATION_CONTEXT() REPRESENTATION_CONTEXT('2D SPACE',''
  ) );
#3259 = FACE_BOUND('',#3260,.F.);
#3260 = EDGE_LOOP('',(#3261,#3291,#3319,#3346,#3373,#3400));
#3261 = ORIENTED_EDGE('',*,*,#3262,.F.);
#3262 = EDGE_CURVE('',#3263,#3265,#3267,.T.);
#3263 = VERTEX_POINT('',#3264);
#3264 = CARTESIAN_POINT('',(85.,13.,54.8));
#3265 = VERTEX_POINT('',#3266);
#3266 = CARTESIAN_POINT('',(85.,24.6,54.8));
#3267 = SURFACE_CURVE('',#3268,(#3272,#3279),.PCURVE_S1.);
#3268 = LINE('',#3269,#3270);
#3269 = CARTESIAN_POINT('',(85.,13.,54.8));
#3270 = VECTOR('',#3271,1.);
#3271 = DIRECTION('',(0.,1.,0.));
#3272 = PCURVE('',#627,#3273);
#3273 = DEFINITIONAL_REPRESENTATION('',(#3274),#3278);
#3274 = LINE('',#3275,#3276);
#3275 = CARTESIAN_POINT('',(175.5,10.5));
#3276 = VECTOR('',#3277,1.);
#3277 = DIRECTION('',(0.,1.));
#3278 = ( GEOMETRIC_REPRESENTATION_CONTEXT(2) 
PARAMETRIC_REPRESENTATION_CONTEXT() REPRESENTATION_CONTEXT('2D SPACE',''
  ) );
#3279 = PCURVE('',#3280,#3285);
#3280 = PLANE('',#3281);
#3281 = AXIS2_PLACEMENT_3D('',#3282,#3283,#3284);
#3282 = CARTESIAN_POINT('',(85.,13.,40.2));
#3283 = DIRECTION('',(1.,0.,0.));
#3284 = DIRECTION('',(0.,0.,1.));
#3285 = DEFINITIONAL_REPRESENTATION('',(#3286),#3290);
#3286 = LINE('',#3287,#3288);
#3287 = CARTESIAN_POINT('',(14.6,0.));
#3288 = VECTOR('',#3289,1.);
#3289 = DIRECTION('',(0.,-1.));
#3290 = ( GEOMETRIC_REPRESENTATION_CONTEXT(2) 
PARAMETRIC_REPRESENTATION_CONTEXT() REPRESENTATION_CONTEXT('2D SPACE',''
  ) );
#3291 = ORIENTED_EDGE('',*,*,#3292,.F.);
#3292 = EDGE_CURVE('',#3293,#3263,#3295,.T.);
#3293 = VERTEX_POINT('',#3294);
#3294 = CARTESIAN_POINT('',(73.4,13.,54.8));
#3295 = SURFACE_CURVE('',#3296,(#3300,#3307),.PCURVE_S1.);
#3296 = LINE('',#3297,#3298);
#3297 = CARTESIAN_POINT('',(73.4,13.,54.8));
#3298 = VECTOR('',#3299,1.);
#3299 = DIRECTION('',(1.,0.,0.));
#3300 = PCURVE('',#627,#3301);
#3301 = DEFINITIONAL_REPRESENTATION('',(#3302),#3306);
#3302 = LINE('',#3303,#3304);
#3303 = CARTESIAN_POINT('',(163.9,10.5));
#3304 = VECTOR('',#3305,1.);
#3305 = DIRECTION('',(1.,0.));
#3306 = ( GEOMETRIC_REPRESENTATION_CONTEXT(2) 
PARAMETRIC_REPRESENTATION_CONTEXT() REPRESENTATION_CONTEXT('2D SPACE',''
  ) );
#3307 = PCURVE('',#3308,#3313);
#3308 = PLANE('',#3309);
#3309 = AXIS2_PLACEMENT_3D('',#3310,#3311,#3312);
#3310 = CARTESIAN_POINT('',(73.4,13.,40.2));
#3311 = DIRECTION('',(0.,1.,0.));
#3312 = DIRECTION('',(0.,0.,1.));
#3313 = DEFINITIONAL_REPRESENTATION('',(#3314),#3318);
#3314 = LINE('',#3315,#3316);
#3315 = CARTESIAN_POINT('',(14.6,0.));
#3316 = VECTOR('',#3317,1.);
#3317 = DIRECTION('',(0.,1.));
#3318 = ( GEOMETRIC_REPRESENTATION_CONTEXT(2) 
PARAMETRIC_REPRESENTATION_CONTEXT() REPRESENTATION_CONTEXT('2D SPACE',''
  ) );
#3319 = ORIENTED_EDGE('',*,*,#3320,.T.);
#3320 = EDGE_CURVE('',#3293,#3321,#3323,.T.);
#3321 = VERTEX_POINT('',#3322);
#3322 = CARTESIAN_POINT('',(73.4,14.6,54.8));
#3323 = SURFACE_CURVE('',#3324,(#3328,#3335),.PCURVE_S1.);
#3324 = LINE('',#3325,#3326);
#3325 = CARTESIAN_POINT('',(73.4,7.75,54.8));
#3326 = VECTOR('',#3327,1.);
#3327 = DIRECTION('',(0.,1.,0.));
#3328 = PCURVE('',#627,#3329);
#3329 = DEFINITIONAL_REPRESENTATION('',(#3330),#3334);
#3330 = LINE('',#3331,#3332);
#3331 = CARTESIAN_POINT('',(163.9,5.25));
#3332 = VECTOR('',#3333,1.);
#3333 = DIRECTION('',(0.,1.));
#3334 = ( GEOMETRIC_REPRESENTATION_CONTEXT(2) 
PARAMETRIC_REPRESENTATION_CONTEXT() REPRESENTATION_CONTEXT('2D SPACE',''
  ) );
#3335 = PCURVE('',#3336,#3341);
#3336 = PLANE('',#3337);
#3337 = AXIS2_PLACEMENT_3D('',#3338,#3339,#3340);
#3338 = CARTESIAN_POINT('',(73.4,13.,40.2));
#3339 = DIRECTION('',(1.,0.,0.));
#3340 = DIRECTION('',(0.,0.,1.));
#3341 = DEFINITIONAL_REPRESENTATION('',(#3342),#3345);
#3342 = B_SPLINE_CURVE_WITH_KNOTS('',1,(#3343,#3344),.UNSPECIFIED.,.F.,
  .F.,(2,2),(5.25,6.85),.PIECEWISE_BEZIER_KNOTS.);
#3343 = CARTESIAN_POINT('',(14.6,0.));
#3344 = CARTESIAN_POINT('',(14.6,-1.6));
#3345 = ( GEOMETRIC_REPRESENTATION_CONTEXT(2) 
PARAMETRIC_REPRESENTATION_CONTEXT() REPRESENTATION_CONTEXT('2D SPACE',''
  ) );
#3346 = ORIENTED_EDGE('',*,*,#3347,.F.);
#3347 = EDGE_CURVE('',#3348,#3321,#3350,.T.);
#3348 = VERTEX_POINT('',#3349);
#3349 = CARTESIAN_POINT('',(83.4,14.6,54.8));
#3350 = SURFACE_CURVE('',#3351,(#3355,#3362),.PCURVE_S1.);
#3351 = LINE('',#3352,#3353);
#3352 = CARTESIAN_POINT('',(-8.55,14.6,54.8));
#3353 = VECTOR('',#3354,1.);
#3354 = DIRECTION('',(-1.,0.,0.));
#3355 = PCURVE('',#627,#3356);
#3356 = DEFINITIONAL_REPRESENTATION('',(#3357),#3361);
#3357 = LINE('',#3358,#3359);
#3358 = CARTESIAN_POINT('',(81.95,12.1));
#3359 = VECTOR('',#3360,1.);
#3360 = DIRECTION('',(-1.,0.));
#3361 = ( GEOMETRIC_REPRESENTATION_CONTEXT(2) 
PARAMETRIC_REPRESENTATION_CONTEXT() REPRESENTATION_CONTEXT('2D SPACE',''
  ) );
#3362 = PCURVE('',#3363,#3368);
#3363 = PLANE('',#3364);
#3364 = AXIS2_PLACEMENT_3D('',#3365,#3366,#3367);
#3365 = CARTESIAN_POINT('',(73.4,14.6,40.2));
#3366 = DIRECTION('',(0.,1.,0.));
#3367 = DIRECTION('',(0.,0.,1.));
#3368 = DEFINITIONAL_REPRESENTATION('',(#3369),#3372);
#3369 = B_SPLINE_CURVE_WITH_KNOTS('',1,(#3370,#3371),.UNSPECIFIED.,.F.,
  .F.,(2,2),(-93.55,-81.95),.PIECEWISE_BEZIER_KNOTS.);
#3370 = CARTESIAN_POINT('',(14.6,11.6));
#3371 = CARTESIAN_POINT('',(14.6,0.));
#3372 = ( GEOMETRIC_REPRESENTATION_CONTEXT(2) 
PARAMETRIC_REPRESENTATION_CONTEXT() REPRESENTATION_CONTEXT('2D SPACE',''
  ) );
#3373 = ORIENTED_EDGE('',*,*,#3374,.T.);
#3374 = EDGE_CURVE('',#3348,#3375,#3377,.T.);
#3375 = VERTEX_POINT('',#3376);
#3376 = CARTESIAN_POINT('',(83.4,24.6,54.8));
#3377 = SURFACE_CURVE('',#3378,(#3382,#3389),.PCURVE_S1.);
#3378 = LINE('',#3379,#3380);
#3379 = CARTESIAN_POINT('',(83.4,7.75,54.8));
#3380 = VECTOR('',#3381,1.);
#3381 = DIRECTION('',(0.,1.,0.));
#3382 = PCURVE('',#627,#3383);
#3383 = DEFINITIONAL_REPRESENTATION('',(#3384),#3388);
#3384 = LINE('',#3385,#3386);
#3385 = CARTESIAN_POINT('',(173.9,5.25));
#3386 = VECTOR('',#3387,1.);
#3387 = DIRECTION('',(0.,1.));
#3388 = ( GEOMETRIC_REPRESENTATION_CONTEXT(2) 
PARAMETRIC_REPRESENTATION_CONTEXT() REPRESENTATION_CONTEXT('2D SPACE',''
  ) );
#3389 = PCURVE('',#3390,#3395);
#3390 = PLANE('',#3391);
#3391 = AXIS2_PLACEMENT_3D('',#3392,#3393,#3394);
#3392 = CARTESIAN_POINT('',(83.4,13.,40.2));
#3393 = DIRECTION('',(1.,0.,0.));
#3394 = DIRECTION('',(0.,0.,1.));
#3395 = DEFINITIONAL_REPRESENTATION('',(#3396),#3399);
#3396 = B_SPLINE_CURVE_WITH_KNOTS('',1,(#3397,#3398),.UNSPECIFIED.,.F.,
  .F.,(2,2),(5.25,16.85),.PIECEWISE_BEZIER_KNOTS.);
#3397 = CARTESIAN_POINT('',(14.6,0.));
#3398 = CARTESIAN_POINT('',(14.6,-11.6));
#3399 = ( GEOMETRIC_REPRESENTATION_CONTEXT(2) 
PARAMETRIC_REPRESENTATION_CONTEXT() REPRESENTATION_CONTEXT('2D SPACE',''
  ) );
#3400 = ORIENTED_EDGE('',*,*,#3401,.F.);
#3401 = EDGE_CURVE('',#3265,#3375,#3402,.T.);
#3402 = SURFACE_CURVE('',#3403,(#3407,#3414),.PCURVE_S1.);
#3403 = LINE('',#3404,#3405);
#3404 = CARTESIAN_POINT('',(-3.55,24.6,54.8));
#3405 = VECTOR('',#3406,1.);
#3406 = DIRECTION('',(-1.,0.,0.));
#3407 = PCURVE('',#627,#3408);
#3408 = DEFINITIONAL_REPRESENTATION('',(#3409),#3413);
#3409 = LINE('',#3410,#3411);
#3410 = CARTESIAN_POINT('',(86.95,22.1));
#3411 = VECTOR('',#3412,1.);
#3412 = DIRECTION('',(-1.,0.));
#3413 = ( GEOMETRIC_REPRESENTATION_CONTEXT(2) 
PARAMETRIC_REPRESENTATION_CONTEXT() REPRESENTATION_CONTEXT('2D SPACE',''
  ) );
#3414 = PCURVE('',#3415,#3420);
#3415 = PLANE('',#3416);
#3416 = AXIS2_PLACEMENT_3D('',#3417,#3418,#3419);
#3417 = CARTESIAN_POINT('',(83.4,24.6,40.2));
#3418 = DIRECTION('',(0.,1.,0.));
#3419 = DIRECTION('',(0.,0.,1.));
#3420 = DEFINITIONAL_REPRESENTATION('',(#3421),#3424);
#3421 = B_SPLINE_CURVE_WITH_KNOTS('',1,(#3422,#3423),.UNSPECIFIED.,.F.,
  .F.,(2,2),(-88.55,-86.95),.PIECEWISE_BEZIER_KNOTS.);
#3422 = CARTESIAN_POINT('',(14.6,1.6));
#3423 = CARTESIAN_POINT('',(14.6,0.));
#3424 = ( GEOMETRIC_REPRESENTATION_CONTEXT(2) 
PARAMETRIC_REPRESENTATION_CONTEXT() REPRESENTATION_CONTEXT('2D SPACE',''
  ) );
#3425 = FACE_BOUND('',#3426,.F.);
#3426 = EDGE_LOOP('',(#3427,#3456,#3483,#3510));
#3427 = ORIENTED_EDGE('',*,*,#3428,.T.);
#3428 = EDGE_CURVE('',#3429,#3431,#3433,.T.);
#3429 = VERTEX_POINT('',#3430);
#3430 = CARTESIAN_POINT('',(-49.,118.2,54.8));
#3431 = VERTEX_POINT('',#3432);
#3432 = CARTESIAN_POINT('',(-61.,118.2,54.8));
#3433 = SURFACE_CURVE('',#3434,(#3438,#3445),.PCURVE_S1.);
#3434 = LINE('',#3435,#3436);
#3435 = CARTESIAN_POINT('',(-75.75,118.2,54.8));
#3436 = VECTOR('',#3437,1.);
#3437 = DIRECTION('',(-1.,0.,0.));
#3438 = PCURVE('',#627,#3439);
#3439 = DEFINITIONAL_REPRESENTATION('',(#3440),#3444);
#3440 = LINE('',#3441,#3442);
#3441 = CARTESIAN_POINT('',(14.75,115.7));
#3442 = VECTOR('',#3443,1.);
#3443 = DIRECTION('',(-1.,0.));
#3444 = ( GEOMETRIC_REPRESENTATION_CONTEXT(2) 
PARAMETRIC_REPRESENTATION_CONTEXT() REPRESENTATION_CONTEXT('2D SPACE',''
  ) );
#3445 = PCURVE('',#3446,#3451);
#3446 = PLANE('',#3447);
#3447 = AXIS2_PLACEMENT_3D('',#3448,#3449,#3450);
#3448 = CARTESIAN_POINT('',(-61.,118.2,54.6));
#3449 = DIRECTION('',(0.,1.,0.));
#3450 = DIRECTION('',(0.,0.,1.));
#3451 = DEFINITIONAL_REPRESENTATION('',(#3452),#3455);
#3452 = B_SPLINE_CURVE_WITH_KNOTS('',1,(#3453,#3454),.UNSPECIFIED.,.F.,
  .F.,(2,2),(-26.75,-14.75),.PIECEWISE_BEZIER_KNOTS.);
#3453 = CARTESIAN_POINT('',(0.2,12.));
#3454 = CARTESIAN_POINT('',(0.2,0.));
#3455 = ( GEOMETRIC_REPRESENTATION_CONTEXT(2) 
PARAMETRIC_REPRESENTATION_CONTEXT() REPRESENTATION_CONTEXT('2D SPACE',''
  ) );
#3456 = ORIENTED_EDGE('',*,*,#3457,.T.);
#3457 = EDGE_CURVE('',#3431,#3458,#3460,.T.);
#3458 = VERTEX_POINT('',#3459);
#3459 = CARTESIAN_POINT('',(-61.,130.2,54.8));
#3460 = SURFACE_CURVE('',#3461,(#3465,#3472),.PCURVE_S1.);
#3461 = LINE('',#3462,#3463);
#3462 = CARTESIAN_POINT('',(-61.,60.35,54.8));
#3463 = VECTOR('',#3464,1.);
#3464 = DIRECTION('',(0.,1.,0.));
#3465 = PCURVE('',#627,#3466);
#3466 = DEFINITIONAL_REPRESENTATION('',(#3467),#3471);
#3467 = LINE('',#3468,#3469);
#3468 = CARTESIAN_POINT('',(29.5,57.85));
#3469 = VECTOR('',#3470,1.);
#3470 = DIRECTION('',(0.,1.));
#3471 = ( GEOMETRIC_REPRESENTATION_CONTEXT(2) 
PARAMETRIC_REPRESENTATION_CONTEXT() REPRESENTATION_CONTEXT('2D SPACE',''
  ) );
#3472 = PCURVE('',#3473,#3478);
#3473 = PLANE('',#3474);
#3474 = AXIS2_PLACEMENT_3D('',#3475,#3476,#3477);
#3475 = CARTESIAN_POINT('',(-61.,118.2,54.6));
#3476 = DIRECTION('',(1.,0.,0.));
#3477 = DIRECTION('',(0.,0.,1.));
#3478 = DEFINITIONAL_REPRESENTATION('',(#3479),#3482);
#3479 = B_SPLINE_CURVE_WITH_KNOTS('',1,(#3480,#3481),.UNSPECIFIED.,.F.,
  .F.,(2,2),(57.85,69.85),.PIECEWISE_BEZIER_KNOTS.);
#3480 = CARTESIAN_POINT('',(0.2,0.));
#3481 = CARTESIAN_POINT('',(0.2,-12.));
#3482 = ( GEOMETRIC_REPRESENTATION_CONTEXT(2) 
PARAMETRIC_REPRESENTATION_CONTEXT() REPRESENTATION_CONTEXT('2D SPACE',''
  ) );
#3483 = ORIENTED_EDGE('',*,*,#3484,.F.);
#3484 = EDGE_CURVE('',#3485,#3458,#3487,.T.);
#3485 = VERTEX_POINT('',#3486);
#3486 = CARTESIAN_POINT('',(-49.,130.2,54.8));
#3487 = SURFACE_CURVE('',#3488,(#3492,#3499),.PCURVE_S1.);
#3488 = LINE('',#3489,#3490);
#3489 = CARTESIAN_POINT('',(-75.75,130.2,54.8));
#3490 = VECTOR('',#3491,1.);
#3491 = DIRECTION('',(-1.,0.,0.));
#3492 = PCURVE('',#627,#3493);
#3493 = DEFINITIONAL_REPRESENTATION('',(#3494),#3498);
#3494 = LINE('',#3495,#3496);
#3495 = CARTESIAN_POINT('',(14.75,127.7));
#3496 = VECTOR('',#3497,1.);
#3497 = DIRECTION('',(-1.,0.));
#3498 = ( GEOMETRIC_REPRESENTATION_CONTEXT(2) 
PARAMETRIC_REPRESENTATION_CONTEXT() REPRESENTATION_CONTEXT('2D SPACE',''
  ) );
#3499 = PCURVE('',#3500,#3505);
#3500 = PLANE('',#3501);
#3501 = AXIS2_PLACEMENT_3D('',#3502,#3503,#3504);
#3502 = CARTESIAN_POINT('',(-61.,130.2,54.6));
#3503 = DIRECTION('',(0.,1.,0.));
#3504 = DIRECTION('',(0.,0.,1.));
#3505 = DEFINITIONAL_REPRESENTATION('',(#3506),#3509);
#3506 = B_SPLINE_CURVE_WITH_KNOTS('',1,(#3507,#3508),.UNSPECIFIED.,.F.,
  .F.,(2,2),(-26.75,-14.75),.PIECEWISE_BEZIER_KNOTS.);
#3507 = CARTESIAN_POINT('',(0.2,12.));
#3508 = CARTESIAN_POINT('',(0.2,0.));
#3509 = ( GEOMETRIC_REPRESENTATION_CONTEXT(2) 
PARAMETRIC_REPRESENTATION_CONTEXT() REPRESENTATION_CONTEXT('2D SPACE',''
  ) );
#3510 = ORIENTED_EDGE('',*,*,#3511,.F.);
#3511 = EDGE_CURVE('',#3429,#3485,#3512,.T.);
#3512 = SURFACE_CURVE('',#3513,(#3517,#3524),.PCURVE_S1.);
#3513 = LINE('',#3514,#3515);
#3514 = CARTESIAN_POINT('',(-49.,60.35,54.8));
#3515 = VECTOR('',#3516,1.);
#3516 = DIRECTION('',(0.,1.,0.));
#3517 = PCURVE('',#627,#3518);
#3518 = DEFINITIONAL_REPRESENTATION('',(#3519),#3523);
#3519 = LINE('',#3520,#3521);
#3520 = CARTESIAN_POINT('',(41.5,57.85));
#3521 = VECTOR('',#3522,1.);
#3522 = DIRECTION('',(0.,1.));
#3523 = ( GEOMETRIC_REPRESENTATION_CONTEXT(2) 
PARAMETRIC_REPRESENTATION_CONTEXT() REPRESENTATION_CONTEXT('2D SPACE',''
  ) );
#3524 = PCURVE('',#3525,#3530);
#3525 = PLANE('',#3526);
#3526 = AXIS2_PLACEMENT_3D('',#3527,#3528,#3529);
#3527 = CARTESIAN_POINT('',(-49.,118.2,54.6));
#3528 = DIRECTION('',(1.,0.,0.));
#3529 = DIRECTION('',(0.,0.,1.));
#3530 = DEFINITIONAL_REPRESENTATION('',(#3531),#3534);
#3531 = B_SPLINE_CURVE_WITH_KNOTS('',1,(#3532,#3533),.UNSPECIFIED.,.F.,
  .F.,(2,2),(57.85,69.85),.PIECEWISE_BEZIER_KNOTS.);
#3532 = CARTESIAN_POINT('',(0.2,0.));
#3533 = CARTESIAN_POINT('',(0.2,-12.));
#3534 = ( GEOMETRIC_REPRESENTATION_CONTEXT(2) 
PARAMETRIC_REPRESENTATION_CONTEXT() REPRESENTATION_CONTEXT('2D SPACE',''
  ) );
#3535 = FACE_BOUND('',#3536,.F.);
#3536 = EDGE_LOOP('',(#3537,#3566,#3593,#3621,#3649,#3676));
#3537 = ORIENTED_EDGE('',*,*,#3538,.F.);
#3538 = EDGE_CURVE('',#3539,#3541,#3543,.T.);
#3539 = VERTEX_POINT('',#3540);
#3540 = CARTESIAN_POINT('',(-83.4,129.6,54.8));
#3541 = VERTEX_POINT('',#3542);
#3542 = CARTESIAN_POINT('',(-83.4,139.6,54.8));
#3543 = SURFACE_CURVE('',#3544,(#3548,#3555),.PCURVE_S1.);
#3544 = LINE('',#3545,#3546);
#3545 = CARTESIAN_POINT('',(-83.4,66.05,54.8));
#3546 = VECTOR('',#3547,1.);
#3547 = DIRECTION('',(0.,1.,0.));
#3548 = PCURVE('',#627,#3549);
#3549 = DEFINITIONAL_REPRESENTATION('',(#3550),#3554);
#3550 = LINE('',#3551,#3552);
#3551 = CARTESIAN_POINT('',(7.1,63.55));
#3552 = VECTOR('',#3553,1.);
#3553 = DIRECTION('',(0.,1.));
#3554 = ( GEOMETRIC_REPRESENTATION_CONTEXT(2) 
PARAMETRIC_REPRESENTATION_CONTEXT() REPRESENTATION_CONTEXT('2D SPACE',''
  ) );
#3555 = PCURVE('',#3556,#3561);
#3556 = PLANE('',#3557);
#3557 = AXIS2_PLACEMENT_3D('',#3558,#3559,#3560);
#3558 = CARTESIAN_POINT('',(-83.4,129.6,40.2));
#3559 = DIRECTION('',(1.,0.,0.));
#3560 = DIRECTION('',(0.,0.,1.));
#3561 = DEFINITIONAL_REPRESENTATION('',(#3562),#3565);
#3562 = B_SPLINE_CURVE_WITH_KNOTS('',1,(#3563,#3564),.UNSPECIFIED.,.F.,
  .F.,(2,2),(63.55,75.15),.PIECEWISE_BEZIER_KNOTS.);
#3563 = CARTESIAN_POINT('',(14.6,0.));
#3564 = CARTESIAN_POINT('',(14.6,-11.6));
#3565 = ( GEOMETRIC_REPRESENTATION_CONTEXT(2) 
PARAMETRIC_REPRESENTATION_CONTEXT() REPRESENTATION_CONTEXT('2D SPACE',''
  ) );
#3566 = ORIENTED_EDGE('',*,*,#3567,.T.);
#3567 = EDGE_CURVE('',#3539,#3568,#3570,.T.);
#3568 = VERTEX_POINT('',#3569);
#3569 = CARTESIAN_POINT('',(-85.,129.6,54.8));
#3570 = SURFACE_CURVE('',#3571,(#3575,#3582),.PCURVE_S1.);
#3571 = LINE('',#3572,#3573);
#3572 = CARTESIAN_POINT('',(-87.75,129.6,54.8));
#3573 = VECTOR('',#3574,1.);
#3574 = DIRECTION('',(-1.,0.,0.));
#3575 = PCURVE('',#627,#3576);
#3576 = DEFINITIONAL_REPRESENTATION('',(#3577),#3581);
#3577 = LINE('',#3578,#3579);
#3578 = CARTESIAN_POINT('',(2.75,127.1));
#3579 = VECTOR('',#3580,1.);
#3580 = DIRECTION('',(-1.,0.));
#3581 = ( GEOMETRIC_REPRESENTATION_CONTEXT(2) 
PARAMETRIC_REPRESENTATION_CONTEXT() REPRESENTATION_CONTEXT('2D SPACE',''
  ) );
#3582 = PCURVE('',#3583,#3588);
#3583 = PLANE('',#3584);
#3584 = AXIS2_PLACEMENT_3D('',#3585,#3586,#3587);
#3585 = CARTESIAN_POINT('',(-85.,129.6,40.2));
#3586 = DIRECTION('',(0.,1.,0.));
#3587 = DIRECTION('',(0.,0.,1.));
#3588 = DEFINITIONAL_REPRESENTATION('',(#3589),#3592);
#3589 = B_SPLINE_CURVE_WITH_KNOTS('',1,(#3590,#3591),.UNSPECIFIED.,.F.,
  .F.,(2,2),(-4.35,-2.75),.PIECEWISE_BEZIER_KNOTS.);
#3590 = CARTESIAN_POINT('',(14.6,1.6));
#3591 = CARTESIAN_POINT('',(14.6,0.));
#3592 = ( GEOMETRIC_REPRESENTATION_CONTEXT(2) 
PARAMETRIC_REPRESENTATION_CONTEXT() REPRESENTATION_CONTEXT('2D SPACE',''
  ) );
#3593 = ORIENTED_EDGE('',*,*,#3594,.F.);
#3594 = EDGE_CURVE('',#3595,#3568,#3597,.T.);
#3595 = VERTEX_POINT('',#3596);
#3596 = CARTESIAN_POINT('',(-85.,141.2,54.8));
#3597 = SURFACE_CURVE('',#3598,(#3602,#3609),.PCURVE_S1.);
#3598 = LINE('',#3599,#3600);
#3599 = CARTESIAN_POINT('',(-85.,141.2,54.8));
#3600 = VECTOR('',#3601,1.);
#3601 = DIRECTION('',(0.,-1.,0.));
#3602 = PCURVE('',#627,#3603);
#3603 = DEFINITIONAL_REPRESENTATION('',(#3604),#3608);
#3604 = LINE('',#3605,#3606);
#3605 = CARTESIAN_POINT('',(5.5,138.7));
#3606 = VECTOR('',#3607,1.);
#3607 = DIRECTION('',(0.,-1.));
#3608 = ( GEOMETRIC_REPRESENTATION_CONTEXT(2) 
PARAMETRIC_REPRESENTATION_CONTEXT() REPRESENTATION_CONTEXT('2D SPACE',''
  ) );
#3609 = PCURVE('',#3610,#3615);
#3610 = PLANE('',#3611);
#3611 = AXIS2_PLACEMENT_3D('',#3612,#3613,#3614);
#3612 = CARTESIAN_POINT('',(-85.,129.6,40.2));
#3613 = DIRECTION('',(1.,0.,0.));
#3614 = DIRECTION('',(0.,0.,1.));
#3615 = DEFINITIONAL_REPRESENTATION('',(#3616),#3620);
#3616 = LINE('',#3617,#3618);
#3617 = CARTESIAN_POINT('',(14.6,-11.6));
#3618 = VECTOR('',#3619,1.);
#3619 = DIRECTION('',(0.,1.));
#3620 = ( GEOMETRIC_REPRESENTATION_CONTEXT(2) 
PARAMETRIC_REPRESENTATION_CONTEXT() REPRESENTATION_CONTEXT('2D SPACE',''
  ) );
#3621 = ORIENTED_EDGE('',*,*,#3622,.F.);
#3622 = EDGE_CURVE('',#3623,#3595,#3625,.T.);
#3623 = VERTEX_POINT('',#3624);
#3624 = CARTESIAN_POINT('',(-73.4,141.2,54.8));
#3625 = SURFACE_CURVE('',#3626,(#3630,#3637),.PCURVE_S1.);
#3626 = LINE('',#3627,#3628);
#3627 = CARTESIAN_POINT('',(-73.4,141.2,54.8));
#3628 = VECTOR('',#3629,1.);
#3629 = DIRECTION('',(-1.,0.,0.));
#3630 = PCURVE('',#627,#3631);
#3631 = DEFINITIONAL_REPRESENTATION('',(#3632),#3636);
#3632 = LINE('',#3633,#3634);
#3633 = CARTESIAN_POINT('',(17.1,138.7));
#3634 = VECTOR('',#3635,1.);
#3635 = DIRECTION('',(-1.,0.));
#3636 = ( GEOMETRIC_REPRESENTATION_CONTEXT(2) 
PARAMETRIC_REPRESENTATION_CONTEXT() REPRESENTATION_CONTEXT('2D SPACE',''
  ) );
#3637 = PCURVE('',#3638,#3643);
#3638 = PLANE('',#3639);
#3639 = AXIS2_PLACEMENT_3D('',#3640,#3641,#3642);
#3640 = CARTESIAN_POINT('',(-85.,141.2,40.2));
#3641 = DIRECTION('',(0.,1.,0.));
#3642 = DIRECTION('',(0.,0.,1.));
#3643 = DEFINITIONAL_REPRESENTATION('',(#3644),#3648);
#3644 = LINE('',#3645,#3646);
#3645 = CARTESIAN_POINT('',(14.6,11.6));
#3646 = VECTOR('',#3647,1.);
#3647 = DIRECTION('',(0.,-1.));
#3648 = ( GEOMETRIC_REPRESENTATION_CONTEXT(2) 
PARAMETRIC_REPRESENTATION_CONTEXT() REPRESENTATION_CONTEXT('2D SPACE',''
  ) );
#3649 = ORIENTED_EDGE('',*,*,#3650,.F.);
#3650 = EDGE_CURVE('',#3651,#3623,#3653,.T.);
#3651 = VERTEX_POINT('',#3652);
#3652 = CARTESIAN_POINT('',(-73.4,139.6,54.8));
#3653 = SURFACE_CURVE('',#3654,(#3658,#3665),.PCURVE_S1.);
#3654 = LINE('',#3655,#3656);
#3655 = CARTESIAN_POINT('',(-73.4,71.05,54.8));
#3656 = VECTOR('',#3657,1.);
#3657 = DIRECTION('',(0.,1.,0.));
#3658 = PCURVE('',#627,#3659);
#3659 = DEFINITIONAL_REPRESENTATION('',(#3660),#3664);
#3660 = LINE('',#3661,#3662);
#3661 = CARTESIAN_POINT('',(17.1,68.55));
#3662 = VECTOR('',#3663,1.);
#3663 = DIRECTION('',(0.,1.));
#3664 = ( GEOMETRIC_REPRESENTATION_CONTEXT(2) 
PARAMETRIC_REPRESENTATION_CONTEXT() REPRESENTATION_CONTEXT('2D SPACE',''
  ) );
#3665 = PCURVE('',#3666,#3671);
#3666 = PLANE('',#3667);
#3667 = AXIS2_PLACEMENT_3D('',#3668,#3669,#3670);
#3668 = CARTESIAN_POINT('',(-73.4,139.6,40.2));
#3669 = DIRECTION('',(1.,0.,0.));
#3670 = DIRECTION('',(0.,0.,1.));
#3671 = DEFINITIONAL_REPRESENTATION('',(#3672),#3675);
#3672 = B_SPLINE_CURVE_WITH_KNOTS('',1,(#3673,#3674),.UNSPECIFIED.,.F.,
  .F.,(2,2),(68.55,70.15),.PIECEWISE_BEZIER_KNOTS.);
#3673 = CARTESIAN_POINT('',(14.6,0.));
#3674 = CARTESIAN_POINT('',(14.6,-1.6));
#3675 = ( GEOMETRIC_REPRESENTATION_CONTEXT(2) 
PARAMETRIC_REPRESENTATION_CONTEXT() REPRESENTATION_CONTEXT('2D SPACE',''
  ) );
#3676 = ORIENTED_EDGE('',*,*,#3677,.T.);
#3677 = EDGE_CURVE('',#3651,#3541,#3678,.T.);
#3678 = SURFACE_CURVE('',#3679,(#3683,#3690),.PCURVE_S1.);
#3679 = LINE('',#3680,#3681);
#3680 = CARTESIAN_POINT('',(-87.75,139.6,54.8));
#3681 = VECTOR('',#3682,1.);
#3682 = DIRECTION('',(-1.,0.,0.));
#3683 = PCURVE('',#627,#3684);
#3684 = DEFINITIONAL_REPRESENTATION('',(#3685),#3689);
#3685 = LINE('',#3686,#3687);
#3686 = CARTESIAN_POINT('',(2.75,137.1));
#3687 = VECTOR('',#3688,1.);
#3688 = DIRECTION('',(-1.,0.));
#3689 = ( GEOMETRIC_REPRESENTATION_CONTEXT(2) 
PARAMETRIC_REPRESENTATION_CONTEXT() REPRESENTATION_CONTEXT('2D SPACE',''
  ) );
#3690 = PCURVE('',#3691,#3696);
#3691 = PLANE('',#3692);
#3692 = AXIS2_PLACEMENT_3D('',#3693,#3694,#3695);
#3693 = CARTESIAN_POINT('',(-85.,139.6,40.2));
#3694 = DIRECTION('',(0.,1.,0.));
#3695 = DIRECTION('',(0.,0.,1.));
#3696 = DEFINITIONAL_REPRESENTATION('',(#3697),#3700);
#3697 = B_SPLINE_CURVE_WITH_KNOTS('',1,(#3698,#3699),.UNSPECIFIED.,.F.,
  .F.,(2,2),(-14.35,-2.75),.PIECEWISE_BEZIER_KNOTS.);
#3698 = CARTESIAN_POINT('',(14.6,11.6));
#3699 = CARTESIAN_POINT('',(14.6,0.));
#3700 = ( GEOMETRIC_REPRESENTATION_CONTEXT(2) 
PARAMETRIC_REPRESENTATION_CONTEXT() REPRESENTATION_CONTEXT('2D SPACE',''
  ) );
#3701 = FACE_BOUND('',#3702,.F.);
#3702 = EDGE_LOOP('',(#3703));
#3703 = ORIENTED_EDGE('',*,*,#3704,.T.);
#3704 = EDGE_CURVE('',#3705,#3705,#3707,.T.);
#3705 = VERTEX_POINT('',#3706);
#3706 = CARTESIAN_POINT('',(-42.,146.6,54.8));
#3707 = SURFACE_CURVE('',#3708,(#3713,#3724),.PCURVE_S1.);
#3708 = CIRCLE('',#3709,3.);
#3709 = AXIS2_PLACEMENT_3D('',#3710,#3711,#3712);
#3710 = CARTESIAN_POINT('',(-45.,146.6,54.8));
#3711 = DIRECTION('',(0.,0.,-1.));
#3712 = DIRECTION('',(1.,0.,0.));
#3713 = PCURVE('',#627,#3714);
#3714 = DEFINITIONAL_REPRESENTATION('',(#3715),#3723);
#3715 = ( BOUNDED_CURVE() B_SPLINE_CURVE(2,(#3716,#3717,#3718,#3719,
#3720,#3721,#3722),.UNSPECIFIED.,.T.,.F.) B_SPLINE_CURVE_WITH_KNOTS((1,2
    ,2,2,2,1),(-2.094395102393,0.,2.094395102393,4.188790204786,
6.28318530718,8.377580409573),.UNSPECIFIED.) CURVE() 
GEOMETRIC_REPRESENTATION_ITEM() RATIONAL_B_SPLINE_CURVE((1.,0.5,1.,0.5,
1.,0.5,1.)) REPRESENTATION_ITEM('') );
#3716 = CARTESIAN_POINT('',(48.5,144.1));
#3717 = CARTESIAN_POINT('',(48.5,138.90384757729));
#3718 = CARTESIAN_POINT('',(44.,141.50192378864));
#3719 = CARTESIAN_POINT('',(39.5,144.1));
#3720 = CARTESIAN_POINT('',(44.,146.69807621135));
#3721 = CARTESIAN_POINT('',(48.5,149.2961524227));
#3722 = CARTESIAN_POINT('',(48.5,144.1));
#3723 = ( GEOMETRIC_REPRESENTATION_CONTEXT(2) 
PARAMETRIC_REPRESENTATION_CONTEXT() REPRESENTATION_CONTEXT('2D SPACE',''
  ) );
#3724 = PCURVE('',#3725,#3730);
#3725 = CYLINDRICAL_SURFACE('',#3726,3.);
#3726 = AXIS2_PLACEMENT_3D('',#3727,#3728,#3729);
#3727 = CARTESIAN_POINT('',(-45.,146.6,40.2));
#3728 = DIRECTION('',(-0.,-0.,-1.));
#3729 = DIRECTION('',(1.,0.,0.));
#3730 = DEFINITIONAL_REPRESENTATION('',(#3731),#3735);
#3731 = LINE('',#3732,#3733);
#3732 = CARTESIAN_POINT('',(-6.28318530718,-14.6));
#3733 = VECTOR('',#3734,1.);
#3734 = DIRECTION('',(1.,-0.));
#3735 = ( GEOMETRIC_REPRESENTATION_CONTEXT(2) 
PARAMETRIC_REPRESENTATION_CONTEXT() REPRESENTATION_CONTEXT('2D SPACE',''
  ) );
#3736 = FACE_BOUND('',#3737,.F.);
#3737 = EDGE_LOOP('',(#3738));
#3738 = ORIENTED_EDGE('',*,*,#3739,.T.);
#3739 = EDGE_CURVE('',#3740,#3740,#3742,.T.);
#3740 = VERTEX_POINT('',#3741);
#3741 = CARTESIAN_POINT('',(48.,146.6,54.8));
#3742 = SURFACE_CURVE('',#3743,(#3748,#3759),.PCURVE_S1.);
#3743 = CIRCLE('',#3744,3.);
#3744 = AXIS2_PLACEMENT_3D('',#3745,#3746,#3747);
#3745 = CARTESIAN_POINT('',(45.,146.6,54.8));
#3746 = DIRECTION('',(0.,0.,-1.));
#3747 = DIRECTION('',(1.,0.,0.));
#3748 = PCURVE('',#627,#3749);
#3749 = DEFINITIONAL_REPRESENTATION('',(#3750),#3758);
#3750 = ( BOUNDED_CURVE() B_SPLINE_CURVE(2,(#3751,#3752,#3753,#3754,
#3755,#3756,#3757),.UNSPECIFIED.,.T.,.F.) B_SPLINE_CURVE_WITH_KNOTS((1,2
    ,2,2,2,1),(-2.094395102393,0.,2.094395102393,4.188790204786,
6.28318530718,8.377580409573),.UNSPECIFIED.) CURVE() 
GEOMETRIC_REPRESENTATION_ITEM() RATIONAL_B_SPLINE_CURVE((1.,0.5,1.,0.5,
1.,0.5,1.)) REPRESENTATION_ITEM('') );
#3751 = CARTESIAN_POINT('',(138.5,144.1));
#3752 = CARTESIAN_POINT('',(138.5,138.90384757729));
#3753 = CARTESIAN_POINT('',(134.,141.50192378864));
#3754 = CARTESIAN_POINT('',(129.5,144.1));
#3755 = CARTESIAN_POINT('',(134.,146.69807621135));
#3756 = CARTESIAN_POINT('',(138.5,149.2961524227));
#3757 = CARTESIAN_POINT('',(138.5,144.1));
#3758 = ( GEOMETRIC_REPRESENTATION_CONTEXT(2) 
PARAMETRIC_REPRESENTATION_CONTEXT() REPRESENTATION_CONTEXT('2D SPACE',''
  ) );
#3759 = PCURVE('',#3760,#3765);
#3760 = CYLINDRICAL_SURFACE('',#3761,3.);
#3761 = AXIS2_PLACEMENT_3D('',#3762,#3763,#3764);
#3762 = CARTESIAN_POINT('',(45.,146.6,40.2));
#3763 = DIRECTION('',(-0.,-0.,-1.));
#3764 = DIRECTION('',(1.,0.,0.));
#3765 = DEFINITIONAL_REPRESENTATION('',(#3766),#3770);
#3766 = LINE('',#3767,#3768);
#3767 = CARTESIAN_POINT('',(-6.28318530718,-14.6));
#3768 = VECTOR('',#3769,1.);
#3769 = DIRECTION('',(1.,-0.));
#3770 = ( GEOMETRIC_REPRESENTATION_CONTEXT(2) 
PARAMETRIC_REPRESENTATION_CONTEXT() REPRESENTATION_CONTEXT('2D SPACE',''
  ) );
#3771 = FACE_BOUND('',#3772,.F.);
#3772 = EDGE_LOOP('',(#3773,#3802,#3829,#3856));
#3773 = ORIENTED_EDGE('',*,*,#3774,.T.);
#3774 = EDGE_CURVE('',#3775,#3777,#3779,.T.);
#3775 = VERTEX_POINT('',#3776);
#3776 = CARTESIAN_POINT('',(61.,118.2,54.8));
#3777 = VERTEX_POINT('',#3778);
#3778 = CARTESIAN_POINT('',(49.,118.2,54.8));
#3779 = SURFACE_CURVE('',#3780,(#3784,#3791),.PCURVE_S1.);
#3780 = LINE('',#3781,#3782);
#3781 = CARTESIAN_POINT('',(-20.75,118.2,54.8));
#3782 = VECTOR('',#3783,1.);
#3783 = DIRECTION('',(-1.,0.,0.));
#3784 = PCURVE('',#627,#3785);
#3785 = DEFINITIONAL_REPRESENTATION('',(#3786),#3790);
#3786 = LINE('',#3787,#3788);
#3787 = CARTESIAN_POINT('',(69.75,115.7));
#3788 = VECTOR('',#3789,1.);
#3789 = DIRECTION('',(-1.,0.));
#3790 = ( GEOMETRIC_REPRESENTATION_CONTEXT(2) 
PARAMETRIC_REPRESENTATION_CONTEXT() REPRESENTATION_CONTEXT('2D SPACE',''
  ) );
#3791 = PCURVE('',#3792,#3797);
#3792 = PLANE('',#3793);
#3793 = AXIS2_PLACEMENT_3D('',#3794,#3795,#3796);
#3794 = CARTESIAN_POINT('',(49.,118.2,54.6));
#3795 = DIRECTION('',(0.,1.,0.));
#3796 = DIRECTION('',(0.,0.,1.));
#3797 = DEFINITIONAL_REPRESENTATION('',(#3798),#3801);
#3798 = B_SPLINE_CURVE_WITH_KNOTS('',1,(#3799,#3800),.UNSPECIFIED.,.F.,
  .F.,(2,2),(-81.75,-69.75),.PIECEWISE_BEZIER_KNOTS.);
#3799 = CARTESIAN_POINT('',(0.2,12.));
#3800 = CARTESIAN_POINT('',(0.2,0.));
#3801 = ( GEOMETRIC_REPRESENTATION_CONTEXT(2) 
PARAMETRIC_REPRESENTATION_CONTEXT() REPRESENTATION_CONTEXT('2D SPACE',''
  ) );
#3802 = ORIENTED_EDGE('',*,*,#3803,.T.);
#3803 = EDGE_CURVE('',#3777,#3804,#3806,.T.);
#3804 = VERTEX_POINT('',#3805);
#3805 = CARTESIAN_POINT('',(49.,130.2,54.8));
#3806 = SURFACE_CURVE('',#3807,(#3811,#3818),.PCURVE_S1.);
#3807 = LINE('',#3808,#3809);
#3808 = CARTESIAN_POINT('',(49.,60.35,54.8));
#3809 = VECTOR('',#3810,1.);
#3810 = DIRECTION('',(0.,1.,0.));
#3811 = PCURVE('',#627,#3812);
#3812 = DEFINITIONAL_REPRESENTATION('',(#3813),#3817);
#3813 = LINE('',#3814,#3815);
#3814 = CARTESIAN_POINT('',(139.5,57.85));
#3815 = VECTOR('',#3816,1.);
#3816 = DIRECTION('',(0.,1.));
#3817 = ( GEOMETRIC_REPRESENTATION_CONTEXT(2) 
PARAMETRIC_REPRESENTATION_CONTEXT() REPRESENTATION_CONTEXT('2D SPACE',''
  ) );
#3818 = PCURVE('',#3819,#3824);
#3819 = PLANE('',#3820);
#3820 = AXIS2_PLACEMENT_3D('',#3821,#3822,#3823);
#3821 = CARTESIAN_POINT('',(49.,118.2,54.6));
#3822 = DIRECTION('',(1.,0.,0.));
#3823 = DIRECTION('',(0.,0.,1.));
#3824 = DEFINITIONAL_REPRESENTATION('',(#3825),#3828);
#3825 = B_SPLINE_CURVE_WITH_KNOTS('',1,(#3826,#3827),.UNSPECIFIED.,.F.,
  .F.,(2,2),(57.85,69.85),.PIECEWISE_BEZIER_KNOTS.);
#3826 = CARTESIAN_POINT('',(0.2,0.));
#3827 = CARTESIAN_POINT('',(0.2,-12.));
#3828 = ( GEOMETRIC_REPRESENTATION_CONTEXT(2) 
PARAMETRIC_REPRESENTATION_CONTEXT() REPRESENTATION_CONTEXT('2D SPACE',''
  ) );
#3829 = ORIENTED_EDGE('',*,*,#3830,.F.);
#3830 = EDGE_CURVE('',#3831,#3804,#3833,.T.);
#3831 = VERTEX_POINT('',#3832);
#3832 = CARTESIAN_POINT('',(61.,130.2,54.8));
#3833 = SURFACE_CURVE('',#3834,(#3838,#3845),.PCURVE_S1.);
#3834 = LINE('',#3835,#3836);
#3835 = CARTESIAN_POINT('',(-20.75,130.2,54.8));
#3836 = VECTOR('',#3837,1.);
#3837 = DIRECTION('',(-1.,0.,0.));
#3838 = PCURVE('',#627,#3839);
#3839 = DEFINITIONAL_REPRESENTATION('',(#3840),#3844);
#3840 = LINE('',#3841,#3842);
#3841 = CARTESIAN_POINT('',(69.75,127.7));
#3842 = VECTOR('',#3843,1.);
#3843 = DIRECTION('',(-1.,0.));
#3844 = ( GEOMETRIC_REPRESENTATION_CONTEXT(2) 
PARAMETRIC_REPRESENTATION_CONTEXT() REPRESENTATION_CONTEXT('2D SPACE',''
  ) );
#3845 = PCURVE('',#3846,#3851);
#3846 = PLANE('',#3847);
#3847 = AXIS2_PLACEMENT_3D('',#3848,#3849,#3850);
#3848 = CARTESIAN_POINT('',(49.,130.2,54.6));
#3849 = DIRECTION('',(0.,1.,0.));
#3850 = DIRECTION('',(0.,0.,1.));
#3851 = DEFINITIONAL_REPRESENTATION('',(#3852),#3855);
#3852 = B_SPLINE_CURVE_WITH_KNOTS('',1,(#3853,#3854),.UNSPECIFIED.,.F.,
  .F.,(2,2),(-81.75,-69.75),.PIECEWISE_BEZIER_KNOTS.);
#3853 = CARTESIAN_POINT('',(0.2,12.));
#3854 = CARTESIAN_POINT('',(0.2,0.));
#3855 = ( GEOMETRIC_REPRESENTATION_CONTEXT(2) 
PARAMETRIC_REPRESENTATION_CONTEXT() REPRESENTATION_CONTEXT('2D SPACE',''
  ) );
#3856 = ORIENTED_EDGE('',*,*,#3857,.F.);
#3857 = EDGE_CURVE('',#3775,#3831,#3858,.T.);
#3858 = SURFACE_CURVE('',#3859,(#3863,#3870),.PCURVE_S1.);
#3859 = LINE('',#3860,#3861);
#3860 = CARTESIAN_POINT('',(61.,60.35,54.8));
#3861 = VECTOR('',#3862,1.);
#3862 = DIRECTION('',(0.,1.,0.));
#3863 = PCURVE('',#627,#3864);
#3864 = DEFINITIONAL_REPRESENTATION('',(#3865),#3869);
#3865 = LINE('',#3866,#3867);
#3866 = CARTESIAN_POINT('',(151.5,57.85));
#3867 = VECTOR('',#3868,1.);
#3868 = DIRECTION('',(0.,1.));
#3869 = ( GEOMETRIC_REPRESENTATION_CONTEXT(2) 
PARAMETRIC_REPRESENTATION_CONTEXT() REPRESENTATION_CONTEXT('2D SPACE',''
  ) );
#3870 = PCURVE('',#3871,#3876);
#3871 = PLANE('',#3872);
#3872 = AXIS2_PLACEMENT_3D('',#3873,#3874,#3875);
#3873 = CARTESIAN_POINT('',(61.,118.2,54.6));
#3874 = DIRECTION('',(1.,0.,0.));
#3875 = DIRECTION('',(0.,0.,1.));
#3876 = DEFINITIONAL_REPRESENTATION('',(#3877),#3880);
#3877 = B_SPLINE_CURVE_WITH_KNOTS('',1,(#3878,#3879),.UNSPECIFIED.,.F.,
  .F.,(2,2),(57.85,69.85),.PIECEWISE_BEZIER_KNOTS.);
#3878 = CARTESIAN_POINT('',(0.2,0.));
#3879 = CARTESIAN_POINT('',(0.2,-12.));
#3880 = ( GEOMETRIC_REPRESENTATION_CONTEXT(2) 
PARAMETRIC_REPRESENTATION_CONTEXT() REPRESENTATION_CONTEXT('2D SPACE',''
  ) );
#3881 = FACE_BOUND('',#3882,.F.);
#3882 = EDGE_LOOP('',(#3883,#3913,#3940,#3967,#3994,#4021));
#3883 = ORIENTED_EDGE('',*,*,#3884,.F.);
#3884 = EDGE_CURVE('',#3885,#3887,#3889,.T.);
#3885 = VERTEX_POINT('',#3886);
#3886 = CARTESIAN_POINT('',(85.,129.6,54.8));
#3887 = VERTEX_POINT('',#3888);
#3888 = CARTESIAN_POINT('',(85.,141.2,54.8));
#3889 = SURFACE_CURVE('',#3890,(#3894,#3901),.PCURVE_S1.);
#3890 = LINE('',#3891,#3892);
#3891 = CARTESIAN_POINT('',(85.,129.6,54.8));
#3892 = VECTOR('',#3893,1.);
#3893 = DIRECTION('',(0.,1.,0.));
#3894 = PCURVE('',#627,#3895);
#3895 = DEFINITIONAL_REPRESENTATION('',(#3896),#3900);
#3896 = LINE('',#3897,#3898);
#3897 = CARTESIAN_POINT('',(175.5,127.1));
#3898 = VECTOR('',#3899,1.);
#3899 = DIRECTION('',(0.,1.));
#3900 = ( GEOMETRIC_REPRESENTATION_CONTEXT(2) 
PARAMETRIC_REPRESENTATION_CONTEXT() REPRESENTATION_CONTEXT('2D SPACE',''
  ) );
#3901 = PCURVE('',#3902,#3907);
#3902 = PLANE('',#3903);
#3903 = AXIS2_PLACEMENT_3D('',#3904,#3905,#3906);
#3904 = CARTESIAN_POINT('',(85.,129.6,40.2));
#3905 = DIRECTION('',(1.,0.,0.));
#3906 = DIRECTION('',(0.,0.,1.));
#3907 = DEFINITIONAL_REPRESENTATION('',(#3908),#3912);
#3908 = LINE('',#3909,#3910);
#3909 = CARTESIAN_POINT('',(14.6,0.));
#3910 = VECTOR('',#3911,1.);
#3911 = DIRECTION('',(0.,-1.));
#3912 = ( GEOMETRIC_REPRESENTATION_CONTEXT(2) 
PARAMETRIC_REPRESENTATION_CONTEXT() REPRESENTATION_CONTEXT('2D SPACE',''
  ) );
#3913 = ORIENTED_EDGE('',*,*,#3914,.T.);
#3914 = EDGE_CURVE('',#3885,#3915,#3917,.T.);
#3915 = VERTEX_POINT('',#3916);
#3916 = CARTESIAN_POINT('',(83.4,129.6,54.8));
#3917 = SURFACE_CURVE('',#3918,(#3922,#3929),.PCURVE_S1.);
#3918 = LINE('',#3919,#3920);
#3919 = CARTESIAN_POINT('',(-3.55,129.6,54.8));
#3920 = VECTOR('',#3921,1.);
#3921 = DIRECTION('',(-1.,0.,0.));
#3922 = PCURVE('',#627,#3923);
#3923 = DEFINITIONAL_REPRESENTATION('',(#3924),#3928);
#3924 = LINE('',#3925,#3926);
#3925 = CARTESIAN_POINT('',(86.95,127.1));
#3926 = VECTOR('',#3927,1.);
#3927 = DIRECTION('',(-1.,0.));
#3928 = ( GEOMETRIC_REPRESENTATION_CONTEXT(2) 
PARAMETRIC_REPRESENTATION_CONTEXT() REPRESENTATION_CONTEXT('2D SPACE',''
  ) );
#3929 = PCURVE('',#3930,#3935);
#3930 = PLANE('',#3931);
#3931 = AXIS2_PLACEMENT_3D('',#3932,#3933,#3934);
#3932 = CARTESIAN_POINT('',(83.4,129.6,40.2));
#3933 = DIRECTION('',(0.,1.,0.));
#3934 = DIRECTION('',(0.,0.,1.));
#3935 = DEFINITIONAL_REPRESENTATION('',(#3936),#3939);
#3936 = B_SPLINE_CURVE_WITH_KNOTS('',1,(#3937,#3938),.UNSPECIFIED.,.F.,
  .F.,(2,2),(-88.55,-86.95),.PIECEWISE_BEZIER_KNOTS.);
#3937 = CARTESIAN_POINT('',(14.6,1.6));
#3938 = CARTESIAN_POINT('',(14.6,0.));
#3939 = ( GEOMETRIC_REPRESENTATION_CONTEXT(2) 
PARAMETRIC_REPRESENTATION_CONTEXT() REPRESENTATION_CONTEXT('2D SPACE',''
  ) );
#3940 = ORIENTED_EDGE('',*,*,#3941,.T.);
#3941 = EDGE_CURVE('',#3915,#3942,#3944,.T.);
#3942 = VERTEX_POINT('',#3943);
#3943 = CARTESIAN_POINT('',(83.4,139.6,54.8));
#3944 = SURFACE_CURVE('',#3945,(#3949,#3956),.PCURVE_S1.);
#3945 = LINE('',#3946,#3947);
#3946 = CARTESIAN_POINT('',(83.4,66.05,54.8));
#3947 = VECTOR('',#3948,1.);
#3948 = DIRECTION('',(0.,1.,0.));
#3949 = PCURVE('',#627,#3950);
#3950 = DEFINITIONAL_REPRESENTATION('',(#3951),#3955);
#3951 = LINE('',#3952,#3953);
#3952 = CARTESIAN_POINT('',(173.9,63.55));
#3953 = VECTOR('',#3954,1.);
#3954 = DIRECTION('',(0.,1.));
#3955 = ( GEOMETRIC_REPRESENTATION_CONTEXT(2) 
PARAMETRIC_REPRESENTATION_CONTEXT() REPRESENTATION_CONTEXT('2D SPACE',''
  ) );
#3956 = PCURVE('',#3957,#3962);
#3957 = PLANE('',#3958);
#3958 = AXIS2_PLACEMENT_3D('',#3959,#3960,#3961);
#3959 = CARTESIAN_POINT('',(83.4,129.6,40.2));
#3960 = DIRECTION('',(1.,0.,0.));
#3961 = DIRECTION('',(0.,0.,1.));
#3962 = DEFINITIONAL_REPRESENTATION('',(#3963),#3966);
#3963 = B_SPLINE_CURVE_WITH_KNOTS('',1,(#3964,#3965),.UNSPECIFIED.,.F.,
  .F.,(2,2),(63.55,75.15),.PIECEWISE_BEZIER_KNOTS.);
#3964 = CARTESIAN_POINT('',(14.6,0.));
#3965 = CARTESIAN_POINT('',(14.6,-11.6));
#3966 = ( GEOMETRIC_REPRESENTATION_CONTEXT(2) 
PARAMETRIC_REPRESENTATION_CONTEXT() REPRESENTATION_CONTEXT('2D SPACE',''
  ) );
#3967 = ORIENTED_EDGE('',*,*,#3968,.T.);
#3968 = EDGE_CURVE('',#3942,#3969,#3971,.T.);
#3969 = VERTEX_POINT('',#3970);
#3970 = CARTESIAN_POINT('',(73.4,139.6,54.8));
#3971 = SURFACE_CURVE('',#3972,(#3976,#3983),.PCURVE_S1.);
#3972 = LINE('',#3973,#3974);
#3973 = CARTESIAN_POINT('',(-8.55,139.6,54.8));
#3974 = VECTOR('',#3975,1.);
#3975 = DIRECTION('',(-1.,0.,0.));
#3976 = PCURVE('',#627,#3977);
#3977 = DEFINITIONAL_REPRESENTATION('',(#3978),#3982);
#3978 = LINE('',#3979,#3980);
#3979 = CARTESIAN_POINT('',(81.95,137.1));
#3980 = VECTOR('',#3981,1.);
#3981 = DIRECTION('',(-1.,0.));
#3982 = ( GEOMETRIC_REPRESENTATION_CONTEXT(2) 
PARAMETRIC_REPRESENTATION_CONTEXT() REPRESENTATION_CONTEXT('2D SPACE',''
  ) );
#3983 = PCURVE('',#3984,#3989);
#3984 = PLANE('',#3985);
#3985 = AXIS2_PLACEMENT_3D('',#3986,#3987,#3988);
#3986 = CARTESIAN_POINT('',(73.4,139.6,40.2));
#3987 = DIRECTION('',(0.,1.,0.));
#3988 = DIRECTION('',(0.,0.,1.));
#3989 = DEFINITIONAL_REPRESENTATION('',(#3990),#3993);
#3990 = B_SPLINE_CURVE_WITH_KNOTS('',1,(#3991,#3992),.UNSPECIFIED.,.F.,
  .F.,(2,2),(-93.55,-81.95),.PIECEWISE_BEZIER_KNOTS.);
#3991 = CARTESIAN_POINT('',(14.6,11.6));
#3992 = CARTESIAN_POINT('',(14.6,0.));
#3993 = ( GEOMETRIC_REPRESENTATION_CONTEXT(2) 
PARAMETRIC_REPRESENTATION_CONTEXT() REPRESENTATION_CONTEXT('2D SPACE',''
  ) );
#3994 = ORIENTED_EDGE('',*,*,#3995,.T.);
#3995 = EDGE_CURVE('',#3969,#3996,#3998,.T.);
#3996 = VERTEX_POINT('',#3997);
#3997 = CARTESIAN_POINT('',(73.4,141.2,54.8));
#3998 = SURFACE_CURVE('',#3999,(#4003,#4010),.PCURVE_S1.);
#3999 = LINE('',#4000,#4001);
#4000 = CARTESIAN_POINT('',(73.4,71.05,54.8));
#4001 = VECTOR('',#4002,1.);
#4002 = DIRECTION('',(0.,1.,0.));
#4003 = PCURVE('',#627,#4004);
#4004 = DEFINITIONAL_REPRESENTATION('',(#4005),#4009);
#4005 = LINE('',#4006,#4007);
#4006 = CARTESIAN_POINT('',(163.9,68.55));
#4007 = VECTOR('',#4008,1.);
#4008 = DIRECTION('',(0.,1.));
#4009 = ( GEOMETRIC_REPRESENTATION_CONTEXT(2) 
PARAMETRIC_REPRESENTATION_CONTEXT() REPRESENTATION_CONTEXT('2D SPACE',''
  ) );
#4010 = PCURVE('',#4011,#4016);
#4011 = PLANE('',#4012);
#4012 = AXIS2_PLACEMENT_3D('',#4013,#4014,#4015);
#4013 = CARTESIAN_POINT('',(73.4,139.6,40.2));
#4014 = DIRECTION('',(1.,0.,0.));
#4015 = DIRECTION('',(0.,0.,1.));
#4016 = DEFINITIONAL_REPRESENTATION('',(#4017),#4020);
#4017 = B_SPLINE_CURVE_WITH_KNOTS('',1,(#4018,#4019),.UNSPECIFIED.,.F.,
  .F.,(2,2),(68.55,70.15),.PIECEWISE_BEZIER_KNOTS.);
#4018 = CARTESIAN_POINT('',(14.6,0.));
#4019 = CARTESIAN_POINT('',(14.6,-1.6));
#4020 = ( GEOMETRIC_REPRESENTATION_CONTEXT(2) 
PARAMETRIC_REPRESENTATION_CONTEXT() REPRESENTATION_CONTEXT('2D SPACE',''
  ) );
#4021 = ORIENTED_EDGE('',*,*,#4022,.F.);
#4022 = EDGE_CURVE('',#3887,#3996,#4023,.T.);
#4023 = SURFACE_CURVE('',#4024,(#4028,#4035),.PCURVE_S1.);
#4024 = LINE('',#4025,#4026);
#4025 = CARTESIAN_POINT('',(85.,141.2,54.8));
#4026 = VECTOR('',#4027,1.);
#4027 = DIRECTION('',(-1.,0.,0.));
#4028 = PCURVE('',#627,#4029);
#4029 = DEFINITIONAL_REPRESENTATION('',(#4030),#4034);
#4030 = LINE('',#4031,#4032);
#4031 = CARTESIAN_POINT('',(175.5,138.7));
#4032 = VECTOR('',#4033,1.);
#4033 = DIRECTION('',(-1.,0.));
#4034 = ( GEOMETRIC_REPRESENTATION_CONTEXT(2) 
PARAMETRIC_REPRESENTATION_CONTEXT() REPRESENTATION_CONTEXT('2D SPACE',''
  ) );
#4035 = PCURVE('',#4036,#4041);
#4036 = PLANE('',#4037);
#4037 = AXIS2_PLACEMENT_3D('',#4038,#4039,#4040);
#4038 = CARTESIAN_POINT('',(83.4,141.2,40.2));
#4039 = DIRECTION('',(0.,1.,0.));
#4040 = DIRECTION('',(0.,0.,1.));
#4041 = DEFINITIONAL_REPRESENTATION('',(#4042),#4046);
#4042 = LINE('',#4043,#4044);
#4043 = CARTESIAN_POINT('',(14.6,1.6));
#4044 = VECTOR('',#4045,1.);
#4045 = DIRECTION('',(0.,-1.));
#4046 = ( GEOMETRIC_REPRESENTATION_CONTEXT(2) 
PARAMETRIC_REPRESENTATION_CONTEXT() REPRESENTATION_CONTEXT('2D SPACE',''
  ) );
#4047 = FACE_BOUND('',#4048,.F.);
#4048 = EDGE_LOOP('',(#4049));
#4049 = ORIENTED_EDGE('',*,*,#4050,.T.);
#4050 = EDGE_CURVE('',#2527,#4051,#4053,.T.);
#4051 = VERTEX_POINT('',#4052);
#4052 = CARTESIAN_POINT('',(90.5,145.6,54.8));
#4053 = SURFACE_CURVE('',#4054,(#4059,#4070),.PCURVE_S1.);
#4054 = CIRCLE('',#4055,3.);
#4055 = AXIS2_PLACEMENT_3D('',#4056,#4057,#4058);
#4056 = CARTESIAN_POINT('',(87.5,145.6,54.8));
#4057 = DIRECTION('',(0.,0.,-1.));
#4058 = DIRECTION('',(1.,0.,0.));
#4059 = PCURVE('',#627,#4060);
#4060 = DEFINITIONAL_REPRESENTATION('',(#4061),#4069);
#4061 = ( BOUNDED_CURVE() B_SPLINE_CURVE(2,(#4062,#4063,#4064,#4065,
#4066,#4067,#4068),.UNSPECIFIED.,.T.,.F.) B_SPLINE_CURVE_WITH_KNOTS((1,2
    ,2,2,2,1),(-2.094395102393,0.,2.094395102393,4.188790204786,
6.28318530718,8.377580409573),.UNSPECIFIED.) CURVE() 
GEOMETRIC_REPRESENTATION_ITEM() RATIONAL_B_SPLINE_CURVE((1.,0.5,1.,0.5,
1.,0.5,1.)) REPRESENTATION_ITEM('') );
#4062 = CARTESIAN_POINT('',(181.,143.1));
#4063 = CARTESIAN_POINT('',(181.,137.90384757729));
#4064 = CARTESIAN_POINT('',(176.5,140.50192378864));
#4065 = CARTESIAN_POINT('',(172.,143.1));
#4066 = CARTESIAN_POINT('',(176.5,145.69807621135));
#4067 = CARTESIAN_POINT('',(181.,148.2961524227));
#4068 = CARTESIAN_POINT('',(181.,143.1));
#4069 = ( GEOMETRIC_REPRESENTATION_CONTEXT(2) 
PARAMETRIC_REPRESENTATION_CONTEXT() REPRESENTATION_CONTEXT('2D SPACE',''
  ) );
#4070 = PCURVE('',#4071,#4076);
#4071 = CYLINDRICAL_SURFACE('',#4072,3.);
#4072 = AXIS2_PLACEMENT_3D('',#4073,#4074,#4075);
#4073 = CARTESIAN_POINT('',(87.5,145.6,40.2));
#4074 = DIRECTION('',(-0.,-0.,-1.));
#4075 = DIRECTION('',(1.,0.,0.));
#4076 = DEFINITIONAL_REPRESENTATION('',(#4077),#4081);
#4077 = LINE('',#4078,#4079);
#4078 = CARTESIAN_POINT('',(-6.28318530718,-14.6));
#4079 = VECTOR('',#4080,1.);
#4080 = DIRECTION('',(1.,-0.));
#4081 = ( GEOMETRIC_REPRESENTATION_CONTEXT(2) 
PARAMETRIC_REPRESENTATION_CONTEXT() REPRESENTATION_CONTEXT('2D SPACE',''
  ) );
#4082 = ADVANCED_FACE('',(#4083),#713,.T.);
#4083 = FACE_BOUND('',#4084,.F.);
#4084 = EDGE_LOOP('',(#4085,#4086,#4105,#4106));
#4085 = ORIENTED_EDGE('',*,*,#2778,.T.);
#4086 = ORIENTED_EDGE('',*,*,#4087,.T.);
#4087 = EDGE_CURVE('',#2756,#691,#4088,.T.);
#4088 = SURFACE_CURVE('',#4089,(#4093,#4099),.PCURVE_S1.);
#4089 = LINE('',#4090,#4091);
#4090 = CARTESIAN_POINT('',(-90.5,4.6,40.2));
#4091 = VECTOR('',#4092,1.);
#4092 = DIRECTION('',(-0.,-0.,-1.));
#4093 = PCURVE('',#713,#4094);
#4094 = DEFINITIONAL_REPRESENTATION('',(#4095),#4098);
#4095 = B_SPLINE_CURVE_WITH_KNOTS('',1,(#4096,#4097),.UNSPECIFIED.,.F.,
  .F.,(2,2),(-14.6,0.),.PIECEWISE_BEZIER_KNOTS.);
#4096 = CARTESIAN_POINT('',(-9.424777960769,-14.6));
#4097 = CARTESIAN_POINT('',(-9.424777960769,0.));
#4098 = ( GEOMETRIC_REPRESENTATION_CONTEXT(2) 
PARAMETRIC_REPRESENTATION_CONTEXT() REPRESENTATION_CONTEXT('2D SPACE',''
  ) );
#4099 = PCURVE('',#741,#4100);
#4100 = DEFINITIONAL_REPRESENTATION('',(#4101),#4104);
#4101 = B_SPLINE_CURVE_WITH_KNOTS('',1,(#4102,#4103),.UNSPECIFIED.,.F.,
  .F.,(2,2),(-14.6100006,5.999999999062E-07),.PIECEWISE_BEZIER_KNOTS.);
#4102 = CARTESIAN_POINT('',(15.6100006,-2.1));
#4103 = CARTESIAN_POINT('',(0.9999994,-2.1));
#4104 = ( GEOMETRIC_REPRESENTATION_CONTEXT(2) 
PARAMETRIC_REPRESENTATION_CONTEXT() REPRESENTATION_CONTEXT('2D SPACE',''
  ) );
#4105 = ORIENTED_EDGE('',*,*,#690,.T.);
#4106 = ORIENTED_EDGE('',*,*,#4107,.F.);
#4107 = EDGE_CURVE('',#2779,#693,#4108,.T.);
#4108 = SURFACE_CURVE('',#4109,(#4113,#4119),.PCURVE_S1.);
#4109 = LINE('',#4110,#4111);
#4110 = CARTESIAN_POINT('',(-85.35757147143,2.5,40.2));
#4111 = VECTOR('',#4112,1.);
#4112 = DIRECTION('',(-0.,-0.,-1.));
#4113 = PCURVE('',#713,#4114);
#4114 = DEFINITIONAL_REPRESENTATION('',(#4115),#4118);
#4115 = B_SPLINE_CURVE_WITH_KNOTS('',1,(#4116,#4117),.UNSPECIFIED.,.F.,
  .F.,(2,2),(-14.6,0.),.PIECEWISE_BEZIER_KNOTS.);
#4116 = CARTESIAN_POINT('',(-5.507787810569,-14.6));
#4117 = CARTESIAN_POINT('',(-5.507787810569,0.));
#4118 = ( GEOMETRIC_REPRESENTATION_CONTEXT(2) 
PARAMETRIC_REPRESENTATION_CONTEXT() REPRESENTATION_CONTEXT('2D SPACE',''
  ) );
#4119 = PCURVE('',#985,#4120);
#4120 = DEFINITIONAL_REPRESENTATION('',(#4121),#4124);
#4121 = B_SPLINE_CURVE_WITH_KNOTS('',1,(#4122,#4123),.UNSPECIFIED.,.F.,
  .F.,(2,2),(-14.6100006,5.999999999062E-07),.PIECEWISE_BEZIER_KNOTS.);
#4122 = CARTESIAN_POINT('',(15.6100006,5.142428528563));
#4123 = CARTESIAN_POINT('',(0.9999994,5.142428528563));
#4124 = ( GEOMETRIC_REPRESENTATION_CONTEXT(2) 
PARAMETRIC_REPRESENTATION_CONTEXT() REPRESENTATION_CONTEXT('2D SPACE',''
  ) );
#4125 = ADVANCED_FACE('',(#4126),#985,.T.);
#4126 = FACE_BOUND('',#4127,.T.);
#4127 = EDGE_LOOP('',(#4128,#4147,#4148,#4149));
#4128 = ORIENTED_EDGE('',*,*,#4129,.T.);
#4129 = EDGE_CURVE('',#2803,#943,#4130,.T.);
#4130 = SURFACE_CURVE('',#4131,(#4135,#4141),.PCURVE_S1.);
#4131 = LINE('',#4132,#4133);
#4132 = CARTESIAN_POINT('',(85.357571471437,2.5,40.2));
#4133 = VECTOR('',#4134,1.);
#4134 = DIRECTION('',(-0.,-0.,-1.));
#4135 = PCURVE('',#985,#4136);
#4136 = DEFINITIONAL_REPRESENTATION('',(#4137),#4140);
#4137 = B_SPLINE_CURVE_WITH_KNOTS('',1,(#4138,#4139),.UNSPECIFIED.,.F.,
  .F.,(2,2),(-14.6100006,5.999999999062E-07),.PIECEWISE_BEZIER_KNOTS.);
#4138 = CARTESIAN_POINT('',(15.6100006,175.85757147143));
#4139 = CARTESIAN_POINT('',(0.9999994,175.85757147143));
#4140 = ( GEOMETRIC_REPRESENTATION_CONTEXT(2) 
PARAMETRIC_REPRESENTATION_CONTEXT() REPRESENTATION_CONTEXT('2D SPACE',''
  ) );
#4141 = PCURVE('',#959,#4142);
#4142 = DEFINITIONAL_REPRESENTATION('',(#4143),#4146);
#4143 = B_SPLINE_CURVE_WITH_KNOTS('',1,(#4144,#4145),.UNSPECIFIED.,.F.,
  .F.,(2,2),(-14.6100006,5.999999999062E-07),.PIECEWISE_BEZIER_KNOTS.);
#4144 = CARTESIAN_POINT('',(-3.916990150201,-14.6100006));
#4145 = CARTESIAN_POINT('',(-3.916990150201,5.999999999062E-07));
#4146 = ( GEOMETRIC_REPRESENTATION_CONTEXT(2) 
PARAMETRIC_REPRESENTATION_CONTEXT() REPRESENTATION_CONTEXT('2D SPACE',''
  ) );
#4147 = ORIENTED_EDGE('',*,*,#971,.T.);
#4148 = ORIENTED_EDGE('',*,*,#4107,.F.);
#4149 = ORIENTED_EDGE('',*,*,#2802,.T.);
#4150 = ADVANCED_FACE('',(#4151),#959,.T.);
#4151 = FACE_BOUND('',#4152,.F.);
#4152 = EDGE_LOOP('',(#4153,#4154,#4175,#4176));
#4153 = ORIENTED_EDGE('',*,*,#942,.F.);
#4154 = ORIENTED_EDGE('',*,*,#4155,.T.);
#4155 = EDGE_CURVE('',#916,#2826,#4156,.T.);
#4156 = SURFACE_CURVE('',#4157,(#4161,#4168),.PCURVE_S1.);
#4157 = LINE('',#4158,#4159);
#4158 = CARTESIAN_POINT('',(90.5,4.6,40.2));
#4159 = VECTOR('',#4160,1.);
#4160 = DIRECTION('',(0.,0.,1.));
#4161 = PCURVE('',#959,#4162);
#4162 = DEFINITIONAL_REPRESENTATION('',(#4163),#4167);
#4163 = LINE('',#4164,#4165);
#4164 = CARTESIAN_POINT('',(-0.,0.));
#4165 = VECTOR('',#4166,1.);
#4166 = DIRECTION('',(-0.,-1.));
#4167 = ( GEOMETRIC_REPRESENTATION_CONTEXT(2) 
PARAMETRIC_REPRESENTATION_CONTEXT() REPRESENTATION_CONTEXT('2D SPACE',''
  ) );
#4168 = PCURVE('',#931,#4169);
#4169 = DEFINITIONAL_REPRESENTATION('',(#4170),#4174);
#4170 = LINE('',#4171,#4172);
#4171 = CARTESIAN_POINT('',(1.,-2.1));
#4172 = VECTOR('',#4173,1.);
#4173 = DIRECTION('',(1.,0.));
#4174 = ( GEOMETRIC_REPRESENTATION_CONTEXT(2) 
PARAMETRIC_REPRESENTATION_CONTEXT() REPRESENTATION_CONTEXT('2D SPACE',''
  ) );
#4175 = ORIENTED_EDGE('',*,*,#2825,.F.);
#4176 = ORIENTED_EDGE('',*,*,#4129,.T.);
#4177 = ADVANCED_FACE('',(#4178),#931,.F.);
#4178 = FACE_BOUND('',#4179,.F.);
#4179 = EDGE_LOOP('',(#4180,#4181,#4182,#4203));
#4180 = ORIENTED_EDGE('',*,*,#4155,.F.);
#4181 = ORIENTED_EDGE('',*,*,#915,.T.);
#4182 = ORIENTED_EDGE('',*,*,#4183,.T.);
#4183 = EDGE_CURVE('',#889,#2527,#4184,.T.);
#4184 = SURFACE_CURVE('',#4185,(#4189,#4196),.PCURVE_S1.);
#4185 = LINE('',#4186,#4187);
#4186 = CARTESIAN_POINT('',(90.5,145.6,40.2));
#4187 = VECTOR('',#4188,1.);
#4188 = DIRECTION('',(0.,0.,1.));
#4189 = PCURVE('',#931,#4190);
#4190 = DEFINITIONAL_REPRESENTATION('',(#4191),#4195);
#4191 = LINE('',#4192,#4193);
#4192 = CARTESIAN_POINT('',(1.,-143.1));
#4193 = VECTOR('',#4194,1.);
#4194 = DIRECTION('',(1.,0.));
#4195 = ( GEOMETRIC_REPRESENTATION_CONTEXT(2) 
PARAMETRIC_REPRESENTATION_CONTEXT() REPRESENTATION_CONTEXT('2D SPACE',''
  ) );
#4196 = PCURVE('',#904,#4197);
#4197 = DEFINITIONAL_REPRESENTATION('',(#4198),#4202);
#4198 = LINE('',#4199,#4200);
#4199 = CARTESIAN_POINT('',(1.,-143.1));
#4200 = VECTOR('',#4201,1.);
#4201 = DIRECTION('',(1.,0.));
#4202 = ( GEOMETRIC_REPRESENTATION_CONTEXT(2) 
PARAMETRIC_REPRESENTATION_CONTEXT() REPRESENTATION_CONTEXT('2D SPACE',''
  ) );
#4203 = ORIENTED_EDGE('',*,*,#2853,.F.);
#4204 = ADVANCED_FACE('',(#4205),#904,.F.);
#4205 = FACE_BOUND('',#4206,.F.);
#4206 = EDGE_LOOP('',(#4207,#4208,#4209,#4210));
#4207 = ORIENTED_EDGE('',*,*,#4183,.F.);
#4208 = ORIENTED_EDGE('',*,*,#888,.T.);
#4209 = ORIENTED_EDGE('',*,*,#2372,.F.);
#4210 = ORIENTED_EDGE('',*,*,#2526,.F.);
#4211 = ADVANCED_FACE('',(#4212),#741,.T.);
#4212 = FACE_BOUND('',#4213,.T.);
#4213 = EDGE_LOOP('',(#4214,#4215,#4216,#4217));
#4214 = ORIENTED_EDGE('',*,*,#2755,.F.);
#4215 = ORIENTED_EDGE('',*,*,#4087,.T.);
#4216 = ORIENTED_EDGE('',*,*,#725,.T.);
#4217 = ORIENTED_EDGE('',*,*,#2502,.F.);
#4218 = ADVANCED_FACE('',(#4219),#1016,.T.);
#4219 = FACE_BOUND('',#4220,.T.);
#4220 = EDGE_LOOP('',(#4221,#4244,#4245,#4246));
#4221 = ORIENTED_EDGE('',*,*,#4222,.F.);
#4222 = EDGE_CURVE('',#999,#4223,#4225,.T.);
#4223 = VERTEX_POINT('',#4224);
#4224 = CARTESIAN_POINT('',(-90.5,2.5,54.8));
#4225 = SURFACE_CURVE('',#4226,(#4230,#4237),.PCURVE_S1.);
#4226 = LINE('',#4227,#4228);
#4227 = CARTESIAN_POINT('',(-90.5,2.5,39.2));
#4228 = VECTOR('',#4229,1.);
#4229 = DIRECTION('',(0.,0.,1.));
#4230 = PCURVE('',#1016,#4231);
#4231 = DEFINITIONAL_REPRESENTATION('',(#4232),#4236);
#4232 = LINE('',#4233,#4234);
#4233 = CARTESIAN_POINT('',(0.,0.));
#4234 = VECTOR('',#4235,1.);
#4235 = DIRECTION('',(1.,0.));
#4236 = ( GEOMETRIC_REPRESENTATION_CONTEXT(2) 
PARAMETRIC_REPRESENTATION_CONTEXT() REPRESENTATION_CONTEXT('2D SPACE',''
  ) );
#4237 = PCURVE('',#1070,#4238);
#4238 = DEFINITIONAL_REPRESENTATION('',(#4239),#4243);
#4239 = LINE('',#4240,#4241);
#4240 = CARTESIAN_POINT('',(0.,0.));
#4241 = VECTOR('',#4242,1.);
#4242 = DIRECTION('',(1.,0.));
#4243 = ( GEOMETRIC_REPRESENTATION_CONTEXT(2) 
PARAMETRIC_REPRESENTATION_CONTEXT() REPRESENTATION_CONTEXT('2D SPACE',''
  ) );
#4244 = ORIENTED_EDGE('',*,*,#998,.T.);
#4245 = ORIENTED_EDGE('',*,*,#4087,.F.);
#4246 = ORIENTED_EDGE('',*,*,#4247,.F.);
#4247 = EDGE_CURVE('',#4223,#2756,#4248,.T.);
#4248 = SURFACE_CURVE('',#4249,(#4253,#4260),.PCURVE_S1.);
#4249 = LINE('',#4250,#4251);
#4250 = CARTESIAN_POINT('',(-90.5,2.5,54.8));
#4251 = VECTOR('',#4252,1.);
#4252 = DIRECTION('',(0.,1.,0.));
#4253 = PCURVE('',#1016,#4254);
#4254 = DEFINITIONAL_REPRESENTATION('',(#4255),#4259);
#4255 = LINE('',#4256,#4257);
#4256 = CARTESIAN_POINT('',(15.6,0.));
#4257 = VECTOR('',#4258,1.);
#4258 = DIRECTION('',(0.,-1.));
#4259 = ( GEOMETRIC_REPRESENTATION_CONTEXT(2) 
PARAMETRIC_REPRESENTATION_CONTEXT() REPRESENTATION_CONTEXT('2D SPACE',''
  ) );
#4260 = PCURVE('',#4261,#4266);
#4261 = PLANE('',#4262);
#4262 = AXIS2_PLACEMENT_3D('',#4263,#4264,#4265);
#4263 = CARTESIAN_POINT('',(-90.5,2.5,54.8));
#4264 = DIRECTION('',(0.,0.,1.));
#4265 = DIRECTION('',(1.,0.,0.));
#4266 = DEFINITIONAL_REPRESENTATION('',(#4267),#4271);
#4267 = LINE('',#4268,#4269);
#4268 = CARTESIAN_POINT('',(0.,0.));
#4269 = VECTOR('',#4270,1.);
#4270 = DIRECTION('',(0.,1.));
#4271 = ( GEOMETRIC_REPRESENTATION_CONTEXT(2) 
PARAMETRIC_REPRESENTATION_CONTEXT() REPRESENTATION_CONTEXT('2D SPACE',''
  ) );
#4272 = ADVANCED_FACE('',(#4273),#1070,.T.);
#4273 = FACE_BOUND('',#4274,.T.);
#4274 = EDGE_LOOP('',(#4275,#4296,#4297,#4298));
#4275 = ORIENTED_EDGE('',*,*,#4276,.T.);
#4276 = EDGE_CURVE('',#4277,#1028,#4279,.T.);
#4277 = VERTEX_POINT('',#4278);
#4278 = CARTESIAN_POINT('',(-89.64242852856,2.5,54.8));
#4279 = SURFACE_CURVE('',#4280,(#4284,#4290),.PCURVE_S1.);
#4280 = LINE('',#4281,#4282);
#4281 = CARTESIAN_POINT('',(-89.64242852856,2.5,40.2));
#4282 = VECTOR('',#4283,1.);
#4283 = DIRECTION('',(-0.,-0.,-1.));
#4284 = PCURVE('',#1070,#4285);
#4285 = DEFINITIONAL_REPRESENTATION('',(#4286),#4289);
#4286 = B_SPLINE_CURVE_WITH_KNOTS('',1,(#4287,#4288),.UNSPECIFIED.,.F.,
  .F.,(2,2),(-14.6100006,5.999999999062E-07),.PIECEWISE_BEZIER_KNOTS.);
#4287 = CARTESIAN_POINT('',(15.6100006,0.857571471437));
#4288 = CARTESIAN_POINT('',(0.9999994,0.857571471437));
#4289 = ( GEOMETRIC_REPRESENTATION_CONTEXT(2) 
PARAMETRIC_REPRESENTATION_CONTEXT() REPRESENTATION_CONTEXT('2D SPACE',''
  ) );
#4290 = PCURVE('',#1044,#4291);
#4291 = DEFINITIONAL_REPRESENTATION('',(#4292),#4295);
#4292 = B_SPLINE_CURVE_WITH_KNOTS('',1,(#4293,#4294),.UNSPECIFIED.,.F.,
  .F.,(2,2),(-14.6100006,5.999999999062E-07),.PIECEWISE_BEZIER_KNOTS.);
#4293 = CARTESIAN_POINT('',(-3.916990150201,-14.6100006));
#4294 = CARTESIAN_POINT('',(-3.916990150201,5.999999999062E-07));
#4295 = ( GEOMETRIC_REPRESENTATION_CONTEXT(2) 
PARAMETRIC_REPRESENTATION_CONTEXT() REPRESENTATION_CONTEXT('2D SPACE',''
  ) );
#4296 = ORIENTED_EDGE('',*,*,#1056,.T.);
#4297 = ORIENTED_EDGE('',*,*,#4222,.T.);
#4298 = ORIENTED_EDGE('',*,*,#4299,.T.);
#4299 = EDGE_CURVE('',#4223,#4277,#4300,.T.);
#4300 = SURFACE_CURVE('',#4301,(#4305,#4312),.PCURVE_S1.);
#4301 = LINE('',#4302,#4303);
#4302 = CARTESIAN_POINT('',(-90.5,2.5,54.8));
#4303 = VECTOR('',#4304,1.);
#4304 = DIRECTION('',(1.,0.,0.));
#4305 = PCURVE('',#1070,#4306);
#4306 = DEFINITIONAL_REPRESENTATION('',(#4307),#4311);
#4307 = LINE('',#4308,#4309);
#4308 = CARTESIAN_POINT('',(15.6,0.));
#4309 = VECTOR('',#4310,1.);
#4310 = DIRECTION('',(0.,1.));
#4311 = ( GEOMETRIC_REPRESENTATION_CONTEXT(2) 
PARAMETRIC_REPRESENTATION_CONTEXT() REPRESENTATION_CONTEXT('2D SPACE',''
  ) );
#4312 = PCURVE('',#4261,#4313);
#4313 = DEFINITIONAL_REPRESENTATION('',(#4314),#4318);
#4314 = LINE('',#4315,#4316);
#4315 = CARTESIAN_POINT('',(0.,0.));
#4316 = VECTOR('',#4317,1.);
#4317 = DIRECTION('',(1.,0.));
#4318 = ( GEOMETRIC_REPRESENTATION_CONTEXT(2) 
PARAMETRIC_REPRESENTATION_CONTEXT() REPRESENTATION_CONTEXT('2D SPACE',''
  ) );
#4319 = ADVANCED_FACE('',(#4320),#1044,.T.);
#4320 = FACE_BOUND('',#4321,.F.);
#4321 = EDGE_LOOP('',(#4322,#4323,#4324,#4350));
#4322 = ORIENTED_EDGE('',*,*,#1027,.F.);
#4323 = ORIENTED_EDGE('',*,*,#4087,.F.);
#4324 = ORIENTED_EDGE('',*,*,#4325,.F.);
#4325 = EDGE_CURVE('',#4277,#2756,#4326,.T.);
#4326 = SURFACE_CURVE('',#4327,(#4332,#4339),.PCURVE_S1.);
#4327 = CIRCLE('',#4328,3.);
#4328 = AXIS2_PLACEMENT_3D('',#4329,#4330,#4331);
#4329 = CARTESIAN_POINT('',(-87.5,4.6,54.8));
#4330 = DIRECTION('',(0.,0.,-1.));
#4331 = DIRECTION('',(1.,0.,0.));
#4332 = PCURVE('',#1044,#4333);
#4333 = DEFINITIONAL_REPRESENTATION('',(#4334),#4338);
#4334 = LINE('',#4335,#4336);
#4335 = CARTESIAN_POINT('',(-6.28318530718,-14.6));
#4336 = VECTOR('',#4337,1.);
#4337 = DIRECTION('',(1.,-0.));
#4338 = ( GEOMETRIC_REPRESENTATION_CONTEXT(2) 
PARAMETRIC_REPRESENTATION_CONTEXT() REPRESENTATION_CONTEXT('2D SPACE',''
  ) );
#4339 = PCURVE('',#4261,#4340);
#4340 = DEFINITIONAL_REPRESENTATION('',(#4341),#4349);
#4341 = ( BOUNDED_CURVE() B_SPLINE_CURVE(2,(#4342,#4343,#4344,#4345,
#4346,#4347,#4348),.UNSPECIFIED.,.T.,.F.) B_SPLINE_CURVE_WITH_KNOTS((1,2
    ,2,2,2,1),(-2.094395102393,0.,2.094395102393,4.188790204786,
6.28318530718,8.377580409573),.UNSPECIFIED.) CURVE() 
GEOMETRIC_REPRESENTATION_ITEM() RATIONAL_B_SPLINE_CURVE((1.,0.5,1.,0.5,
1.,0.5,1.)) REPRESENTATION_ITEM('') );
#4342 = CARTESIAN_POINT('',(6.,2.1));
#4343 = CARTESIAN_POINT('',(6.,-3.096152422707));
#4344 = CARTESIAN_POINT('',(1.5,-0.498076211353));
#4345 = CARTESIAN_POINT('',(-3.,2.1));
#4346 = CARTESIAN_POINT('',(1.5,4.698076211353));
#4347 = CARTESIAN_POINT('',(6.,7.296152422707));
#4348 = CARTESIAN_POINT('',(6.,2.1));
#4349 = ( GEOMETRIC_REPRESENTATION_CONTEXT(2) 
PARAMETRIC_REPRESENTATION_CONTEXT() REPRESENTATION_CONTEXT('2D SPACE',''
  ) );
#4350 = ORIENTED_EDGE('',*,*,#4276,.T.);
#4351 = ADVANCED_FACE('',(#4352),#1102,.T.);
#4352 = FACE_BOUND('',#4353,.F.);
#4353 = EDGE_LOOP('',(#4354,#4355,#4356,#4377));
#4354 = ORIENTED_EDGE('',*,*,#4155,.F.);
#4355 = ORIENTED_EDGE('',*,*,#1083,.F.);
#4356 = ORIENTED_EDGE('',*,*,#4357,.F.);
#4357 = EDGE_CURVE('',#4358,#1084,#4360,.T.);
#4358 = VERTEX_POINT('',#4359);
#4359 = CARTESIAN_POINT('',(89.642428528563,2.5,54.8));
#4360 = SURFACE_CURVE('',#4361,(#4365,#4371),.PCURVE_S1.);
#4361 = LINE('',#4362,#4363);
#4362 = CARTESIAN_POINT('',(89.642428528563,2.5,40.2));
#4363 = VECTOR('',#4364,1.);
#4364 = DIRECTION('',(-0.,-0.,-1.));
#4365 = PCURVE('',#1102,#4366);
#4366 = DEFINITIONAL_REPRESENTATION('',(#4367),#4370);
#4367 = B_SPLINE_CURVE_WITH_KNOTS('',1,(#4368,#4369),.UNSPECIFIED.,.F.,
  .F.,(2,2),(-14.6100006,5.999999999062E-07),.PIECEWISE_BEZIER_KNOTS.);
#4368 = CARTESIAN_POINT('',(-5.507787810569,-14.6100006));
#4369 = CARTESIAN_POINT('',(-5.507787810569,5.999999999062E-07));
#4370 = ( GEOMETRIC_REPRESENTATION_CONTEXT(2) 
PARAMETRIC_REPRESENTATION_CONTEXT() REPRESENTATION_CONTEXT('2D SPACE',''
  ) );
#4371 = PCURVE('',#1155,#4372);
#4372 = DEFINITIONAL_REPRESENTATION('',(#4373),#4376);
#4373 = B_SPLINE_CURVE_WITH_KNOTS('',1,(#4374,#4375),.UNSPECIFIED.,.F.,
  .F.,(2,2),(-14.6100006,5.999999999062E-07),.PIECEWISE_BEZIER_KNOTS.);
#4374 = CARTESIAN_POINT('',(15.6100006,180.14242852856));
#4375 = CARTESIAN_POINT('',(0.9999994,180.14242852856));
#4376 = ( GEOMETRIC_REPRESENTATION_CONTEXT(2) 
PARAMETRIC_REPRESENTATION_CONTEXT() REPRESENTATION_CONTEXT('2D SPACE',''
  ) );
#4377 = ORIENTED_EDGE('',*,*,#4378,.F.);
#4378 = EDGE_CURVE('',#2826,#4358,#4379,.T.);
#4379 = SURFACE_CURVE('',#4380,(#4385,#4392),.PCURVE_S1.);
#4380 = CIRCLE('',#4381,3.);
#4381 = AXIS2_PLACEMENT_3D('',#4382,#4383,#4384);
#4382 = CARTESIAN_POINT('',(87.5,4.6,54.8));
#4383 = DIRECTION('',(0.,0.,-1.));
#4384 = DIRECTION('',(1.,0.,0.));
#4385 = PCURVE('',#1102,#4386);
#4386 = DEFINITIONAL_REPRESENTATION('',(#4387),#4391);
#4387 = LINE('',#4388,#4389);
#4388 = CARTESIAN_POINT('',(-6.28318530718,-14.6));
#4389 = VECTOR('',#4390,1.);
#4390 = DIRECTION('',(1.,-0.));
#4391 = ( GEOMETRIC_REPRESENTATION_CONTEXT(2) 
PARAMETRIC_REPRESENTATION_CONTEXT() REPRESENTATION_CONTEXT('2D SPACE',''
  ) );
#4392 = PCURVE('',#4393,#4398);
#4393 = PLANE('',#4394);
#4394 = AXIS2_PLACEMENT_3D('',#4395,#4396,#4397);
#4395 = CARTESIAN_POINT('',(-90.5,2.5,54.8));
#4396 = DIRECTION('',(0.,0.,1.));
#4397 = DIRECTION('',(1.,0.,0.));
#4398 = DEFINITIONAL_REPRESENTATION('',(#4399),#4407);
#4399 = ( BOUNDED_CURVE() B_SPLINE_CURVE(2,(#4400,#4401,#4402,#4403,
#4404,#4405,#4406),.UNSPECIFIED.,.T.,.F.) B_SPLINE_CURVE_WITH_KNOTS((1,2
    ,2,2,2,1),(-2.094395102393,0.,2.094395102393,4.188790204786,
6.28318530718,8.377580409573),.UNSPECIFIED.) CURVE() 
GEOMETRIC_REPRESENTATION_ITEM() RATIONAL_B_SPLINE_CURVE((1.,0.5,1.,0.5,
1.,0.5,1.)) REPRESENTATION_ITEM('') );
#4400 = CARTESIAN_POINT('',(181.,2.1));
#4401 = CARTESIAN_POINT('',(181.,-3.096152422707));
#4402 = CARTESIAN_POINT('',(176.5,-0.498076211353));
#4403 = CARTESIAN_POINT('',(172.,2.1));
#4404 = CARTESIAN_POINT('',(176.5,4.698076211353));
#4405 = CARTESIAN_POINT('',(181.,7.296152422707));
#4406 = CARTESIAN_POINT('',(181.,2.1));
#4407 = ( GEOMETRIC_REPRESENTATION_CONTEXT(2) 
PARAMETRIC_REPRESENTATION_CONTEXT() REPRESENTATION_CONTEXT('2D SPACE',''
  ) );
#4408 = ADVANCED_FACE('',(#4409),#1155,.T.);
#4409 = FACE_BOUND('',#4410,.T.);
#4410 = EDGE_LOOP('',(#4411,#4434,#4435,#4436));
#4411 = ORIENTED_EDGE('',*,*,#4412,.F.);
#4412 = EDGE_CURVE('',#1115,#4413,#4415,.T.);
#4413 = VERTEX_POINT('',#4414);
#4414 = CARTESIAN_POINT('',(90.5,2.5,54.8));
#4415 = SURFACE_CURVE('',#4416,(#4420,#4427),.PCURVE_S1.);
#4416 = LINE('',#4417,#4418);
#4417 = CARTESIAN_POINT('',(90.5,2.5,39.2));
#4418 = VECTOR('',#4419,1.);
#4419 = DIRECTION('',(0.,0.,1.));
#4420 = PCURVE('',#1155,#4421);
#4421 = DEFINITIONAL_REPRESENTATION('',(#4422),#4426);
#4422 = LINE('',#4423,#4424);
#4423 = CARTESIAN_POINT('',(0.,181.));
#4424 = VECTOR('',#4425,1.);
#4425 = DIRECTION('',(1.,0.));
#4426 = ( GEOMETRIC_REPRESENTATION_CONTEXT(2) 
PARAMETRIC_REPRESENTATION_CONTEXT() REPRESENTATION_CONTEXT('2D SPACE',''
  ) );
#4427 = PCURVE('',#1130,#4428);
#4428 = DEFINITIONAL_REPRESENTATION('',(#4429),#4433);
#4429 = LINE('',#4430,#4431);
#4430 = CARTESIAN_POINT('',(0.,0.));
#4431 = VECTOR('',#4432,1.);
#4432 = DIRECTION('',(1.,0.));
#4433 = ( GEOMETRIC_REPRESENTATION_CONTEXT(2) 
PARAMETRIC_REPRESENTATION_CONTEXT() REPRESENTATION_CONTEXT('2D SPACE',''
  ) );
#4434 = ORIENTED_EDGE('',*,*,#1141,.T.);
#4435 = ORIENTED_EDGE('',*,*,#4357,.F.);
#4436 = ORIENTED_EDGE('',*,*,#4437,.T.);
#4437 = EDGE_CURVE('',#4358,#4413,#4438,.T.);
#4438 = SURFACE_CURVE('',#4439,(#4443,#4450),.PCURVE_S1.);
#4439 = LINE('',#4440,#4441);
#4440 = CARTESIAN_POINT('',(-90.5,2.5,54.8));
#4441 = VECTOR('',#4442,1.);
#4442 = DIRECTION('',(1.,0.,0.));
#4443 = PCURVE('',#1155,#4444);
#4444 = DEFINITIONAL_REPRESENTATION('',(#4445),#4449);
#4445 = LINE('',#4446,#4447);
#4446 = CARTESIAN_POINT('',(15.6,0.));
#4447 = VECTOR('',#4448,1.);
#4448 = DIRECTION('',(0.,1.));
#4449 = ( GEOMETRIC_REPRESENTATION_CONTEXT(2) 
PARAMETRIC_REPRESENTATION_CONTEXT() REPRESENTATION_CONTEXT('2D SPACE',''
  ) );
#4450 = PCURVE('',#4393,#4451);
#4451 = DEFINITIONAL_REPRESENTATION('',(#4452),#4456);
#4452 = LINE('',#4453,#4454);
#4453 = CARTESIAN_POINT('',(0.,0.));
#4454 = VECTOR('',#4455,1.);
#4455 = DIRECTION('',(1.,0.));
#4456 = ( GEOMETRIC_REPRESENTATION_CONTEXT(2) 
PARAMETRIC_REPRESENTATION_CONTEXT() REPRESENTATION_CONTEXT('2D SPACE',''
  ) );
#4457 = ADVANCED_FACE('',(#4458),#1130,.F.);
#4458 = FACE_BOUND('',#4459,.F.);
#4459 = EDGE_LOOP('',(#4460,#4461,#4462,#4463));
#4460 = ORIENTED_EDGE('',*,*,#4412,.F.);
#4461 = ORIENTED_EDGE('',*,*,#1114,.T.);
#4462 = ORIENTED_EDGE('',*,*,#4155,.T.);
#4463 = ORIENTED_EDGE('',*,*,#4464,.F.);
#4464 = EDGE_CURVE('',#4413,#2826,#4465,.T.);
#4465 = SURFACE_CURVE('',#4466,(#4470,#4477),.PCURVE_S1.);
#4466 = LINE('',#4467,#4468);
#4467 = CARTESIAN_POINT('',(90.5,2.5,54.8));
#4468 = VECTOR('',#4469,1.);
#4469 = DIRECTION('',(0.,1.,0.));
#4470 = PCURVE('',#1130,#4471);
#4471 = DEFINITIONAL_REPRESENTATION('',(#4472),#4476);
#4472 = LINE('',#4473,#4474);
#4473 = CARTESIAN_POINT('',(15.6,0.));
#4474 = VECTOR('',#4475,1.);
#4475 = DIRECTION('',(0.,-1.));
#4476 = ( GEOMETRIC_REPRESENTATION_CONTEXT(2) 
PARAMETRIC_REPRESENTATION_CONTEXT() REPRESENTATION_CONTEXT('2D SPACE',''
  ) );
#4477 = PCURVE('',#4393,#4478);
#4478 = DEFINITIONAL_REPRESENTATION('',(#4479),#4483);
#4479 = LINE('',#4480,#4481);
#4480 = CARTESIAN_POINT('',(181.,0.));
#4481 = VECTOR('',#4482,1.);
#4482 = DIRECTION('',(0.,1.));
#4483 = ( GEOMETRIC_REPRESENTATION_CONTEXT(2) 
PARAMETRIC_REPRESENTATION_CONTEXT() REPRESENTATION_CONTEXT('2D SPACE',''
  ) );
#4484 = ADVANCED_FACE('',(#4485),#1189,.F.);
#4485 = FACE_BOUND('',#4486,.T.);
#4486 = EDGE_LOOP('',(#4487,#4488,#4511,#4538));
#4487 = ORIENTED_EDGE('',*,*,#1168,.T.);
#4488 = ORIENTED_EDGE('',*,*,#4489,.T.);
#4489 = EDGE_CURVE('',#1169,#4490,#4492,.T.);
#4490 = VERTEX_POINT('',#4491);
#4491 = CARTESIAN_POINT('',(-85.8,4.6,44.7));
#4492 = SEAM_CURVE('',#4493,(#4497,#4504),.PCURVE_S1.);
#4493 = LINE('',#4494,#4495);
#4494 = CARTESIAN_POINT('',(-85.8,4.6,39.2));
#4495 = VECTOR('',#4496,1.);
#4496 = DIRECTION('',(0.,0.,1.));
#4497 = PCURVE('',#1189,#4498);
#4498 = DEFINITIONAL_REPRESENTATION('',(#4499),#4503);
#4499 = LINE('',#4500,#4501);
#4500 = CARTESIAN_POINT('',(-6.28318530718,0.));
#4501 = VECTOR('',#4502,1.);
#4502 = DIRECTION('',(-0.,-1.));
#4503 = ( GEOMETRIC_REPRESENTATION_CONTEXT(2) 
PARAMETRIC_REPRESENTATION_CONTEXT() REPRESENTATION_CONTEXT('2D SPACE',''
  ) );
#4504 = PCURVE('',#1189,#4505);
#4505 = DEFINITIONAL_REPRESENTATION('',(#4506),#4510);
#4506 = LINE('',#4507,#4508);
#4507 = CARTESIAN_POINT('',(-0.,0.));
#4508 = VECTOR('',#4509,1.);
#4509 = DIRECTION('',(-0.,-1.));
#4510 = ( GEOMETRIC_REPRESENTATION_CONTEXT(2) 
PARAMETRIC_REPRESENTATION_CONTEXT() REPRESENTATION_CONTEXT('2D SPACE',''
  ) );
#4511 = ORIENTED_EDGE('',*,*,#4512,.T.);
#4512 = EDGE_CURVE('',#4490,#4490,#4513,.T.);
#4513 = SURFACE_CURVE('',#4514,(#4519,#4526),.PCURVE_S1.);
#4514 = CIRCLE('',#4515,1.7);
#4515 = AXIS2_PLACEMENT_3D('',#4516,#4517,#4518);
#4516 = CARTESIAN_POINT('',(-87.5,4.6,44.7));
#4517 = DIRECTION('',(0.,0.,1.));
#4518 = DIRECTION('',(1.,0.,0.));
#4519 = PCURVE('',#1189,#4520);
#4520 = DEFINITIONAL_REPRESENTATION('',(#4521),#4525);
#4521 = LINE('',#4522,#4523);
#4522 = CARTESIAN_POINT('',(-0.,-5.5));
#4523 = VECTOR('',#4524,1.);
#4524 = DIRECTION('',(-1.,0.));
#4525 = ( GEOMETRIC_REPRESENTATION_CONTEXT(2) 
PARAMETRIC_REPRESENTATION_CONTEXT() REPRESENTATION_CONTEXT('2D SPACE',''
  ) );
#4526 = PCURVE('',#4527,#4532);
#4527 = PLANE('',#4528);
#4528 = AXIS2_PLACEMENT_3D('',#4529,#4530,#4531);
#4529 = CARTESIAN_POINT('',(-87.5,4.6,44.7));
#4530 = DIRECTION('',(0.,0.,1.));
#4531 = DIRECTION('',(1.,0.,-0.));
#4532 = DEFINITIONAL_REPRESENTATION('',(#4533),#4537);
#4533 = CIRCLE('',#4534,1.7);
#4534 = AXIS2_PLACEMENT_2D('',#4535,#4536);
#4535 = CARTESIAN_POINT('',(0.,0.));
#4536 = DIRECTION('',(1.,0.));
#4537 = ( GEOMETRIC_REPRESENTATION_CONTEXT(2) 
PARAMETRIC_REPRESENTATION_CONTEXT() REPRESENTATION_CONTEXT('2D SPACE',''
  ) );
#4538 = ORIENTED_EDGE('',*,*,#4489,.F.);
#4539 = ADVANCED_FACE('',(#4540),#1224,.F.);
#4540 = FACE_BOUND('',#4541,.T.);
#4541 = EDGE_LOOP('',(#4542,#4543,#4566,#4593));
#4542 = ORIENTED_EDGE('',*,*,#1203,.T.);
#4543 = ORIENTED_EDGE('',*,*,#4544,.T.);
#4544 = EDGE_CURVE('',#1204,#4545,#4547,.T.);
#4545 = VERTEX_POINT('',#4546);
#4546 = CARTESIAN_POINT('',(89.2,4.6,44.7));
#4547 = SEAM_CURVE('',#4548,(#4552,#4559),.PCURVE_S1.);
#4548 = LINE('',#4549,#4550);
#4549 = CARTESIAN_POINT('',(89.2,4.6,39.2));
#4550 = VECTOR('',#4551,1.);
#4551 = DIRECTION('',(0.,0.,1.));
#4552 = PCURVE('',#1224,#4553);
#4553 = DEFINITIONAL_REPRESENTATION('',(#4554),#4558);
#4554 = LINE('',#4555,#4556);
#4555 = CARTESIAN_POINT('',(-6.28318530718,0.));
#4556 = VECTOR('',#4557,1.);
#4557 = DIRECTION('',(-0.,-1.));
#4558 = ( GEOMETRIC_REPRESENTATION_CONTEXT(2) 
PARAMETRIC_REPRESENTATION_CONTEXT() REPRESENTATION_CONTEXT('2D SPACE',''
  ) );
#4559 = PCURVE('',#1224,#4560);
#4560 = DEFINITIONAL_REPRESENTATION('',(#4561),#4565);
#4561 = LINE('',#4562,#4563);
#4562 = CARTESIAN_POINT('',(-0.,0.));
#4563 = VECTOR('',#4564,1.);
#4564 = DIRECTION('',(-0.,-1.));
#4565 = ( GEOMETRIC_REPRESENTATION_CONTEXT(2) 
PARAMETRIC_REPRESENTATION_CONTEXT() REPRESENTATION_CONTEXT('2D SPACE',''
  ) );
#4566 = ORIENTED_EDGE('',*,*,#4567,.T.);
#4567 = EDGE_CURVE('',#4545,#4545,#4568,.T.);
#4568 = SURFACE_CURVE('',#4569,(#4574,#4581),.PCURVE_S1.);
#4569 = CIRCLE('',#4570,1.7);
#4570 = AXIS2_PLACEMENT_3D('',#4571,#4572,#4573);
#4571 = CARTESIAN_POINT('',(87.5,4.6,44.7));
#4572 = DIRECTION('',(0.,0.,1.));
#4573 = DIRECTION('',(1.,0.,0.));
#4574 = PCURVE('',#1224,#4575);
#4575 = DEFINITIONAL_REPRESENTATION('',(#4576),#4580);
#4576 = LINE('',#4577,#4578);
#4577 = CARTESIAN_POINT('',(-0.,-5.5));
#4578 = VECTOR('',#4579,1.);
#4579 = DIRECTION('',(-1.,0.));
#4580 = ( GEOMETRIC_REPRESENTATION_CONTEXT(2) 
PARAMETRIC_REPRESENTATION_CONTEXT() REPRESENTATION_CONTEXT('2D SPACE',''
  ) );
#4581 = PCURVE('',#4582,#4587);
#4582 = PLANE('',#4583);
#4583 = AXIS2_PLACEMENT_3D('',#4584,#4585,#4586);
#4584 = CARTESIAN_POINT('',(87.5,4.6,44.7));
#4585 = DIRECTION('',(0.,0.,1.));
#4586 = DIRECTION('',(1.,0.,-0.));
#4587 = DEFINITIONAL_REPRESENTATION('',(#4588),#4592);
#4588 = CIRCLE('',#4589,1.7);
#4589 = AXIS2_PLACEMENT_2D('',#4590,#4591);
#4590 = CARTESIAN_POINT('',(0.,0.));
#4591 = DIRECTION('',(1.,0.));
#4592 = ( GEOMETRIC_REPRESENTATION_CONTEXT(2) 
PARAMETRIC_REPRESENTATION_CONTEXT() REPRESENTATION_CONTEXT('2D SPACE',''
  ) );
#4593 = ORIENTED_EDGE('',*,*,#4544,.F.);
#4594 = ADVANCED_FACE('',(#4595),#1330,.F.);
#4595 = FACE_BOUND('',#4596,.F.);
#4596 = EDGE_LOOP('',(#4597,#4598,#4617,#4618));
#4597 = ORIENTED_EDGE('',*,*,#1315,.T.);
#4598 = ORIENTED_EDGE('',*,*,#4599,.F.);
#4599 = EDGE_CURVE('',#1504,#1290,#4600,.T.);
#4600 = SURFACE_CURVE('',#4601,(#4605,#4611),.PCURVE_S1.);
#4601 = LINE('',#4602,#4603);
#4602 = CARTESIAN_POINT('',(-138.25,161.7,40.2));
#4603 = VECTOR('',#4604,1.);
#4604 = DIRECTION('',(-1.,0.,0.));
#4605 = PCURVE('',#1330,#4606);
#4606 = DEFINITIONAL_REPRESENTATION('',(#4607),#4610);
#4607 = B_SPLINE_CURVE_WITH_KNOTS('',1,(#4608,#4609),.UNSPECIFIED.,.F.,
  .F.,(2,2),(-228.75,-47.75),.PIECEWISE_BEZIER_KNOTS.);
#4608 = CARTESIAN_POINT('',(276.5,162.7));
#4609 = CARTESIAN_POINT('',(95.5,162.7));
#4610 = ( GEOMETRIC_REPRESENTATION_CONTEXT(2) 
PARAMETRIC_REPRESENTATION_CONTEXT() REPRESENTATION_CONTEXT('2D SPACE',''
  ) );
#4611 = PCURVE('',#1304,#4612);
#4612 = DEFINITIONAL_REPRESENTATION('',(#4613),#4616);
#4613 = B_SPLINE_CURVE_WITH_KNOTS('',1,(#4614,#4615),.UNSPECIFIED.,.F.,
  .F.,(2,2),(-228.75,-47.75),.PIECEWISE_BEZIER_KNOTS.);
#4614 = CARTESIAN_POINT('',(1.,181.));
#4615 = CARTESIAN_POINT('',(1.,0.));
#4616 = ( GEOMETRIC_REPRESENTATION_CONTEXT(2) 
PARAMETRIC_REPRESENTATION_CONTEXT() REPRESENTATION_CONTEXT('2D SPACE',''
  ) );
#4617 = ORIENTED_EDGE('',*,*,#1524,.F.);
#4618 = ORIENTED_EDGE('',*,*,#1408,.T.);
#4619 = ADVANCED_FACE('',(#4620),#1304,.F.);
#4620 = FACE_BOUND('',#4621,.F.);
#4621 = EDGE_LOOP('',(#4622,#4623,#4624,#4625));
#4622 = ORIENTED_EDGE('',*,*,#1289,.T.);
#4623 = ORIENTED_EDGE('',*,*,#2667,.T.);
#4624 = ORIENTED_EDGE('',*,*,#1503,.F.);
#4625 = ORIENTED_EDGE('',*,*,#4599,.T.);
#4626 = ADVANCED_FACE('',(#4627),#1391,.F.);
#4627 = FACE_BOUND('',#4628,.T.);
#4628 = EDGE_LOOP('',(#4629,#4630,#4651,#4652));
#4629 = ORIENTED_EDGE('',*,*,#1370,.T.);
#4630 = ORIENTED_EDGE('',*,*,#4631,.T.);
#4631 = EDGE_CURVE('',#1371,#1548,#4632,.T.);
#4632 = SEAM_CURVE('',#4633,(#4637,#4644),.PCURVE_S1.);
#4633 = LINE('',#4634,#4635);
#4634 = CARTESIAN_POINT('',(-83.6,166.35,47.5));
#4635 = VECTOR('',#4636,1.);
#4636 = DIRECTION('',(1.,0.,0.));
#4637 = PCURVE('',#1391,#4638);
#4638 = DEFINITIONAL_REPRESENTATION('',(#4639),#4643);
#4639 = LINE('',#4640,#4641);
#4640 = CARTESIAN_POINT('',(-6.28318530718,0.));
#4641 = VECTOR('',#4642,1.);
#4642 = DIRECTION('',(-0.,-1.));
#4643 = ( GEOMETRIC_REPRESENTATION_CONTEXT(2) 
PARAMETRIC_REPRESENTATION_CONTEXT() REPRESENTATION_CONTEXT('2D SPACE',''
  ) );
#4644 = PCURVE('',#1391,#4645);
#4645 = DEFINITIONAL_REPRESENTATION('',(#4646),#4650);
#4646 = LINE('',#4647,#4648);
#4647 = CARTESIAN_POINT('',(-0.,0.));
#4648 = VECTOR('',#4649,1.);
#4649 = DIRECTION('',(-0.,-1.));
#4650 = ( GEOMETRIC_REPRESENTATION_CONTEXT(2) 
PARAMETRIC_REPRESENTATION_CONTEXT() REPRESENTATION_CONTEXT('2D SPACE',''
  ) );
#4651 = ORIENTED_EDGE('',*,*,#1547,.F.);
#4652 = ORIENTED_EDGE('',*,*,#4631,.F.);
#4653 = ADVANCED_FACE('',(#4654),#1690,.F.);
#4654 = FACE_BOUND('',#4655,.F.);
#4655 = EDGE_LOOP('',(#4656,#4657,#4658,#4679));
#4656 = ORIENTED_EDGE('',*,*,#1733,.T.);
#4657 = ORIENTED_EDGE('',*,*,#1675,.T.);
#4658 = ORIENTED_EDGE('',*,*,#4659,.F.);
#4659 = EDGE_CURVE('',#4660,#1650,#4662,.T.);
#4660 = VERTEX_POINT('',#4661);
#4661 = CARTESIAN_POINT('',(17.,161.7,40.2));
#4662 = SURFACE_CURVE('',#4663,(#4667,#4673),.PCURVE_S1.);
#4663 = LINE('',#4664,#4665);
#4664 = CARTESIAN_POINT('',(-138.25,161.7,40.2));
#4665 = VECTOR('',#4666,1.);
#4666 = DIRECTION('',(-1.,0.,0.));
#4667 = PCURVE('',#1690,#4668);
#4668 = DEFINITIONAL_REPRESENTATION('',(#4669),#4672);
#4669 = B_SPLINE_CURVE_WITH_KNOTS('',1,(#4670,#4671),.UNSPECIFIED.,.F.,
  .F.,(2,2),(-228.75,-47.75),.PIECEWISE_BEZIER_KNOTS.);
#4670 = CARTESIAN_POINT('',(276.5,162.7));
#4671 = CARTESIAN_POINT('',(95.5,162.7));
#4672 = ( GEOMETRIC_REPRESENTATION_CONTEXT(2) 
PARAMETRIC_REPRESENTATION_CONTEXT() REPRESENTATION_CONTEXT('2D SPACE',''
  ) );
#4673 = PCURVE('',#1664,#4674);
#4674 = DEFINITIONAL_REPRESENTATION('',(#4675),#4678);
#4675 = B_SPLINE_CURVE_WITH_KNOTS('',1,(#4676,#4677),.UNSPECIFIED.,.F.,
  .F.,(2,2),(-228.75,-47.75),.PIECEWISE_BEZIER_KNOTS.);
#4676 = CARTESIAN_POINT('',(1.,181.));
#4677 = CARTESIAN_POINT('',(1.,0.));
#4678 = ( GEOMETRIC_REPRESENTATION_CONTEXT(2) 
PARAMETRIC_REPRESENTATION_CONTEXT() REPRESENTATION_CONTEXT('2D SPACE',''
  ) );
#4679 = ORIENTED_EDGE('',*,*,#4680,.T.);
#4680 = EDGE_CURVE('',#4660,#1734,#4681,.T.);
#4681 = SURFACE_CURVE('',#4682,(#4686,#4692),.PCURVE_S1.);
#4682 = LINE('',#4683,#4684);
#4683 = CARTESIAN_POINT('',(17.,77.85,40.2));
#4684 = VECTOR('',#4685,1.);
#4685 = DIRECTION('',(0.,1.,0.));
#4686 = PCURVE('',#1690,#4687);
#4687 = DEFINITIONAL_REPRESENTATION('',(#4688),#4691);
#4688 = B_SPLINE_CURVE_WITH_KNOTS('',1,(#4689,#4690),.UNSPECIFIED.,.F.,
  .F.,(2,2),(83.85,92.611944116355),.PIECEWISE_BEZIER_KNOTS.);
#4689 = CARTESIAN_POINT('',(203.,162.7));
#4690 = CARTESIAN_POINT('',(203.,171.46194411635));
#4691 = ( GEOMETRIC_REPRESENTATION_CONTEXT(2) 
PARAMETRIC_REPRESENTATION_CONTEXT() REPRESENTATION_CONTEXT('2D SPACE',''
  ) );
#4692 = PCURVE('',#1771,#4693);
#4693 = DEFINITIONAL_REPRESENTATION('',(#4694),#4697);
#4694 = B_SPLINE_CURVE_WITH_KNOTS('',1,(#4695,#4696),.UNSPECIFIED.,.F.,
  .F.,(2,2),(83.85,92.611944116355),.PIECEWISE_BEZIER_KNOTS.);
#4695 = CARTESIAN_POINT('',(1.,-5.));
#4696 = CARTESIAN_POINT('',(1.,-13.76194411635));
#4697 = ( GEOMETRIC_REPRESENTATION_CONTEXT(2) 
PARAMETRIC_REPRESENTATION_CONTEXT() REPRESENTATION_CONTEXT('2D SPACE',''
  ) );
#4698 = ADVANCED_FACE('',(#4699),#1664,.F.);
#4699 = FACE_BOUND('',#4700,.F.);
#4700 = EDGE_LOOP('',(#4701,#4702,#4703,#4722));
#4701 = ORIENTED_EDGE('',*,*,#1649,.T.);
#4702 = ORIENTED_EDGE('',*,*,#2643,.T.);
#4703 = ORIENTED_EDGE('',*,*,#4704,.T.);
#4704 = EDGE_CURVE('',#2621,#4660,#4705,.T.);
#4705 = SURFACE_CURVE('',#4706,(#4710,#4716),.PCURVE_S1.);
#4706 = LINE('',#4707,#4708);
#4707 = CARTESIAN_POINT('',(17.,161.7,39.2));
#4708 = VECTOR('',#4709,1.);
#4709 = DIRECTION('',(0.,0.,-1.));
#4710 = PCURVE('',#1664,#4711);
#4711 = DEFINITIONAL_REPRESENTATION('',(#4712),#4715);
#4712 = B_SPLINE_CURVE_WITH_KNOTS('',1,(#4713,#4714),.UNSPECIFIED.,.F.,
  .F.,(2,2),(-15.6,-1.),.PIECEWISE_BEZIER_KNOTS.);
#4713 = CARTESIAN_POINT('',(15.6,107.5));
#4714 = CARTESIAN_POINT('',(1.,107.5));
#4715 = ( GEOMETRIC_REPRESENTATION_CONTEXT(2) 
PARAMETRIC_REPRESENTATION_CONTEXT() REPRESENTATION_CONTEXT('2D SPACE',''
  ) );
#4716 = PCURVE('',#1771,#4717);
#4717 = DEFINITIONAL_REPRESENTATION('',(#4718),#4721);
#4718 = B_SPLINE_CURVE_WITH_KNOTS('',1,(#4719,#4720),.UNSPECIFIED.,.F.,
  .F.,(2,2),(-15.6,-1.),.PIECEWISE_BEZIER_KNOTS.);
#4719 = CARTESIAN_POINT('',(15.6,-5.));
#4720 = CARTESIAN_POINT('',(1.,-5.));
#4721 = ( GEOMETRIC_REPRESENTATION_CONTEXT(2) 
PARAMETRIC_REPRESENTATION_CONTEXT() REPRESENTATION_CONTEXT('2D SPACE',''
  ) );
#4722 = ORIENTED_EDGE('',*,*,#4659,.T.);
#4723 = ADVANCED_FACE('',(#4724),#1857,.F.);
#4724 = FACE_BOUND('',#4725,.F.);
#4725 = EDGE_LOOP('',(#4726,#4727,#4748,#4767));
#4726 = ORIENTED_EDGE('',*,*,#1842,.T.);
#4727 = ORIENTED_EDGE('',*,*,#4728,.F.);
#4728 = EDGE_CURVE('',#4729,#1810,#4731,.T.);
#4729 = VERTEX_POINT('',#4730);
#4730 = CARTESIAN_POINT('',(43.,161.7,40.2));
#4731 = SURFACE_CURVE('',#4732,(#4736,#4742),.PCURVE_S1.);
#4732 = LINE('',#4733,#4734);
#4733 = CARTESIAN_POINT('',(43.,77.85,40.2));
#4734 = VECTOR('',#4735,1.);
#4735 = DIRECTION('',(0.,1.,0.));
#4736 = PCURVE('',#1857,#4737);
#4737 = DEFINITIONAL_REPRESENTATION('',(#4738),#4741);
#4738 = B_SPLINE_CURVE_WITH_KNOTS('',1,(#4739,#4740),.UNSPECIFIED.,.F.,
  .F.,(2,2),(83.85,92.611944116355),.PIECEWISE_BEZIER_KNOTS.);
#4739 = CARTESIAN_POINT('',(229.,162.7));
#4740 = CARTESIAN_POINT('',(229.,171.46194411635));
#4741 = ( GEOMETRIC_REPRESENTATION_CONTEXT(2) 
PARAMETRIC_REPRESENTATION_CONTEXT() REPRESENTATION_CONTEXT('2D SPACE',''
  ) );
#4742 = PCURVE('',#1826,#4743);
#4743 = DEFINITIONAL_REPRESENTATION('',(#4744),#4747);
#4744 = B_SPLINE_CURVE_WITH_KNOTS('',1,(#4745,#4746),.UNSPECIFIED.,.F.,
  .F.,(2,2),(83.85,92.611944116355),.PIECEWISE_BEZIER_KNOTS.);
#4745 = CARTESIAN_POINT('',(1.,-5.));
#4746 = CARTESIAN_POINT('',(1.,-13.76194411635));
#4747 = ( GEOMETRIC_REPRESENTATION_CONTEXT(2) 
PARAMETRIC_REPRESENTATION_CONTEXT() REPRESENTATION_CONTEXT('2D SPACE',''
  ) );
#4748 = ORIENTED_EDGE('',*,*,#4749,.F.);
#4749 = EDGE_CURVE('',#1943,#4729,#4750,.T.);
#4750 = SURFACE_CURVE('',#4751,(#4755,#4761),.PCURVE_S1.);
#4751 = LINE('',#4752,#4753);
#4752 = CARTESIAN_POINT('',(-138.25,161.7,40.2));
#4753 = VECTOR('',#4754,1.);
#4754 = DIRECTION('',(-1.,0.,0.));
#4755 = PCURVE('',#1857,#4756);
#4756 = DEFINITIONAL_REPRESENTATION('',(#4757),#4760);
#4757 = B_SPLINE_CURVE_WITH_KNOTS('',1,(#4758,#4759),.UNSPECIFIED.,.F.,
  .F.,(2,2),(-228.75,-47.75),.PIECEWISE_BEZIER_KNOTS.);
#4758 = CARTESIAN_POINT('',(276.5,162.7));
#4759 = CARTESIAN_POINT('',(95.5,162.7));
#4760 = ( GEOMETRIC_REPRESENTATION_CONTEXT(2) 
PARAMETRIC_REPRESENTATION_CONTEXT() REPRESENTATION_CONTEXT('2D SPACE',''
  ) );
#4761 = PCURVE('',#1957,#4762);
#4762 = DEFINITIONAL_REPRESENTATION('',(#4763),#4766);
#4763 = B_SPLINE_CURVE_WITH_KNOTS('',1,(#4764,#4765),.UNSPECIFIED.,.F.,
  .F.,(2,2),(-228.75,-47.75),.PIECEWISE_BEZIER_KNOTS.);
#4764 = CARTESIAN_POINT('',(1.,181.));
#4765 = CARTESIAN_POINT('',(1.,0.));
#4766 = ( GEOMETRIC_REPRESENTATION_CONTEXT(2) 
PARAMETRIC_REPRESENTATION_CONTEXT() REPRESENTATION_CONTEXT('2D SPACE',''
  ) );
#4767 = ORIENTED_EDGE('',*,*,#1968,.F.);
#4768 = ADVANCED_FACE('',(#4769),#1826,.F.);
#4769 = FACE_BOUND('',#4770,.F.);
#4770 = EDGE_LOOP('',(#4771,#4772,#4791,#4792));
#4771 = ORIENTED_EDGE('',*,*,#2598,.F.);
#4772 = ORIENTED_EDGE('',*,*,#4773,.T.);
#4773 = EDGE_CURVE('',#2576,#4729,#4774,.T.);
#4774 = SURFACE_CURVE('',#4775,(#4779,#4785),.PCURVE_S1.);
#4775 = LINE('',#4776,#4777);
#4776 = CARTESIAN_POINT('',(43.,161.7,39.2));
#4777 = VECTOR('',#4778,1.);
#4778 = DIRECTION('',(0.,0.,-1.));
#4779 = PCURVE('',#1826,#4780);
#4780 = DEFINITIONAL_REPRESENTATION('',(#4781),#4784);
#4781 = B_SPLINE_CURVE_WITH_KNOTS('',1,(#4782,#4783),.UNSPECIFIED.,.F.,
  .F.,(2,2),(-15.6,-1.),.PIECEWISE_BEZIER_KNOTS.);
#4782 = CARTESIAN_POINT('',(15.6,-5.));
#4783 = CARTESIAN_POINT('',(1.,-5.));
#4784 = ( GEOMETRIC_REPRESENTATION_CONTEXT(2) 
PARAMETRIC_REPRESENTATION_CONTEXT() REPRESENTATION_CONTEXT('2D SPACE',''
  ) );
#4785 = PCURVE('',#1957,#4786);
#4786 = DEFINITIONAL_REPRESENTATION('',(#4787),#4790);
#4787 = B_SPLINE_CURVE_WITH_KNOTS('',1,(#4788,#4789),.UNSPECIFIED.,.F.,
  .F.,(2,2),(-15.6,-1.),.PIECEWISE_BEZIER_KNOTS.);
#4788 = CARTESIAN_POINT('',(15.6,133.5));
#4789 = CARTESIAN_POINT('',(1.,133.5));
#4790 = ( GEOMETRIC_REPRESENTATION_CONTEXT(2) 
PARAMETRIC_REPRESENTATION_CONTEXT() REPRESENTATION_CONTEXT('2D SPACE',''
  ) );
#4791 = ORIENTED_EDGE('',*,*,#4728,.T.);
#4792 = ORIENTED_EDGE('',*,*,#1809,.F.);
#4793 = ADVANCED_FACE('',(#4794),#1771,.T.);
#4794 = FACE_BOUND('',#4795,.T.);
#4795 = EDGE_LOOP('',(#4796,#4797,#4798,#4799));
#4796 = ORIENTED_EDGE('',*,*,#2620,.F.);
#4797 = ORIENTED_EDGE('',*,*,#4704,.T.);
#4798 = ORIENTED_EDGE('',*,*,#4680,.T.);
#4799 = ORIENTED_EDGE('',*,*,#1754,.F.);
#4800 = ADVANCED_FACE('',(#4801),#1957,.F.);
#4801 = FACE_BOUND('',#4802,.F.);
#4802 = EDGE_LOOP('',(#4803,#4804,#4805,#4806));
#4803 = ORIENTED_EDGE('',*,*,#4773,.F.);
#4804 = ORIENTED_EDGE('',*,*,#2575,.T.);
#4805 = ORIENTED_EDGE('',*,*,#1942,.F.);
#4806 = ORIENTED_EDGE('',*,*,#4749,.T.);
#4807 = ADVANCED_FACE('',(#4808),#2104,.F.);
#4808 = FACE_BOUND('',#4809,.F.);
#4809 = EDGE_LOOP('',(#4810,#4829,#4830,#4831));
#4810 = ORIENTED_EDGE('',*,*,#4811,.F.);
#4811 = EDGE_CURVE('',#2278,#2064,#4812,.T.);
#4812 = SURFACE_CURVE('',#4813,(#4817,#4823),.PCURVE_S1.);
#4813 = LINE('',#4814,#4815);
#4814 = CARTESIAN_POINT('',(-138.25,161.7,40.2));
#4815 = VECTOR('',#4816,1.);
#4816 = DIRECTION('',(-1.,0.,0.));
#4817 = PCURVE('',#2104,#4818);
#4818 = DEFINITIONAL_REPRESENTATION('',(#4819),#4822);
#4819 = B_SPLINE_CURVE_WITH_KNOTS('',1,(#4820,#4821),.UNSPECIFIED.,.F.,
  .F.,(2,2),(-228.75,-47.75),.PIECEWISE_BEZIER_KNOTS.);
#4820 = CARTESIAN_POINT('',(276.5,162.7));
#4821 = CARTESIAN_POINT('',(95.5,162.7));
#4822 = ( GEOMETRIC_REPRESENTATION_CONTEXT(2) 
PARAMETRIC_REPRESENTATION_CONTEXT() REPRESENTATION_CONTEXT('2D SPACE',''
  ) );
#4823 = PCURVE('',#2078,#4824);
#4824 = DEFINITIONAL_REPRESENTATION('',(#4825),#4828);
#4825 = B_SPLINE_CURVE_WITH_KNOTS('',1,(#4826,#4827),.UNSPECIFIED.,.F.,
  .F.,(2,2),(-228.75,-47.75),.PIECEWISE_BEZIER_KNOTS.);
#4826 = CARTESIAN_POINT('',(1.,181.));
#4827 = CARTESIAN_POINT('',(1.,0.));
#4828 = ( GEOMETRIC_REPRESENTATION_CONTEXT(2) 
PARAMETRIC_REPRESENTATION_CONTEXT() REPRESENTATION_CONTEXT('2D SPACE',''
  ) );
#4829 = ORIENTED_EDGE('',*,*,#2298,.F.);
#4830 = ORIENTED_EDGE('',*,*,#2182,.T.);
#4831 = ORIENTED_EDGE('',*,*,#2089,.T.);
#4832 = ADVANCED_FACE('',(#4833),#2078,.F.);
#4833 = FACE_BOUND('',#4834,.F.);
#4834 = EDGE_LOOP('',(#4835,#4836,#4837,#4838));
#4835 = ORIENTED_EDGE('',*,*,#2551,.T.);
#4836 = ORIENTED_EDGE('',*,*,#2277,.F.);
#4837 = ORIENTED_EDGE('',*,*,#4811,.T.);
#4838 = ORIENTED_EDGE('',*,*,#2063,.T.);
#4839 = ADVANCED_FACE('',(#4840),#2165,.F.);
#4840 = FACE_BOUND('',#4841,.T.);
#4841 = EDGE_LOOP('',(#4842,#4843,#4864,#4865));
#4842 = ORIENTED_EDGE('',*,*,#2144,.T.);
#4843 = ORIENTED_EDGE('',*,*,#4844,.T.);
#4844 = EDGE_CURVE('',#2145,#2322,#4845,.T.);
#4845 = SEAM_CURVE('',#4846,(#4850,#4857),.PCURVE_S1.);
#4846 = LINE('',#4847,#4848);
#4847 = CARTESIAN_POINT('',(69.6,166.35,47.5));
#4848 = VECTOR('',#4849,1.);
#4849 = DIRECTION('',(1.,0.,0.));
#4850 = PCURVE('',#2165,#4851);
#4851 = DEFINITIONAL_REPRESENTATION('',(#4852),#4856);
#4852 = LINE('',#4853,#4854);
#4853 = CARTESIAN_POINT('',(-6.28318530718,0.));
#4854 = VECTOR('',#4855,1.);
#4855 = DIRECTION('',(-0.,-1.));
#4856 = ( GEOMETRIC_REPRESENTATION_CONTEXT(2) 
PARAMETRIC_REPRESENTATION_CONTEXT() REPRESENTATION_CONTEXT('2D SPACE',''
  ) );
#4857 = PCURVE('',#2165,#4858);
#4858 = DEFINITIONAL_REPRESENTATION('',(#4859),#4863);
#4859 = LINE('',#4860,#4861);
#4860 = CARTESIAN_POINT('',(-0.,0.));
#4861 = VECTOR('',#4862,1.);
#4862 = DIRECTION('',(-0.,-1.));
#4863 = ( GEOMETRIC_REPRESENTATION_CONTEXT(2) 
PARAMETRIC_REPRESENTATION_CONTEXT() REPRESENTATION_CONTEXT('2D SPACE',''
  ) );
#4864 = ORIENTED_EDGE('',*,*,#2321,.F.);
#4865 = ORIENTED_EDGE('',*,*,#4844,.F.);
#4866 = ADVANCED_FACE('',(#4867),#2894,.T.);
#4867 = FACE_BOUND('',#4868,.T.);
#4868 = EDGE_LOOP('',(#4869,#4892,#4920,#4941));
#4869 = ORIENTED_EDGE('',*,*,#4870,.F.);
#4870 = EDGE_CURVE('',#4871,#2877,#4873,.T.);
#4871 = VERTEX_POINT('',#4872);
#4872 = CARTESIAN_POINT('',(-73.4,13.,40.2));
#4873 = SURFACE_CURVE('',#4874,(#4878,#4885),.PCURVE_S1.);
#4874 = LINE('',#4875,#4876);
#4875 = CARTESIAN_POINT('',(-73.4,13.,40.2));
#4876 = VECTOR('',#4877,1.);
#4877 = DIRECTION('',(0.,0.,1.));
#4878 = PCURVE('',#2894,#4879);
#4879 = DEFINITIONAL_REPRESENTATION('',(#4880),#4884);
#4880 = LINE('',#4881,#4882);
#4881 = CARTESIAN_POINT('',(0.,0.));
#4882 = VECTOR('',#4883,1.);
#4883 = DIRECTION('',(1.,0.));
#4884 = ( GEOMETRIC_REPRESENTATION_CONTEXT(2) 
PARAMETRIC_REPRESENTATION_CONTEXT() REPRESENTATION_CONTEXT('2D SPACE',''
  ) );
#4885 = PCURVE('',#2921,#4886);
#4886 = DEFINITIONAL_REPRESENTATION('',(#4887),#4891);
#4887 = LINE('',#4888,#4889);
#4888 = CARTESIAN_POINT('',(0.,11.6));
#4889 = VECTOR('',#4890,1.);
#4890 = DIRECTION('',(1.,0.));
#4891 = ( GEOMETRIC_REPRESENTATION_CONTEXT(2) 
PARAMETRIC_REPRESENTATION_CONTEXT() REPRESENTATION_CONTEXT('2D SPACE',''
  ) );
#4892 = ORIENTED_EDGE('',*,*,#4893,.T.);
#4893 = EDGE_CURVE('',#4871,#4894,#4896,.T.);
#4894 = VERTEX_POINT('',#4895);
#4895 = CARTESIAN_POINT('',(-73.4,14.6,40.2));
#4896 = SURFACE_CURVE('',#4897,(#4901,#4908),.PCURVE_S1.);
#4897 = LINE('',#4898,#4899);
#4898 = CARTESIAN_POINT('',(-73.4,13.,40.2));
#4899 = VECTOR('',#4900,1.);
#4900 = DIRECTION('',(0.,1.,0.));
#4901 = PCURVE('',#2894,#4902);
#4902 = DEFINITIONAL_REPRESENTATION('',(#4903),#4907);
#4903 = LINE('',#4904,#4905);
#4904 = CARTESIAN_POINT('',(0.,0.));
#4905 = VECTOR('',#4906,1.);
#4906 = DIRECTION('',(0.,-1.));
#4907 = ( GEOMETRIC_REPRESENTATION_CONTEXT(2) 
PARAMETRIC_REPRESENTATION_CONTEXT() REPRESENTATION_CONTEXT('2D SPACE',''
  ) );
#4908 = PCURVE('',#4909,#4914);
#4909 = PLANE('',#4910);
#4910 = AXIS2_PLACEMENT_3D('',#4911,#4912,#4913);
#4911 = CARTESIAN_POINT('',(-85.,13.,40.2));
#4912 = DIRECTION('',(0.,0.,1.));
#4913 = DIRECTION('',(1.,0.,0.));
#4914 = DEFINITIONAL_REPRESENTATION('',(#4915),#4919);
#4915 = LINE('',#4916,#4917);
#4916 = CARTESIAN_POINT('',(11.6,0.));
#4917 = VECTOR('',#4918,1.);
#4918 = DIRECTION('',(0.,1.));
#4919 = ( GEOMETRIC_REPRESENTATION_CONTEXT(2) 
PARAMETRIC_REPRESENTATION_CONTEXT() REPRESENTATION_CONTEXT('2D SPACE',''
  ) );
#4920 = ORIENTED_EDGE('',*,*,#4921,.T.);
#4921 = EDGE_CURVE('',#4894,#2879,#4922,.T.);
#4922 = SURFACE_CURVE('',#4923,(#4927,#4934),.PCURVE_S1.);
#4923 = LINE('',#4924,#4925);
#4924 = CARTESIAN_POINT('',(-73.4,14.6,40.2));
#4925 = VECTOR('',#4926,1.);
#4926 = DIRECTION('',(0.,0.,1.));
#4927 = PCURVE('',#2894,#4928);
#4928 = DEFINITIONAL_REPRESENTATION('',(#4929),#4933);
#4929 = LINE('',#4930,#4931);
#4930 = CARTESIAN_POINT('',(0.,-1.6));
#4931 = VECTOR('',#4932,1.);
#4932 = DIRECTION('',(1.,0.));
#4933 = ( GEOMETRIC_REPRESENTATION_CONTEXT(2) 
PARAMETRIC_REPRESENTATION_CONTEXT() REPRESENTATION_CONTEXT('2D SPACE',''
  ) );
#4934 = PCURVE('',#3029,#4935);
#4935 = DEFINITIONAL_REPRESENTATION('',(#4936),#4940);
#4936 = LINE('',#4937,#4938);
#4937 = CARTESIAN_POINT('',(0.,11.6));
#4938 = VECTOR('',#4939,1.);
#4939 = DIRECTION('',(1.,0.));
#4940 = ( GEOMETRIC_REPRESENTATION_CONTEXT(2) 
PARAMETRIC_REPRESENTATION_CONTEXT() REPRESENTATION_CONTEXT('2D SPACE',''
  ) );
#4941 = ORIENTED_EDGE('',*,*,#2876,.F.);
#4942 = ADVANCED_FACE('',(#4943),#2921,.F.);
#4943 = FACE_BOUND('',#4944,.F.);
#4944 = EDGE_LOOP('',(#4945,#4968,#4989,#4990));
#4945 = ORIENTED_EDGE('',*,*,#4946,.F.);
#4946 = EDGE_CURVE('',#4947,#4871,#4949,.T.);
#4947 = VERTEX_POINT('',#4948);
#4948 = CARTESIAN_POINT('',(-85.,13.,40.2));
#4949 = SURFACE_CURVE('',#4950,(#4954,#4961),.PCURVE_S1.);
#4950 = LINE('',#4951,#4952);
#4951 = CARTESIAN_POINT('',(-85.,13.,40.2));
#4952 = VECTOR('',#4953,1.);
#4953 = DIRECTION('',(1.,0.,0.));
#4954 = PCURVE('',#2921,#4955);
#4955 = DEFINITIONAL_REPRESENTATION('',(#4956),#4960);
#4956 = LINE('',#4957,#4958);
#4957 = CARTESIAN_POINT('',(0.,0.));
#4958 = VECTOR('',#4959,1.);
#4959 = DIRECTION('',(0.,1.));
#4960 = ( GEOMETRIC_REPRESENTATION_CONTEXT(2) 
PARAMETRIC_REPRESENTATION_CONTEXT() REPRESENTATION_CONTEXT('2D SPACE',''
  ) );
#4961 = PCURVE('',#4909,#4962);
#4962 = DEFINITIONAL_REPRESENTATION('',(#4963),#4967);
#4963 = LINE('',#4964,#4965);
#4964 = CARTESIAN_POINT('',(0.,0.));
#4965 = VECTOR('',#4966,1.);
#4966 = DIRECTION('',(1.,0.));
#4967 = ( GEOMETRIC_REPRESENTATION_CONTEXT(2) 
PARAMETRIC_REPRESENTATION_CONTEXT() REPRESENTATION_CONTEXT('2D SPACE',''
  ) );
#4968 = ORIENTED_EDGE('',*,*,#4969,.T.);
#4969 = EDGE_CURVE('',#4947,#2906,#4970,.T.);
#4970 = SURFACE_CURVE('',#4971,(#4975,#4982),.PCURVE_S1.);
#4971 = LINE('',#4972,#4973);
#4972 = CARTESIAN_POINT('',(-85.,13.,40.2));
#4973 = VECTOR('',#4974,1.);
#4974 = DIRECTION('',(0.,0.,1.));
#4975 = PCURVE('',#2921,#4976);
#4976 = DEFINITIONAL_REPRESENTATION('',(#4977),#4981);
#4977 = LINE('',#4978,#4979);
#4978 = CARTESIAN_POINT('',(0.,0.));
#4979 = VECTOR('',#4980,1.);
#4980 = DIRECTION('',(1.,0.));
#4981 = ( GEOMETRIC_REPRESENTATION_CONTEXT(2) 
PARAMETRIC_REPRESENTATION_CONTEXT() REPRESENTATION_CONTEXT('2D SPACE',''
  ) );
#4982 = PCURVE('',#2949,#4983);
#4983 = DEFINITIONAL_REPRESENTATION('',(#4984),#4988);
#4984 = LINE('',#4985,#4986);
#4985 = CARTESIAN_POINT('',(0.,0.));
#4986 = VECTOR('',#4987,1.);
#4987 = DIRECTION('',(1.,0.));
#4988 = ( GEOMETRIC_REPRESENTATION_CONTEXT(2) 
PARAMETRIC_REPRESENTATION_CONTEXT() REPRESENTATION_CONTEXT('2D SPACE',''
  ) );
#4989 = ORIENTED_EDGE('',*,*,#2905,.T.);
#4990 = ORIENTED_EDGE('',*,*,#4870,.F.);
#4991 = ADVANCED_FACE('',(#4992),#3029,.T.);
#4992 = FACE_BOUND('',#4993,.T.);
#4993 = EDGE_LOOP('',(#4994,#5017,#5036,#5037));
#4994 = ORIENTED_EDGE('',*,*,#4995,.F.);
#4995 = EDGE_CURVE('',#4996,#4894,#4998,.T.);
#4996 = VERTEX_POINT('',#4997);
#4997 = CARTESIAN_POINT('',(-83.4,14.6,40.2));
#4998 = SURFACE_CURVE('',#4999,(#5003,#5010),.PCURVE_S1.);
#4999 = LINE('',#5000,#5001);
#5000 = CARTESIAN_POINT('',(-85.,14.6,40.2));
#5001 = VECTOR('',#5002,1.);
#5002 = DIRECTION('',(1.,0.,0.));
#5003 = PCURVE('',#3029,#5004);
#5004 = DEFINITIONAL_REPRESENTATION('',(#5005),#5009);
#5005 = LINE('',#5006,#5007);
#5006 = CARTESIAN_POINT('',(0.,0.));
#5007 = VECTOR('',#5008,1.);
#5008 = DIRECTION('',(0.,1.));
#5009 = ( GEOMETRIC_REPRESENTATION_CONTEXT(2) 
PARAMETRIC_REPRESENTATION_CONTEXT() REPRESENTATION_CONTEXT('2D SPACE',''
  ) );
#5010 = PCURVE('',#4909,#5011);
#5011 = DEFINITIONAL_REPRESENTATION('',(#5012),#5016);
#5012 = LINE('',#5013,#5014);
#5013 = CARTESIAN_POINT('',(0.,1.6));
#5014 = VECTOR('',#5015,1.);
#5015 = DIRECTION('',(1.,0.));
#5016 = ( GEOMETRIC_REPRESENTATION_CONTEXT(2) 
PARAMETRIC_REPRESENTATION_CONTEXT() REPRESENTATION_CONTEXT('2D SPACE',''
  ) );
#5017 = ORIENTED_EDGE('',*,*,#5018,.T.);
#5018 = EDGE_CURVE('',#4996,#2989,#5019,.T.);
#5019 = SURFACE_CURVE('',#5020,(#5024,#5030),.PCURVE_S1.);
#5020 = LINE('',#5021,#5022);
#5021 = CARTESIAN_POINT('',(-83.4,14.6,40.2));
#5022 = VECTOR('',#5023,1.);
#5023 = DIRECTION('',(0.,0.,1.));
#5024 = PCURVE('',#3029,#5025);
#5025 = DEFINITIONAL_REPRESENTATION('',(#5026),#5029);
#5026 = B_SPLINE_CURVE_WITH_KNOTS('',1,(#5027,#5028),.UNSPECIFIED.,.F.,
  .F.,(2,2),(0.,14.6),.PIECEWISE_BEZIER_KNOTS.);
#5027 = CARTESIAN_POINT('',(0.,1.6));
#5028 = CARTESIAN_POINT('',(14.6,1.6));
#5029 = ( GEOMETRIC_REPRESENTATION_CONTEXT(2) 
PARAMETRIC_REPRESENTATION_CONTEXT() REPRESENTATION_CONTEXT('2D SPACE',''
  ) );
#5030 = PCURVE('',#3004,#5031);
#5031 = DEFINITIONAL_REPRESENTATION('',(#5032),#5035);
#5032 = B_SPLINE_CURVE_WITH_KNOTS('',1,(#5033,#5034),.UNSPECIFIED.,.F.,
  .F.,(2,2),(0.,14.6),.PIECEWISE_BEZIER_KNOTS.);
#5033 = CARTESIAN_POINT('',(0.,-1.6));
#5034 = CARTESIAN_POINT('',(14.6,-1.6));
#5035 = ( GEOMETRIC_REPRESENTATION_CONTEXT(2) 
PARAMETRIC_REPRESENTATION_CONTEXT() REPRESENTATION_CONTEXT('2D SPACE',''
  ) );
#5036 = ORIENTED_EDGE('',*,*,#3015,.F.);
#5037 = ORIENTED_EDGE('',*,*,#4921,.F.);
#5038 = ADVANCED_FACE('',(#5039),#2949,.F.);
#5039 = FACE_BOUND('',#5040,.F.);
#5040 = EDGE_LOOP('',(#5041,#5042,#5043,#5066));
#5041 = ORIENTED_EDGE('',*,*,#2933,.T.);
#5042 = ORIENTED_EDGE('',*,*,#4969,.F.);
#5043 = ORIENTED_EDGE('',*,*,#5044,.F.);
#5044 = EDGE_CURVE('',#5045,#4947,#5047,.T.);
#5045 = VERTEX_POINT('',#5046);
#5046 = CARTESIAN_POINT('',(-85.,24.6,40.2));
#5047 = SURFACE_CURVE('',#5048,(#5052,#5059),.PCURVE_S1.);
#5048 = LINE('',#5049,#5050);
#5049 = CARTESIAN_POINT('',(-85.,24.6,40.2));
#5050 = VECTOR('',#5051,1.);
#5051 = DIRECTION('',(0.,-1.,0.));
#5052 = PCURVE('',#2949,#5053);
#5053 = DEFINITIONAL_REPRESENTATION('',(#5054),#5058);
#5054 = LINE('',#5055,#5056);
#5055 = CARTESIAN_POINT('',(0.,-11.6));
#5056 = VECTOR('',#5057,1.);
#5057 = DIRECTION('',(0.,1.));
#5058 = ( GEOMETRIC_REPRESENTATION_CONTEXT(2) 
PARAMETRIC_REPRESENTATION_CONTEXT() REPRESENTATION_CONTEXT('2D SPACE',''
  ) );
#5059 = PCURVE('',#4909,#5060);
#5060 = DEFINITIONAL_REPRESENTATION('',(#5061),#5065);
#5061 = LINE('',#5062,#5063);
#5062 = CARTESIAN_POINT('',(0.,11.6));
#5063 = VECTOR('',#5064,1.);
#5064 = DIRECTION('',(0.,-1.));
#5065 = ( GEOMETRIC_REPRESENTATION_CONTEXT(2) 
PARAMETRIC_REPRESENTATION_CONTEXT() REPRESENTATION_CONTEXT('2D SPACE',''
  ) );
#5066 = ORIENTED_EDGE('',*,*,#5067,.T.);
#5067 = EDGE_CURVE('',#5045,#2934,#5068,.T.);
#5068 = SURFACE_CURVE('',#5069,(#5073,#5080),.PCURVE_S1.);
#5069 = LINE('',#5070,#5071);
#5070 = CARTESIAN_POINT('',(-85.,24.6,40.2));
#5071 = VECTOR('',#5072,1.);
#5072 = DIRECTION('',(0.,0.,1.));
#5073 = PCURVE('',#2949,#5074);
#5074 = DEFINITIONAL_REPRESENTATION('',(#5075),#5079);
#5075 = LINE('',#5076,#5077);
#5076 = CARTESIAN_POINT('',(0.,-11.6));
#5077 = VECTOR('',#5078,1.);
#5078 = DIRECTION('',(1.,0.));
#5079 = ( GEOMETRIC_REPRESENTATION_CONTEXT(2) 
PARAMETRIC_REPRESENTATION_CONTEXT() REPRESENTATION_CONTEXT('2D SPACE',''
  ) );
#5080 = PCURVE('',#2977,#5081);
#5081 = DEFINITIONAL_REPRESENTATION('',(#5082),#5086);
#5082 = LINE('',#5083,#5084);
#5083 = CARTESIAN_POINT('',(0.,0.));
#5084 = VECTOR('',#5085,1.);
#5085 = DIRECTION('',(1.,0.));
#5086 = ( GEOMETRIC_REPRESENTATION_CONTEXT(2) 
PARAMETRIC_REPRESENTATION_CONTEXT() REPRESENTATION_CONTEXT('2D SPACE',''
  ) );
#5087 = ADVANCED_FACE('',(#5088),#3004,.T.);
#5088 = FACE_BOUND('',#5089,.T.);
#5089 = EDGE_LOOP('',(#5090,#5091,#5114,#5135));
#5090 = ORIENTED_EDGE('',*,*,#5018,.F.);
#5091 = ORIENTED_EDGE('',*,*,#5092,.T.);
#5092 = EDGE_CURVE('',#4996,#5093,#5095,.T.);
#5093 = VERTEX_POINT('',#5094);
#5094 = CARTESIAN_POINT('',(-83.4,24.6,40.2));
#5095 = SURFACE_CURVE('',#5096,(#5100,#5107),.PCURVE_S1.);
#5096 = LINE('',#5097,#5098);
#5097 = CARTESIAN_POINT('',(-83.4,13.,40.2));
#5098 = VECTOR('',#5099,1.);
#5099 = DIRECTION('',(0.,1.,0.));
#5100 = PCURVE('',#3004,#5101);
#5101 = DEFINITIONAL_REPRESENTATION('',(#5102),#5106);
#5102 = LINE('',#5103,#5104);
#5103 = CARTESIAN_POINT('',(0.,0.));
#5104 = VECTOR('',#5105,1.);
#5105 = DIRECTION('',(0.,-1.));
#5106 = ( GEOMETRIC_REPRESENTATION_CONTEXT(2) 
PARAMETRIC_REPRESENTATION_CONTEXT() REPRESENTATION_CONTEXT('2D SPACE',''
  ) );
#5107 = PCURVE('',#4909,#5108);
#5108 = DEFINITIONAL_REPRESENTATION('',(#5109),#5113);
#5109 = LINE('',#5110,#5111);
#5110 = CARTESIAN_POINT('',(1.6,0.));
#5111 = VECTOR('',#5112,1.);
#5112 = DIRECTION('',(0.,1.));
#5113 = ( GEOMETRIC_REPRESENTATION_CONTEXT(2) 
PARAMETRIC_REPRESENTATION_CONTEXT() REPRESENTATION_CONTEXT('2D SPACE',''
  ) );
#5114 = ORIENTED_EDGE('',*,*,#5115,.T.);
#5115 = EDGE_CURVE('',#5093,#2962,#5116,.T.);
#5116 = SURFACE_CURVE('',#5117,(#5121,#5128),.PCURVE_S1.);
#5117 = LINE('',#5118,#5119);
#5118 = CARTESIAN_POINT('',(-83.4,24.6,40.2));
#5119 = VECTOR('',#5120,1.);
#5120 = DIRECTION('',(0.,0.,1.));
#5121 = PCURVE('',#3004,#5122);
#5122 = DEFINITIONAL_REPRESENTATION('',(#5123),#5127);
#5123 = LINE('',#5124,#5125);
#5124 = CARTESIAN_POINT('',(0.,-11.6));
#5125 = VECTOR('',#5126,1.);
#5126 = DIRECTION('',(1.,0.));
#5127 = ( GEOMETRIC_REPRESENTATION_CONTEXT(2) 
PARAMETRIC_REPRESENTATION_CONTEXT() REPRESENTATION_CONTEXT('2D SPACE',''
  ) );
#5128 = PCURVE('',#2977,#5129);
#5129 = DEFINITIONAL_REPRESENTATION('',(#5130),#5134);
#5130 = LINE('',#5131,#5132);
#5131 = CARTESIAN_POINT('',(0.,1.6));
#5132 = VECTOR('',#5133,1.);
#5133 = DIRECTION('',(1.,0.));
#5134 = ( GEOMETRIC_REPRESENTATION_CONTEXT(2) 
PARAMETRIC_REPRESENTATION_CONTEXT() REPRESENTATION_CONTEXT('2D SPACE',''
  ) );
#5135 = ORIENTED_EDGE('',*,*,#2988,.F.);
#5136 = ADVANCED_FACE('',(#5137),#2977,.T.);
#5137 = FACE_BOUND('',#5138,.T.);
#5138 = EDGE_LOOP('',(#5139,#5140,#5161,#5162));
#5139 = ORIENTED_EDGE('',*,*,#5115,.F.);
#5140 = ORIENTED_EDGE('',*,*,#5141,.F.);
#5141 = EDGE_CURVE('',#5045,#5093,#5142,.T.);
#5142 = SURFACE_CURVE('',#5143,(#5147,#5154),.PCURVE_S1.);
#5143 = LINE('',#5144,#5145);
#5144 = CARTESIAN_POINT('',(-85.,24.6,40.2));
#5145 = VECTOR('',#5146,1.);
#5146 = DIRECTION('',(1.,0.,0.));
#5147 = PCURVE('',#2977,#5148);
#5148 = DEFINITIONAL_REPRESENTATION('',(#5149),#5153);
#5149 = LINE('',#5150,#5151);
#5150 = CARTESIAN_POINT('',(0.,0.));
#5151 = VECTOR('',#5152,1.);
#5152 = DIRECTION('',(0.,1.));
#5153 = ( GEOMETRIC_REPRESENTATION_CONTEXT(2) 
PARAMETRIC_REPRESENTATION_CONTEXT() REPRESENTATION_CONTEXT('2D SPACE',''
  ) );
#5154 = PCURVE('',#4909,#5155);
#5155 = DEFINITIONAL_REPRESENTATION('',(#5156),#5160);
#5156 = LINE('',#5157,#5158);
#5157 = CARTESIAN_POINT('',(0.,11.6));
#5158 = VECTOR('',#5159,1.);
#5159 = DIRECTION('',(1.,0.));
#5160 = ( GEOMETRIC_REPRESENTATION_CONTEXT(2) 
PARAMETRIC_REPRESENTATION_CONTEXT() REPRESENTATION_CONTEXT('2D SPACE',''
  ) );
#5161 = ORIENTED_EDGE('',*,*,#5067,.T.);
#5162 = ORIENTED_EDGE('',*,*,#2961,.F.);
#5163 = ADVANCED_FACE('',(#5164),#3060,.F.);
#5164 = FACE_BOUND('',#5165,.F.);
#5165 = EDGE_LOOP('',(#5166,#5189,#5217,#5238));
#5166 = ORIENTED_EDGE('',*,*,#5167,.F.);
#5167 = EDGE_CURVE('',#5168,#3043,#5170,.T.);
#5168 = VERTEX_POINT('',#5169);
#5169 = CARTESIAN_POINT('',(-49.,24.,54.6));
#5170 = SURFACE_CURVE('',#5171,(#5175,#5182),.PCURVE_S1.);
#5171 = LINE('',#5172,#5173);
#5172 = CARTESIAN_POINT('',(-49.,24.,54.6));
#5173 = VECTOR('',#5174,1.);
#5174 = DIRECTION('',(0.,0.,1.));
#5175 = PCURVE('',#3060,#5176);
#5176 = DEFINITIONAL_REPRESENTATION('',(#5177),#5181);
#5177 = LINE('',#5178,#5179);
#5178 = CARTESIAN_POINT('',(0.,12.));
#5179 = VECTOR('',#5180,1.);
#5180 = DIRECTION('',(1.,0.));
#5181 = ( GEOMETRIC_REPRESENTATION_CONTEXT(2) 
PARAMETRIC_REPRESENTATION_CONTEXT() REPRESENTATION_CONTEXT('2D SPACE',''
  ) );
#5182 = PCURVE('',#3139,#5183);
#5183 = DEFINITIONAL_REPRESENTATION('',(#5184),#5188);
#5184 = LINE('',#5185,#5186);
#5185 = CARTESIAN_POINT('',(0.,0.));
#5186 = VECTOR('',#5187,1.);
#5187 = DIRECTION('',(1.,0.));
#5188 = ( GEOMETRIC_REPRESENTATION_CONTEXT(2) 
PARAMETRIC_REPRESENTATION_CONTEXT() REPRESENTATION_CONTEXT('2D SPACE',''
  ) );
#5189 = ORIENTED_EDGE('',*,*,#5190,.F.);
#5190 = EDGE_CURVE('',#5191,#5168,#5193,.T.);
#5191 = VERTEX_POINT('',#5192);
#5192 = CARTESIAN_POINT('',(-61.,24.,54.6));
#5193 = SURFACE_CURVE('',#5194,(#5198,#5205),.PCURVE_S1.);
#5194 = LINE('',#5195,#5196);
#5195 = CARTESIAN_POINT('',(-61.,24.,54.6));
#5196 = VECTOR('',#5197,1.);
#5197 = DIRECTION('',(1.,0.,0.));
#5198 = PCURVE('',#3060,#5199);
#5199 = DEFINITIONAL_REPRESENTATION('',(#5200),#5204);
#5200 = LINE('',#5201,#5202);
#5201 = CARTESIAN_POINT('',(0.,0.));
#5202 = VECTOR('',#5203,1.);
#5203 = DIRECTION('',(0.,1.));
#5204 = ( GEOMETRIC_REPRESENTATION_CONTEXT(2) 
PARAMETRIC_REPRESENTATION_CONTEXT() REPRESENTATION_CONTEXT('2D SPACE',''
  ) );
#5205 = PCURVE('',#5206,#5211);
#5206 = PLANE('',#5207);
#5207 = AXIS2_PLACEMENT_3D('',#5208,#5209,#5210);
#5208 = CARTESIAN_POINT('',(-61.,24.,54.6));
#5209 = DIRECTION('',(0.,0.,1.));
#5210 = DIRECTION('',(1.,0.,0.));
#5211 = DEFINITIONAL_REPRESENTATION('',(#5212),#5216);
#5212 = LINE('',#5213,#5214);
#5213 = CARTESIAN_POINT('',(0.,0.));
#5214 = VECTOR('',#5215,1.);
#5215 = DIRECTION('',(1.,0.));
#5216 = ( GEOMETRIC_REPRESENTATION_CONTEXT(2) 
PARAMETRIC_REPRESENTATION_CONTEXT() REPRESENTATION_CONTEXT('2D SPACE',''
  ) );
#5217 = ORIENTED_EDGE('',*,*,#5218,.T.);
#5218 = EDGE_CURVE('',#5191,#3045,#5219,.T.);
#5219 = SURFACE_CURVE('',#5220,(#5224,#5231),.PCURVE_S1.);
#5220 = LINE('',#5221,#5222);
#5221 = CARTESIAN_POINT('',(-61.,24.,54.6));
#5222 = VECTOR('',#5223,1.);
#5223 = DIRECTION('',(0.,0.,1.));
#5224 = PCURVE('',#3060,#5225);
#5225 = DEFINITIONAL_REPRESENTATION('',(#5226),#5230);
#5226 = LINE('',#5227,#5228);
#5227 = CARTESIAN_POINT('',(0.,0.));
#5228 = VECTOR('',#5229,1.);
#5229 = DIRECTION('',(1.,0.));
#5230 = ( GEOMETRIC_REPRESENTATION_CONTEXT(2) 
PARAMETRIC_REPRESENTATION_CONTEXT() REPRESENTATION_CONTEXT('2D SPACE',''
  ) );
#5231 = PCURVE('',#3087,#5232);
#5232 = DEFINITIONAL_REPRESENTATION('',(#5233),#5237);
#5233 = LINE('',#5234,#5235);
#5234 = CARTESIAN_POINT('',(0.,0.));
#5235 = VECTOR('',#5236,1.);
#5236 = DIRECTION('',(1.,0.));
#5237 = ( GEOMETRIC_REPRESENTATION_CONTEXT(2) 
PARAMETRIC_REPRESENTATION_CONTEXT() REPRESENTATION_CONTEXT('2D SPACE',''
  ) );
#5238 = ORIENTED_EDGE('',*,*,#3042,.F.);
#5239 = ADVANCED_FACE('',(#5240),#3139,.T.);
#5240 = FACE_BOUND('',#5241,.T.);
#5241 = EDGE_LOOP('',(#5242,#5243,#5266,#5287));
#5242 = ORIENTED_EDGE('',*,*,#5167,.F.);
#5243 = ORIENTED_EDGE('',*,*,#5244,.T.);
#5244 = EDGE_CURVE('',#5168,#5245,#5247,.T.);
#5245 = VERTEX_POINT('',#5246);
#5246 = CARTESIAN_POINT('',(-49.,36.,54.6));
#5247 = SURFACE_CURVE('',#5248,(#5252,#5259),.PCURVE_S1.);
#5248 = LINE('',#5249,#5250);
#5249 = CARTESIAN_POINT('',(-49.,24.,54.6));
#5250 = VECTOR('',#5251,1.);
#5251 = DIRECTION('',(0.,1.,0.));
#5252 = PCURVE('',#3139,#5253);
#5253 = DEFINITIONAL_REPRESENTATION('',(#5254),#5258);
#5254 = LINE('',#5255,#5256);
#5255 = CARTESIAN_POINT('',(0.,0.));
#5256 = VECTOR('',#5257,1.);
#5257 = DIRECTION('',(0.,-1.));
#5258 = ( GEOMETRIC_REPRESENTATION_CONTEXT(2) 
PARAMETRIC_REPRESENTATION_CONTEXT() REPRESENTATION_CONTEXT('2D SPACE',''
  ) );
#5259 = PCURVE('',#5206,#5260);
#5260 = DEFINITIONAL_REPRESENTATION('',(#5261),#5265);
#5261 = LINE('',#5262,#5263);
#5262 = CARTESIAN_POINT('',(12.,0.));
#5263 = VECTOR('',#5264,1.);
#5264 = DIRECTION('',(0.,1.));
#5265 = ( GEOMETRIC_REPRESENTATION_CONTEXT(2) 
PARAMETRIC_REPRESENTATION_CONTEXT() REPRESENTATION_CONTEXT('2D SPACE',''
  ) );
#5266 = ORIENTED_EDGE('',*,*,#5267,.T.);
#5267 = EDGE_CURVE('',#5245,#3099,#5268,.T.);
#5268 = SURFACE_CURVE('',#5269,(#5273,#5280),.PCURVE_S1.);
#5269 = LINE('',#5270,#5271);
#5270 = CARTESIAN_POINT('',(-49.,36.,54.6));
#5271 = VECTOR('',#5272,1.);
#5272 = DIRECTION('',(0.,0.,1.));
#5273 = PCURVE('',#3139,#5274);
#5274 = DEFINITIONAL_REPRESENTATION('',(#5275),#5279);
#5275 = LINE('',#5276,#5277);
#5276 = CARTESIAN_POINT('',(0.,-12.));
#5277 = VECTOR('',#5278,1.);
#5278 = DIRECTION('',(1.,0.));
#5279 = ( GEOMETRIC_REPRESENTATION_CONTEXT(2) 
PARAMETRIC_REPRESENTATION_CONTEXT() REPRESENTATION_CONTEXT('2D SPACE',''
  ) );
#5280 = PCURVE('',#3114,#5281);
#5281 = DEFINITIONAL_REPRESENTATION('',(#5282),#5286);
#5282 = LINE('',#5283,#5284);
#5283 = CARTESIAN_POINT('',(0.,12.));
#5284 = VECTOR('',#5285,1.);
#5285 = DIRECTION('',(1.,0.));
#5286 = ( GEOMETRIC_REPRESENTATION_CONTEXT(2) 
PARAMETRIC_REPRESENTATION_CONTEXT() REPRESENTATION_CONTEXT('2D SPACE',''
  ) );
#5287 = ORIENTED_EDGE('',*,*,#3125,.F.);
#5288 = ADVANCED_FACE('',(#5289),#3087,.F.);
#5289 = FACE_BOUND('',#5290,.F.);
#5290 = EDGE_LOOP('',(#5291,#5292,#5315,#5336));
#5291 = ORIENTED_EDGE('',*,*,#5218,.F.);
#5292 = ORIENTED_EDGE('',*,*,#5293,.T.);
#5293 = EDGE_CURVE('',#5191,#5294,#5296,.T.);
#5294 = VERTEX_POINT('',#5295);
#5295 = CARTESIAN_POINT('',(-61.,36.,54.6));
#5296 = SURFACE_CURVE('',#5297,(#5301,#5308),.PCURVE_S1.);
#5297 = LINE('',#5298,#5299);
#5298 = CARTESIAN_POINT('',(-61.,24.,54.6));
#5299 = VECTOR('',#5300,1.);
#5300 = DIRECTION('',(0.,1.,0.));
#5301 = PCURVE('',#3087,#5302);
#5302 = DEFINITIONAL_REPRESENTATION('',(#5303),#5307);
#5303 = LINE('',#5304,#5305);
#5304 = CARTESIAN_POINT('',(0.,0.));
#5305 = VECTOR('',#5306,1.);
#5306 = DIRECTION('',(0.,-1.));
#5307 = ( GEOMETRIC_REPRESENTATION_CONTEXT(2) 
PARAMETRIC_REPRESENTATION_CONTEXT() REPRESENTATION_CONTEXT('2D SPACE',''
  ) );
#5308 = PCURVE('',#5206,#5309);
#5309 = DEFINITIONAL_REPRESENTATION('',(#5310),#5314);
#5310 = LINE('',#5311,#5312);
#5311 = CARTESIAN_POINT('',(0.,0.));
#5312 = VECTOR('',#5313,1.);
#5313 = DIRECTION('',(0.,1.));
#5314 = ( GEOMETRIC_REPRESENTATION_CONTEXT(2) 
PARAMETRIC_REPRESENTATION_CONTEXT() REPRESENTATION_CONTEXT('2D SPACE',''
  ) );
#5315 = ORIENTED_EDGE('',*,*,#5316,.T.);
#5316 = EDGE_CURVE('',#5294,#3072,#5317,.T.);
#5317 = SURFACE_CURVE('',#5318,(#5322,#5329),.PCURVE_S1.);
#5318 = LINE('',#5319,#5320);
#5319 = CARTESIAN_POINT('',(-61.,36.,54.6));
#5320 = VECTOR('',#5321,1.);
#5321 = DIRECTION('',(0.,0.,1.));
#5322 = PCURVE('',#3087,#5323);
#5323 = DEFINITIONAL_REPRESENTATION('',(#5324),#5328);
#5324 = LINE('',#5325,#5326);
#5325 = CARTESIAN_POINT('',(0.,-12.));
#5326 = VECTOR('',#5327,1.);
#5327 = DIRECTION('',(1.,0.));
#5328 = ( GEOMETRIC_REPRESENTATION_CONTEXT(2) 
PARAMETRIC_REPRESENTATION_CONTEXT() REPRESENTATION_CONTEXT('2D SPACE',''
  ) );
#5329 = PCURVE('',#3114,#5330);
#5330 = DEFINITIONAL_REPRESENTATION('',(#5331),#5335);
#5331 = LINE('',#5332,#5333);
#5332 = CARTESIAN_POINT('',(0.,0.));
#5333 = VECTOR('',#5334,1.);
#5334 = DIRECTION('',(1.,0.));
#5335 = ( GEOMETRIC_REPRESENTATION_CONTEXT(2) 
PARAMETRIC_REPRESENTATION_CONTEXT() REPRESENTATION_CONTEXT('2D SPACE',''
  ) );
#5336 = ORIENTED_EDGE('',*,*,#3071,.F.);
#5337 = ADVANCED_FACE('',(#5338),#3114,.T.);
#5338 = FACE_BOUND('',#5339,.T.);
#5339 = EDGE_LOOP('',(#5340,#5341,#5362,#5363));
#5340 = ORIENTED_EDGE('',*,*,#5267,.F.);
#5341 = ORIENTED_EDGE('',*,*,#5342,.F.);
#5342 = EDGE_CURVE('',#5294,#5245,#5343,.T.);
#5343 = SURFACE_CURVE('',#5344,(#5348,#5355),.PCURVE_S1.);
#5344 = LINE('',#5345,#5346);
#5345 = CARTESIAN_POINT('',(-61.,36.,54.6));
#5346 = VECTOR('',#5347,1.);
#5347 = DIRECTION('',(1.,0.,0.));
#5348 = PCURVE('',#3114,#5349);
#5349 = DEFINITIONAL_REPRESENTATION('',(#5350),#5354);
#5350 = LINE('',#5351,#5352);
#5351 = CARTESIAN_POINT('',(0.,0.));
#5352 = VECTOR('',#5353,1.);
#5353 = DIRECTION('',(0.,1.));
#5354 = ( GEOMETRIC_REPRESENTATION_CONTEXT(2) 
PARAMETRIC_REPRESENTATION_CONTEXT() REPRESENTATION_CONTEXT('2D SPACE',''
  ) );
#5355 = PCURVE('',#5206,#5356);
#5356 = DEFINITIONAL_REPRESENTATION('',(#5357),#5361);
#5357 = LINE('',#5358,#5359);
#5358 = CARTESIAN_POINT('',(0.,12.));
#5359 = VECTOR('',#5360,1.);
#5360 = DIRECTION('',(1.,0.));
#5361 = ( GEOMETRIC_REPRESENTATION_CONTEXT(2) 
PARAMETRIC_REPRESENTATION_CONTEXT() REPRESENTATION_CONTEXT('2D SPACE',''
  ) );
#5362 = ORIENTED_EDGE('',*,*,#5316,.T.);
#5363 = ORIENTED_EDGE('',*,*,#3098,.F.);
#5364 = ADVANCED_FACE('',(#5365),#3170,.F.);
#5365 = FACE_BOUND('',#5366,.F.);
#5366 = EDGE_LOOP('',(#5367,#5390,#5418,#5439));
#5367 = ORIENTED_EDGE('',*,*,#5368,.F.);
#5368 = EDGE_CURVE('',#5369,#3153,#5371,.T.);
#5369 = VERTEX_POINT('',#5370);
#5370 = CARTESIAN_POINT('',(61.,24.,54.6));
#5371 = SURFACE_CURVE('',#5372,(#5376,#5383),.PCURVE_S1.);
#5372 = LINE('',#5373,#5374);
#5373 = CARTESIAN_POINT('',(61.,24.,54.6));
#5374 = VECTOR('',#5375,1.);
#5375 = DIRECTION('',(0.,0.,1.));
#5376 = PCURVE('',#3170,#5377);
#5377 = DEFINITIONAL_REPRESENTATION('',(#5378),#5382);
#5378 = LINE('',#5379,#5380);
#5379 = CARTESIAN_POINT('',(0.,12.));
#5380 = VECTOR('',#5381,1.);
#5381 = DIRECTION('',(1.,0.));
#5382 = ( GEOMETRIC_REPRESENTATION_CONTEXT(2) 
PARAMETRIC_REPRESENTATION_CONTEXT() REPRESENTATION_CONTEXT('2D SPACE',''
  ) );
#5383 = PCURVE('',#3249,#5384);
#5384 = DEFINITIONAL_REPRESENTATION('',(#5385),#5389);
#5385 = LINE('',#5386,#5387);
#5386 = CARTESIAN_POINT('',(0.,0.));
#5387 = VECTOR('',#5388,1.);
#5388 = DIRECTION('',(1.,0.));
#5389 = ( GEOMETRIC_REPRESENTATION_CONTEXT(2) 
PARAMETRIC_REPRESENTATION_CONTEXT() REPRESENTATION_CONTEXT('2D SPACE',''
  ) );
#5390 = ORIENTED_EDGE('',*,*,#5391,.F.);
#5391 = EDGE_CURVE('',#5392,#5369,#5394,.T.);
#5392 = VERTEX_POINT('',#5393);
#5393 = CARTESIAN_POINT('',(49.,24.,54.6));
#5394 = SURFACE_CURVE('',#5395,(#5399,#5406),.PCURVE_S1.);
#5395 = LINE('',#5396,#5397);
#5396 = CARTESIAN_POINT('',(49.,24.,54.6));
#5397 = VECTOR('',#5398,1.);
#5398 = DIRECTION('',(1.,0.,0.));
#5399 = PCURVE('',#3170,#5400);
#5400 = DEFINITIONAL_REPRESENTATION('',(#5401),#5405);
#5401 = LINE('',#5402,#5403);
#5402 = CARTESIAN_POINT('',(0.,0.));
#5403 = VECTOR('',#5404,1.);
#5404 = DIRECTION('',(0.,1.));
#5405 = ( GEOMETRIC_REPRESENTATION_CONTEXT(2) 
PARAMETRIC_REPRESENTATION_CONTEXT() REPRESENTATION_CONTEXT('2D SPACE',''
  ) );
#5406 = PCURVE('',#5407,#5412);
#5407 = PLANE('',#5408);
#5408 = AXIS2_PLACEMENT_3D('',#5409,#5410,#5411);
#5409 = CARTESIAN_POINT('',(49.,24.,54.6));
#5410 = DIRECTION('',(0.,0.,1.));
#5411 = DIRECTION('',(1.,0.,0.));
#5412 = DEFINITIONAL_REPRESENTATION('',(#5413),#5417);
#5413 = LINE('',#5414,#5415);
#5414 = CARTESIAN_POINT('',(0.,0.));
#5415 = VECTOR('',#5416,1.);
#5416 = DIRECTION('',(1.,0.));
#5417 = ( GEOMETRIC_REPRESENTATION_CONTEXT(2) 
PARAMETRIC_REPRESENTATION_CONTEXT() REPRESENTATION_CONTEXT('2D SPACE',''
  ) );
#5418 = ORIENTED_EDGE('',*,*,#5419,.T.);
#5419 = EDGE_CURVE('',#5392,#3155,#5420,.T.);
#5420 = SURFACE_CURVE('',#5421,(#5425,#5432),.PCURVE_S1.);
#5421 = LINE('',#5422,#5423);
#5422 = CARTESIAN_POINT('',(49.,24.,54.6));
#5423 = VECTOR('',#5424,1.);
#5424 = DIRECTION('',(0.,0.,1.));
#5425 = PCURVE('',#3170,#5426);
#5426 = DEFINITIONAL_REPRESENTATION('',(#5427),#5431);
#5427 = LINE('',#5428,#5429);
#5428 = CARTESIAN_POINT('',(0.,0.));
#5429 = VECTOR('',#5430,1.);
#5430 = DIRECTION('',(1.,0.));
#5431 = ( GEOMETRIC_REPRESENTATION_CONTEXT(2) 
PARAMETRIC_REPRESENTATION_CONTEXT() REPRESENTATION_CONTEXT('2D SPACE',''
  ) );
#5432 = PCURVE('',#3197,#5433);
#5433 = DEFINITIONAL_REPRESENTATION('',(#5434),#5438);
#5434 = LINE('',#5435,#5436);
#5435 = CARTESIAN_POINT('',(0.,0.));
#5436 = VECTOR('',#5437,1.);
#5437 = DIRECTION('',(1.,0.));
#5438 = ( GEOMETRIC_REPRESENTATION_CONTEXT(2) 
PARAMETRIC_REPRESENTATION_CONTEXT() REPRESENTATION_CONTEXT('2D SPACE',''
  ) );
#5439 = ORIENTED_EDGE('',*,*,#3152,.F.);
#5440 = ADVANCED_FACE('',(#5441),#3249,.T.);
#5441 = FACE_BOUND('',#5442,.T.);
#5442 = EDGE_LOOP('',(#5443,#5444,#5467,#5488));
#5443 = ORIENTED_EDGE('',*,*,#5368,.F.);
#5444 = ORIENTED_EDGE('',*,*,#5445,.T.);
#5445 = EDGE_CURVE('',#5369,#5446,#5448,.T.);
#5446 = VERTEX_POINT('',#5447);
#5447 = CARTESIAN_POINT('',(61.,36.,54.6));
#5448 = SURFACE_CURVE('',#5449,(#5453,#5460),.PCURVE_S1.);
#5449 = LINE('',#5450,#5451);
#5450 = CARTESIAN_POINT('',(61.,24.,54.6));
#5451 = VECTOR('',#5452,1.);
#5452 = DIRECTION('',(0.,1.,0.));
#5453 = PCURVE('',#3249,#5454);
#5454 = DEFINITIONAL_REPRESENTATION('',(#5455),#5459);
#5455 = LINE('',#5456,#5457);
#5456 = CARTESIAN_POINT('',(0.,0.));
#5457 = VECTOR('',#5458,1.);
#5458 = DIRECTION('',(0.,-1.));
#5459 = ( GEOMETRIC_REPRESENTATION_CONTEXT(2) 
PARAMETRIC_REPRESENTATION_CONTEXT() REPRESENTATION_CONTEXT('2D SPACE',''
  ) );
#5460 = PCURVE('',#5407,#5461);
#5461 = DEFINITIONAL_REPRESENTATION('',(#5462),#5466);
#5462 = LINE('',#5463,#5464);
#5463 = CARTESIAN_POINT('',(12.,0.));
#5464 = VECTOR('',#5465,1.);
#5465 = DIRECTION('',(0.,1.));
#5466 = ( GEOMETRIC_REPRESENTATION_CONTEXT(2) 
PARAMETRIC_REPRESENTATION_CONTEXT() REPRESENTATION_CONTEXT('2D SPACE',''
  ) );
#5467 = ORIENTED_EDGE('',*,*,#5468,.T.);
#5468 = EDGE_CURVE('',#5446,#3209,#5469,.T.);
#5469 = SURFACE_CURVE('',#5470,(#5474,#5481),.PCURVE_S1.);
#5470 = LINE('',#5471,#5472);
#5471 = CARTESIAN_POINT('',(61.,36.,54.6));
#5472 = VECTOR('',#5473,1.);
#5473 = DIRECTION('',(0.,0.,1.));
#5474 = PCURVE('',#3249,#5475);
#5475 = DEFINITIONAL_REPRESENTATION('',(#5476),#5480);
#5476 = LINE('',#5477,#5478);
#5477 = CARTESIAN_POINT('',(0.,-12.));
#5478 = VECTOR('',#5479,1.);
#5479 = DIRECTION('',(1.,0.));
#5480 = ( GEOMETRIC_REPRESENTATION_CONTEXT(2) 
PARAMETRIC_REPRESENTATION_CONTEXT() REPRESENTATION_CONTEXT('2D SPACE',''
  ) );
#5481 = PCURVE('',#3224,#5482);
#5482 = DEFINITIONAL_REPRESENTATION('',(#5483),#5487);
#5483 = LINE('',#5484,#5485);
#5484 = CARTESIAN_POINT('',(0.,12.));
#5485 = VECTOR('',#5486,1.);
#5486 = DIRECTION('',(1.,0.));
#5487 = ( GEOMETRIC_REPRESENTATION_CONTEXT(2) 
PARAMETRIC_REPRESENTATION_CONTEXT() REPRESENTATION_CONTEXT('2D SPACE',''
  ) );
#5488 = ORIENTED_EDGE('',*,*,#3235,.F.);
#5489 = ADVANCED_FACE('',(#5490),#3197,.F.);
#5490 = FACE_BOUND('',#5491,.F.);
#5491 = EDGE_LOOP('',(#5492,#5493,#5516,#5537));
#5492 = ORIENTED_EDGE('',*,*,#5419,.F.);
#5493 = ORIENTED_EDGE('',*,*,#5494,.T.);
#5494 = EDGE_CURVE('',#5392,#5495,#5497,.T.);
#5495 = VERTEX_POINT('',#5496);
#5496 = CARTESIAN_POINT('',(49.,36.,54.6));
#5497 = SURFACE_CURVE('',#5498,(#5502,#5509),.PCURVE_S1.);
#5498 = LINE('',#5499,#5500);
#5499 = CARTESIAN_POINT('',(49.,24.,54.6));
#5500 = VECTOR('',#5501,1.);
#5501 = DIRECTION('',(0.,1.,0.));
#5502 = PCURVE('',#3197,#5503);
#5503 = DEFINITIONAL_REPRESENTATION('',(#5504),#5508);
#5504 = LINE('',#5505,#5506);
#5505 = CARTESIAN_POINT('',(0.,0.));
#5506 = VECTOR('',#5507,1.);
#5507 = DIRECTION('',(0.,-1.));
#5508 = ( GEOMETRIC_REPRESENTATION_CONTEXT(2) 
PARAMETRIC_REPRESENTATION_CONTEXT() REPRESENTATION_CONTEXT('2D SPACE',''
  ) );
#5509 = PCURVE('',#5407,#5510);
#5510 = DEFINITIONAL_REPRESENTATION('',(#5511),#5515);
#5511 = LINE('',#5512,#5513);
#5512 = CARTESIAN_POINT('',(0.,0.));
#5513 = VECTOR('',#5514,1.);
#5514 = DIRECTION('',(0.,1.));
#5515 = ( GEOMETRIC_REPRESENTATION_CONTEXT(2) 
PARAMETRIC_REPRESENTATION_CONTEXT() REPRESENTATION_CONTEXT('2D SPACE',''
  ) );
#5516 = ORIENTED_EDGE('',*,*,#5517,.T.);
#5517 = EDGE_CURVE('',#5495,#3182,#5518,.T.);
#5518 = SURFACE_CURVE('',#5519,(#5523,#5530),.PCURVE_S1.);
#5519 = LINE('',#5520,#5521);
#5520 = CARTESIAN_POINT('',(49.,36.,54.6));
#5521 = VECTOR('',#5522,1.);
#5522 = DIRECTION('',(0.,0.,1.));
#5523 = PCURVE('',#3197,#5524);
#5524 = DEFINITIONAL_REPRESENTATION('',(#5525),#5529);
#5525 = LINE('',#5526,#5527);
#5526 = CARTESIAN_POINT('',(0.,-12.));
#5527 = VECTOR('',#5528,1.);
#5528 = DIRECTION('',(1.,0.));
#5529 = ( GEOMETRIC_REPRESENTATION_CONTEXT(2) 
PARAMETRIC_REPRESENTATION_CONTEXT() REPRESENTATION_CONTEXT('2D SPACE',''
  ) );
#5530 = PCURVE('',#3224,#5531);
#5531 = DEFINITIONAL_REPRESENTATION('',(#5532),#5536);
#5532 = LINE('',#5533,#5534);
#5533 = CARTESIAN_POINT('',(0.,0.));
#5534 = VECTOR('',#5535,1.);
#5535 = DIRECTION('',(1.,0.));
#5536 = ( GEOMETRIC_REPRESENTATION_CONTEXT(2) 
PARAMETRIC_REPRESENTATION_CONTEXT() REPRESENTATION_CONTEXT('2D SPACE',''
  ) );
#5537 = ORIENTED_EDGE('',*,*,#3181,.F.);
#5538 = ADVANCED_FACE('',(#5539),#3224,.T.);
#5539 = FACE_BOUND('',#5540,.T.);
#5540 = EDGE_LOOP('',(#5541,#5542,#5563,#5564));
#5541 = ORIENTED_EDGE('',*,*,#5468,.F.);
#5542 = ORIENTED_EDGE('',*,*,#5543,.F.);
#5543 = EDGE_CURVE('',#5495,#5446,#5544,.T.);
#5544 = SURFACE_CURVE('',#5545,(#5549,#5556),.PCURVE_S1.);
#5545 = LINE('',#5546,#5547);
#5546 = CARTESIAN_POINT('',(49.,36.,54.6));
#5547 = VECTOR('',#5548,1.);
#5548 = DIRECTION('',(1.,0.,0.));
#5549 = PCURVE('',#3224,#5550);
#5550 = DEFINITIONAL_REPRESENTATION('',(#5551),#5555);
#5551 = LINE('',#5552,#5553);
#5552 = CARTESIAN_POINT('',(0.,0.));
#5553 = VECTOR('',#5554,1.);
#5554 = DIRECTION('',(0.,1.));
#5555 = ( GEOMETRIC_REPRESENTATION_CONTEXT(2) 
PARAMETRIC_REPRESENTATION_CONTEXT() REPRESENTATION_CONTEXT('2D SPACE',''
  ) );
#5556 = PCURVE('',#5407,#5557);
#5557 = DEFINITIONAL_REPRESENTATION('',(#5558),#5562);
#5558 = LINE('',#5559,#5560);
#5559 = CARTESIAN_POINT('',(0.,12.));
#5560 = VECTOR('',#5561,1.);
#5561 = DIRECTION('',(1.,0.));
#5562 = ( GEOMETRIC_REPRESENTATION_CONTEXT(2) 
PARAMETRIC_REPRESENTATION_CONTEXT() REPRESENTATION_CONTEXT('2D SPACE',''
  ) );
#5563 = ORIENTED_EDGE('',*,*,#5517,.T.);
#5564 = ORIENTED_EDGE('',*,*,#3208,.F.);
#5565 = ADVANCED_FACE('',(#5566),#3280,.T.);
#5566 = FACE_BOUND('',#5567,.T.);
#5567 = EDGE_LOOP('',(#5568,#5591,#5619,#5640));
#5568 = ORIENTED_EDGE('',*,*,#5569,.F.);
#5569 = EDGE_CURVE('',#5570,#3263,#5572,.T.);
#5570 = VERTEX_POINT('',#5571);
#5571 = CARTESIAN_POINT('',(85.,13.,40.2));
#5572 = SURFACE_CURVE('',#5573,(#5577,#5584),.PCURVE_S1.);
#5573 = LINE('',#5574,#5575);
#5574 = CARTESIAN_POINT('',(85.,13.,40.2));
#5575 = VECTOR('',#5576,1.);
#5576 = DIRECTION('',(0.,0.,1.));
#5577 = PCURVE('',#3280,#5578);
#5578 = DEFINITIONAL_REPRESENTATION('',(#5579),#5583);
#5579 = LINE('',#5580,#5581);
#5580 = CARTESIAN_POINT('',(0.,0.));
#5581 = VECTOR('',#5582,1.);
#5582 = DIRECTION('',(1.,0.));
#5583 = ( GEOMETRIC_REPRESENTATION_CONTEXT(2) 
PARAMETRIC_REPRESENTATION_CONTEXT() REPRESENTATION_CONTEXT('2D SPACE',''
  ) );
#5584 = PCURVE('',#3308,#5585);
#5585 = DEFINITIONAL_REPRESENTATION('',(#5586),#5590);
#5586 = LINE('',#5587,#5588);
#5587 = CARTESIAN_POINT('',(0.,11.6));
#5588 = VECTOR('',#5589,1.);
#5589 = DIRECTION('',(1.,0.));
#5590 = ( GEOMETRIC_REPRESENTATION_CONTEXT(2) 
PARAMETRIC_REPRESENTATION_CONTEXT() REPRESENTATION_CONTEXT('2D SPACE',''
  ) );
#5591 = ORIENTED_EDGE('',*,*,#5592,.T.);
#5592 = EDGE_CURVE('',#5570,#5593,#5595,.T.);
#5593 = VERTEX_POINT('',#5594);
#5594 = CARTESIAN_POINT('',(85.,24.6,40.2));
#5595 = SURFACE_CURVE('',#5596,(#5600,#5607),.PCURVE_S1.);
#5596 = LINE('',#5597,#5598);
#5597 = CARTESIAN_POINT('',(85.,13.,40.2));
#5598 = VECTOR('',#5599,1.);
#5599 = DIRECTION('',(0.,1.,0.));
#5600 = PCURVE('',#3280,#5601);
#5601 = DEFINITIONAL_REPRESENTATION('',(#5602),#5606);
#5602 = LINE('',#5603,#5604);
#5603 = CARTESIAN_POINT('',(0.,0.));
#5604 = VECTOR('',#5605,1.);
#5605 = DIRECTION('',(0.,-1.));
#5606 = ( GEOMETRIC_REPRESENTATION_CONTEXT(2) 
PARAMETRIC_REPRESENTATION_CONTEXT() REPRESENTATION_CONTEXT('2D SPACE',''
  ) );
#5607 = PCURVE('',#5608,#5613);
#5608 = PLANE('',#5609);
#5609 = AXIS2_PLACEMENT_3D('',#5610,#5611,#5612);
#5610 = CARTESIAN_POINT('',(83.4,13.,40.2));
#5611 = DIRECTION('',(0.,0.,1.));
#5612 = DIRECTION('',(1.,0.,0.));
#5613 = DEFINITIONAL_REPRESENTATION('',(#5614),#5618);
#5614 = LINE('',#5615,#5616);
#5615 = CARTESIAN_POINT('',(1.6,0.));
#5616 = VECTOR('',#5617,1.);
#5617 = DIRECTION('',(0.,1.));
#5618 = ( GEOMETRIC_REPRESENTATION_CONTEXT(2) 
PARAMETRIC_REPRESENTATION_CONTEXT() REPRESENTATION_CONTEXT('2D SPACE',''
  ) );
#5619 = ORIENTED_EDGE('',*,*,#5620,.T.);
#5620 = EDGE_CURVE('',#5593,#3265,#5621,.T.);
#5621 = SURFACE_CURVE('',#5622,(#5626,#5633),.PCURVE_S1.);
#5622 = LINE('',#5623,#5624);
#5623 = CARTESIAN_POINT('',(85.,24.6,40.2));
#5624 = VECTOR('',#5625,1.);
#5625 = DIRECTION('',(0.,0.,1.));
#5626 = PCURVE('',#3280,#5627);
#5627 = DEFINITIONAL_REPRESENTATION('',(#5628),#5632);
#5628 = LINE('',#5629,#5630);
#5629 = CARTESIAN_POINT('',(0.,-11.6));
#5630 = VECTOR('',#5631,1.);
#5631 = DIRECTION('',(1.,0.));
#5632 = ( GEOMETRIC_REPRESENTATION_CONTEXT(2) 
PARAMETRIC_REPRESENTATION_CONTEXT() REPRESENTATION_CONTEXT('2D SPACE',''
  ) );
#5633 = PCURVE('',#3415,#5634);
#5634 = DEFINITIONAL_REPRESENTATION('',(#5635),#5639);
#5635 = LINE('',#5636,#5637);
#5636 = CARTESIAN_POINT('',(0.,1.6));
#5637 = VECTOR('',#5638,1.);
#5638 = DIRECTION('',(1.,0.));
#5639 = ( GEOMETRIC_REPRESENTATION_CONTEXT(2) 
PARAMETRIC_REPRESENTATION_CONTEXT() REPRESENTATION_CONTEXT('2D SPACE',''
  ) );
#5640 = ORIENTED_EDGE('',*,*,#3262,.F.);
#5641 = ADVANCED_FACE('',(#5642),#3308,.F.);
#5642 = FACE_BOUND('',#5643,.F.);
#5643 = EDGE_LOOP('',(#5644,#5667,#5688,#5689));
#5644 = ORIENTED_EDGE('',*,*,#5645,.F.);
#5645 = EDGE_CURVE('',#5646,#5570,#5648,.T.);
#5646 = VERTEX_POINT('',#5647);
#5647 = CARTESIAN_POINT('',(73.4,13.,40.2));
#5648 = SURFACE_CURVE('',#5649,(#5653,#5660),.PCURVE_S1.);
#5649 = LINE('',#5650,#5651);
#5650 = CARTESIAN_POINT('',(73.4,13.,40.2));
#5651 = VECTOR('',#5652,1.);
#5652 = DIRECTION('',(1.,0.,0.));
#5653 = PCURVE('',#3308,#5654);
#5654 = DEFINITIONAL_REPRESENTATION('',(#5655),#5659);
#5655 = LINE('',#5656,#5657);
#5656 = CARTESIAN_POINT('',(0.,0.));
#5657 = VECTOR('',#5658,1.);
#5658 = DIRECTION('',(0.,1.));
#5659 = ( GEOMETRIC_REPRESENTATION_CONTEXT(2) 
PARAMETRIC_REPRESENTATION_CONTEXT() REPRESENTATION_CONTEXT('2D SPACE',''
  ) );
#5660 = PCURVE('',#5608,#5661);
#5661 = DEFINITIONAL_REPRESENTATION('',(#5662),#5666);
#5662 = LINE('',#5663,#5664);
#5663 = CARTESIAN_POINT('',(-10.,0.));
#5664 = VECTOR('',#5665,1.);
#5665 = DIRECTION('',(1.,0.));
#5666 = ( GEOMETRIC_REPRESENTATION_CONTEXT(2) 
PARAMETRIC_REPRESENTATION_CONTEXT() REPRESENTATION_CONTEXT('2D SPACE',''
  ) );
#5667 = ORIENTED_EDGE('',*,*,#5668,.T.);
#5668 = EDGE_CURVE('',#5646,#3293,#5669,.T.);
#5669 = SURFACE_CURVE('',#5670,(#5674,#5681),.PCURVE_S1.);
#5670 = LINE('',#5671,#5672);
#5671 = CARTESIAN_POINT('',(73.4,13.,40.2));
#5672 = VECTOR('',#5673,1.);
#5673 = DIRECTION('',(0.,0.,1.));
#5674 = PCURVE('',#3308,#5675);
#5675 = DEFINITIONAL_REPRESENTATION('',(#5676),#5680);
#5676 = LINE('',#5677,#5678);
#5677 = CARTESIAN_POINT('',(0.,0.));
#5678 = VECTOR('',#5679,1.);
#5679 = DIRECTION('',(1.,0.));
#5680 = ( GEOMETRIC_REPRESENTATION_CONTEXT(2) 
PARAMETRIC_REPRESENTATION_CONTEXT() REPRESENTATION_CONTEXT('2D SPACE',''
  ) );
#5681 = PCURVE('',#3336,#5682);
#5682 = DEFINITIONAL_REPRESENTATION('',(#5683),#5687);
#5683 = LINE('',#5684,#5685);
#5684 = CARTESIAN_POINT('',(0.,0.));
#5685 = VECTOR('',#5686,1.);
#5686 = DIRECTION('',(1.,0.));
#5687 = ( GEOMETRIC_REPRESENTATION_CONTEXT(2) 
PARAMETRIC_REPRESENTATION_CONTEXT() REPRESENTATION_CONTEXT('2D SPACE',''
  ) );
#5688 = ORIENTED_EDGE('',*,*,#3292,.T.);
#5689 = ORIENTED_EDGE('',*,*,#5569,.F.);
#5690 = ADVANCED_FACE('',(#5691),#3415,.T.);
#5691 = FACE_BOUND('',#5692,.T.);
#5692 = EDGE_LOOP('',(#5693,#5694,#5717,#5738));
#5693 = ORIENTED_EDGE('',*,*,#5620,.F.);
#5694 = ORIENTED_EDGE('',*,*,#5695,.F.);
#5695 = EDGE_CURVE('',#5696,#5593,#5698,.T.);
#5696 = VERTEX_POINT('',#5697);
#5697 = CARTESIAN_POINT('',(83.4,24.6,40.2));
#5698 = SURFACE_CURVE('',#5699,(#5703,#5710),.PCURVE_S1.);
#5699 = LINE('',#5700,#5701);
#5700 = CARTESIAN_POINT('',(83.4,24.6,40.2));
#5701 = VECTOR('',#5702,1.);
#5702 = DIRECTION('',(1.,0.,0.));
#5703 = PCURVE('',#3415,#5704);
#5704 = DEFINITIONAL_REPRESENTATION('',(#5705),#5709);
#5705 = LINE('',#5706,#5707);
#5706 = CARTESIAN_POINT('',(0.,0.));
#5707 = VECTOR('',#5708,1.);
#5708 = DIRECTION('',(0.,1.));
#5709 = ( GEOMETRIC_REPRESENTATION_CONTEXT(2) 
PARAMETRIC_REPRESENTATION_CONTEXT() REPRESENTATION_CONTEXT('2D SPACE',''
  ) );
#5710 = PCURVE('',#5608,#5711);
#5711 = DEFINITIONAL_REPRESENTATION('',(#5712),#5716);
#5712 = LINE('',#5713,#5714);
#5713 = CARTESIAN_POINT('',(0.,11.6));
#5714 = VECTOR('',#5715,1.);
#5715 = DIRECTION('',(1.,0.));
#5716 = ( GEOMETRIC_REPRESENTATION_CONTEXT(2) 
PARAMETRIC_REPRESENTATION_CONTEXT() REPRESENTATION_CONTEXT('2D SPACE',''
  ) );
#5717 = ORIENTED_EDGE('',*,*,#5718,.T.);
#5718 = EDGE_CURVE('',#5696,#3375,#5719,.T.);
#5719 = SURFACE_CURVE('',#5720,(#5724,#5731),.PCURVE_S1.);
#5720 = LINE('',#5721,#5722);
#5721 = CARTESIAN_POINT('',(83.4,24.6,40.2));
#5722 = VECTOR('',#5723,1.);
#5723 = DIRECTION('',(0.,0.,1.));
#5724 = PCURVE('',#3415,#5725);
#5725 = DEFINITIONAL_REPRESENTATION('',(#5726),#5730);
#5726 = LINE('',#5727,#5728);
#5727 = CARTESIAN_POINT('',(0.,0.));
#5728 = VECTOR('',#5729,1.);
#5729 = DIRECTION('',(1.,0.));
#5730 = ( GEOMETRIC_REPRESENTATION_CONTEXT(2) 
PARAMETRIC_REPRESENTATION_CONTEXT() REPRESENTATION_CONTEXT('2D SPACE',''
  ) );
#5731 = PCURVE('',#3390,#5732);
#5732 = DEFINITIONAL_REPRESENTATION('',(#5733),#5737);
#5733 = LINE('',#5734,#5735);
#5734 = CARTESIAN_POINT('',(0.,-11.6));
#5735 = VECTOR('',#5736,1.);
#5736 = DIRECTION('',(1.,0.));
#5737 = ( GEOMETRIC_REPRESENTATION_CONTEXT(2) 
PARAMETRIC_REPRESENTATION_CONTEXT() REPRESENTATION_CONTEXT('2D SPACE',''
  ) );
#5738 = ORIENTED_EDGE('',*,*,#3401,.F.);
#5739 = ADVANCED_FACE('',(#5740),#3336,.F.);
#5740 = FACE_BOUND('',#5741,.F.);
#5741 = EDGE_LOOP('',(#5742,#5743,#5766,#5787));
#5742 = ORIENTED_EDGE('',*,*,#5668,.F.);
#5743 = ORIENTED_EDGE('',*,*,#5744,.T.);
#5744 = EDGE_CURVE('',#5646,#5745,#5747,.T.);
#5745 = VERTEX_POINT('',#5746);
#5746 = CARTESIAN_POINT('',(73.4,14.6,40.2));
#5747 = SURFACE_CURVE('',#5748,(#5752,#5759),.PCURVE_S1.);
#5748 = LINE('',#5749,#5750);
#5749 = CARTESIAN_POINT('',(73.4,13.,40.2));
#5750 = VECTOR('',#5751,1.);
#5751 = DIRECTION('',(0.,1.,0.));
#5752 = PCURVE('',#3336,#5753);
#5753 = DEFINITIONAL_REPRESENTATION('',(#5754),#5758);
#5754 = LINE('',#5755,#5756);
#5755 = CARTESIAN_POINT('',(0.,0.));
#5756 = VECTOR('',#5757,1.);
#5757 = DIRECTION('',(0.,-1.));
#5758 = ( GEOMETRIC_REPRESENTATION_CONTEXT(2) 
PARAMETRIC_REPRESENTATION_CONTEXT() REPRESENTATION_CONTEXT('2D SPACE',''
  ) );
#5759 = PCURVE('',#5608,#5760);
#5760 = DEFINITIONAL_REPRESENTATION('',(#5761),#5765);
#5761 = LINE('',#5762,#5763);
#5762 = CARTESIAN_POINT('',(-10.,0.));
#5763 = VECTOR('',#5764,1.);
#5764 = DIRECTION('',(0.,1.));
#5765 = ( GEOMETRIC_REPRESENTATION_CONTEXT(2) 
PARAMETRIC_REPRESENTATION_CONTEXT() REPRESENTATION_CONTEXT('2D SPACE',''
  ) );
#5766 = ORIENTED_EDGE('',*,*,#5767,.T.);
#5767 = EDGE_CURVE('',#5745,#3321,#5768,.T.);
#5768 = SURFACE_CURVE('',#5769,(#5773,#5780),.PCURVE_S1.);
#5769 = LINE('',#5770,#5771);
#5770 = CARTESIAN_POINT('',(73.4,14.6,40.2));
#5771 = VECTOR('',#5772,1.);
#5772 = DIRECTION('',(0.,0.,1.));
#5773 = PCURVE('',#3336,#5774);
#5774 = DEFINITIONAL_REPRESENTATION('',(#5775),#5779);
#5775 = LINE('',#5776,#5777);
#5776 = CARTESIAN_POINT('',(0.,-1.6));
#5777 = VECTOR('',#5778,1.);
#5778 = DIRECTION('',(1.,0.));
#5779 = ( GEOMETRIC_REPRESENTATION_CONTEXT(2) 
PARAMETRIC_REPRESENTATION_CONTEXT() REPRESENTATION_CONTEXT('2D SPACE',''
  ) );
#5780 = PCURVE('',#3363,#5781);
#5781 = DEFINITIONAL_REPRESENTATION('',(#5782),#5786);
#5782 = LINE('',#5783,#5784);
#5783 = CARTESIAN_POINT('',(0.,0.));
#5784 = VECTOR('',#5785,1.);
#5785 = DIRECTION('',(1.,0.));
#5786 = ( GEOMETRIC_REPRESENTATION_CONTEXT(2) 
PARAMETRIC_REPRESENTATION_CONTEXT() REPRESENTATION_CONTEXT('2D SPACE',''
  ) );
#5787 = ORIENTED_EDGE('',*,*,#3320,.F.);
#5788 = ADVANCED_FACE('',(#5789),#3390,.F.);
#5789 = FACE_BOUND('',#5790,.F.);
#5790 = EDGE_LOOP('',(#5791,#5812,#5833,#5834));
#5791 = ORIENTED_EDGE('',*,*,#5792,.F.);
#5792 = EDGE_CURVE('',#5793,#3348,#5795,.T.);
#5793 = VERTEX_POINT('',#5794);
#5794 = CARTESIAN_POINT('',(83.4,14.6,40.2));
#5795 = SURFACE_CURVE('',#5796,(#5800,#5806),.PCURVE_S1.);
#5796 = LINE('',#5797,#5798);
#5797 = CARTESIAN_POINT('',(83.4,14.6,40.2));
#5798 = VECTOR('',#5799,1.);
#5799 = DIRECTION('',(0.,0.,1.));
#5800 = PCURVE('',#3390,#5801);
#5801 = DEFINITIONAL_REPRESENTATION('',(#5802),#5805);
#5802 = B_SPLINE_CURVE_WITH_KNOTS('',1,(#5803,#5804),.UNSPECIFIED.,.F.,
  .F.,(2,2),(0.,14.6),.PIECEWISE_BEZIER_KNOTS.);
#5803 = CARTESIAN_POINT('',(0.,-1.6));
#5804 = CARTESIAN_POINT('',(14.6,-1.6));
#5805 = ( GEOMETRIC_REPRESENTATION_CONTEXT(2) 
PARAMETRIC_REPRESENTATION_CONTEXT() REPRESENTATION_CONTEXT('2D SPACE',''
  ) );
#5806 = PCURVE('',#3363,#5807);
#5807 = DEFINITIONAL_REPRESENTATION('',(#5808),#5811);
#5808 = B_SPLINE_CURVE_WITH_KNOTS('',1,(#5809,#5810),.UNSPECIFIED.,.F.,
  .F.,(2,2),(0.,14.6),.PIECEWISE_BEZIER_KNOTS.);
#5809 = CARTESIAN_POINT('',(0.,10.));
#5810 = CARTESIAN_POINT('',(14.6,10.));
#5811 = ( GEOMETRIC_REPRESENTATION_CONTEXT(2) 
PARAMETRIC_REPRESENTATION_CONTEXT() REPRESENTATION_CONTEXT('2D SPACE',''
  ) );
#5812 = ORIENTED_EDGE('',*,*,#5813,.T.);
#5813 = EDGE_CURVE('',#5793,#5696,#5814,.T.);
#5814 = SURFACE_CURVE('',#5815,(#5819,#5826),.PCURVE_S1.);
#5815 = LINE('',#5816,#5817);
#5816 = CARTESIAN_POINT('',(83.4,13.,40.2));
#5817 = VECTOR('',#5818,1.);
#5818 = DIRECTION('',(0.,1.,0.));
#5819 = PCURVE('',#3390,#5820);
#5820 = DEFINITIONAL_REPRESENTATION('',(#5821),#5825);
#5821 = LINE('',#5822,#5823);
#5822 = CARTESIAN_POINT('',(0.,0.));
#5823 = VECTOR('',#5824,1.);
#5824 = DIRECTION('',(0.,-1.));
#5825 = ( GEOMETRIC_REPRESENTATION_CONTEXT(2) 
PARAMETRIC_REPRESENTATION_CONTEXT() REPRESENTATION_CONTEXT('2D SPACE',''
  ) );
#5826 = PCURVE('',#5608,#5827);
#5827 = DEFINITIONAL_REPRESENTATION('',(#5828),#5832);
#5828 = LINE('',#5829,#5830);
#5829 = CARTESIAN_POINT('',(0.,0.));
#5830 = VECTOR('',#5831,1.);
#5831 = DIRECTION('',(0.,1.));
#5832 = ( GEOMETRIC_REPRESENTATION_CONTEXT(2) 
PARAMETRIC_REPRESENTATION_CONTEXT() REPRESENTATION_CONTEXT('2D SPACE',''
  ) );
#5833 = ORIENTED_EDGE('',*,*,#5718,.T.);
#5834 = ORIENTED_EDGE('',*,*,#3374,.F.);
#5835 = ADVANCED_FACE('',(#5836),#3363,.T.);
#5836 = FACE_BOUND('',#5837,.T.);
#5837 = EDGE_LOOP('',(#5838,#5859,#5860,#5861));
#5838 = ORIENTED_EDGE('',*,*,#5839,.F.);
#5839 = EDGE_CURVE('',#5745,#5793,#5840,.T.);
#5840 = SURFACE_CURVE('',#5841,(#5845,#5852),.PCURVE_S1.);
#5841 = LINE('',#5842,#5843);
#5842 = CARTESIAN_POINT('',(73.4,14.6,40.2));
#5843 = VECTOR('',#5844,1.);
#5844 = DIRECTION('',(1.,0.,0.));
#5845 = PCURVE('',#3363,#5846);
#5846 = DEFINITIONAL_REPRESENTATION('',(#5847),#5851);
#5847 = LINE('',#5848,#5849);
#5848 = CARTESIAN_POINT('',(0.,0.));
#5849 = VECTOR('',#5850,1.);
#5850 = DIRECTION('',(0.,1.));
#5851 = ( GEOMETRIC_REPRESENTATION_CONTEXT(2) 
PARAMETRIC_REPRESENTATION_CONTEXT() REPRESENTATION_CONTEXT('2D SPACE',''
  ) );
#5852 = PCURVE('',#5608,#5853);
#5853 = DEFINITIONAL_REPRESENTATION('',(#5854),#5858);
#5854 = LINE('',#5855,#5856);
#5855 = CARTESIAN_POINT('',(-10.,1.6));
#5856 = VECTOR('',#5857,1.);
#5857 = DIRECTION('',(1.,0.));
#5858 = ( GEOMETRIC_REPRESENTATION_CONTEXT(2) 
PARAMETRIC_REPRESENTATION_CONTEXT() REPRESENTATION_CONTEXT('2D SPACE',''
  ) );
#5859 = ORIENTED_EDGE('',*,*,#5767,.T.);
#5860 = ORIENTED_EDGE('',*,*,#3347,.F.);
#5861 = ORIENTED_EDGE('',*,*,#5792,.F.);
#5862 = ADVANCED_FACE('',(#5863),#3446,.F.);
#5863 = FACE_BOUND('',#5864,.F.);
#5864 = EDGE_LOOP('',(#5865,#5888,#5916,#5937));
#5865 = ORIENTED_EDGE('',*,*,#5866,.F.);
#5866 = EDGE_CURVE('',#5867,#3429,#5869,.T.);
#5867 = VERTEX_POINT('',#5868);
#5868 = CARTESIAN_POINT('',(-49.,118.2,54.6));
#5869 = SURFACE_CURVE('',#5870,(#5874,#5881),.PCURVE_S1.);
#5870 = LINE('',#5871,#5872);
#5871 = CARTESIAN_POINT('',(-49.,118.2,54.6));
#5872 = VECTOR('',#5873,1.);
#5873 = DIRECTION('',(0.,0.,1.));
#5874 = PCURVE('',#3446,#5875);
#5875 = DEFINITIONAL_REPRESENTATION('',(#5876),#5880);
#5876 = LINE('',#5877,#5878);
#5877 = CARTESIAN_POINT('',(0.,12.));
#5878 = VECTOR('',#5879,1.);
#5879 = DIRECTION('',(1.,0.));
#5880 = ( GEOMETRIC_REPRESENTATION_CONTEXT(2) 
PARAMETRIC_REPRESENTATION_CONTEXT() REPRESENTATION_CONTEXT('2D SPACE',''
  ) );
#5881 = PCURVE('',#3525,#5882);
#5882 = DEFINITIONAL_REPRESENTATION('',(#5883),#5887);
#5883 = LINE('',#5884,#5885);
#5884 = CARTESIAN_POINT('',(0.,0.));
#5885 = VECTOR('',#5886,1.);
#5886 = DIRECTION('',(1.,0.));
#5887 = ( GEOMETRIC_REPRESENTATION_CONTEXT(2) 
PARAMETRIC_REPRESENTATION_CONTEXT() REPRESENTATION_CONTEXT('2D SPACE',''
  ) );
#5888 = ORIENTED_EDGE('',*,*,#5889,.F.);
#5889 = EDGE_CURVE('',#5890,#5867,#5892,.T.);
#5890 = VERTEX_POINT('',#5891);
#5891 = CARTESIAN_POINT('',(-61.,118.2,54.6));
#5892 = SURFACE_CURVE('',#5893,(#5897,#5904),.PCURVE_S1.);
#5893 = LINE('',#5894,#5895);
#5894 = CARTESIAN_POINT('',(-61.,118.2,54.6));
#5895 = VECTOR('',#5896,1.);
#5896 = DIRECTION('',(1.,0.,0.));
#5897 = PCURVE('',#3446,#5898);
#5898 = DEFINITIONAL_REPRESENTATION('',(#5899),#5903);
#5899 = LINE('',#5900,#5901);
#5900 = CARTESIAN_POINT('',(0.,0.));
#5901 = VECTOR('',#5902,1.);
#5902 = DIRECTION('',(0.,1.));
#5903 = ( GEOMETRIC_REPRESENTATION_CONTEXT(2) 
PARAMETRIC_REPRESENTATION_CONTEXT() REPRESENTATION_CONTEXT('2D SPACE',''
  ) );
#5904 = PCURVE('',#5905,#5910);
#5905 = PLANE('',#5906);
#5906 = AXIS2_PLACEMENT_3D('',#5907,#5908,#5909);
#5907 = CARTESIAN_POINT('',(-61.,118.2,54.6));
#5908 = DIRECTION('',(0.,0.,1.));
#5909 = DIRECTION('',(1.,0.,0.));
#5910 = DEFINITIONAL_REPRESENTATION('',(#5911),#5915);
#5911 = LINE('',#5912,#5913);
#5912 = CARTESIAN_POINT('',(0.,0.));
#5913 = VECTOR('',#5914,1.);
#5914 = DIRECTION('',(1.,0.));
#5915 = ( GEOMETRIC_REPRESENTATION_CONTEXT(2) 
PARAMETRIC_REPRESENTATION_CONTEXT() REPRESENTATION_CONTEXT('2D SPACE',''
  ) );
#5916 = ORIENTED_EDGE('',*,*,#5917,.T.);
#5917 = EDGE_CURVE('',#5890,#3431,#5918,.T.);
#5918 = SURFACE_CURVE('',#5919,(#5923,#5930),.PCURVE_S1.);
#5919 = LINE('',#5920,#5921);
#5920 = CARTESIAN_POINT('',(-61.,118.2,54.6));
#5921 = VECTOR('',#5922,1.);
#5922 = DIRECTION('',(0.,0.,1.));
#5923 = PCURVE('',#3446,#5924);
#5924 = DEFINITIONAL_REPRESENTATION('',(#5925),#5929);
#5925 = LINE('',#5926,#5927);
#5926 = CARTESIAN_POINT('',(0.,0.));
#5927 = VECTOR('',#5928,1.);
#5928 = DIRECTION('',(1.,0.));
#5929 = ( GEOMETRIC_REPRESENTATION_CONTEXT(2) 
PARAMETRIC_REPRESENTATION_CONTEXT() REPRESENTATION_CONTEXT('2D SPACE',''
  ) );
#5930 = PCURVE('',#3473,#5931);
#5931 = DEFINITIONAL_REPRESENTATION('',(#5932),#5936);
#5932 = LINE('',#5933,#5934);
#5933 = CARTESIAN_POINT('',(0.,0.));
#5934 = VECTOR('',#5935,1.);
#5935 = DIRECTION('',(1.,0.));
#5936 = ( GEOMETRIC_REPRESENTATION_CONTEXT(2) 
PARAMETRIC_REPRESENTATION_CONTEXT() REPRESENTATION_CONTEXT('2D SPACE',''
  ) );
#5937 = ORIENTED_EDGE('',*,*,#3428,.F.);
#5938 = ADVANCED_FACE('',(#5939),#3525,.T.);
#5939 = FACE_BOUND('',#5940,.T.);
#5940 = EDGE_LOOP('',(#5941,#5942,#5965,#5986));
#5941 = ORIENTED_EDGE('',*,*,#5866,.F.);
#5942 = ORIENTED_EDGE('',*,*,#5943,.T.);
#5943 = EDGE_CURVE('',#5867,#5944,#5946,.T.);
#5944 = VERTEX_POINT('',#5945);
#5945 = CARTESIAN_POINT('',(-49.,130.2,54.6));
#5946 = SURFACE_CURVE('',#5947,(#5951,#5958),.PCURVE_S1.);
#5947 = LINE('',#5948,#5949);
#5948 = CARTESIAN_POINT('',(-49.,118.2,54.6));
#5949 = VECTOR('',#5950,1.);
#5950 = DIRECTION('',(0.,1.,0.));
#5951 = PCURVE('',#3525,#5952);
#5952 = DEFINITIONAL_REPRESENTATION('',(#5953),#5957);
#5953 = LINE('',#5954,#5955);
#5954 = CARTESIAN_POINT('',(0.,0.));
#5955 = VECTOR('',#5956,1.);
#5956 = DIRECTION('',(0.,-1.));
#5957 = ( GEOMETRIC_REPRESENTATION_CONTEXT(2) 
PARAMETRIC_REPRESENTATION_CONTEXT() REPRESENTATION_CONTEXT('2D SPACE',''
  ) );
#5958 = PCURVE('',#5905,#5959);
#5959 = DEFINITIONAL_REPRESENTATION('',(#5960),#5964);
#5960 = LINE('',#5961,#5962);
#5961 = CARTESIAN_POINT('',(12.,0.));
#5962 = VECTOR('',#5963,1.);
#5963 = DIRECTION('',(0.,1.));
#5964 = ( GEOMETRIC_REPRESENTATION_CONTEXT(2) 
PARAMETRIC_REPRESENTATION_CONTEXT() REPRESENTATION_CONTEXT('2D SPACE',''
  ) );
#5965 = ORIENTED_EDGE('',*,*,#5966,.T.);
#5966 = EDGE_CURVE('',#5944,#3485,#5967,.T.);
#5967 = SURFACE_CURVE('',#5968,(#5972,#5979),.PCURVE_S1.);
#5968 = LINE('',#5969,#5970);
#5969 = CARTESIAN_POINT('',(-49.,130.2,54.6));
#5970 = VECTOR('',#5971,1.);
#5971 = DIRECTION('',(0.,0.,1.));
#5972 = PCURVE('',#3525,#5973);
#5973 = DEFINITIONAL_REPRESENTATION('',(#5974),#5978);
#5974 = LINE('',#5975,#5976);
#5975 = CARTESIAN_POINT('',(0.,-12.));
#5976 = VECTOR('',#5977,1.);
#5977 = DIRECTION('',(1.,0.));
#5978 = ( GEOMETRIC_REPRESENTATION_CONTEXT(2) 
PARAMETRIC_REPRESENTATION_CONTEXT() REPRESENTATION_CONTEXT('2D SPACE',''
  ) );
#5979 = PCURVE('',#3500,#5980);
#5980 = DEFINITIONAL_REPRESENTATION('',(#5981),#5985);
#5981 = LINE('',#5982,#5983);
#5982 = CARTESIAN_POINT('',(0.,12.));
#5983 = VECTOR('',#5984,1.);
#5984 = DIRECTION('',(1.,0.));
#5985 = ( GEOMETRIC_REPRESENTATION_CONTEXT(2) 
PARAMETRIC_REPRESENTATION_CONTEXT() REPRESENTATION_CONTEXT('2D SPACE',''
  ) );
#5986 = ORIENTED_EDGE('',*,*,#3511,.F.);
#5987 = ADVANCED_FACE('',(#5988),#3473,.F.);
#5988 = FACE_BOUND('',#5989,.F.);
#5989 = EDGE_LOOP('',(#5990,#5991,#6014,#6035));
#5990 = ORIENTED_EDGE('',*,*,#5917,.F.);
#5991 = ORIENTED_EDGE('',*,*,#5992,.T.);
#5992 = EDGE_CURVE('',#5890,#5993,#5995,.T.);
#5993 = VERTEX_POINT('',#5994);
#5994 = CARTESIAN_POINT('',(-61.,130.2,54.6));
#5995 = SURFACE_CURVE('',#5996,(#6000,#6007),.PCURVE_S1.);
#5996 = LINE('',#5997,#5998);
#5997 = CARTESIAN_POINT('',(-61.,118.2,54.6));
#5998 = VECTOR('',#5999,1.);
#5999 = DIRECTION('',(0.,1.,0.));
#6000 = PCURVE('',#3473,#6001);
#6001 = DEFINITIONAL_REPRESENTATION('',(#6002),#6006);
#6002 = LINE('',#6003,#6004);
#6003 = CARTESIAN_POINT('',(0.,0.));
#6004 = VECTOR('',#6005,1.);
#6005 = DIRECTION('',(0.,-1.));
#6006 = ( GEOMETRIC_REPRESENTATION_CONTEXT(2) 
PARAMETRIC_REPRESENTATION_CONTEXT() REPRESENTATION_CONTEXT('2D SPACE',''
  ) );
#6007 = PCURVE('',#5905,#6008);
#6008 = DEFINITIONAL_REPRESENTATION('',(#6009),#6013);
#6009 = LINE('',#6010,#6011);
#6010 = CARTESIAN_POINT('',(0.,0.));
#6011 = VECTOR('',#6012,1.);
#6012 = DIRECTION('',(0.,1.));
#6013 = ( GEOMETRIC_REPRESENTATION_CONTEXT(2) 
PARAMETRIC_REPRESENTATION_CONTEXT() REPRESENTATION_CONTEXT('2D SPACE',''
  ) );
#6014 = ORIENTED_EDGE('',*,*,#6015,.T.);
#6015 = EDGE_CURVE('',#5993,#3458,#6016,.T.);
#6016 = SURFACE_CURVE('',#6017,(#6021,#6028),.PCURVE_S1.);
#6017 = LINE('',#6018,#6019);
#6018 = CARTESIAN_POINT('',(-61.,130.2,54.6));
#6019 = VECTOR('',#6020,1.);
#6020 = DIRECTION('',(0.,0.,1.));
#6021 = PCURVE('',#3473,#6022);
#6022 = DEFINITIONAL_REPRESENTATION('',(#6023),#6027);
#6023 = LINE('',#6024,#6025);
#6024 = CARTESIAN_POINT('',(0.,-12.));
#6025 = VECTOR('',#6026,1.);
#6026 = DIRECTION('',(1.,0.));
#6027 = ( GEOMETRIC_REPRESENTATION_CONTEXT(2) 
PARAMETRIC_REPRESENTATION_CONTEXT() REPRESENTATION_CONTEXT('2D SPACE',''
  ) );
#6028 = PCURVE('',#3500,#6029);
#6029 = DEFINITIONAL_REPRESENTATION('',(#6030),#6034);
#6030 = LINE('',#6031,#6032);
#6031 = CARTESIAN_POINT('',(0.,0.));
#6032 = VECTOR('',#6033,1.);
#6033 = DIRECTION('',(1.,0.));
#6034 = ( GEOMETRIC_REPRESENTATION_CONTEXT(2) 
PARAMETRIC_REPRESENTATION_CONTEXT() REPRESENTATION_CONTEXT('2D SPACE',''
  ) );
#6035 = ORIENTED_EDGE('',*,*,#3457,.F.);
#6036 = ADVANCED_FACE('',(#6037),#3500,.T.);
#6037 = FACE_BOUND('',#6038,.T.);
#6038 = EDGE_LOOP('',(#6039,#6040,#6061,#6062));
#6039 = ORIENTED_EDGE('',*,*,#5966,.F.);
#6040 = ORIENTED_EDGE('',*,*,#6041,.F.);
#6041 = EDGE_CURVE('',#5993,#5944,#6042,.T.);
#6042 = SURFACE_CURVE('',#6043,(#6047,#6054),.PCURVE_S1.);
#6043 = LINE('',#6044,#6045);
#6044 = CARTESIAN_POINT('',(-61.,130.2,54.6));
#6045 = VECTOR('',#6046,1.);
#6046 = DIRECTION('',(1.,0.,0.));
#6047 = PCURVE('',#3500,#6048);
#6048 = DEFINITIONAL_REPRESENTATION('',(#6049),#6053);
#6049 = LINE('',#6050,#6051);
#6050 = CARTESIAN_POINT('',(0.,0.));
#6051 = VECTOR('',#6052,1.);
#6052 = DIRECTION('',(0.,1.));
#6053 = ( GEOMETRIC_REPRESENTATION_CONTEXT(2) 
PARAMETRIC_REPRESENTATION_CONTEXT() REPRESENTATION_CONTEXT('2D SPACE',''
  ) );
#6054 = PCURVE('',#5905,#6055);
#6055 = DEFINITIONAL_REPRESENTATION('',(#6056),#6060);
#6056 = LINE('',#6057,#6058);
#6057 = CARTESIAN_POINT('',(0.,12.));
#6058 = VECTOR('',#6059,1.);
#6059 = DIRECTION('',(1.,0.));
#6060 = ( GEOMETRIC_REPRESENTATION_CONTEXT(2) 
PARAMETRIC_REPRESENTATION_CONTEXT() REPRESENTATION_CONTEXT('2D SPACE',''
  ) );
#6061 = ORIENTED_EDGE('',*,*,#6015,.T.);
#6062 = ORIENTED_EDGE('',*,*,#3484,.F.);
#6063 = ADVANCED_FACE('',(#6064),#3556,.T.);
#6064 = FACE_BOUND('',#6065,.T.);
#6065 = EDGE_LOOP('',(#6066,#6089,#6117,#6136));
#6066 = ORIENTED_EDGE('',*,*,#6067,.F.);
#6067 = EDGE_CURVE('',#6068,#3539,#6070,.T.);
#6068 = VERTEX_POINT('',#6069);
#6069 = CARTESIAN_POINT('',(-83.4,129.6,40.2));
#6070 = SURFACE_CURVE('',#6071,(#6075,#6082),.PCURVE_S1.);
#6071 = LINE('',#6072,#6073);
#6072 = CARTESIAN_POINT('',(-83.4,129.6,40.2));
#6073 = VECTOR('',#6074,1.);
#6074 = DIRECTION('',(0.,0.,1.));
#6075 = PCURVE('',#3556,#6076);
#6076 = DEFINITIONAL_REPRESENTATION('',(#6077),#6081);
#6077 = LINE('',#6078,#6079);
#6078 = CARTESIAN_POINT('',(0.,0.));
#6079 = VECTOR('',#6080,1.);
#6080 = DIRECTION('',(1.,0.));
#6081 = ( GEOMETRIC_REPRESENTATION_CONTEXT(2) 
PARAMETRIC_REPRESENTATION_CONTEXT() REPRESENTATION_CONTEXT('2D SPACE',''
  ) );
#6082 = PCURVE('',#3583,#6083);
#6083 = DEFINITIONAL_REPRESENTATION('',(#6084),#6088);
#6084 = LINE('',#6085,#6086);
#6085 = CARTESIAN_POINT('',(0.,1.6));
#6086 = VECTOR('',#6087,1.);
#6087 = DIRECTION('',(1.,0.));
#6088 = ( GEOMETRIC_REPRESENTATION_CONTEXT(2) 
PARAMETRIC_REPRESENTATION_CONTEXT() REPRESENTATION_CONTEXT('2D SPACE',''
  ) );
#6089 = ORIENTED_EDGE('',*,*,#6090,.T.);
#6090 = EDGE_CURVE('',#6068,#6091,#6093,.T.);
#6091 = VERTEX_POINT('',#6092);
#6092 = CARTESIAN_POINT('',(-83.4,139.6,40.2));
#6093 = SURFACE_CURVE('',#6094,(#6098,#6105),.PCURVE_S1.);
#6094 = LINE('',#6095,#6096);
#6095 = CARTESIAN_POINT('',(-83.4,129.6,40.2));
#6096 = VECTOR('',#6097,1.);
#6097 = DIRECTION('',(0.,1.,0.));
#6098 = PCURVE('',#3556,#6099);
#6099 = DEFINITIONAL_REPRESENTATION('',(#6100),#6104);
#6100 = LINE('',#6101,#6102);
#6101 = CARTESIAN_POINT('',(0.,0.));
#6102 = VECTOR('',#6103,1.);
#6103 = DIRECTION('',(0.,-1.));
#6104 = ( GEOMETRIC_REPRESENTATION_CONTEXT(2) 
PARAMETRIC_REPRESENTATION_CONTEXT() REPRESENTATION_CONTEXT('2D SPACE',''
  ) );
#6105 = PCURVE('',#6106,#6111);
#6106 = PLANE('',#6107);
#6107 = AXIS2_PLACEMENT_3D('',#6108,#6109,#6110);
#6108 = CARTESIAN_POINT('',(-85.,129.6,40.2));
#6109 = DIRECTION('',(0.,0.,1.));
#6110 = DIRECTION('',(1.,0.,0.));
#6111 = DEFINITIONAL_REPRESENTATION('',(#6112),#6116);
#6112 = LINE('',#6113,#6114);
#6113 = CARTESIAN_POINT('',(1.6,0.));
#6114 = VECTOR('',#6115,1.);
#6115 = DIRECTION('',(0.,1.));
#6116 = ( GEOMETRIC_REPRESENTATION_CONTEXT(2) 
PARAMETRIC_REPRESENTATION_CONTEXT() REPRESENTATION_CONTEXT('2D SPACE',''
  ) );
#6117 = ORIENTED_EDGE('',*,*,#6118,.T.);
#6118 = EDGE_CURVE('',#6091,#3541,#6119,.T.);
#6119 = SURFACE_CURVE('',#6120,(#6124,#6130),.PCURVE_S1.);
#6120 = LINE('',#6121,#6122);
#6121 = CARTESIAN_POINT('',(-83.4,139.6,40.2));
#6122 = VECTOR('',#6123,1.);
#6123 = DIRECTION('',(0.,0.,1.));
#6124 = PCURVE('',#3556,#6125);
#6125 = DEFINITIONAL_REPRESENTATION('',(#6126),#6129);
#6126 = B_SPLINE_CURVE_WITH_KNOTS('',1,(#6127,#6128),.UNSPECIFIED.,.F.,
  .F.,(2,2),(0.,14.6),.PIECEWISE_BEZIER_KNOTS.);
#6127 = CARTESIAN_POINT('',(0.,-10.));
#6128 = CARTESIAN_POINT('',(14.6,-10.));
#6129 = ( GEOMETRIC_REPRESENTATION_CONTEXT(2) 
PARAMETRIC_REPRESENTATION_CONTEXT() REPRESENTATION_CONTEXT('2D SPACE',''
  ) );
#6130 = PCURVE('',#3691,#6131);
#6131 = DEFINITIONAL_REPRESENTATION('',(#6132),#6135);
#6132 = B_SPLINE_CURVE_WITH_KNOTS('',1,(#6133,#6134),.UNSPECIFIED.,.F.,
  .F.,(2,2),(0.,14.6),.PIECEWISE_BEZIER_KNOTS.);
#6133 = CARTESIAN_POINT('',(0.,1.6));
#6134 = CARTESIAN_POINT('',(14.6,1.6));
#6135 = ( GEOMETRIC_REPRESENTATION_CONTEXT(2) 
PARAMETRIC_REPRESENTATION_CONTEXT() REPRESENTATION_CONTEXT('2D SPACE',''
  ) );
#6136 = ORIENTED_EDGE('',*,*,#3538,.F.);
#6137 = ADVANCED_FACE('',(#6138),#3583,.F.);
#6138 = FACE_BOUND('',#6139,.F.);
#6139 = EDGE_LOOP('',(#6140,#6141,#6164,#6185));
#6140 = ORIENTED_EDGE('',*,*,#6067,.F.);
#6141 = ORIENTED_EDGE('',*,*,#6142,.F.);
#6142 = EDGE_CURVE('',#6143,#6068,#6145,.T.);
#6143 = VERTEX_POINT('',#6144);
#6144 = CARTESIAN_POINT('',(-85.,129.6,40.2));
#6145 = SURFACE_CURVE('',#6146,(#6150,#6157),.PCURVE_S1.);
#6146 = LINE('',#6147,#6148);
#6147 = CARTESIAN_POINT('',(-85.,129.6,40.2));
#6148 = VECTOR('',#6149,1.);
#6149 = DIRECTION('',(1.,0.,0.));
#6150 = PCURVE('',#3583,#6151);
#6151 = DEFINITIONAL_REPRESENTATION('',(#6152),#6156);
#6152 = LINE('',#6153,#6154);
#6153 = CARTESIAN_POINT('',(0.,0.));
#6154 = VECTOR('',#6155,1.);
#6155 = DIRECTION('',(0.,1.));
#6156 = ( GEOMETRIC_REPRESENTATION_CONTEXT(2) 
PARAMETRIC_REPRESENTATION_CONTEXT() REPRESENTATION_CONTEXT('2D SPACE',''
  ) );
#6157 = PCURVE('',#6106,#6158);
#6158 = DEFINITIONAL_REPRESENTATION('',(#6159),#6163);
#6159 = LINE('',#6160,#6161);
#6160 = CARTESIAN_POINT('',(0.,0.));
#6161 = VECTOR('',#6162,1.);
#6162 = DIRECTION('',(1.,0.));
#6163 = ( GEOMETRIC_REPRESENTATION_CONTEXT(2) 
PARAMETRIC_REPRESENTATION_CONTEXT() REPRESENTATION_CONTEXT('2D SPACE',''
  ) );
#6164 = ORIENTED_EDGE('',*,*,#6165,.T.);
#6165 = EDGE_CURVE('',#6143,#3568,#6166,.T.);
#6166 = SURFACE_CURVE('',#6167,(#6171,#6178),.PCURVE_S1.);
#6167 = LINE('',#6168,#6169);
#6168 = CARTESIAN_POINT('',(-85.,129.6,40.2));
#6169 = VECTOR('',#6170,1.);
#6170 = DIRECTION('',(0.,0.,1.));
#6171 = PCURVE('',#3583,#6172);
#6172 = DEFINITIONAL_REPRESENTATION('',(#6173),#6177);
#6173 = LINE('',#6174,#6175);
#6174 = CARTESIAN_POINT('',(0.,0.));
#6175 = VECTOR('',#6176,1.);
#6176 = DIRECTION('',(1.,0.));
#6177 = ( GEOMETRIC_REPRESENTATION_CONTEXT(2) 
PARAMETRIC_REPRESENTATION_CONTEXT() REPRESENTATION_CONTEXT('2D SPACE',''
  ) );
#6178 = PCURVE('',#3610,#6179);
#6179 = DEFINITIONAL_REPRESENTATION('',(#6180),#6184);
#6180 = LINE('',#6181,#6182);
#6181 = CARTESIAN_POINT('',(0.,0.));
#6182 = VECTOR('',#6183,1.);
#6183 = DIRECTION('',(1.,0.));
#6184 = ( GEOMETRIC_REPRESENTATION_CONTEXT(2) 
PARAMETRIC_REPRESENTATION_CONTEXT() REPRESENTATION_CONTEXT('2D SPACE',''
  ) );
#6185 = ORIENTED_EDGE('',*,*,#3567,.F.);
#6186 = ADVANCED_FACE('',(#6187),#3691,.F.);
#6187 = FACE_BOUND('',#6188,.F.);
#6188 = EDGE_LOOP('',(#6189,#6212,#6213,#6214));
#6189 = ORIENTED_EDGE('',*,*,#6190,.F.);
#6190 = EDGE_CURVE('',#6091,#6191,#6193,.T.);
#6191 = VERTEX_POINT('',#6192);
#6192 = CARTESIAN_POINT('',(-73.4,139.6,40.2));
#6193 = SURFACE_CURVE('',#6194,(#6198,#6205),.PCURVE_S1.);
#6194 = LINE('',#6195,#6196);
#6195 = CARTESIAN_POINT('',(-85.,139.6,40.2));
#6196 = VECTOR('',#6197,1.);
#6197 = DIRECTION('',(1.,0.,0.));
#6198 = PCURVE('',#3691,#6199);
#6199 = DEFINITIONAL_REPRESENTATION('',(#6200),#6204);
#6200 = LINE('',#6201,#6202);
#6201 = CARTESIAN_POINT('',(0.,0.));
#6202 = VECTOR('',#6203,1.);
#6203 = DIRECTION('',(0.,1.));
#6204 = ( GEOMETRIC_REPRESENTATION_CONTEXT(2) 
PARAMETRIC_REPRESENTATION_CONTEXT() REPRESENTATION_CONTEXT('2D SPACE',''
  ) );
#6205 = PCURVE('',#6106,#6206);
#6206 = DEFINITIONAL_REPRESENTATION('',(#6207),#6211);
#6207 = LINE('',#6208,#6209);
#6208 = CARTESIAN_POINT('',(0.,10.));
#6209 = VECTOR('',#6210,1.);
#6210 = DIRECTION('',(1.,0.));
#6211 = ( GEOMETRIC_REPRESENTATION_CONTEXT(2) 
PARAMETRIC_REPRESENTATION_CONTEXT() REPRESENTATION_CONTEXT('2D SPACE',''
  ) );
#6212 = ORIENTED_EDGE('',*,*,#6118,.T.);
#6213 = ORIENTED_EDGE('',*,*,#3677,.F.);
#6214 = ORIENTED_EDGE('',*,*,#6215,.F.);
#6215 = EDGE_CURVE('',#6191,#3651,#6216,.T.);
#6216 = SURFACE_CURVE('',#6217,(#6221,#6228),.PCURVE_S1.);
#6217 = LINE('',#6218,#6219);
#6218 = CARTESIAN_POINT('',(-73.4,139.6,40.2));
#6219 = VECTOR('',#6220,1.);
#6220 = DIRECTION('',(0.,0.,1.));
#6221 = PCURVE('',#3691,#6222);
#6222 = DEFINITIONAL_REPRESENTATION('',(#6223),#6227);
#6223 = LINE('',#6224,#6225);
#6224 = CARTESIAN_POINT('',(0.,11.6));
#6225 = VECTOR('',#6226,1.);
#6226 = DIRECTION('',(1.,0.));
#6227 = ( GEOMETRIC_REPRESENTATION_CONTEXT(2) 
PARAMETRIC_REPRESENTATION_CONTEXT() REPRESENTATION_CONTEXT('2D SPACE',''
  ) );
#6228 = PCURVE('',#3666,#6229);
#6229 = DEFINITIONAL_REPRESENTATION('',(#6230),#6234);
#6230 = LINE('',#6231,#6232);
#6231 = CARTESIAN_POINT('',(0.,0.));
#6232 = VECTOR('',#6233,1.);
#6233 = DIRECTION('',(1.,0.));
#6234 = ( GEOMETRIC_REPRESENTATION_CONTEXT(2) 
PARAMETRIC_REPRESENTATION_CONTEXT() REPRESENTATION_CONTEXT('2D SPACE',''
  ) );
#6235 = ADVANCED_FACE('',(#6236),#3610,.F.);
#6236 = FACE_BOUND('',#6237,.F.);
#6237 = EDGE_LOOP('',(#6238,#6239,#6240,#6263));
#6238 = ORIENTED_EDGE('',*,*,#3594,.T.);
#6239 = ORIENTED_EDGE('',*,*,#6165,.F.);
#6240 = ORIENTED_EDGE('',*,*,#6241,.F.);
#6241 = EDGE_CURVE('',#6242,#6143,#6244,.T.);
#6242 = VERTEX_POINT('',#6243);
#6243 = CARTESIAN_POINT('',(-85.,141.2,40.2));
#6244 = SURFACE_CURVE('',#6245,(#6249,#6256),.PCURVE_S1.);
#6245 = LINE('',#6246,#6247);
#6246 = CARTESIAN_POINT('',(-85.,141.2,40.2));
#6247 = VECTOR('',#6248,1.);
#6248 = DIRECTION('',(0.,-1.,0.));
#6249 = PCURVE('',#3610,#6250);
#6250 = DEFINITIONAL_REPRESENTATION('',(#6251),#6255);
#6251 = LINE('',#6252,#6253);
#6252 = CARTESIAN_POINT('',(0.,-11.6));
#6253 = VECTOR('',#6254,1.);
#6254 = DIRECTION('',(0.,1.));
#6255 = ( GEOMETRIC_REPRESENTATION_CONTEXT(2) 
PARAMETRIC_REPRESENTATION_CONTEXT() REPRESENTATION_CONTEXT('2D SPACE',''
  ) );
#6256 = PCURVE('',#6106,#6257);
#6257 = DEFINITIONAL_REPRESENTATION('',(#6258),#6262);
#6258 = LINE('',#6259,#6260);
#6259 = CARTESIAN_POINT('',(0.,11.6));
#6260 = VECTOR('',#6261,1.);
#6261 = DIRECTION('',(0.,-1.));
#6262 = ( GEOMETRIC_REPRESENTATION_CONTEXT(2) 
PARAMETRIC_REPRESENTATION_CONTEXT() REPRESENTATION_CONTEXT('2D SPACE',''
  ) );
#6263 = ORIENTED_EDGE('',*,*,#6264,.T.);
#6264 = EDGE_CURVE('',#6242,#3595,#6265,.T.);
#6265 = SURFACE_CURVE('',#6266,(#6270,#6277),.PCURVE_S1.);
#6266 = LINE('',#6267,#6268);
#6267 = CARTESIAN_POINT('',(-85.,141.2,40.2));
#6268 = VECTOR('',#6269,1.);
#6269 = DIRECTION('',(0.,0.,1.));
#6270 = PCURVE('',#3610,#6271);
#6271 = DEFINITIONAL_REPRESENTATION('',(#6272),#6276);
#6272 = LINE('',#6273,#6274);
#6273 = CARTESIAN_POINT('',(0.,-11.6));
#6274 = VECTOR('',#6275,1.);
#6275 = DIRECTION('',(1.,0.));
#6276 = ( GEOMETRIC_REPRESENTATION_CONTEXT(2) 
PARAMETRIC_REPRESENTATION_CONTEXT() REPRESENTATION_CONTEXT('2D SPACE',''
  ) );
#6277 = PCURVE('',#3638,#6278);
#6278 = DEFINITIONAL_REPRESENTATION('',(#6279),#6283);
#6279 = LINE('',#6280,#6281);
#6280 = CARTESIAN_POINT('',(0.,0.));
#6281 = VECTOR('',#6282,1.);
#6282 = DIRECTION('',(1.,0.));
#6283 = ( GEOMETRIC_REPRESENTATION_CONTEXT(2) 
PARAMETRIC_REPRESENTATION_CONTEXT() REPRESENTATION_CONTEXT('2D SPACE',''
  ) );
#6284 = ADVANCED_FACE('',(#6285),#3666,.T.);
#6285 = FACE_BOUND('',#6286,.T.);
#6286 = EDGE_LOOP('',(#6287,#6288,#6311,#6332));
#6287 = ORIENTED_EDGE('',*,*,#6215,.F.);
#6288 = ORIENTED_EDGE('',*,*,#6289,.T.);
#6289 = EDGE_CURVE('',#6191,#6290,#6292,.T.);
#6290 = VERTEX_POINT('',#6291);
#6291 = CARTESIAN_POINT('',(-73.4,141.2,40.2));
#6292 = SURFACE_CURVE('',#6293,(#6297,#6304),.PCURVE_S1.);
#6293 = LINE('',#6294,#6295);
#6294 = CARTESIAN_POINT('',(-73.4,139.6,40.2));
#6295 = VECTOR('',#6296,1.);
#6296 = DIRECTION('',(0.,1.,0.));
#6297 = PCURVE('',#3666,#6298);
#6298 = DEFINITIONAL_REPRESENTATION('',(#6299),#6303);
#6299 = LINE('',#6300,#6301);
#6300 = CARTESIAN_POINT('',(0.,0.));
#6301 = VECTOR('',#6302,1.);
#6302 = DIRECTION('',(0.,-1.));
#6303 = ( GEOMETRIC_REPRESENTATION_CONTEXT(2) 
PARAMETRIC_REPRESENTATION_CONTEXT() REPRESENTATION_CONTEXT('2D SPACE',''
  ) );
#6304 = PCURVE('',#6106,#6305);
#6305 = DEFINITIONAL_REPRESENTATION('',(#6306),#6310);
#6306 = LINE('',#6307,#6308);
#6307 = CARTESIAN_POINT('',(11.6,10.));
#6308 = VECTOR('',#6309,1.);
#6309 = DIRECTION('',(0.,1.));
#6310 = ( GEOMETRIC_REPRESENTATION_CONTEXT(2) 
PARAMETRIC_REPRESENTATION_CONTEXT() REPRESENTATION_CONTEXT('2D SPACE',''
  ) );
#6311 = ORIENTED_EDGE('',*,*,#6312,.T.);
#6312 = EDGE_CURVE('',#6290,#3623,#6313,.T.);
#6313 = SURFACE_CURVE('',#6314,(#6318,#6325),.PCURVE_S1.);
#6314 = LINE('',#6315,#6316);
#6315 = CARTESIAN_POINT('',(-73.4,141.2,40.2));
#6316 = VECTOR('',#6317,1.);
#6317 = DIRECTION('',(0.,0.,1.));
#6318 = PCURVE('',#3666,#6319);
#6319 = DEFINITIONAL_REPRESENTATION('',(#6320),#6324);
#6320 = LINE('',#6321,#6322);
#6321 = CARTESIAN_POINT('',(0.,-1.6));
#6322 = VECTOR('',#6323,1.);
#6323 = DIRECTION('',(1.,0.));
#6324 = ( GEOMETRIC_REPRESENTATION_CONTEXT(2) 
PARAMETRIC_REPRESENTATION_CONTEXT() REPRESENTATION_CONTEXT('2D SPACE',''
  ) );
#6325 = PCURVE('',#3638,#6326);
#6326 = DEFINITIONAL_REPRESENTATION('',(#6327),#6331);
#6327 = LINE('',#6328,#6329);
#6328 = CARTESIAN_POINT('',(0.,11.6));
#6329 = VECTOR('',#6330,1.);
#6330 = DIRECTION('',(1.,0.));
#6331 = ( GEOMETRIC_REPRESENTATION_CONTEXT(2) 
PARAMETRIC_REPRESENTATION_CONTEXT() REPRESENTATION_CONTEXT('2D SPACE',''
  ) );
#6332 = ORIENTED_EDGE('',*,*,#3650,.F.);
#6333 = ADVANCED_FACE('',(#6334),#3638,.T.);
#6334 = FACE_BOUND('',#6335,.T.);
#6335 = EDGE_LOOP('',(#6336,#6357,#6358,#6359));
#6336 = ORIENTED_EDGE('',*,*,#6337,.T.);
#6337 = EDGE_CURVE('',#6290,#6242,#6338,.T.);
#6338 = SURFACE_CURVE('',#6339,(#6343,#6350),.PCURVE_S1.);
#6339 = LINE('',#6340,#6341);
#6340 = CARTESIAN_POINT('',(-73.4,141.2,40.2));
#6341 = VECTOR('',#6342,1.);
#6342 = DIRECTION('',(-1.,0.,0.));
#6343 = PCURVE('',#3638,#6344);
#6344 = DEFINITIONAL_REPRESENTATION('',(#6345),#6349);
#6345 = LINE('',#6346,#6347);
#6346 = CARTESIAN_POINT('',(0.,11.6));
#6347 = VECTOR('',#6348,1.);
#6348 = DIRECTION('',(0.,-1.));
#6349 = ( GEOMETRIC_REPRESENTATION_CONTEXT(2) 
PARAMETRIC_REPRESENTATION_CONTEXT() REPRESENTATION_CONTEXT('2D SPACE',''
  ) );
#6350 = PCURVE('',#6106,#6351);
#6351 = DEFINITIONAL_REPRESENTATION('',(#6352),#6356);
#6352 = LINE('',#6353,#6354);
#6353 = CARTESIAN_POINT('',(11.6,11.6));
#6354 = VECTOR('',#6355,1.);
#6355 = DIRECTION('',(-1.,0.));
#6356 = ( GEOMETRIC_REPRESENTATION_CONTEXT(2) 
PARAMETRIC_REPRESENTATION_CONTEXT() REPRESENTATION_CONTEXT('2D SPACE',''
  ) );
#6357 = ORIENTED_EDGE('',*,*,#6264,.T.);
#6358 = ORIENTED_EDGE('',*,*,#3622,.F.);
#6359 = ORIENTED_EDGE('',*,*,#6312,.F.);
#6360 = ADVANCED_FACE('',(#6361),#2743,.T.);
#6361 = FACE_BOUND('',#6362,.F.);
#6362 = EDGE_LOOP('',(#6363,#6386,#6413,#6414));
#6363 = ORIENTED_EDGE('',*,*,#6364,.F.);
#6364 = EDGE_CURVE('',#6365,#2692,#6367,.T.);
#6365 = VERTEX_POINT('',#6366);
#6366 = CARTESIAN_POINT('',(-84.5,145.6,40.2));
#6367 = SURFACE_CURVE('',#6368,(#6372,#6379),.PCURVE_S1.);
#6368 = LINE('',#6369,#6370);
#6369 = CARTESIAN_POINT('',(-84.5,145.6,40.2));
#6370 = VECTOR('',#6371,1.);
#6371 = DIRECTION('',(0.,0.,1.));
#6372 = PCURVE('',#2743,#6373);
#6373 = DEFINITIONAL_REPRESENTATION('',(#6374),#6378);
#6374 = LINE('',#6375,#6376);
#6375 = CARTESIAN_POINT('',(-6.28318530718,0.));
#6376 = VECTOR('',#6377,1.);
#6377 = DIRECTION('',(-0.,-1.));
#6378 = ( GEOMETRIC_REPRESENTATION_CONTEXT(2) 
PARAMETRIC_REPRESENTATION_CONTEXT() REPRESENTATION_CONTEXT('2D SPACE',''
  ) );
#6379 = PCURVE('',#2712,#6380);
#6380 = DEFINITIONAL_REPRESENTATION('',(#6381),#6385);
#6381 = LINE('',#6382,#6383);
#6382 = CARTESIAN_POINT('',(-0.,0.));
#6383 = VECTOR('',#6384,1.);
#6384 = DIRECTION('',(-0.,-1.));
#6385 = ( GEOMETRIC_REPRESENTATION_CONTEXT(2) 
PARAMETRIC_REPRESENTATION_CONTEXT() REPRESENTATION_CONTEXT('2D SPACE',''
  ) );
#6386 = ORIENTED_EDGE('',*,*,#6387,.F.);
#6387 = EDGE_CURVE('',#726,#6365,#6388,.T.);
#6388 = SURFACE_CURVE('',#6389,(#6394,#6401),.PCURVE_S1.);
#6389 = CIRCLE('',#6390,3.);
#6390 = AXIS2_PLACEMENT_3D('',#6391,#6392,#6393);
#6391 = CARTESIAN_POINT('',(-87.5,145.6,40.2));
#6392 = DIRECTION('',(0.,0.,1.));
#6393 = DIRECTION('',(1.,0.,0.));
#6394 = PCURVE('',#2743,#6395);
#6395 = DEFINITIONAL_REPRESENTATION('',(#6396),#6400);
#6396 = LINE('',#6397,#6398);
#6397 = CARTESIAN_POINT('',(-0.,0.));
#6398 = VECTOR('',#6399,1.);
#6399 = DIRECTION('',(-1.,0.));
#6400 = ( GEOMETRIC_REPRESENTATION_CONTEXT(2) 
PARAMETRIC_REPRESENTATION_CONTEXT() REPRESENTATION_CONTEXT('2D SPACE',''
  ) );
#6401 = PCURVE('',#6402,#6407);
#6402 = PLANE('',#6403);
#6403 = AXIS2_PLACEMENT_3D('',#6404,#6405,#6406);
#6404 = CARTESIAN_POINT('',(-87.5,145.6,40.2));
#6405 = DIRECTION('',(0.,0.,1.));
#6406 = DIRECTION('',(1.,0.,-0.));
#6407 = DEFINITIONAL_REPRESENTATION('',(#6408),#6412);
#6408 = CIRCLE('',#6409,3.);
#6409 = AXIS2_PLACEMENT_2D('',#6410,#6411);
#6410 = CARTESIAN_POINT('',(0.,0.));
#6411 = DIRECTION('',(1.,0.));
#6412 = ( GEOMETRIC_REPRESENTATION_CONTEXT(2) 
PARAMETRIC_REPRESENTATION_CONTEXT() REPRESENTATION_CONTEXT('2D SPACE',''
  ) );
#6413 = ORIENTED_EDGE('',*,*,#2502,.F.);
#6414 = ORIENTED_EDGE('',*,*,#2724,.F.);
#6415 = ADVANCED_FACE('',(#6416),#2712,.T.);
#6416 = FACE_BOUND('',#6417,.F.);
#6417 = EDGE_LOOP('',(#6418,#6440,#6441,#6442));
#6418 = ORIENTED_EDGE('',*,*,#6419,.F.);
#6419 = EDGE_CURVE('',#6365,#726,#6420,.T.);
#6420 = SURFACE_CURVE('',#6421,(#6426,#6433),.PCURVE_S1.);
#6421 = CIRCLE('',#6422,3.);
#6422 = AXIS2_PLACEMENT_3D('',#6423,#6424,#6425);
#6423 = CARTESIAN_POINT('',(-87.5,145.6,40.2));
#6424 = DIRECTION('',(0.,0.,1.));
#6425 = DIRECTION('',(1.,0.,0.));
#6426 = PCURVE('',#2712,#6427);
#6427 = DEFINITIONAL_REPRESENTATION('',(#6428),#6432);
#6428 = LINE('',#6429,#6430);
#6429 = CARTESIAN_POINT('',(-0.,0.));
#6430 = VECTOR('',#6431,1.);
#6431 = DIRECTION('',(-1.,0.));
#6432 = ( GEOMETRIC_REPRESENTATION_CONTEXT(2) 
PARAMETRIC_REPRESENTATION_CONTEXT() REPRESENTATION_CONTEXT('2D SPACE',''
  ) );
#6433 = PCURVE('',#6402,#6434);
#6434 = DEFINITIONAL_REPRESENTATION('',(#6435),#6439);
#6435 = CIRCLE('',#6436,3.);
#6436 = AXIS2_PLACEMENT_2D('',#6437,#6438);
#6437 = CARTESIAN_POINT('',(0.,0.));
#6438 = DIRECTION('',(1.,0.));
#6439 = ( GEOMETRIC_REPRESENTATION_CONTEXT(2) 
PARAMETRIC_REPRESENTATION_CONTEXT() REPRESENTATION_CONTEXT('2D SPACE',''
  ) );
#6440 = ORIENTED_EDGE('',*,*,#6364,.T.);
#6441 = ORIENTED_EDGE('',*,*,#2691,.F.);
#6442 = ORIENTED_EDGE('',*,*,#2502,.T.);
#6443 = ADVANCED_FACE('',(#6444),#3725,.T.);
#6444 = FACE_BOUND('',#6445,.F.);
#6445 = EDGE_LOOP('',(#6446,#6475,#6496,#6497));
#6446 = ORIENTED_EDGE('',*,*,#6447,.F.);
#6447 = EDGE_CURVE('',#6448,#6448,#6450,.T.);
#6448 = VERTEX_POINT('',#6449);
#6449 = CARTESIAN_POINT('',(-42.,146.6,40.2));
#6450 = SURFACE_CURVE('',#6451,(#6456,#6463),.PCURVE_S1.);
#6451 = CIRCLE('',#6452,3.);
#6452 = AXIS2_PLACEMENT_3D('',#6453,#6454,#6455);
#6453 = CARTESIAN_POINT('',(-45.,146.6,40.2));
#6454 = DIRECTION('',(0.,0.,1.));
#6455 = DIRECTION('',(1.,0.,0.));
#6456 = PCURVE('',#3725,#6457);
#6457 = DEFINITIONAL_REPRESENTATION('',(#6458),#6462);
#6458 = LINE('',#6459,#6460);
#6459 = CARTESIAN_POINT('',(-0.,0.));
#6460 = VECTOR('',#6461,1.);
#6461 = DIRECTION('',(-1.,0.));
#6462 = ( GEOMETRIC_REPRESENTATION_CONTEXT(2) 
PARAMETRIC_REPRESENTATION_CONTEXT() REPRESENTATION_CONTEXT('2D SPACE',''
  ) );
#6463 = PCURVE('',#6464,#6469);
#6464 = PLANE('',#6465);
#6465 = AXIS2_PLACEMENT_3D('',#6466,#6467,#6468);
#6466 = CARTESIAN_POINT('',(-45.,146.6,40.2));
#6467 = DIRECTION('',(0.,0.,1.));
#6468 = DIRECTION('',(1.,0.,-0.));
#6469 = DEFINITIONAL_REPRESENTATION('',(#6470),#6474);
#6470 = CIRCLE('',#6471,3.);
#6471 = AXIS2_PLACEMENT_2D('',#6472,#6473);
#6472 = CARTESIAN_POINT('',(0.,0.));
#6473 = DIRECTION('',(1.,0.));
#6474 = ( GEOMETRIC_REPRESENTATION_CONTEXT(2) 
PARAMETRIC_REPRESENTATION_CONTEXT() REPRESENTATION_CONTEXT('2D SPACE',''
  ) );
#6475 = ORIENTED_EDGE('',*,*,#6476,.T.);
#6476 = EDGE_CURVE('',#6448,#3705,#6477,.T.);
#6477 = SEAM_CURVE('',#6478,(#6482,#6489),.PCURVE_S1.);
#6478 = LINE('',#6479,#6480);
#6479 = CARTESIAN_POINT('',(-42.,146.6,40.2));
#6480 = VECTOR('',#6481,1.);
#6481 = DIRECTION('',(0.,0.,1.));
#6482 = PCURVE('',#3725,#6483);
#6483 = DEFINITIONAL_REPRESENTATION('',(#6484),#6488);
#6484 = LINE('',#6485,#6486);
#6485 = CARTESIAN_POINT('',(-6.28318530718,0.));
#6486 = VECTOR('',#6487,1.);
#6487 = DIRECTION('',(-0.,-1.));
#6488 = ( GEOMETRIC_REPRESENTATION_CONTEXT(2) 
PARAMETRIC_REPRESENTATION_CONTEXT() REPRESENTATION_CONTEXT('2D SPACE',''
  ) );
#6489 = PCURVE('',#3725,#6490);
#6490 = DEFINITIONAL_REPRESENTATION('',(#6491),#6495);
#6491 = LINE('',#6492,#6493);
#6492 = CARTESIAN_POINT('',(-0.,0.));
#6493 = VECTOR('',#6494,1.);
#6494 = DIRECTION('',(-0.,-1.));
#6495 = ( GEOMETRIC_REPRESENTATION_CONTEXT(2) 
PARAMETRIC_REPRESENTATION_CONTEXT() REPRESENTATION_CONTEXT('2D SPACE',''
  ) );
#6496 = ORIENTED_EDGE('',*,*,#3704,.F.);
#6497 = ORIENTED_EDGE('',*,*,#6476,.F.);
#6498 = ADVANCED_FACE('',(#6499),#3760,.T.);
#6499 = FACE_BOUND('',#6500,.F.);
#6500 = EDGE_LOOP('',(#6501,#6530,#6551,#6552));
#6501 = ORIENTED_EDGE('',*,*,#6502,.F.);
#6502 = EDGE_CURVE('',#6503,#6503,#6505,.T.);
#6503 = VERTEX_POINT('',#6504);
#6504 = CARTESIAN_POINT('',(48.,146.6,40.2));
#6505 = SURFACE_CURVE('',#6506,(#6511,#6518),.PCURVE_S1.);
#6506 = CIRCLE('',#6507,3.);
#6507 = AXIS2_PLACEMENT_3D('',#6508,#6509,#6510);
#6508 = CARTESIAN_POINT('',(45.,146.6,40.2));
#6509 = DIRECTION('',(0.,0.,1.));
#6510 = DIRECTION('',(1.,0.,0.));
#6511 = PCURVE('',#3760,#6512);
#6512 = DEFINITIONAL_REPRESENTATION('',(#6513),#6517);
#6513 = LINE('',#6514,#6515);
#6514 = CARTESIAN_POINT('',(-0.,0.));
#6515 = VECTOR('',#6516,1.);
#6516 = DIRECTION('',(-1.,0.));
#6517 = ( GEOMETRIC_REPRESENTATION_CONTEXT(2) 
PARAMETRIC_REPRESENTATION_CONTEXT() REPRESENTATION_CONTEXT('2D SPACE',''
  ) );
#6518 = PCURVE('',#6519,#6524);
#6519 = PLANE('',#6520);
#6520 = AXIS2_PLACEMENT_3D('',#6521,#6522,#6523);
#6521 = CARTESIAN_POINT('',(45.,146.6,40.2));
#6522 = DIRECTION('',(0.,0.,1.));
#6523 = DIRECTION('',(1.,0.,-0.));
#6524 = DEFINITIONAL_REPRESENTATION('',(#6525),#6529);
#6525 = CIRCLE('',#6526,3.);
#6526 = AXIS2_PLACEMENT_2D('',#6527,#6528);
#6527 = CARTESIAN_POINT('',(0.,0.));
#6528 = DIRECTION('',(1.,0.));
#6529 = ( GEOMETRIC_REPRESENTATION_CONTEXT(2) 
PARAMETRIC_REPRESENTATION_CONTEXT() REPRESENTATION_CONTEXT('2D SPACE',''
  ) );
#6530 = ORIENTED_EDGE('',*,*,#6531,.T.);
#6531 = EDGE_CURVE('',#6503,#3740,#6532,.T.);
#6532 = SEAM_CURVE('',#6533,(#6537,#6544),.PCURVE_S1.);
#6533 = LINE('',#6534,#6535);
#6534 = CARTESIAN_POINT('',(48.,146.6,40.2));
#6535 = VECTOR('',#6536,1.);
#6536 = DIRECTION('',(0.,0.,1.));
#6537 = PCURVE('',#3760,#6538);
#6538 = DEFINITIONAL_REPRESENTATION('',(#6539),#6543);
#6539 = LINE('',#6540,#6541);
#6540 = CARTESIAN_POINT('',(-6.28318530718,0.));
#6541 = VECTOR('',#6542,1.);
#6542 = DIRECTION('',(-0.,-1.));
#6543 = ( GEOMETRIC_REPRESENTATION_CONTEXT(2) 
PARAMETRIC_REPRESENTATION_CONTEXT() REPRESENTATION_CONTEXT('2D SPACE',''
  ) );
#6544 = PCURVE('',#3760,#6545);
#6545 = DEFINITIONAL_REPRESENTATION('',(#6546),#6550);
#6546 = LINE('',#6547,#6548);
#6547 = CARTESIAN_POINT('',(-0.,0.));
#6548 = VECTOR('',#6549,1.);
#6549 = DIRECTION('',(-0.,-1.));
#6550 = ( GEOMETRIC_REPRESENTATION_CONTEXT(2) 
PARAMETRIC_REPRESENTATION_CONTEXT() REPRESENTATION_CONTEXT('2D SPACE',''
  ) );
#6551 = ORIENTED_EDGE('',*,*,#3739,.F.);
#6552 = ORIENTED_EDGE('',*,*,#6531,.F.);
#6553 = ADVANCED_FACE('',(#6554),#3792,.F.);
#6554 = FACE_BOUND('',#6555,.F.);
#6555 = EDGE_LOOP('',(#6556,#6579,#6607,#6628));
#6556 = ORIENTED_EDGE('',*,*,#6557,.F.);
#6557 = EDGE_CURVE('',#6558,#3775,#6560,.T.);
#6558 = VERTEX_POINT('',#6559);
#6559 = CARTESIAN_POINT('',(61.,118.2,54.6));
#6560 = SURFACE_CURVE('',#6561,(#6565,#6572),.PCURVE_S1.);
#6561 = LINE('',#6562,#6563);
#6562 = CARTESIAN_POINT('',(61.,118.2,54.6));
#6563 = VECTOR('',#6564,1.);
#6564 = DIRECTION('',(0.,0.,1.));
#6565 = PCURVE('',#3792,#6566);
#6566 = DEFINITIONAL_REPRESENTATION('',(#6567),#6571);
#6567 = LINE('',#6568,#6569);
#6568 = CARTESIAN_POINT('',(0.,12.));
#6569 = VECTOR('',#6570,1.);
#6570 = DIRECTION('',(1.,0.));
#6571 = ( GEOMETRIC_REPRESENTATION_CONTEXT(2) 
PARAMETRIC_REPRESENTATION_CONTEXT() REPRESENTATION_CONTEXT('2D SPACE',''
  ) );
#6572 = PCURVE('',#3871,#6573);
#6573 = DEFINITIONAL_REPRESENTATION('',(#6574),#6578);
#6574 = LINE('',#6575,#6576);
#6575 = CARTESIAN_POINT('',(0.,0.));
#6576 = VECTOR('',#6577,1.);
#6577 = DIRECTION('',(1.,0.));
#6578 = ( GEOMETRIC_REPRESENTATION_CONTEXT(2) 
PARAMETRIC_REPRESENTATION_CONTEXT() REPRESENTATION_CONTEXT('2D SPACE',''
  ) );
#6579 = ORIENTED_EDGE('',*,*,#6580,.F.);
#6580 = EDGE_CURVE('',#6581,#6558,#6583,.T.);
#6581 = VERTEX_POINT('',#6582);
#6582 = CARTESIAN_POINT('',(49.,118.2,54.6));
#6583 = SURFACE_CURVE('',#6584,(#6588,#6595),.PCURVE_S1.);
#6584 = LINE('',#6585,#6586);
#6585 = CARTESIAN_POINT('',(49.,118.2,54.6));
#6586 = VECTOR('',#6587,1.);
#6587 = DIRECTION('',(1.,0.,0.));
#6588 = PCURVE('',#3792,#6589);
#6589 = DEFINITIONAL_REPRESENTATION('',(#6590),#6594);
#6590 = LINE('',#6591,#6592);
#6591 = CARTESIAN_POINT('',(0.,0.));
#6592 = VECTOR('',#6593,1.);
#6593 = DIRECTION('',(0.,1.));
#6594 = ( GEOMETRIC_REPRESENTATION_CONTEXT(2) 
PARAMETRIC_REPRESENTATION_CONTEXT() REPRESENTATION_CONTEXT('2D SPACE',''
  ) );
#6595 = PCURVE('',#6596,#6601);
#6596 = PLANE('',#6597);
#6597 = AXIS2_PLACEMENT_3D('',#6598,#6599,#6600);
#6598 = CARTESIAN_POINT('',(49.,118.2,54.6));
#6599 = DIRECTION('',(0.,0.,1.));
#6600 = DIRECTION('',(1.,0.,0.));
#6601 = DEFINITIONAL_REPRESENTATION('',(#6602),#6606);
#6602 = LINE('',#6603,#6604);
#6603 = CARTESIAN_POINT('',(0.,0.));
#6604 = VECTOR('',#6605,1.);
#6605 = DIRECTION('',(1.,0.));
#6606 = ( GEOMETRIC_REPRESENTATION_CONTEXT(2) 
PARAMETRIC_REPRESENTATION_CONTEXT() REPRESENTATION_CONTEXT('2D SPACE',''
  ) );
#6607 = ORIENTED_EDGE('',*,*,#6608,.T.);
#6608 = EDGE_CURVE('',#6581,#3777,#6609,.T.);
#6609 = SURFACE_CURVE('',#6610,(#6614,#6621),.PCURVE_S1.);
#6610 = LINE('',#6611,#6612);
#6611 = CARTESIAN_POINT('',(49.,118.2,54.6));
#6612 = VECTOR('',#6613,1.);
#6613 = DIRECTION('',(0.,0.,1.));
#6614 = PCURVE('',#3792,#6615);
#6615 = DEFINITIONAL_REPRESENTATION('',(#6616),#6620);
#6616 = LINE('',#6617,#6618);
#6617 = CARTESIAN_POINT('',(0.,0.));
#6618 = VECTOR('',#6619,1.);
#6619 = DIRECTION('',(1.,0.));
#6620 = ( GEOMETRIC_REPRESENTATION_CONTEXT(2) 
PARAMETRIC_REPRESENTATION_CONTEXT() REPRESENTATION_CONTEXT('2D SPACE',''
  ) );
#6621 = PCURVE('',#3819,#6622);
#6622 = DEFINITIONAL_REPRESENTATION('',(#6623),#6627);
#6623 = LINE('',#6624,#6625);
#6624 = CARTESIAN_POINT('',(0.,0.));
#6625 = VECTOR('',#6626,1.);
#6626 = DIRECTION('',(1.,0.));
#6627 = ( GEOMETRIC_REPRESENTATION_CONTEXT(2) 
PARAMETRIC_REPRESENTATION_CONTEXT() REPRESENTATION_CONTEXT('2D SPACE',''
  ) );
#6628 = ORIENTED_EDGE('',*,*,#3774,.F.);
#6629 = ADVANCED_FACE('',(#6630),#3871,.T.);
#6630 = FACE_BOUND('',#6631,.T.);
#6631 = EDGE_LOOP('',(#6632,#6633,#6656,#6677));
#6632 = ORIENTED_EDGE('',*,*,#6557,.F.);
#6633 = ORIENTED_EDGE('',*,*,#6634,.T.);
#6634 = EDGE_CURVE('',#6558,#6635,#6637,.T.);
#6635 = VERTEX_POINT('',#6636);
#6636 = CARTESIAN_POINT('',(61.,130.2,54.6));
#6637 = SURFACE_CURVE('',#6638,(#6642,#6649),.PCURVE_S1.);
#6638 = LINE('',#6639,#6640);
#6639 = CARTESIAN_POINT('',(61.,118.2,54.6));
#6640 = VECTOR('',#6641,1.);
#6641 = DIRECTION('',(0.,1.,0.));
#6642 = PCURVE('',#3871,#6643);
#6643 = DEFINITIONAL_REPRESENTATION('',(#6644),#6648);
#6644 = LINE('',#6645,#6646);
#6645 = CARTESIAN_POINT('',(0.,0.));
#6646 = VECTOR('',#6647,1.);
#6647 = DIRECTION('',(0.,-1.));
#6648 = ( GEOMETRIC_REPRESENTATION_CONTEXT(2) 
PARAMETRIC_REPRESENTATION_CONTEXT() REPRESENTATION_CONTEXT('2D SPACE',''
  ) );
#6649 = PCURVE('',#6596,#6650);
#6650 = DEFINITIONAL_REPRESENTATION('',(#6651),#6655);
#6651 = LINE('',#6652,#6653);
#6652 = CARTESIAN_POINT('',(12.,0.));
#6653 = VECTOR('',#6654,1.);
#6654 = DIRECTION('',(0.,1.));
#6655 = ( GEOMETRIC_REPRESENTATION_CONTEXT(2) 
PARAMETRIC_REPRESENTATION_CONTEXT() REPRESENTATION_CONTEXT('2D SPACE',''
  ) );
#6656 = ORIENTED_EDGE('',*,*,#6657,.T.);
#6657 = EDGE_CURVE('',#6635,#3831,#6658,.T.);
#6658 = SURFACE_CURVE('',#6659,(#6663,#6670),.PCURVE_S1.);
#6659 = LINE('',#6660,#6661);
#6660 = CARTESIAN_POINT('',(61.,130.2,54.6));
#6661 = VECTOR('',#6662,1.);
#6662 = DIRECTION('',(0.,0.,1.));
#6663 = PCURVE('',#3871,#6664);
#6664 = DEFINITIONAL_REPRESENTATION('',(#6665),#6669);
#6665 = LINE('',#6666,#6667);
#6666 = CARTESIAN_POINT('',(0.,-12.));
#6667 = VECTOR('',#6668,1.);
#6668 = DIRECTION('',(1.,0.));
#6669 = ( GEOMETRIC_REPRESENTATION_CONTEXT(2) 
PARAMETRIC_REPRESENTATION_CONTEXT() REPRESENTATION_CONTEXT('2D SPACE',''
  ) );
#6670 = PCURVE('',#3846,#6671);
#6671 = DEFINITIONAL_REPRESENTATION('',(#6672),#6676);
#6672 = LINE('',#6673,#6674);
#6673 = CARTESIAN_POINT('',(0.,12.));
#6674 = VECTOR('',#6675,1.);
#6675 = DIRECTION('',(1.,0.));
#6676 = ( GEOMETRIC_REPRESENTATION_CONTEXT(2) 
PARAMETRIC_REPRESENTATION_CONTEXT() REPRESENTATION_CONTEXT('2D SPACE',''
  ) );
#6677 = ORIENTED_EDGE('',*,*,#3857,.F.);
#6678 = ADVANCED_FACE('',(#6679),#3819,.F.);
#6679 = FACE_BOUND('',#6680,.F.);
#6680 = EDGE_LOOP('',(#6681,#6682,#6705,#6726));
#6681 = ORIENTED_EDGE('',*,*,#6608,.F.);
#6682 = ORIENTED_EDGE('',*,*,#6683,.T.);
#6683 = EDGE_CURVE('',#6581,#6684,#6686,.T.);
#6684 = VERTEX_POINT('',#6685);
#6685 = CARTESIAN_POINT('',(49.,130.2,54.6));
#6686 = SURFACE_CURVE('',#6687,(#6691,#6698),.PCURVE_S1.);
#6687 = LINE('',#6688,#6689);
#6688 = CARTESIAN_POINT('',(49.,118.2,54.6));
#6689 = VECTOR('',#6690,1.);
#6690 = DIRECTION('',(0.,1.,0.));
#6691 = PCURVE('',#3819,#6692);
#6692 = DEFINITIONAL_REPRESENTATION('',(#6693),#6697);
#6693 = LINE('',#6694,#6695);
#6694 = CARTESIAN_POINT('',(0.,0.));
#6695 = VECTOR('',#6696,1.);
#6696 = DIRECTION('',(0.,-1.));
#6697 = ( GEOMETRIC_REPRESENTATION_CONTEXT(2) 
PARAMETRIC_REPRESENTATION_CONTEXT() REPRESENTATION_CONTEXT('2D SPACE',''
  ) );
#6698 = PCURVE('',#6596,#6699);
#6699 = DEFINITIONAL_REPRESENTATION('',(#6700),#6704);
#6700 = LINE('',#6701,#6702);
#6701 = CARTESIAN_POINT('',(0.,0.));
#6702 = VECTOR('',#6703,1.);
#6703 = DIRECTION('',(0.,1.));
#6704 = ( GEOMETRIC_REPRESENTATION_CONTEXT(2) 
PARAMETRIC_REPRESENTATION_CONTEXT() REPRESENTATION_CONTEXT('2D SPACE',''
  ) );
#6705 = ORIENTED_EDGE('',*,*,#6706,.T.);
#6706 = EDGE_CURVE('',#6684,#3804,#6707,.T.);
#6707 = SURFACE_CURVE('',#6708,(#6712,#6719),.PCURVE_S1.);
#6708 = LINE('',#6709,#6710);
#6709 = CARTESIAN_POINT('',(49.,130.2,54.6));
#6710 = VECTOR('',#6711,1.);
#6711 = DIRECTION('',(0.,0.,1.));
#6712 = PCURVE('',#3819,#6713);
#6713 = DEFINITIONAL_REPRESENTATION('',(#6714),#6718);
#6714 = LINE('',#6715,#6716);
#6715 = CARTESIAN_POINT('',(0.,-12.));
#6716 = VECTOR('',#6717,1.);
#6717 = DIRECTION('',(1.,0.));
#6718 = ( GEOMETRIC_REPRESENTATION_CONTEXT(2) 
PARAMETRIC_REPRESENTATION_CONTEXT() REPRESENTATION_CONTEXT('2D SPACE',''
  ) );
#6719 = PCURVE('',#3846,#6720);
#6720 = DEFINITIONAL_REPRESENTATION('',(#6721),#6725);
#6721 = LINE('',#6722,#6723);
#6722 = CARTESIAN_POINT('',(0.,0.));
#6723 = VECTOR('',#6724,1.);
#6724 = DIRECTION('',(1.,0.));
#6725 = ( GEOMETRIC_REPRESENTATION_CONTEXT(2) 
PARAMETRIC_REPRESENTATION_CONTEXT() REPRESENTATION_CONTEXT('2D SPACE',''
  ) );
#6726 = ORIENTED_EDGE('',*,*,#3803,.F.);
#6727 = ADVANCED_FACE('',(#6728),#3846,.T.);
#6728 = FACE_BOUND('',#6729,.T.);
#6729 = EDGE_LOOP('',(#6730,#6731,#6752,#6753));
#6730 = ORIENTED_EDGE('',*,*,#6657,.F.);
#6731 = ORIENTED_EDGE('',*,*,#6732,.F.);
#6732 = EDGE_CURVE('',#6684,#6635,#6733,.T.);
#6733 = SURFACE_CURVE('',#6734,(#6738,#6745),.PCURVE_S1.);
#6734 = LINE('',#6735,#6736);
#6735 = CARTESIAN_POINT('',(49.,130.2,54.6));
#6736 = VECTOR('',#6737,1.);
#6737 = DIRECTION('',(1.,0.,0.));
#6738 = PCURVE('',#3846,#6739);
#6739 = DEFINITIONAL_REPRESENTATION('',(#6740),#6744);
#6740 = LINE('',#6741,#6742);
#6741 = CARTESIAN_POINT('',(0.,0.));
#6742 = VECTOR('',#6743,1.);
#6743 = DIRECTION('',(0.,1.));
#6744 = ( GEOMETRIC_REPRESENTATION_CONTEXT(2) 
PARAMETRIC_REPRESENTATION_CONTEXT() REPRESENTATION_CONTEXT('2D SPACE',''
  ) );
#6745 = PCURVE('',#6596,#6746);
#6746 = DEFINITIONAL_REPRESENTATION('',(#6747),#6751);
#6747 = LINE('',#6748,#6749);
#6748 = CARTESIAN_POINT('',(0.,12.));
#6749 = VECTOR('',#6750,1.);
#6750 = DIRECTION('',(1.,0.));
#6751 = ( GEOMETRIC_REPRESENTATION_CONTEXT(2) 
PARAMETRIC_REPRESENTATION_CONTEXT() REPRESENTATION_CONTEXT('2D SPACE',''
  ) );
#6752 = ORIENTED_EDGE('',*,*,#6706,.T.);
#6753 = ORIENTED_EDGE('',*,*,#3830,.F.);
#6754 = ADVANCED_FACE('',(#6755),#3902,.T.);
#6755 = FACE_BOUND('',#6756,.T.);
#6756 = EDGE_LOOP('',(#6757,#6780,#6808,#6829));
#6757 = ORIENTED_EDGE('',*,*,#6758,.F.);
#6758 = EDGE_CURVE('',#6759,#3885,#6761,.T.);
#6759 = VERTEX_POINT('',#6760);
#6760 = CARTESIAN_POINT('',(85.,129.6,40.2));
#6761 = SURFACE_CURVE('',#6762,(#6766,#6773),.PCURVE_S1.);
#6762 = LINE('',#6763,#6764);
#6763 = CARTESIAN_POINT('',(85.,129.6,40.2));
#6764 = VECTOR('',#6765,1.);
#6765 = DIRECTION('',(0.,0.,1.));
#6766 = PCURVE('',#3902,#6767);
#6767 = DEFINITIONAL_REPRESENTATION('',(#6768),#6772);
#6768 = LINE('',#6769,#6770);
#6769 = CARTESIAN_POINT('',(0.,0.));
#6770 = VECTOR('',#6771,1.);
#6771 = DIRECTION('',(1.,0.));
#6772 = ( GEOMETRIC_REPRESENTATION_CONTEXT(2) 
PARAMETRIC_REPRESENTATION_CONTEXT() REPRESENTATION_CONTEXT('2D SPACE',''
  ) );
#6773 = PCURVE('',#3930,#6774);
#6774 = DEFINITIONAL_REPRESENTATION('',(#6775),#6779);
#6775 = LINE('',#6776,#6777);
#6776 = CARTESIAN_POINT('',(0.,1.6));
#6777 = VECTOR('',#6778,1.);
#6778 = DIRECTION('',(1.,0.));
#6779 = ( GEOMETRIC_REPRESENTATION_CONTEXT(2) 
PARAMETRIC_REPRESENTATION_CONTEXT() REPRESENTATION_CONTEXT('2D SPACE',''
  ) );
#6780 = ORIENTED_EDGE('',*,*,#6781,.T.);
#6781 = EDGE_CURVE('',#6759,#6782,#6784,.T.);
#6782 = VERTEX_POINT('',#6783);
#6783 = CARTESIAN_POINT('',(85.,141.2,40.2));
#6784 = SURFACE_CURVE('',#6785,(#6789,#6796),.PCURVE_S1.);
#6785 = LINE('',#6786,#6787);
#6786 = CARTESIAN_POINT('',(85.,129.6,40.2));
#6787 = VECTOR('',#6788,1.);
#6788 = DIRECTION('',(0.,1.,0.));
#6789 = PCURVE('',#3902,#6790);
#6790 = DEFINITIONAL_REPRESENTATION('',(#6791),#6795);
#6791 = LINE('',#6792,#6793);
#6792 = CARTESIAN_POINT('',(0.,0.));
#6793 = VECTOR('',#6794,1.);
#6794 = DIRECTION('',(0.,-1.));
#6795 = ( GEOMETRIC_REPRESENTATION_CONTEXT(2) 
PARAMETRIC_REPRESENTATION_CONTEXT() REPRESENTATION_CONTEXT('2D SPACE',''
  ) );
#6796 = PCURVE('',#6797,#6802);
#6797 = PLANE('',#6798);
#6798 = AXIS2_PLACEMENT_3D('',#6799,#6800,#6801);
#6799 = CARTESIAN_POINT('',(83.4,129.6,40.2));
#6800 = DIRECTION('',(0.,0.,1.));
#6801 = DIRECTION('',(1.,0.,0.));
#6802 = DEFINITIONAL_REPRESENTATION('',(#6803),#6807);
#6803 = LINE('',#6804,#6805);
#6804 = CARTESIAN_POINT('',(1.6,0.));
#6805 = VECTOR('',#6806,1.);
#6806 = DIRECTION('',(0.,1.));
#6807 = ( GEOMETRIC_REPRESENTATION_CONTEXT(2) 
PARAMETRIC_REPRESENTATION_CONTEXT() REPRESENTATION_CONTEXT('2D SPACE',''
  ) );
#6808 = ORIENTED_EDGE('',*,*,#6809,.T.);
#6809 = EDGE_CURVE('',#6782,#3887,#6810,.T.);
#6810 = SURFACE_CURVE('',#6811,(#6815,#6822),.PCURVE_S1.);
#6811 = LINE('',#6812,#6813);
#6812 = CARTESIAN_POINT('',(85.,141.2,40.2));
#6813 = VECTOR('',#6814,1.);
#6814 = DIRECTION('',(0.,0.,1.));
#6815 = PCURVE('',#3902,#6816);
#6816 = DEFINITIONAL_REPRESENTATION('',(#6817),#6821);
#6817 = LINE('',#6818,#6819);
#6818 = CARTESIAN_POINT('',(0.,-11.6));
#6819 = VECTOR('',#6820,1.);
#6820 = DIRECTION('',(1.,0.));
#6821 = ( GEOMETRIC_REPRESENTATION_CONTEXT(2) 
PARAMETRIC_REPRESENTATION_CONTEXT() REPRESENTATION_CONTEXT('2D SPACE',''
  ) );
#6822 = PCURVE('',#4036,#6823);
#6823 = DEFINITIONAL_REPRESENTATION('',(#6824),#6828);
#6824 = LINE('',#6825,#6826);
#6825 = CARTESIAN_POINT('',(0.,1.6));
#6826 = VECTOR('',#6827,1.);
#6827 = DIRECTION('',(1.,0.));
#6828 = ( GEOMETRIC_REPRESENTATION_CONTEXT(2) 
PARAMETRIC_REPRESENTATION_CONTEXT() REPRESENTATION_CONTEXT('2D SPACE',''
  ) );
#6829 = ORIENTED_EDGE('',*,*,#3884,.F.);
#6830 = ADVANCED_FACE('',(#6831),#3930,.F.);
#6831 = FACE_BOUND('',#6832,.F.);
#6832 = EDGE_LOOP('',(#6833,#6834,#6857,#6878));
#6833 = ORIENTED_EDGE('',*,*,#6758,.F.);
#6834 = ORIENTED_EDGE('',*,*,#6835,.F.);
#6835 = EDGE_CURVE('',#6836,#6759,#6838,.T.);
#6836 = VERTEX_POINT('',#6837);
#6837 = CARTESIAN_POINT('',(83.4,129.6,40.2));
#6838 = SURFACE_CURVE('',#6839,(#6843,#6850),.PCURVE_S1.);
#6839 = LINE('',#6840,#6841);
#6840 = CARTESIAN_POINT('',(83.4,129.6,40.2));
#6841 = VECTOR('',#6842,1.);
#6842 = DIRECTION('',(1.,0.,0.));
#6843 = PCURVE('',#3930,#6844);
#6844 = DEFINITIONAL_REPRESENTATION('',(#6845),#6849);
#6845 = LINE('',#6846,#6847);
#6846 = CARTESIAN_POINT('',(0.,0.));
#6847 = VECTOR('',#6848,1.);
#6848 = DIRECTION('',(0.,1.));
#6849 = ( GEOMETRIC_REPRESENTATION_CONTEXT(2) 
PARAMETRIC_REPRESENTATION_CONTEXT() REPRESENTATION_CONTEXT('2D SPACE',''
  ) );
#6850 = PCURVE('',#6797,#6851);
#6851 = DEFINITIONAL_REPRESENTATION('',(#6852),#6856);
#6852 = LINE('',#6853,#6854);
#6853 = CARTESIAN_POINT('',(0.,0.));
#6854 = VECTOR('',#6855,1.);
#6855 = DIRECTION('',(1.,0.));
#6856 = ( GEOMETRIC_REPRESENTATION_CONTEXT(2) 
PARAMETRIC_REPRESENTATION_CONTEXT() REPRESENTATION_CONTEXT('2D SPACE',''
  ) );
#6857 = ORIENTED_EDGE('',*,*,#6858,.T.);
#6858 = EDGE_CURVE('',#6836,#3915,#6859,.T.);
#6859 = SURFACE_CURVE('',#6860,(#6864,#6871),.PCURVE_S1.);
#6860 = LINE('',#6861,#6862);
#6861 = CARTESIAN_POINT('',(83.4,129.6,40.2));
#6862 = VECTOR('',#6863,1.);
#6863 = DIRECTION('',(0.,0.,1.));
#6864 = PCURVE('',#3930,#6865);
#6865 = DEFINITIONAL_REPRESENTATION('',(#6866),#6870);
#6866 = LINE('',#6867,#6868);
#6867 = CARTESIAN_POINT('',(0.,0.));
#6868 = VECTOR('',#6869,1.);
#6869 = DIRECTION('',(1.,0.));
#6870 = ( GEOMETRIC_REPRESENTATION_CONTEXT(2) 
PARAMETRIC_REPRESENTATION_CONTEXT() REPRESENTATION_CONTEXT('2D SPACE',''
  ) );
#6871 = PCURVE('',#3957,#6872);
#6872 = DEFINITIONAL_REPRESENTATION('',(#6873),#6877);
#6873 = LINE('',#6874,#6875);
#6874 = CARTESIAN_POINT('',(0.,0.));
#6875 = VECTOR('',#6876,1.);
#6876 = DIRECTION('',(1.,0.));
#6877 = ( GEOMETRIC_REPRESENTATION_CONTEXT(2) 
PARAMETRIC_REPRESENTATION_CONTEXT() REPRESENTATION_CONTEXT('2D SPACE',''
  ) );
#6878 = ORIENTED_EDGE('',*,*,#3914,.F.);
#6879 = ADVANCED_FACE('',(#6880),#4036,.T.);
#6880 = FACE_BOUND('',#6881,.T.);
#6881 = EDGE_LOOP('',(#6882,#6883,#6906,#6927));
#6882 = ORIENTED_EDGE('',*,*,#6809,.F.);
#6883 = ORIENTED_EDGE('',*,*,#6884,.T.);
#6884 = EDGE_CURVE('',#6782,#6885,#6887,.T.);
#6885 = VERTEX_POINT('',#6886);
#6886 = CARTESIAN_POINT('',(73.4,141.2,40.2));
#6887 = SURFACE_CURVE('',#6888,(#6892,#6899),.PCURVE_S1.);
#6888 = LINE('',#6889,#6890);
#6889 = CARTESIAN_POINT('',(85.,141.2,40.2));
#6890 = VECTOR('',#6891,1.);
#6891 = DIRECTION('',(-1.,0.,0.));
#6892 = PCURVE('',#4036,#6893);
#6893 = DEFINITIONAL_REPRESENTATION('',(#6894),#6898);
#6894 = LINE('',#6895,#6896);
#6895 = CARTESIAN_POINT('',(0.,1.6));
#6896 = VECTOR('',#6897,1.);
#6897 = DIRECTION('',(0.,-1.));
#6898 = ( GEOMETRIC_REPRESENTATION_CONTEXT(2) 
PARAMETRIC_REPRESENTATION_CONTEXT() REPRESENTATION_CONTEXT('2D SPACE',''
  ) );
#6899 = PCURVE('',#6797,#6900);
#6900 = DEFINITIONAL_REPRESENTATION('',(#6901),#6905);
#6901 = LINE('',#6902,#6903);
#6902 = CARTESIAN_POINT('',(1.6,11.6));
#6903 = VECTOR('',#6904,1.);
#6904 = DIRECTION('',(-1.,0.));
#6905 = ( GEOMETRIC_REPRESENTATION_CONTEXT(2) 
PARAMETRIC_REPRESENTATION_CONTEXT() REPRESENTATION_CONTEXT('2D SPACE',''
  ) );
#6906 = ORIENTED_EDGE('',*,*,#6907,.T.);
#6907 = EDGE_CURVE('',#6885,#3996,#6908,.T.);
#6908 = SURFACE_CURVE('',#6909,(#6913,#6920),.PCURVE_S1.);
#6909 = LINE('',#6910,#6911);
#6910 = CARTESIAN_POINT('',(73.4,141.2,40.2));
#6911 = VECTOR('',#6912,1.);
#6912 = DIRECTION('',(0.,0.,1.));
#6913 = PCURVE('',#4036,#6914);
#6914 = DEFINITIONAL_REPRESENTATION('',(#6915),#6919);
#6915 = LINE('',#6916,#6917);
#6916 = CARTESIAN_POINT('',(0.,-10.));
#6917 = VECTOR('',#6918,1.);
#6918 = DIRECTION('',(1.,0.));
#6919 = ( GEOMETRIC_REPRESENTATION_CONTEXT(2) 
PARAMETRIC_REPRESENTATION_CONTEXT() REPRESENTATION_CONTEXT('2D SPACE',''
  ) );
#6920 = PCURVE('',#4011,#6921);
#6921 = DEFINITIONAL_REPRESENTATION('',(#6922),#6926);
#6922 = LINE('',#6923,#6924);
#6923 = CARTESIAN_POINT('',(0.,-1.6));
#6924 = VECTOR('',#6925,1.);
#6925 = DIRECTION('',(1.,0.));
#6926 = ( GEOMETRIC_REPRESENTATION_CONTEXT(2) 
PARAMETRIC_REPRESENTATION_CONTEXT() REPRESENTATION_CONTEXT('2D SPACE',''
  ) );
#6927 = ORIENTED_EDGE('',*,*,#4022,.F.);
#6928 = ADVANCED_FACE('',(#6929),#3957,.F.);
#6929 = FACE_BOUND('',#6930,.F.);
#6930 = EDGE_LOOP('',(#6931,#6932,#6955,#6974));
#6931 = ORIENTED_EDGE('',*,*,#6858,.F.);
#6932 = ORIENTED_EDGE('',*,*,#6933,.T.);
#6933 = EDGE_CURVE('',#6836,#6934,#6936,.T.);
#6934 = VERTEX_POINT('',#6935);
#6935 = CARTESIAN_POINT('',(83.4,139.6,40.2));
#6936 = SURFACE_CURVE('',#6937,(#6941,#6948),.PCURVE_S1.);
#6937 = LINE('',#6938,#6939);
#6938 = CARTESIAN_POINT('',(83.4,129.6,40.2));
#6939 = VECTOR('',#6940,1.);
#6940 = DIRECTION('',(0.,1.,0.));
#6941 = PCURVE('',#3957,#6942);
#6942 = DEFINITIONAL_REPRESENTATION('',(#6943),#6947);
#6943 = LINE('',#6944,#6945);
#6944 = CARTESIAN_POINT('',(0.,0.));
#6945 = VECTOR('',#6946,1.);
#6946 = DIRECTION('',(0.,-1.));
#6947 = ( GEOMETRIC_REPRESENTATION_CONTEXT(2) 
PARAMETRIC_REPRESENTATION_CONTEXT() REPRESENTATION_CONTEXT('2D SPACE',''
  ) );
#6948 = PCURVE('',#6797,#6949);
#6949 = DEFINITIONAL_REPRESENTATION('',(#6950),#6954);
#6950 = LINE('',#6951,#6952);
#6951 = CARTESIAN_POINT('',(0.,0.));
#6952 = VECTOR('',#6953,1.);
#6953 = DIRECTION('',(0.,1.));
#6954 = ( GEOMETRIC_REPRESENTATION_CONTEXT(2) 
PARAMETRIC_REPRESENTATION_CONTEXT() REPRESENTATION_CONTEXT('2D SPACE',''
  ) );
#6955 = ORIENTED_EDGE('',*,*,#6956,.T.);
#6956 = EDGE_CURVE('',#6934,#3942,#6957,.T.);
#6957 = SURFACE_CURVE('',#6958,(#6962,#6968),.PCURVE_S1.);
#6958 = LINE('',#6959,#6960);
#6959 = CARTESIAN_POINT('',(83.4,139.6,40.2));
#6960 = VECTOR('',#6961,1.);
#6961 = DIRECTION('',(0.,0.,1.));
#6962 = PCURVE('',#3957,#6963);
#6963 = DEFINITIONAL_REPRESENTATION('',(#6964),#6967);
#6964 = B_SPLINE_CURVE_WITH_KNOTS('',1,(#6965,#6966),.UNSPECIFIED.,.F.,
  .F.,(2,2),(0.,14.6),.PIECEWISE_BEZIER_KNOTS.);
#6965 = CARTESIAN_POINT('',(0.,-10.));
#6966 = CARTESIAN_POINT('',(14.6,-10.));
#6967 = ( GEOMETRIC_REPRESENTATION_CONTEXT(2) 
PARAMETRIC_REPRESENTATION_CONTEXT() REPRESENTATION_CONTEXT('2D SPACE',''
  ) );
#6968 = PCURVE('',#3984,#6969);
#6969 = DEFINITIONAL_REPRESENTATION('',(#6970),#6973);
#6970 = B_SPLINE_CURVE_WITH_KNOTS('',1,(#6971,#6972),.UNSPECIFIED.,.F.,
  .F.,(2,2),(0.,14.6),.PIECEWISE_BEZIER_KNOTS.);
#6971 = CARTESIAN_POINT('',(0.,10.));
#6972 = CARTESIAN_POINT('',(14.6,10.));
#6973 = ( GEOMETRIC_REPRESENTATION_CONTEXT(2) 
PARAMETRIC_REPRESENTATION_CONTEXT() REPRESENTATION_CONTEXT('2D SPACE',''
  ) );
#6974 = ORIENTED_EDGE('',*,*,#3941,.F.);
#6975 = ADVANCED_FACE('',(#6976),#4011,.F.);
#6976 = FACE_BOUND('',#6977,.F.);
#6977 = EDGE_LOOP('',(#6978,#7001,#7022,#7023));
#6978 = ORIENTED_EDGE('',*,*,#6979,.F.);
#6979 = EDGE_CURVE('',#6980,#3969,#6982,.T.);
#6980 = VERTEX_POINT('',#6981);
#6981 = CARTESIAN_POINT('',(73.4,139.6,40.2));
#6982 = SURFACE_CURVE('',#6983,(#6987,#6994),.PCURVE_S1.);
#6983 = LINE('',#6984,#6985);
#6984 = CARTESIAN_POINT('',(73.4,139.6,40.2));
#6985 = VECTOR('',#6986,1.);
#6986 = DIRECTION('',(0.,0.,1.));
#6987 = PCURVE('',#4011,#6988);
#6988 = DEFINITIONAL_REPRESENTATION('',(#6989),#6993);
#6989 = LINE('',#6990,#6991);
#6990 = CARTESIAN_POINT('',(0.,0.));
#6991 = VECTOR('',#6992,1.);
#6992 = DIRECTION('',(1.,0.));
#6993 = ( GEOMETRIC_REPRESENTATION_CONTEXT(2) 
PARAMETRIC_REPRESENTATION_CONTEXT() REPRESENTATION_CONTEXT('2D SPACE',''
  ) );
#6994 = PCURVE('',#3984,#6995);
#6995 = DEFINITIONAL_REPRESENTATION('',(#6996),#7000);
#6996 = LINE('',#6997,#6998);
#6997 = CARTESIAN_POINT('',(0.,0.));
#6998 = VECTOR('',#6999,1.);
#6999 = DIRECTION('',(1.,0.));
#7000 = ( GEOMETRIC_REPRESENTATION_CONTEXT(2) 
PARAMETRIC_REPRESENTATION_CONTEXT() REPRESENTATION_CONTEXT('2D SPACE',''
  ) );
#7001 = ORIENTED_EDGE('',*,*,#7002,.T.);
#7002 = EDGE_CURVE('',#6980,#6885,#7003,.T.);
#7003 = SURFACE_CURVE('',#7004,(#7008,#7015),.PCURVE_S1.);
#7004 = LINE('',#7005,#7006);
#7005 = CARTESIAN_POINT('',(73.4,139.6,40.2));
#7006 = VECTOR('',#7007,1.);
#7007 = DIRECTION('',(0.,1.,0.));
#7008 = PCURVE('',#4011,#7009);
#7009 = DEFINITIONAL_REPRESENTATION('',(#7010),#7014);
#7010 = LINE('',#7011,#7012);
#7011 = CARTESIAN_POINT('',(0.,0.));
#7012 = VECTOR('',#7013,1.);
#7013 = DIRECTION('',(0.,-1.));
#7014 = ( GEOMETRIC_REPRESENTATION_CONTEXT(2) 
PARAMETRIC_REPRESENTATION_CONTEXT() REPRESENTATION_CONTEXT('2D SPACE',''
  ) );
#7015 = PCURVE('',#6797,#7016);
#7016 = DEFINITIONAL_REPRESENTATION('',(#7017),#7021);
#7017 = LINE('',#7018,#7019);
#7018 = CARTESIAN_POINT('',(-10.,10.));
#7019 = VECTOR('',#7020,1.);
#7020 = DIRECTION('',(0.,1.));
#7021 = ( GEOMETRIC_REPRESENTATION_CONTEXT(2) 
PARAMETRIC_REPRESENTATION_CONTEXT() REPRESENTATION_CONTEXT('2D SPACE',''
  ) );
#7022 = ORIENTED_EDGE('',*,*,#6907,.T.);
#7023 = ORIENTED_EDGE('',*,*,#3995,.F.);
#7024 = ADVANCED_FACE('',(#7025),#3984,.F.);
#7025 = FACE_BOUND('',#7026,.F.);
#7026 = EDGE_LOOP('',(#7027,#7048,#7049,#7050));
#7027 = ORIENTED_EDGE('',*,*,#7028,.F.);
#7028 = EDGE_CURVE('',#6980,#6934,#7029,.T.);
#7029 = SURFACE_CURVE('',#7030,(#7034,#7041),.PCURVE_S1.);
#7030 = LINE('',#7031,#7032);
#7031 = CARTESIAN_POINT('',(73.4,139.6,40.2));
#7032 = VECTOR('',#7033,1.);
#7033 = DIRECTION('',(1.,0.,0.));
#7034 = PCURVE('',#3984,#7035);
#7035 = DEFINITIONAL_REPRESENTATION('',(#7036),#7040);
#7036 = LINE('',#7037,#7038);
#7037 = CARTESIAN_POINT('',(0.,0.));
#7038 = VECTOR('',#7039,1.);
#7039 = DIRECTION('',(0.,1.));
#7040 = ( GEOMETRIC_REPRESENTATION_CONTEXT(2) 
PARAMETRIC_REPRESENTATION_CONTEXT() REPRESENTATION_CONTEXT('2D SPACE',''
  ) );
#7041 = PCURVE('',#6797,#7042);
#7042 = DEFINITIONAL_REPRESENTATION('',(#7043),#7047);
#7043 = LINE('',#7044,#7045);
#7044 = CARTESIAN_POINT('',(-10.,10.));
#7045 = VECTOR('',#7046,1.);
#7046 = DIRECTION('',(1.,0.));
#7047 = ( GEOMETRIC_REPRESENTATION_CONTEXT(2) 
PARAMETRIC_REPRESENTATION_CONTEXT() REPRESENTATION_CONTEXT('2D SPACE',''
  ) );
#7048 = ORIENTED_EDGE('',*,*,#6979,.T.);
#7049 = ORIENTED_EDGE('',*,*,#3968,.F.);
#7050 = ORIENTED_EDGE('',*,*,#6956,.F.);
#7051 = ADVANCED_FACE('',(#7052),#4071,.T.);
#7052 = FACE_BOUND('',#7053,.F.);
#7053 = EDGE_LOOP('',(#7054,#7081,#7082,#7083));
#7054 = ORIENTED_EDGE('',*,*,#7055,.F.);
#7055 = EDGE_CURVE('',#889,#889,#7056,.T.);
#7056 = SURFACE_CURVE('',#7057,(#7062,#7069),.PCURVE_S1.);
#7057 = CIRCLE('',#7058,3.);
#7058 = AXIS2_PLACEMENT_3D('',#7059,#7060,#7061);
#7059 = CARTESIAN_POINT('',(87.5,145.6,40.2));
#7060 = DIRECTION('',(0.,0.,1.));
#7061 = DIRECTION('',(1.,0.,0.));
#7062 = PCURVE('',#4071,#7063);
#7063 = DEFINITIONAL_REPRESENTATION('',(#7064),#7068);
#7064 = LINE('',#7065,#7066);
#7065 = CARTESIAN_POINT('',(-0.,0.));
#7066 = VECTOR('',#7067,1.);
#7067 = DIRECTION('',(-1.,0.));
#7068 = ( GEOMETRIC_REPRESENTATION_CONTEXT(2) 
PARAMETRIC_REPRESENTATION_CONTEXT() REPRESENTATION_CONTEXT('2D SPACE',''
  ) );
#7069 = PCURVE('',#7070,#7075);
#7070 = PLANE('',#7071);
#7071 = AXIS2_PLACEMENT_3D('',#7072,#7073,#7074);
#7072 = CARTESIAN_POINT('',(87.5,145.6,40.2));
#7073 = DIRECTION('',(0.,0.,1.));
#7074 = DIRECTION('',(1.,0.,-0.));
#7075 = DEFINITIONAL_REPRESENTATION('',(#7076),#7080);
#7076 = CIRCLE('',#7077,3.);
#7077 = AXIS2_PLACEMENT_2D('',#7078,#7079);
#7078 = CARTESIAN_POINT('',(0.,0.));
#7079 = DIRECTION('',(1.,0.));
#7080 = ( GEOMETRIC_REPRESENTATION_CONTEXT(2) 
PARAMETRIC_REPRESENTATION_CONTEXT() REPRESENTATION_CONTEXT('2D SPACE',''
  ) );
#7081 = ORIENTED_EDGE('',*,*,#4183,.T.);
#7082 = ORIENTED_EDGE('',*,*,#4050,.F.);
#7083 = ORIENTED_EDGE('',*,*,#4183,.F.);
#7084 = ADVANCED_FACE('',(#7085),#4261,.F.);
#7085 = FACE_BOUND('',#7086,.F.);
#7086 = EDGE_LOOP('',(#7087,#7088,#7089));
#7087 = ORIENTED_EDGE('',*,*,#4247,.F.);
#7088 = ORIENTED_EDGE('',*,*,#4299,.T.);
#7089 = ORIENTED_EDGE('',*,*,#4325,.T.);
#7090 = ADVANCED_FACE('',(#7091),#4393,.F.);
#7091 = FACE_BOUND('',#7092,.F.);
#7092 = EDGE_LOOP('',(#7093,#7094,#7095));
#7093 = ORIENTED_EDGE('',*,*,#4378,.T.);
#7094 = ORIENTED_EDGE('',*,*,#4437,.T.);
#7095 = ORIENTED_EDGE('',*,*,#4464,.T.);
#7096 = ADVANCED_FACE('',(#7097),#4527,.F.);
#7097 = FACE_BOUND('',#7098,.F.);
#7098 = EDGE_LOOP('',(#7099));
#7099 = ORIENTED_EDGE('',*,*,#4512,.T.);
#7100 = ADVANCED_FACE('',(#7101),#4582,.F.);
#7101 = FACE_BOUND('',#7102,.F.);
#7102 = EDGE_LOOP('',(#7103));
#7103 = ORIENTED_EDGE('',*,*,#4567,.T.);
#7104 = ADVANCED_FACE('',(#7105),#4909,.F.);
#7105 = FACE_BOUND('',#7106,.F.);
#7106 = EDGE_LOOP('',(#7107,#7108,#7109,#7110,#7111,#7112));
#7107 = ORIENTED_EDGE('',*,*,#4995,.F.);
#7108 = ORIENTED_EDGE('',*,*,#5092,.T.);
#7109 = ORIENTED_EDGE('',*,*,#5141,.F.);
#7110 = ORIENTED_EDGE('',*,*,#5044,.T.);
#7111 = ORIENTED_EDGE('',*,*,#4946,.T.);
#7112 = ORIENTED_EDGE('',*,*,#4893,.T.);
#7113 = ADVANCED_FACE('',(#7114),#5206,.F.);
#7114 = FACE_BOUND('',#7115,.F.);
#7115 = EDGE_LOOP('',(#7116,#7117,#7118,#7119));
#7116 = ORIENTED_EDGE('',*,*,#5293,.F.);
#7117 = ORIENTED_EDGE('',*,*,#5190,.T.);
#7118 = ORIENTED_EDGE('',*,*,#5244,.T.);
#7119 = ORIENTED_EDGE('',*,*,#5342,.F.);
#7120 = ADVANCED_FACE('',(#7121),#5407,.F.);
#7121 = FACE_BOUND('',#7122,.F.);
#7122 = EDGE_LOOP('',(#7123,#7124,#7125,#7126));
#7123 = ORIENTED_EDGE('',*,*,#5494,.F.);
#7124 = ORIENTED_EDGE('',*,*,#5391,.T.);
#7125 = ORIENTED_EDGE('',*,*,#5445,.T.);
#7126 = ORIENTED_EDGE('',*,*,#5543,.F.);
#7127 = ADVANCED_FACE('',(#7128),#5608,.F.);
#7128 = FACE_BOUND('',#7129,.F.);
#7129 = EDGE_LOOP('',(#7130,#7131,#7132,#7133,#7134,#7135));
#7130 = ORIENTED_EDGE('',*,*,#5592,.T.);
#7131 = ORIENTED_EDGE('',*,*,#5695,.F.);
#7132 = ORIENTED_EDGE('',*,*,#5813,.F.);
#7133 = ORIENTED_EDGE('',*,*,#5839,.F.);
#7134 = ORIENTED_EDGE('',*,*,#5744,.F.);
#7135 = ORIENTED_EDGE('',*,*,#5645,.T.);
#7136 = ADVANCED_FACE('',(#7137),#5905,.F.);
#7137 = FACE_BOUND('',#7138,.F.);
#7138 = EDGE_LOOP('',(#7139,#7140,#7141,#7142));
#7139 = ORIENTED_EDGE('',*,*,#5992,.F.);
#7140 = ORIENTED_EDGE('',*,*,#5889,.T.);
#7141 = ORIENTED_EDGE('',*,*,#5943,.T.);
#7142 = ORIENTED_EDGE('',*,*,#6041,.F.);
#7143 = ADVANCED_FACE('',(#7144),#6106,.F.);
#7144 = FACE_BOUND('',#7145,.F.);
#7145 = EDGE_LOOP('',(#7146,#7147,#7148,#7149,#7150,#7151));
#7146 = ORIENTED_EDGE('',*,*,#6142,.T.);
#7147 = ORIENTED_EDGE('',*,*,#6090,.T.);
#7148 = ORIENTED_EDGE('',*,*,#6190,.T.);
#7149 = ORIENTED_EDGE('',*,*,#6289,.T.);
#7150 = ORIENTED_EDGE('',*,*,#6337,.T.);
#7151 = ORIENTED_EDGE('',*,*,#6241,.T.);
#7152 = ADVANCED_FACE('',(#7153,#7157),#6402,.F.);
#7153 = FACE_BOUND('',#7154,.F.);
#7154 = EDGE_LOOP('',(#7155,#7156));
#7155 = ORIENTED_EDGE('',*,*,#6419,.T.);
#7156 = ORIENTED_EDGE('',*,*,#6387,.T.);
#7157 = FACE_BOUND('',#7158,.F.);
#7158 = EDGE_LOOP('',(#7159));
#7159 = ORIENTED_EDGE('',*,*,#7160,.T.);
#7160 = EDGE_CURVE('',#7161,#7161,#7163,.T.);
#7161 = VERTEX_POINT('',#7162);
#7162 = CARTESIAN_POINT('',(-85.8,145.6,40.2));
#7163 = SURFACE_CURVE('',#7164,(#7169,#7180),.PCURVE_S1.);
#7164 = CIRCLE('',#7165,1.7);
#7165 = AXIS2_PLACEMENT_3D('',#7166,#7167,#7168);
#7166 = CARTESIAN_POINT('',(-87.5,145.6,40.2));
#7167 = DIRECTION('',(0.,0.,-1.));
#7168 = DIRECTION('',(1.,0.,0.));
#7169 = PCURVE('',#6402,#7170);
#7170 = DEFINITIONAL_REPRESENTATION('',(#7171),#7179);
#7171 = ( BOUNDED_CURVE() B_SPLINE_CURVE(2,(#7172,#7173,#7174,#7175,
#7176,#7177,#7178),.UNSPECIFIED.,.T.,.F.) B_SPLINE_CURVE_WITH_KNOTS((1,2
    ,2,2,2,1),(-2.094395102393,0.,2.094395102393,4.188790204786,
6.28318530718,8.377580409573),.UNSPECIFIED.) CURVE() 
GEOMETRIC_REPRESENTATION_ITEM() RATIONAL_B_SPLINE_CURVE((1.,0.5,1.,0.5,
1.,0.5,1.)) REPRESENTATION_ITEM('') );
#7172 = CARTESIAN_POINT('',(1.7,0.));
#7173 = CARTESIAN_POINT('',(1.7,-2.944486372867));
#7174 = CARTESIAN_POINT('',(-0.85,-1.472243186434));
#7175 = CARTESIAN_POINT('',(-3.4,-4.163799117101E-16));
#7176 = CARTESIAN_POINT('',(-0.85,1.472243186434));
#7177 = CARTESIAN_POINT('',(1.7,2.944486372867));
#7178 = CARTESIAN_POINT('',(1.7,0.));
#7179 = ( GEOMETRIC_REPRESENTATION_CONTEXT(2) 
PARAMETRIC_REPRESENTATION_CONTEXT() REPRESENTATION_CONTEXT('2D SPACE',''
  ) );
#7180 = PCURVE('',#7181,#7186);
#7181 = CYLINDRICAL_SURFACE('',#7182,1.7);
#7182 = AXIS2_PLACEMENT_3D('',#7183,#7184,#7185);
#7183 = CARTESIAN_POINT('',(-87.5,145.6,39.2));
#7184 = DIRECTION('',(-0.,-0.,-1.));
#7185 = DIRECTION('',(1.,0.,0.));
#7186 = DEFINITIONAL_REPRESENTATION('',(#7187),#7191);
#7187 = LINE('',#7188,#7189);
#7188 = CARTESIAN_POINT('',(-6.28318530718,-1.));
#7189 = VECTOR('',#7190,1.);
#7190 = DIRECTION('',(1.,-0.));
#7191 = ( GEOMETRIC_REPRESENTATION_CONTEXT(2) 
PARAMETRIC_REPRESENTATION_CONTEXT() REPRESENTATION_CONTEXT('2D SPACE',''
  ) );
#7192 = ADVANCED_FACE('',(#7193,#7196),#6464,.F.);
#7193 = FACE_BOUND('',#7194,.F.);
#7194 = EDGE_LOOP('',(#7195));
#7195 = ORIENTED_EDGE('',*,*,#6447,.T.);
#7196 = FACE_BOUND('',#7197,.F.);
#7197 = EDGE_LOOP('',(#7198));
#7198 = ORIENTED_EDGE('',*,*,#7199,.T.);
#7199 = EDGE_CURVE('',#7200,#7200,#7202,.T.);
#7200 = VERTEX_POINT('',#7201);
#7201 = CARTESIAN_POINT('',(-43.3,146.6,40.2));
#7202 = SURFACE_CURVE('',#7203,(#7208,#7219),.PCURVE_S1.);
#7203 = CIRCLE('',#7204,1.7);
#7204 = AXIS2_PLACEMENT_3D('',#7205,#7206,#7207);
#7205 = CARTESIAN_POINT('',(-45.,146.6,40.2));
#7206 = DIRECTION('',(0.,0.,-1.));
#7207 = DIRECTION('',(1.,0.,0.));
#7208 = PCURVE('',#6464,#7209);
#7209 = DEFINITIONAL_REPRESENTATION('',(#7210),#7218);
#7210 = ( BOUNDED_CURVE() B_SPLINE_CURVE(2,(#7211,#7212,#7213,#7214,
#7215,#7216,#7217),.UNSPECIFIED.,.T.,.F.) B_SPLINE_CURVE_WITH_KNOTS((1,2
    ,2,2,2,1),(-2.094395102393,0.,2.094395102393,4.188790204786,
6.28318530718,8.377580409573),.UNSPECIFIED.) CURVE() 
GEOMETRIC_REPRESENTATION_ITEM() RATIONAL_B_SPLINE_CURVE((1.,0.5,1.,0.5,
1.,0.5,1.)) REPRESENTATION_ITEM('') );
#7211 = CARTESIAN_POINT('',(1.7,0.));
#7212 = CARTESIAN_POINT('',(1.7,-2.944486372867));
#7213 = CARTESIAN_POINT('',(-0.85,-1.472243186434));
#7214 = CARTESIAN_POINT('',(-3.4,-4.163799117101E-16));
#7215 = CARTESIAN_POINT('',(-0.85,1.472243186434));
#7216 = CARTESIAN_POINT('',(1.7,2.944486372867));
#7217 = CARTESIAN_POINT('',(1.7,0.));
#7218 = ( GEOMETRIC_REPRESENTATION_CONTEXT(2) 
PARAMETRIC_REPRESENTATION_CONTEXT() REPRESENTATION_CONTEXT('2D SPACE',''
  ) );
#7219 = PCURVE('',#7220,#7225);
#7220 = CYLINDRICAL_SURFACE('',#7221,1.7);
#7221 = AXIS2_PLACEMENT_3D('',#7222,#7223,#7224);
#7222 = CARTESIAN_POINT('',(-45.,146.6,39.2));
#7223 = DIRECTION('',(-0.,-0.,-1.));
#7224 = DIRECTION('',(1.,0.,0.));
#7225 = DEFINITIONAL_REPRESENTATION('',(#7226),#7230);
#7226 = LINE('',#7227,#7228);
#7227 = CARTESIAN_POINT('',(-6.28318530718,-1.));
#7228 = VECTOR('',#7229,1.);
#7229 = DIRECTION('',(1.,-0.));
#7230 = ( GEOMETRIC_REPRESENTATION_CONTEXT(2) 
PARAMETRIC_REPRESENTATION_CONTEXT() REPRESENTATION_CONTEXT('2D SPACE',''
  ) );
#7231 = ADVANCED_FACE('',(#7232,#7235),#6519,.F.);
#7232 = FACE_BOUND('',#7233,.F.);
#7233 = EDGE_LOOP('',(#7234));
#7234 = ORIENTED_EDGE('',*,*,#6502,.T.);
#7235 = FACE_BOUND('',#7236,.F.);
#7236 = EDGE_LOOP('',(#7237));
#7237 = ORIENTED_EDGE('',*,*,#7238,.T.);
#7238 = EDGE_CURVE('',#7239,#7239,#7241,.T.);
#7239 = VERTEX_POINT('',#7240);
#7240 = CARTESIAN_POINT('',(46.7,146.6,40.2));
#7241 = SURFACE_CURVE('',#7242,(#7247,#7258),.PCURVE_S1.);
#7242 = CIRCLE('',#7243,1.7);
#7243 = AXIS2_PLACEMENT_3D('',#7244,#7245,#7246);
#7244 = CARTESIAN_POINT('',(45.,146.6,40.2));
#7245 = DIRECTION('',(0.,0.,-1.));
#7246 = DIRECTION('',(1.,0.,0.));
#7247 = PCURVE('',#6519,#7248);
#7248 = DEFINITIONAL_REPRESENTATION('',(#7249),#7257);
#7249 = ( BOUNDED_CURVE() B_SPLINE_CURVE(2,(#7250,#7251,#7252,#7253,
#7254,#7255,#7256),.UNSPECIFIED.,.T.,.F.) B_SPLINE_CURVE_WITH_KNOTS((1,2
    ,2,2,2,1),(-2.094395102393,0.,2.094395102393,4.188790204786,
6.28318530718,8.377580409573),.UNSPECIFIED.) CURVE() 
GEOMETRIC_REPRESENTATION_ITEM() RATIONAL_B_SPLINE_CURVE((1.,0.5,1.,0.5,
1.,0.5,1.)) REPRESENTATION_ITEM('') );
#7250 = CARTESIAN_POINT('',(1.7,0.));
#7251 = CARTESIAN_POINT('',(1.7,-2.944486372867));
#7252 = CARTESIAN_POINT('',(-0.85,-1.472243186434));
#7253 = CARTESIAN_POINT('',(-3.4,-4.163799117101E-16));
#7254 = CARTESIAN_POINT('',(-0.85,1.472243186434));
#7255 = CARTESIAN_POINT('',(1.7,2.944486372867));
#7256 = CARTESIAN_POINT('',(1.7,0.));
#7257 = ( GEOMETRIC_REPRESENTATION_CONTEXT(2) 
PARAMETRIC_REPRESENTATION_CONTEXT() REPRESENTATION_CONTEXT('2D SPACE',''
  ) );
#7258 = PCURVE('',#7259,#7264);
#7259 = CYLINDRICAL_SURFACE('',#7260,1.7);
#7260 = AXIS2_PLACEMENT_3D('',#7261,#7262,#7263);
#7261 = CARTESIAN_POINT('',(45.,146.6,39.2));
#7262 = DIRECTION('',(-0.,-0.,-1.));
#7263 = DIRECTION('',(1.,0.,0.));
#7264 = DEFINITIONAL_REPRESENTATION('',(#7265),#7269);
#7265 = LINE('',#7266,#7267);
#7266 = CARTESIAN_POINT('',(-6.28318530718,-1.));
#7267 = VECTOR('',#7268,1.);
#7268 = DIRECTION('',(1.,-0.));
#7269 = ( GEOMETRIC_REPRESENTATION_CONTEXT(2) 
PARAMETRIC_REPRESENTATION_CONTEXT() REPRESENTATION_CONTEXT('2D SPACE',''
  ) );
#7270 = ADVANCED_FACE('',(#7271),#6596,.F.);
#7271 = FACE_BOUND('',#7272,.F.);
#7272 = EDGE_LOOP('',(#7273,#7274,#7275,#7276));
#7273 = ORIENTED_EDGE('',*,*,#6683,.F.);
#7274 = ORIENTED_EDGE('',*,*,#6580,.T.);
#7275 = ORIENTED_EDGE('',*,*,#6634,.T.);
#7276 = ORIENTED_EDGE('',*,*,#6732,.F.);
#7277 = ADVANCED_FACE('',(#7278),#6797,.F.);
#7278 = FACE_BOUND('',#7279,.F.);
#7279 = EDGE_LOOP('',(#7280,#7281,#7282,#7283,#7284,#7285));
#7280 = ORIENTED_EDGE('',*,*,#6933,.F.);
#7281 = ORIENTED_EDGE('',*,*,#6835,.T.);
#7282 = ORIENTED_EDGE('',*,*,#6781,.T.);
#7283 = ORIENTED_EDGE('',*,*,#6884,.T.);
#7284 = ORIENTED_EDGE('',*,*,#7002,.F.);
#7285 = ORIENTED_EDGE('',*,*,#7028,.T.);
#7286 = ADVANCED_FACE('',(#7287,#7290),#7070,.F.);
#7287 = FACE_BOUND('',#7288,.F.);
#7288 = EDGE_LOOP('',(#7289));
#7289 = ORIENTED_EDGE('',*,*,#7055,.T.);
#7290 = FACE_BOUND('',#7291,.F.);
#7291 = EDGE_LOOP('',(#7292));
#7292 = ORIENTED_EDGE('',*,*,#7293,.T.);
#7293 = EDGE_CURVE('',#7294,#7294,#7296,.T.);
#7294 = VERTEX_POINT('',#7295);
#7295 = CARTESIAN_POINT('',(89.2,145.6,40.2));
#7296 = SURFACE_CURVE('',#7297,(#7302,#7313),.PCURVE_S1.);
#7297 = CIRCLE('',#7298,1.7);
#7298 = AXIS2_PLACEMENT_3D('',#7299,#7300,#7301);
#7299 = CARTESIAN_POINT('',(87.5,145.6,40.2));
#7300 = DIRECTION('',(0.,0.,-1.));
#7301 = DIRECTION('',(1.,0.,0.));
#7302 = PCURVE('',#7070,#7303);
#7303 = DEFINITIONAL_REPRESENTATION('',(#7304),#7312);
#7304 = ( BOUNDED_CURVE() B_SPLINE_CURVE(2,(#7305,#7306,#7307,#7308,
#7309,#7310,#7311),.UNSPECIFIED.,.T.,.F.) B_SPLINE_CURVE_WITH_KNOTS((1,2
    ,2,2,2,1),(-2.094395102393,0.,2.094395102393,4.188790204786,
6.28318530718,8.377580409573),.UNSPECIFIED.) CURVE() 
GEOMETRIC_REPRESENTATION_ITEM() RATIONAL_B_SPLINE_CURVE((1.,0.5,1.,0.5,
1.,0.5,1.)) REPRESENTATION_ITEM('') );
#7305 = CARTESIAN_POINT('',(1.7,0.));
#7306 = CARTESIAN_POINT('',(1.7,-2.944486372867));
#7307 = CARTESIAN_POINT('',(-0.85,-1.472243186434));
#7308 = CARTESIAN_POINT('',(-3.4,-4.163799117101E-16));
#7309 = CARTESIAN_POINT('',(-0.85,1.472243186434));
#7310 = CARTESIAN_POINT('',(1.7,2.944486372867));
#7311 = CARTESIAN_POINT('',(1.7,0.));
#7312 = ( GEOMETRIC_REPRESENTATION_CONTEXT(2) 
PARAMETRIC_REPRESENTATION_CONTEXT() REPRESENTATION_CONTEXT('2D SPACE',''
  ) );
#7313 = PCURVE('',#7314,#7319);
#7314 = CYLINDRICAL_SURFACE('',#7315,1.7);
#7315 = AXIS2_PLACEMENT_3D('',#7316,#7317,#7318);
#7316 = CARTESIAN_POINT('',(87.5,145.6,39.2));
#7317 = DIRECTION('',(-0.,-0.,-1.));
#7318 = DIRECTION('',(1.,0.,0.));
#7319 = DEFINITIONAL_REPRESENTATION('',(#7320),#7324);
#7320 = LINE('',#7321,#7322);
#7321 = CARTESIAN_POINT('',(-6.28318530718,-1.));
#7322 = VECTOR('',#7323,1.);
#7323 = DIRECTION('',(1.,-0.));
#7324 = ( GEOMETRIC_REPRESENTATION_CONTEXT(2) 
PARAMETRIC_REPRESENTATION_CONTEXT() REPRESENTATION_CONTEXT('2D SPACE',''
  ) );
#7325 = ADVANCED_FACE('',(#7326),#7181,.F.);
#7326 = FACE_BOUND('',#7327,.T.);
#7327 = EDGE_LOOP('',(#7328,#7329,#7352,#7379));
#7328 = ORIENTED_EDGE('',*,*,#7160,.T.);
#7329 = ORIENTED_EDGE('',*,*,#7330,.T.);
#7330 = EDGE_CURVE('',#7161,#7331,#7333,.T.);
#7331 = VERTEX_POINT('',#7332);
#7332 = CARTESIAN_POINT('',(-85.8,145.6,44.7));
#7333 = SEAM_CURVE('',#7334,(#7338,#7345),.PCURVE_S1.);
#7334 = LINE('',#7335,#7336);
#7335 = CARTESIAN_POINT('',(-85.8,145.6,39.2));
#7336 = VECTOR('',#7337,1.);
#7337 = DIRECTION('',(0.,0.,1.));
#7338 = PCURVE('',#7181,#7339);
#7339 = DEFINITIONAL_REPRESENTATION('',(#7340),#7344);
#7340 = LINE('',#7341,#7342);
#7341 = CARTESIAN_POINT('',(-6.28318530718,0.));
#7342 = VECTOR('',#7343,1.);
#7343 = DIRECTION('',(-0.,-1.));
#7344 = ( GEOMETRIC_REPRESENTATION_CONTEXT(2) 
PARAMETRIC_REPRESENTATION_CONTEXT() REPRESENTATION_CONTEXT('2D SPACE',''
  ) );
#7345 = PCURVE('',#7181,#7346);
#7346 = DEFINITIONAL_REPRESENTATION('',(#7347),#7351);
#7347 = LINE('',#7348,#7349);
#7348 = CARTESIAN_POINT('',(-0.,0.));
#7349 = VECTOR('',#7350,1.);
#7350 = DIRECTION('',(-0.,-1.));
#7351 = ( GEOMETRIC_REPRESENTATION_CONTEXT(2) 
PARAMETRIC_REPRESENTATION_CONTEXT() REPRESENTATION_CONTEXT('2D SPACE',''
  ) );
#7352 = ORIENTED_EDGE('',*,*,#7353,.T.);
#7353 = EDGE_CURVE('',#7331,#7331,#7354,.T.);
#7354 = SURFACE_CURVE('',#7355,(#7360,#7367),.PCURVE_S1.);
#7355 = CIRCLE('',#7356,1.7);
#7356 = AXIS2_PLACEMENT_3D('',#7357,#7358,#7359);
#7357 = CARTESIAN_POINT('',(-87.5,145.6,44.7));
#7358 = DIRECTION('',(0.,0.,1.));
#7359 = DIRECTION('',(1.,0.,0.));
#7360 = PCURVE('',#7181,#7361);
#7361 = DEFINITIONAL_REPRESENTATION('',(#7362),#7366);
#7362 = LINE('',#7363,#7364);
#7363 = CARTESIAN_POINT('',(-0.,-5.5));
#7364 = VECTOR('',#7365,1.);
#7365 = DIRECTION('',(-1.,0.));
#7366 = ( GEOMETRIC_REPRESENTATION_CONTEXT(2) 
PARAMETRIC_REPRESENTATION_CONTEXT() REPRESENTATION_CONTEXT('2D SPACE',''
  ) );
#7367 = PCURVE('',#7368,#7373);
#7368 = PLANE('',#7369);
#7369 = AXIS2_PLACEMENT_3D('',#7370,#7371,#7372);
#7370 = CARTESIAN_POINT('',(-87.5,145.6,44.7));
#7371 = DIRECTION('',(0.,0.,1.));
#7372 = DIRECTION('',(1.,0.,-0.));
#7373 = DEFINITIONAL_REPRESENTATION('',(#7374),#7378);
#7374 = CIRCLE('',#7375,1.7);
#7375 = AXIS2_PLACEMENT_2D('',#7376,#7377);
#7376 = CARTESIAN_POINT('',(0.,0.));
#7377 = DIRECTION('',(1.,0.));
#7378 = ( GEOMETRIC_REPRESENTATION_CONTEXT(2) 
PARAMETRIC_REPRESENTATION_CONTEXT() REPRESENTATION_CONTEXT('2D SPACE',''
  ) );
#7379 = ORIENTED_EDGE('',*,*,#7330,.F.);
#7380 = ADVANCED_FACE('',(#7381),#7220,.F.);
#7381 = FACE_BOUND('',#7382,.T.);
#7382 = EDGE_LOOP('',(#7383,#7384,#7407,#7434));
#7383 = ORIENTED_EDGE('',*,*,#7199,.T.);
#7384 = ORIENTED_EDGE('',*,*,#7385,.T.);
#7385 = EDGE_CURVE('',#7200,#7386,#7388,.T.);
#7386 = VERTEX_POINT('',#7387);
#7387 = CARTESIAN_POINT('',(-43.3,146.6,44.7));
#7388 = SEAM_CURVE('',#7389,(#7393,#7400),.PCURVE_S1.);
#7389 = LINE('',#7390,#7391);
#7390 = CARTESIAN_POINT('',(-43.3,146.6,39.2));
#7391 = VECTOR('',#7392,1.);
#7392 = DIRECTION('',(0.,0.,1.));
#7393 = PCURVE('',#7220,#7394);
#7394 = DEFINITIONAL_REPRESENTATION('',(#7395),#7399);
#7395 = LINE('',#7396,#7397);
#7396 = CARTESIAN_POINT('',(-6.28318530718,0.));
#7397 = VECTOR('',#7398,1.);
#7398 = DIRECTION('',(-0.,-1.));
#7399 = ( GEOMETRIC_REPRESENTATION_CONTEXT(2) 
PARAMETRIC_REPRESENTATION_CONTEXT() REPRESENTATION_CONTEXT('2D SPACE',''
  ) );
#7400 = PCURVE('',#7220,#7401);
#7401 = DEFINITIONAL_REPRESENTATION('',(#7402),#7406);
#7402 = LINE('',#7403,#7404);
#7403 = CARTESIAN_POINT('',(-0.,0.));
#7404 = VECTOR('',#7405,1.);
#7405 = DIRECTION('',(-0.,-1.));
#7406 = ( GEOMETRIC_REPRESENTATION_CONTEXT(2) 
PARAMETRIC_REPRESENTATION_CONTEXT() REPRESENTATION_CONTEXT('2D SPACE',''
  ) );
#7407 = ORIENTED_EDGE('',*,*,#7408,.T.);
#7408 = EDGE_CURVE('',#7386,#7386,#7409,.T.);
#7409 = SURFACE_CURVE('',#7410,(#7415,#7422),.PCURVE_S1.);
#7410 = CIRCLE('',#7411,1.7);
#7411 = AXIS2_PLACEMENT_3D('',#7412,#7413,#7414);
#7412 = CARTESIAN_POINT('',(-45.,146.6,44.7));
#7413 = DIRECTION('',(0.,0.,1.));
#7414 = DIRECTION('',(1.,0.,0.));
#7415 = PCURVE('',#7220,#7416);
#7416 = DEFINITIONAL_REPRESENTATION('',(#7417),#7421);
#7417 = LINE('',#7418,#7419);
#7418 = CARTESIAN_POINT('',(-0.,-5.5));
#7419 = VECTOR('',#7420,1.);
#7420 = DIRECTION('',(-1.,0.));
#7421 = ( GEOMETRIC_REPRESENTATION_CONTEXT(2) 
PARAMETRIC_REPRESENTATION_CONTEXT() REPRESENTATION_CONTEXT('2D SPACE',''
  ) );
#7422 = PCURVE('',#7423,#7428);
#7423 = PLANE('',#7424);
#7424 = AXIS2_PLACEMENT_3D('',#7425,#7426,#7427);
#7425 = CARTESIAN_POINT('',(-45.,146.6,44.7));
#7426 = DIRECTION('',(0.,0.,1.));
#7427 = DIRECTION('',(1.,0.,-0.));
#7428 = DEFINITIONAL_REPRESENTATION('',(#7429),#7433);
#7429 = CIRCLE('',#7430,1.7);
#7430 = AXIS2_PLACEMENT_2D('',#7431,#7432);
#7431 = CARTESIAN_POINT('',(0.,0.));
#7432 = DIRECTION('',(1.,0.));
#7433 = ( GEOMETRIC_REPRESENTATION_CONTEXT(2) 
PARAMETRIC_REPRESENTATION_CONTEXT() REPRESENTATION_CONTEXT('2D SPACE',''
  ) );
#7434 = ORIENTED_EDGE('',*,*,#7385,.F.);
#7435 = ADVANCED_FACE('',(#7436),#7259,.F.);
#7436 = FACE_BOUND('',#7437,.T.);
#7437 = EDGE_LOOP('',(#7438,#7439,#7462,#7489));
#7438 = ORIENTED_EDGE('',*,*,#7238,.T.);
#7439 = ORIENTED_EDGE('',*,*,#7440,.T.);
#7440 = EDGE_CURVE('',#7239,#7441,#7443,.T.);
#7441 = VERTEX_POINT('',#7442);
#7442 = CARTESIAN_POINT('',(46.7,146.6,44.7));
#7443 = SEAM_CURVE('',#7444,(#7448,#7455),.PCURVE_S1.);
#7444 = LINE('',#7445,#7446);
#7445 = CARTESIAN_POINT('',(46.7,146.6,39.2));
#7446 = VECTOR('',#7447,1.);
#7447 = DIRECTION('',(0.,0.,1.));
#7448 = PCURVE('',#7259,#7449);
#7449 = DEFINITIONAL_REPRESENTATION('',(#7450),#7454);
#7450 = LINE('',#7451,#7452);
#7451 = CARTESIAN_POINT('',(-6.28318530718,0.));
#7452 = VECTOR('',#7453,1.);
#7453 = DIRECTION('',(-0.,-1.));
#7454 = ( GEOMETRIC_REPRESENTATION_CONTEXT(2) 
PARAMETRIC_REPRESENTATION_CONTEXT() REPRESENTATION_CONTEXT('2D SPACE',''
  ) );
#7455 = PCURVE('',#7259,#7456);
#7456 = DEFINITIONAL_REPRESENTATION('',(#7457),#7461);
#7457 = LINE('',#7458,#7459);
#7458 = CARTESIAN_POINT('',(-0.,0.));
#7459 = VECTOR('',#7460,1.);
#7460 = DIRECTION('',(-0.,-1.));
#7461 = ( GEOMETRIC_REPRESENTATION_CONTEXT(2) 
PARAMETRIC_REPRESENTATION_CONTEXT() REPRESENTATION_CONTEXT('2D SPACE',''
  ) );
#7462 = ORIENTED_EDGE('',*,*,#7463,.T.);
#7463 = EDGE_CURVE('',#7441,#7441,#7464,.T.);
#7464 = SURFACE_CURVE('',#7465,(#7470,#7477),.PCURVE_S1.);
#7465 = CIRCLE('',#7466,1.7);
#7466 = AXIS2_PLACEMENT_3D('',#7467,#7468,#7469);
#7467 = CARTESIAN_POINT('',(45.,146.6,44.7));
#7468 = DIRECTION('',(0.,0.,1.));
#7469 = DIRECTION('',(1.,0.,0.));
#7470 = PCURVE('',#7259,#7471);
#7471 = DEFINITIONAL_REPRESENTATION('',(#7472),#7476);
#7472 = LINE('',#7473,#7474);
#7473 = CARTESIAN_POINT('',(-0.,-5.5));
#7474 = VECTOR('',#7475,1.);
#7475 = DIRECTION('',(-1.,0.));
#7476 = ( GEOMETRIC_REPRESENTATION_CONTEXT(2) 
PARAMETRIC_REPRESENTATION_CONTEXT() REPRESENTATION_CONTEXT('2D SPACE',''
  ) );
#7477 = PCURVE('',#7478,#7483);
#7478 = PLANE('',#7479);
#7479 = AXIS2_PLACEMENT_3D('',#7480,#7481,#7482);
#7480 = CARTESIAN_POINT('',(45.,146.6,44.7));
#7481 = DIRECTION('',(0.,0.,1.));
#7482 = DIRECTION('',(1.,0.,-0.));
#7483 = DEFINITIONAL_REPRESENTATION('',(#7484),#7488);
#7484 = CIRCLE('',#7485,1.7);
#7485 = AXIS2_PLACEMENT_2D('',#7486,#7487);
#7486 = CARTESIAN_POINT('',(0.,0.));
#7487 = DIRECTION('',(1.,0.));
#7488 = ( GEOMETRIC_REPRESENTATION_CONTEXT(2) 
PARAMETRIC_REPRESENTATION_CONTEXT() REPRESENTATION_CONTEXT('2D SPACE',''
  ) );
#7489 = ORIENTED_EDGE('',*,*,#7440,.F.);
#7490 = ADVANCED_FACE('',(#7491),#7314,.F.);
#7491 = FACE_BOUND('',#7492,.T.);
#7492 = EDGE_LOOP('',(#7493,#7494,#7517,#7544));
#7493 = ORIENTED_EDGE('',*,*,#7293,.T.);
#7494 = ORIENTED_EDGE('',*,*,#7495,.T.);
#7495 = EDGE_CURVE('',#7294,#7496,#7498,.T.);
#7496 = VERTEX_POINT('',#7497);
#7497 = CARTESIAN_POINT('',(89.2,145.6,44.7));
#7498 = SEAM_CURVE('',#7499,(#7503,#7510),.PCURVE_S1.);
#7499 = LINE('',#7500,#7501);
#7500 = CARTESIAN_POINT('',(89.2,145.6,39.2));
#7501 = VECTOR('',#7502,1.);
#7502 = DIRECTION('',(0.,0.,1.));
#7503 = PCURVE('',#7314,#7504);
#7504 = DEFINITIONAL_REPRESENTATION('',(#7505),#7509);
#7505 = LINE('',#7506,#7507);
#7506 = CARTESIAN_POINT('',(-6.28318530718,0.));
#7507 = VECTOR('',#7508,1.);
#7508 = DIRECTION('',(-0.,-1.));
#7509 = ( GEOMETRIC_REPRESENTATION_CONTEXT(2) 
PARAMETRIC_REPRESENTATION_CONTEXT() REPRESENTATION_CONTEXT('2D SPACE',''
  ) );
#7510 = PCURVE('',#7314,#7511);
#7511 = DEFINITIONAL_REPRESENTATION('',(#7512),#7516);
#7512 = LINE('',#7513,#7514);
#7513 = CARTESIAN_POINT('',(-0.,0.));
#7514 = VECTOR('',#7515,1.);
#7515 = DIRECTION('',(-0.,-1.));
#7516 = ( GEOMETRIC_REPRESENTATION_CONTEXT(2) 
PARAMETRIC_REPRESENTATION_CONTEXT() REPRESENTATION_CONTEXT('2D SPACE',''
  ) );
#7517 = ORIENTED_EDGE('',*,*,#7518,.T.);
#7518 = EDGE_CURVE('',#7496,#7496,#7519,.T.);
#7519 = SURFACE_CURVE('',#7520,(#7525,#7532),.PCURVE_S1.);
#7520 = CIRCLE('',#7521,1.7);
#7521 = AXIS2_PLACEMENT_3D('',#7522,#7523,#7524);
#7522 = CARTESIAN_POINT('',(87.5,145.6,44.7));
#7523 = DIRECTION('',(0.,0.,1.));
#7524 = DIRECTION('',(1.,0.,0.));
#7525 = PCURVE('',#7314,#7526);
#7526 = DEFINITIONAL_REPRESENTATION('',(#7527),#7531);
#7527 = LINE('',#7528,#7529);
#7528 = CARTESIAN_POINT('',(-0.,-5.5));
#7529 = VECTOR('',#7530,1.);
#7530 = DIRECTION('',(-1.,0.));
#7531 = ( GEOMETRIC_REPRESENTATION_CONTEXT(2) 
PARAMETRIC_REPRESENTATION_CONTEXT() REPRESENTATION_CONTEXT('2D SPACE',''
  ) );
#7532 = PCURVE('',#7533,#7538);
#7533 = PLANE('',#7534);
#7534 = AXIS2_PLACEMENT_3D('',#7535,#7536,#7537);
#7535 = CARTESIAN_POINT('',(87.5,145.6,44.7));
#7536 = DIRECTION('',(0.,0.,1.));
#7537 = DIRECTION('',(1.,0.,-0.));
#7538 = DEFINITIONAL_REPRESENTATION('',(#7539),#7543);
#7539 = CIRCLE('',#7540,1.7);
#7540 = AXIS2_PLACEMENT_2D('',#7541,#7542);
#7541 = CARTESIAN_POINT('',(0.,0.));
#7542 = DIRECTION('',(1.,0.));
#7543 = ( GEOMETRIC_REPRESENTATION_CONTEXT(2) 
PARAMETRIC_REPRESENTATION_CONTEXT() REPRESENTATION_CONTEXT('2D SPACE',''
  ) );
#7544 = ORIENTED_EDGE('',*,*,#7495,.F.);
#7545 = ADVANCED_FACE('',(#7546),#7368,.F.);
#7546 = FACE_BOUND('',#7547,.F.);
#7547 = EDGE_LOOP('',(#7548));
#7548 = ORIENTED_EDGE('',*,*,#7353,.T.);
#7549 = ADVANCED_FACE('',(#7550),#7423,.F.);
#7550 = FACE_BOUND('',#7551,.F.);
#7551 = EDGE_LOOP('',(#7552));
#7552 = ORIENTED_EDGE('',*,*,#7408,.T.);
#7553 = ADVANCED_FACE('',(#7554),#7478,.F.);
#7554 = FACE_BOUND('',#7555,.F.);
#7555 = EDGE_LOOP('',(#7556));
#7556 = ORIENTED_EDGE('',*,*,#7463,.T.);
#7557 = ADVANCED_FACE('',(#7558),#7533,.F.);
#7558 = FACE_BOUND('',#7559,.F.);
#7559 = EDGE_LOOP('',(#7560));
#7560 = ORIENTED_EDGE('',*,*,#7518,.T.);
#7561 = ( GEOMETRIC_REPRESENTATION_CONTEXT(3) 
GLOBAL_UNCERTAINTY_ASSIGNED_CONTEXT((#7565)) 
GLOBAL_UNIT_ASSIGNED_CONTEXT((#7562,#7563,#7564)) REPRESENTATION_CONTEXT
('Context #1','3D Context with UNIT and UNCERTAINTY') );
#7562 = ( LENGTH_UNIT() NAMED_UNIT(*) SI_UNIT(.MILLI.,.METRE.) );
#7563 = ( NAMED_UNIT(*) PLANE_ANGLE_UNIT() SI_UNIT($,.RADIAN.) );
#7564 = ( NAMED_UNIT(*) SI_UNIT($,.STERADIAN.) SOLID_ANGLE_UNIT() );
#7565 = UNCERTAINTY_MEASURE_WITH_UNIT(LENGTH_MEASURE(1.E-07),#7562,
  'distance_accuracy_value','confusion accuracy');
#7566 = PRODUCT_RELATED_PRODUCT_CATEGORY('part',$,(#7));
ENDSEC;
END-ISO-10303-21;
